ME	CD8_ctrl_1	CD8_ctrl_2	CD8_ctrl_3	CD8_30min_activation_1	CD8_30min_activation_2	CD8_30min_activation_3	CD8_3hr_activation_1	CD8_3hr_activation_2	CD8_3hr_activation_3	CD8_12hr_activation_1	CD8_12hr_activation_2	CD8_12hr_activation_3	CD8_24hr_activation_1	CD8_24hr_activation_2	CD8_24hr_activation_3	CD8_48hr_activation_1	CD8_48hr_activation_2	CD8_48hr_activation_3	CD8_72hr_activation_1	CD8_72hr_activation_2	CD8_72hr_activation_3	CD8_7day_activation_1	CD8_7day_activation_2	CD8_7day_activation_3
4_+_88676217_88676241	1.0	1.0	0.9285714285714286	0.8863636363636364	1.0	0.7571428571428571	0.88	0.6666666666666666	0.84	0.7777777777777778	0.75		0.8	1.0	0.8235294117647058	1.0		0.5	0.7857142857142857	1.0		0.9375	1.0	1.0
10_-_73439871_73439901	0.8780487804878049	0.7608695652173914	0.6923076923076923	1.0	0.9166666666666666	0.8421052631578947	0.8888888888888888	1.0	0.825	0.9041095890410958	0.9818181818181818	0.9620253164556962	0.935483870967742	0.7702702702702703	0.988095238095238	0.9047619047619048	0.9782608695652174	0.9158878504672896	0.975609756097561	0.6666666666666666	1.0	0.9047619047619048	0.913793103448276	1.0
14_-_93076594_93076619	1.0	1.0	1.0	1.0	1.0	1.0	1.0	1.0	0.9333333333333332	0.989010989010989	1.0	0.9605263157894736	0.9590163934426228	0.9583333333333334	0.9724770642201837	0.9508196721311476	1.0	1.0	1.0	1.0	1.0	0.976958525345622	0.9411764705882352	0.8986486486486487
5_+_57221375_57221396	0.8409090909090909	0.8172043010752689	0.582089552238806	0.6794871794871795	0.7563025210084033	0.7283950617283951	0.3245614035087719	0.4489795918367347	0.4177215189873418	0.2142857142857142	0.2	0.2888888888888888	0.3296703296703296	0.2117647058823529	0.189873417721519	0.1791044776119403	0.1702127659574468	0.240506329113924	0.1851851851851851	0.3888888888888889	0.1729323308270676	0.3478260869565217	0.2235294117647059	0.2906976744186046
11_-_75271700_75271724	0.375	0.3333333333333333	0.2222222222222222	0.1578947368421052	0.0	0.631578947368421	0.5	0.6	0.4615384615384615	0.25	0.4516129032258064	0.5384615384615384	0.3870967741935484	0.3703703703703703	0.3095238095238095	0.1111111111111111	0.0	0.2	0.3333333333333333	0.0714285714285714	0.1111111111111111	0.45	0.1666666666666666	0.1851851851851851
17_+_30510879_30510909	0.8181818181818182	1.0	1.0	1.0	1.0	0.9642857142857144	1.0	0.9285714285714286	0.9692307692307692	1.0	1.0	1.0	1.0	0.9848484848484848	0.9767441860465116	1.0	0.9302325581395348	0.9693877551020408	1.0	1.0	1.0	0.99009900990099	1.0	1.0
8_-_54065787_54065813	0.0	0.0	0.0	0.0	0.0	0.0	0.0	0.0	0.0	0.1486486486486486	0.1621621621621621	0.05	0.0632183908045977	0.064516129032258	0.0382165605095541	0.0	0.0869565217391304	0.0610328638497652	0.0333333333333333	0.0	0.3235294117647059	0.0843373493975903	0.0	0.0
X_-_154357250_154357274	0.7311320754716981	0.7540983606557377	0.7166666666666667	0.8235294117647058	0.6626984126984127	0.7876447876447876	0.5365853658536586	0.6363636363636364	0.6589403973509934	0.5690376569037657	0.5650118203309693	0.5521472392638037	0.4838056680161943	0.4852071005917159	0.5164473684210527	0.5666666666666667	0.514336917562724	0.5100574712643678	0.4984025559105431	0.4746192893401015	0.5149863760217984	0.5081481481481481	0.4962593516209476	0.5285802089735709
9_+_133054943_133054964	0.5227272727272727	0.3333333333333333	0.28125	0.4	0.5263157894736842	0.4285714285714285	0.3043478260869565	0.1818181818181818	0.1186440677966101	0.1686746987951807	0.2771084337349397	0.1224489795918367	0.2439024390243902	0.2777777777777778	0.3333333333333333	0.2358490566037736	0.2621359223300971	0.2440944881889764	0.191358024691358	0.457516339869281	0.336405529953917	0.1689189189189189	0.2272727272727272	0.2307692307692307
20_+_44478623_44478647				1.0	1.0	1.0	0.5714285714285714	0.72	0.4888888888888889	0.0816326530612244	0.3095238095238095	0.5	0.1627906976744186	0.1136363636363636	0.28125	0.1269841269841269	0.1372549019607843	0.3823529411764705	0.0		0.1020408163265306	0.0	0.2708333333333333	0.1714285714285714
4_-_142202739_142202766	0.1764705882352941	0.8148148148148148	0.4883720930232558	0.7083333333333334	0.7419354838709677	0.6551724137931034	1.0	0.7142857142857143		0.0238095238095238	0.1304347826086956	0.1538461538461538	0.0909090909090909	0.2272727272727272	0.1914893617021276	0.1525423728813559	0.25	0.1216216216216216	0.0526315789473684	0.3636363636363636	0.2027027027027027	0.2352941176470588	0.0833333333333333	0.238095238095238
3_+_47819235_47819264		1.0	0.625		0.7058823529411765	0.75	0.7307692307692307	0.25	1.0	0.4666666666666667	0.5	0.6363636363636364	0.6190476190476191	0.5	0.4117647058823529	0.3793103448275862	0.6666666666666666	0.4838709677419355	0.65	0.0	0.4130434782608695	0.44	0.9285714285714286	0.75
19_+_47780724_47780749	0.5116279069767442	0.5263157894736842	0.875	0.92	0.8275862068965517	0.925925925925926	0.5	0.5714285714285714	0.75	0.5909090909090909	0.8571428571428571	0.6875	0.6538461538461539	0.5897435897435898	0.5609756097560976	0.5111111111111111	0.6296296296296297	0.8245614035087719	0.7948717948717948	0.6785714285714286	1.0	0.9047619047619048	0.7916666666666666	0.7142857142857143
17_+_7578226_7578244	0.0	0.0	0.0014880952380952	0.0049079754601227	0.0	0.0	0.0027472527472527	0.0078125	0.0026385224274406	0.0042442820089601	0.0067985166872682	0.0027264465313541	0.0027733755942947	0.0019638648860958	0.0023651145602365	0.0013574660633484	0.003199268738574	0.0023702299123014	0.0024096385542168	0.003112840466926	0.001374759417102	0.0055908513341804	0.003866432337434	0.0057074196455392
3_-_146536539_146536565	1.0	1.0	1.0	1.0	1.0	1.0	1.0	1.0	1.0	0.96875	0.9090909090909092	1.0	0.9590163934426228	0.9375	0.963963963963964	0.9124087591240876	0.8165137614678899	0.922077922077922	0.915032679738562	0.9523809523809524	0.948019801980198	0.9842271293375394	0.979591836734694	0.9920318725099602
17_-_35014739_35014763	1.0	1.0	1.0	1.0	1.0	1.0	1.0	1.0	1.0	0.875	1.0	1.0	0.8	0.8947368421052632	1.0	1.0	1.0	0.9090909090909092		1.0	1.0	0.92	1.0	1.0
11_+_67416175_67416202	0.4464285714285714	0.5925925925925926	0.2321428571428571	0.238095238095238	0.3488372093023256	0.3076923076923077		0.7916666666666666	0.5454545454545454					0.6	1.0							0.625	0.8717948717948718	0.3888888888888889
12_-_57538518_57538524	0.1818181818181818	0.3220338983050847	0.0972222222222222	0.2115384615384615	0.0	0.1923076923076923	0.3055555555555556	0.3653846153846153	0.1052631578947368	0.1639344262295081	0.1278195488721804	0.1558441558441558	0.1484375	0.0530973451327433	0.1565217391304348	0.0490196078431372	0.1428571428571428	0.0691056910569105	0.2426778242677824	0.1016042780748663	0.1433962264150943	0.1384615384615384	0.2071428571428571	0.3480662983425414
12_-_6965910_6965916	1.0	1.0	0.983108108108108	1.0	0.973871733966746	1.0	1.0	1.0	1.0	1.0	1.0	1.0	1.0	0.9980582524271844	1.0	1.0	0.9993093922651932	0.9983991462113126	0.9992982456140352	0.9989969909729188	1.0	1.0	1.0	1.0
20_+_62304460_62304485	0.0	0.0	0.0	0.0	0.0	0.0	0.0	0.0	0.0	0.0	0.0	0.0	0.0	0.0	0.0016625103906899	0.0043859649122807	0.0009643201542912	0.0186379928315412	0.0439121756487025	0.0491684743311641	0.0276907001044932	0.0091836734693877	0.0069444444444444	0.0073529411764705
16_+_70550649_70550678	0.675	0.6470588235294118	0.5483870967741935	0.36	0.8846153846153846	0.5652173913043478	0.1111111111111111	0.5409836065573771	0.2352941176470588	0.1142857142857142	0.1073446327683615	0.0754716981132075	0.1136363636363636	0.0523560209424083	0.0954773869346733	0.1774193548387097	0.1318681318681318	0.1245283018867924	0.3043478260869565	0.1935483870967742	0.2698412698412698	0.1308411214953271	0.2588235294117647	0.3716814159292035
14_+_94114850_94114880																				1.0	1.0	1.0	1.0	0.9230769230769232
19_+_47205103_47205129	0.3461538461538461	0.0	0.1578947368421052	0.1034482758620689	0.1351351351351351	0.0	0.1739130434782608	0.0	0.0	0.231578947368421	0.1956521739130435	0.2063492063492063	0.1612903225806451	0.2685185185185185	0.2	0.1477272727272727	0.1780821917808219	0.1653225806451612	0.1683168316831683	0.0813397129186602	0.1340782122905028	0.2115384615384615	0.2222222222222222	0.2017543859649122
16_-_31093311_31093321	0.0	0.1176470588235294	0.0465116279069767	0.0	0.0909090909090909	0.1904761904761904	0.0	0.0	0.0	0.0167224080267558	0.0462427745664739	0.045045045045045	0.0271186440677966	0.0446735395189003	0.0108695652173913	0.0199501246882793	0.0273037542662116	0.0519480519480519	0.0256410256410256	0.0	0.0387323943661971	0.0108303249097472	0.0095693779904306	0.0037950664136622
1_-_156476493_156476514	0.0	0.0485436893203883	0.101010101010101	0.1376146788990825	0.2028985507246377	0.2394366197183098	0.0212765957446808	0.0588235294117647	0.1818181818181818	0.1935483870967742	0.2068965517241379	0.2903225806451613	0.0833333333333333	0.2	0.2941176470588235	0.1904761904761904	0.0588235294117647	0.1666666666666666	0.0384615384615384	0.0	0.1875	0.2457627118644068	0.2571428571428571	0.2363636363636363
19_+_41897314_41897326	0.9217687074829932	0.8431372549019608	0.8597014925373134	0.8498293515358362	0.8362282878411911	0.8666666666666667	0.7982456140350878	0.9689922480620154	0.7853107344632768	0.7619047619047619	0.8773006134969326	0.8068181818181818	0.8246753246753247	0.8630952380952381	0.7662337662337663	0.7688442211055276	0.6438356164383562	0.6424870466321243	0.3303571428571428	0.3917525773195876	0.3034188034188034	0.4971857410881801	0.5923344947735192	0.5795724465558195
9_-_137023837_137023840	0.8947368421052632	0.76	0.6716417910447762	0.8857142857142857	0.8	0.8461538461538461	0.4705882352941176	1.0	0.5		1.0	0.8	0.8333333333333334	0.875	1.0							0.6153846153846154	0.7407407407407407	0.7105263157894737
11_-_64015251_64015281	1.0	1.0	1.0	1.0	1.0	1.0	1.0	1.0	1.0	1.0	0.92	1.0	1.0	0.9285714285714286	1.0	0.8648648648648649	0.9487179487179488	0.9594594594594594	0.8870967741935484	1.0	1.0	0.9791666666666666	1.0	1.0
13_+_75809153_75809183	1.0	1.0	1.0	0.8235294117647058	0.9375	0.95	1.0	1.0		0.8888888888888888	0.7142857142857143				0.8888888888888888	1.0						1.0		1.0
18_-_50285324_50285351	1.0	0.7714285714285715	0.9655172413793104	0.6607142857142857	0.9210526315789472	0.945945945945946	0.918032786885246	0.9767441860465116	0.978021978021978	1.0	1.0	1.0	1.0	0.9485714285714286	0.9736842105263158	0.9915966386554622	0.9931972789115646	0.9902912621359224	0.8662790697674418	0.8860759493670886	0.9305555555555556	0.9855595667870036	0.9734513274336284	0.9485714285714286
5_+_181233412_181233435	0.3255813953488372	0.72	0.4782608695652174	0.45	0.4285714285714285	0.6875	0.3333333333333333	0.6153846153846154	0.3333333333333333	0.4811320754716981	0.5131578947368421	0.4590163934426229	0.4698795180722891	0.3559322033898305	0.4054054054054054	0.5615384615384615	0.559322033898305	0.3692307692307692	0.52	0.5909090909090909	0.63125	0.6577181208053692	0.425531914893617	0.5111111111111111
4_-_75918760_75918789	0.0	0.7037037037037037		0.7692307692307693	0.0	0.1818181818181818			1.0	0.5882352941176471	0.7894736842105263	0.8571428571428571	0.5625	0.3809523809523809	0.9411764705882352	0.5625	0.5	0.64		0.8571428571428571		0.6666666666666666		0.7058823529411765
11_+_59145826_59145856	0.5	0.76	0.8727272727272727	1.0	0.8571428571428571	0.75				0.3125			0.5714285714285714	0.5555555555555556	0.8823529411764706	0.9787234042553192	0.717948717948718	0.873015873015873	0.7407407407407407	1.0	0.391304347826087	0.9714285714285714	0.7358490566037735	0.7209302325581395
12_+_27674191_27674221			1.0							1.0	0.5		1.0	1.0	0.75	0.5333333333333333		0.9333333333333332		1.0	1.0	0.9047619047619048	0.8181818181818182	1.0
12_-_122514711_122514728	0.1764705882352941	0.3177570093457944	0.4210526315789473	0.3942307692307692	0.3725490196078431	0.3025210084033613	0.2075471698113207	0.0	0.0	0.0	0.0	0.0461538461538461	0.0425531914893617	0.0	0.0	0.0	0.0384615384615384	0.0	0.0	0.0	0.0	0.1014492753623188	0.0	0.0
8_+_22539468_22539498	0.8181818181818182	0.9305555555555556	0.8533333333333334	0.875	0.868421052631579	0.8870967741935484	0.8936170212765957	1.0	0.8421052631578947	0.5111111111111111	0.725	0.6666666666666666	0.5	0.5423728813559322	0.6304347826086957	0.7	0.6875	0.7586206896551724	0.8194444444444444	0.8387096774193549	0.59375	0.9574468085106383	1.0	0.9
16_+_85802753_85802757	0.9937611408199644	0.9931647300068353	0.9947643979057592	1.0	0.994413407821229	0.9976744186046512	0.981691368788143	0.9940199335548172	0.9950704225352112	0.9952267303102624	0.9933969185619956	0.9871794871794872	0.9940828402366864	1.0	0.993566833452466	0.992773261065944	0.9958720330237358	0.9884169884169884	0.986842105263158	0.99706457925636	0.993939393939394	1.0	1.0	0.9879518072289156
17_-_37210466_37210490				1.0	1.0	1.0			1.0	0.75	1.0	0.3333333333333333	1.0	0.8666666666666667	0.7857142857142857	1.0	0.6	1.0		1.0	0.7272727272727273	1.0	1.0	0.8571428571428571
16_-_89653903_89653923	1.0	0.6785714285714286	0.6875	1.0	0.875	0.9411764705882352	0.9928057553956836	0.9385474860335196	0.97196261682243	0.9747899159663864	0.9476744186046512	0.975	0.9347826086956522	0.948905109489051	0.9064327485380116	0.9315068493150684	0.9435483870967742	0.8942731277533039	0.9848484848484848	0.8978723404255319	0.915057915057915	0.940928270042194	0.9748427672955976	0.9693877551020408
12_+_9650332_9650361	0.081967213114754	0.1428571428571428	0.3178294573643411	0.1868131868131868	0.1729323308270676	0.2282608695652173	0.1111111111111111	0.0434782608695652	0.1458333333333333	0.1081081081081081	0.0	0.0606060606060606	0.0909090909090909	0.0789473684210526	0.0754716981132075	0.0158730158730158	0.0568181818181818	0.0957446808510638	0.0	0.0573248407643312	0.0	0.0195121951219512	0.003584229390681	0.0121028744326777
11_-_65662178_65662205	0.4703196347031963	0.4447300771208226	0.5326797385620915	0.5096774193548387	0.5145118733509235	0.4907975460122699	0.5320600272851296	0.5192307692307693	0.4321926489226869	0.4945652173913043	0.5377574370709383	0.5384615384615384	0.5234899328859061	0.5623003194888179	0.5068119891008175	0.4686192468619247	0.48	0.5016077170418006	0.5673758865248227	0.1724137931034483	0.4089068825910931	0.4950099800399201	0.5291375291375291	0.4816414686825054
11_+_63906087_63906114	0.0	0.024390243902439	0.0303030303030303	0.0	0.0	0.0666666666666666	0.0625	0.05	0.0666666666666666	0.1481481481481481	0.26	0.3333333333333333	0.3888888888888889	0.1481481481481481	0.1538461538461538	0.2	0.0869565217391304	0.3636363636363636	0.2105263157894736	0.2592592592592592	0.2758620689655172	0.046875	0.0833333333333333	0.073170731707317
3_+_139351030_139351060	0.0298507462686567	0.0	0.0545454545454545	0.0297619047619047	0.0252707581227436	0.0471204188481675	0.0	0.0130434782608695	0.0	0.0	0.0120845921450151	0.073469387755102	0.0063091482649842	0.0432098765432098	0.0214797136038186	0.0293103448275862	0.0161943319838056	0.0268456375838926	0.017391304347826	0.0108433734939759	0.0138888888888888	0.0171919770773638	0.0055555555555555	0.0241286863270777
20_+_2975214_2975241	0.1136363636363636	0.3571428571428571	0.4782608695652174	0.5	0.1111111111111111	0.3333333333333333	0.0625	0.1666666666666666	0.1621621621621621	0.2	0.2727272727272727	0.0967741935483871	0.2888888888888888	0.4444444444444444	0.2777777777777778	0.2068965517241379	0.125	0.0833333333333333	0.3939393939393939	0.4444444444444444	0.0	0.1481481481481481	0.5490196078431373	0.265625
6_+_29929018_29929045	1.0	1.0	1.0	0.2857142857142857	1.0	1.0	1.0	1.0	1.0	1.0	0.9743589743589745	1.0	1.0	1.0	1.0	1.0	1.0		1.0	1.0	1.0	1.0	1.0	1.0
22_-_41681539_41681559	0.2466666666666666	0.2872340425531915	0.2011834319526627	0.2523364485981308	0.25	0.3173076923076923	0.1318051575931232	0.0989010989010989	0.1282051282051282	0.0	0.0078740157480314	0.0	0.0	0.0	0.0035087719298245	0.0	0.0060728744939271	0.0	0.0	0.0100755667506297	0.0021459227467811	0.0058823529411764	0.0273556231003039	0.0360655737704918
5_+_65655635_65655653	1.0	1.0	1.0	0.1428571428571428	1.0	1.0	1.0	0.6666666666666666	1.0	0.8076923076923077	0.64	1.0	0.9230769230769232	0.9230769230769232	0.6862745098039216	0.5581395348837209	0.8823529411764706	0.7608695652173914	1.0	0.4594594594594595	0.56	0.8333333333333334	0.5	0.8333333333333334
4_+_159344035_159344059					1.0		0.2666666666666666	0.6818181818181818	0.3333333333333333	0.1818181818181818		0.8333333333333334	0.7096774193548387	0.5	0.8	0.2	0.8	0.75			0.4285714285714285	1.0		0.5833333333333334
5_+_146481446_146481476	0.2666666666666666	0.4736842105263157	0.6764705882352942	0.6538461538461539	0.6428571428571429	0.7333333333333333	0.3548387096774194	0.3235294117647059	0.4285714285714285	0.0	0.0	0.0	0.0	0.0	0.0	0.0	0.0	0.0	0.0	0.0	0.0	0.0	0.0	0.0
8_-_140426614_140426641	0.7586206896551724	1.0	0.7058823529411765	0.7567567567567568	0.5882352941176471	0.925925925925926	0.6666666666666666	0.6666666666666666	0.9615384615384616	1.0	1.0	0.5714285714285714	0.9375	0.7857142857142857	0.6	0.6923076923076923		0.1333333333333333		1.0		1.0	0.9166666666666666	0.7692307692307693
17_-_1543019_1543027	1.0	1.0	1.0	1.0	1.0	1.0	0.9885057471264368	1.0	1.0	0.9781659388646288	0.9885057471264368	1.0	1.0	0.9615384615384616	0.971830985915493	1.0	1.0	0.9803921568627452	1.0	1.0	0.782608695652174	0.994475138121547	1.0	1.0
10_+_90895453_90895483	0.0769230769230769	0.0	0.25	0.1714285714285714	0.075	0.2424242424242424	0.3676470588235294	0.4042553191489361	0.36	0.4403669724770642	0.4607329842931937	0.4818181818181818	0.3932038834951456	0.5459459459459459	0.549645390070922	0.5365853658536586	0.5838709677419355	0.4882506527415143	0.6041666666666666	0.5506172839506173	0.6075156576200418	0.4232804232804232	0.547945205479452	0.4725274725274725
3_-_112125225_112125254	1.0	1.0		1.0			1.0	1.0	1.0		1.0							1.0	1.0					1.0
2_+_272036_272065	0.0952380952380952	0.0317460317460317	0.1147540983606557	0.0363636363636363	0.075	0.1065573770491803	0.1171171171171171	0.036144578313253	0.05625	0.0387931034482758	0.0257936507936507	0.009375	0.0135135135135135	0.0028328611898017	0.0113636363636363	0.0146842878120411	0.0246913580246913	0.0354223433242506	0.0369609856262833	0.0396551724137931	0.05	0.0399002493765586	0.0471014492753623	0.0398860398860398
19_-_39390259_39390289	0.2941176470588235	0.4958677685950413	0.1836734693877551	0.6847826086956522	0.6549295774647887	0.5785714285714286	0.6597353497164461	0.6428571428571429	0.6440677966101694	0.6414342629482072	0.6521739130434783	0.6600985221674877	0.7764227642276422	0.5982142857142857	0.6353790613718412	0.6823529411764706	0.7196652719665272	0.6411764705882353	0.6742857142857143	0.6540880503144654	0.7624521072796935	0.6411042944785276	0.6984924623115578	0.7236363636363636
14_+_105468337_105468349	0.1363636363636363	0.0	0.1081081081081081	0.3333333333333333	0.0	0.16	0.0	0.2692307692307692	0.0	0.2115384615384615	0.2535211267605634	0.1486486486486486	0.1368421052631579	0.13	0.1900826446280991	0.1293103448275862	0.2048192771084337	0.0769230769230769	0.0869565217391304	0.0555555555555555	0.0	0.0	0.2769230769230769	0.05
19_+_39458293_39458305	0.9777777777777776	0.9948453608247424	1.0	1.0	1.0	1.0	0.9844559585492229	1.0	0.9867549668874172	0.9887218045112782	1.0	0.9602649006622516	0.9761904761904762	0.9805825242718448	0.96218487394958	0.9675675675675676	0.9106382978723404	0.9409448818897638	0.9867549668874172	0.9398907103825136	1.0	0.9657701711491442	0.9302325581395348	0.9227941176470588
5_-_141588223_141588250	0.2758620689655172	0.3783783783783784	0.1325301204819277	0.4347826086956521	0.396551724137931	0.2777777777777778	0.2823529411764706	0.1682242990654205	0.096	0.1402714932126696	0.0871559633027523	0.1544117647058823	0.1673469387755102	0.1476923076923077	0.1631944444444444	0.1269349845201238	0.1621621621621621	0.1206434316353887	0.1785714285714285	0.2920353982300885	0.1698113207547169	0.3430962343096234	0.2461538461538461	0.2209302325581395
4_+_159243773_159243791						1.0	1.0	1.0	1.0	1.0	1.0	1.0	1.0	1.0	1.0						1.0	1.0	1.0	1.0
6_-_32181605_32181632	0.717391304347826	0.25	0.3541666666666667	0.1875	0.4909090909090909	0.2894736842105263	0.5714285714285714	0.0	0.3333333333333333	0.6190476190476191	0.7857142857142857	0.6363636363636364	0.3157894736842105	0.3529411764705882	0.4482758620689655	0.631578947368421	0.8571428571428571		0.8205128205128205	0.9285714285714286	0.8627450980392157	0.4705882352941176		0.5
17_-_15993756_15993778	1.0	1.0	1.0	1.0	1.0	1.0	1.0	1.0	1.0	1.0	0.9918032786885246	0.9905660377358492	1.0	1.0	1.0	0.9824561403508772	1.0	1.0	1.0	1.0	1.0	1.0	1.0	1.0
2_+_101868028_101868037	0.0	0.1621621621621621	0.0504201680672268	0.1896551724137931	0.2435897435897435	0.0714285714285714	0.4	0.0434782608695652	0.0555555555555555	0.5185185185185185	0.3333333333333333	0.5714285714285714	0.391304347826087	0.1428571428571428	0.6666666666666666	0.217391304347826	0.3703703703703703	0.4074074074074074	0.0476190476190476	0.75	0.4090909090909091	0.5	0.3	0.1836734693877551
1_+_28457831_28457855	0.0		0.3125	0.2777777777777778	0.0	0.0714285714285714	0.3	0.2	0.2222222222222222	0.4761904761904761	0.2	0.0625	0.4285714285714285	0.2857142857142857	0.3	0.0		1.0	0.4545454545454545		0.4	0.5609756097560976	0.1666666666666666	0.5384615384615384
11_+_5708576_5708603	1.0	1.0	1.0	1.0	1.0	1.0	1.0	1.0	0.9952267303102624	1.0	0.9879518072289156	1.0	1.0	1.0	1.0	1.0	1.0	1.0	1.0	1.0	1.0	1.0	1.0	1.0
16_-_70679314_70679323	1.0	1.0	1.0	0.9411764705882352	0.8	0.8846153846153846	0.7692307692307693	0.6		0.3333333333333333	0.5	0.5	0.3636363636363636	0.5714285714285714		0.125	0.2	0.4705882352941176	0.3333333333333333				0.3333333333333333	
19_+_1106241_1106266	0.9883720930232558	0.947565543071161	0.990138067061144	0.982532751091703	0.9794628751974724	0.9785202863961814	0.9535962877030162	0.9435336976320584	0.959915611814346	0.9839357429718876	0.9859514687100894	0.9819639278557114	0.9810055865921788	0.980744544287548	0.9863301787592008	0.9898477157360406	0.9736024844720496	0.9905100830367736	0.9793427230046948	0.97172034564022	0.9877260981912144	0.9662797125483692	0.9746954076850984	0.9858108108108108
14_+_55061679_55061701	0.7129629629629629	0.8582089552238806	0.8867924528301887	0.8651685393258427	0.8592964824120602	0.953757225433526	0.9757575757575756	0.9649122807017544	0.9888888888888888	0.9908256880733946	0.9595375722543352	1.0	0.9652173913043478	0.9657534246575342	0.991869918699187	0.9080459770114944	0.9928057553956836	0.9696969696969696	0.9285714285714286	0.7592592592592593	0.9615384615384616	0.9702380952380952	1.0	0.9612403100775194
14_+_103465423_103465450	0.5238095238095238	0.3666666666666666	0.5	0.40625	0.5777777777777777	0.5454545454545454	0.12	0.0	0.0	0.0	0.0	0.0	0.0	0.0	0.0	0.0	0.0	0.0	0.0	0.0	0.0	0.0	0.0454545454545454	0.0
5_-_132706450_132706459	1.0						0.375	0.8571428571428571				0.8571428571428571	0.5	1.0	0.6666666666666666			0.4444444444444444				0.7916666666666666	1.0	0.7692307692307693
12_-_57305639_57305663	0.0	0.1477272727272727	0.1686746987951807	0.2608695652173913	0.2568807339449541	0.253012048192771	0.25	0.0	0.0	0.3478260869565217	0.6470588235294118	0.1	0.3809523809523809	0.5681818181818182	0.4333333333333333	0.1333333333333333		0.1875	0.0	0.0	0.9	0.6153846153846154		0.631578947368421
20_+_58659622_58659634	0.2689655172413793	0.2777777777777778	0.1497175141242938	0.1626506024096385	0.321656050955414	0.1513157894736842	0.1518987341772152	0.2061855670103092	0.3181818181818182	0.1085271317829457	0.2627118644067797	0.225	0.1101694915254237	0.237410071942446	0.1774193548387097	0.1714285714285714	0.1136363636363636	0.029126213592233	0.2234042553191489	0.1	0.3486238532110092	0.2887700534759358	0.5208333333333334	0.2512562814070351
19_+_45009813_45009822	1.0	0.8793103448275862	1.0	0.8441558441558441	1.0	1.0	0.9227941176470588	0.964630225080386	0.9313984168865436	0.9547738693467336	0.9372384937238494	0.9411764705882352	0.9555555555555556	0.8934426229508197	0.946058091286307	0.9051724137931034	0.8554216867469879	0.961038961038961	0.8717948717948718	0.8333333333333334	0.6491228070175439	0.9465648854961832	0.99	0.8712871287128713
2_+_69921735_69921765	1.0	1.0	1.0	1.0	1.0	0.9743589743589745	1.0	1.0	1.0	1.0	1.0		1.0	1.0		1.0		1.0	1.0		1.0	1.0	1.0	1.0
3_+_56559568_56559594	0.4054054054054054	0.5061728395061729	0.6	0.6111111111111112	0.5	0.4666666666666667	0.7878787878787878	0.8260869565217391	1.0	0.9	0.96	1.0	1.0	0.7894736842105263	0.8148148148148148	0.75	1.0	0.8125	0.75	0.7692307692307693	1.0	1.0	0.9444444444444444	0.9375
10_+_6228195_6228218	0.0	0.0833333333333333	0.0	0.0	0.0	0.0	0.2146892655367231	0.1361256544502617	0.0617283950617283	0.0857142857142857	0.1538461538461538	0.0	0.074074074074074	0.0	0.0217391304347826	0.0	0.0	0.0	0.0222222222222222	0.0	0.0	0.0	0.0666666666666666	0.1012658227848101
22_-_29329711_29329720	0.5294117647058824	0.6571428571428571	0.5194805194805194	0.3703703703703703	0.8043478260869565	0.4259259259259259	0.3090909090909091	0.4615384615384615	0.5194805194805194	0.4057971014492754	0.422077922077922	0.4655172413793103	0.446078431372549	0.3542857142857142	0.4117647058823529	0.45	0.4437869822485207	0.3687707641196013	0.4607843137254901	0.4369230769230769	0.4413145539906103	0.4492753623188406	0.5	0.4345238095238095
1_-_173864674_173864704	0.0179171332586786	0.0170565302144249	0.0134865134865134	0.0079413561392791	0.0126582278481012	0.0106635071090047	0.0042625745950554	0.0099403578528827	0.0311111111111111	0.0072231139646869	0.0121703853955375	0.0130434782608695	0.0160528800755429	0.0172972972972972	0.0214168039538715	0.0324022346368715	0.0205850487540628	0.0386930352536543	0.0160359204618345	0.0182291666666666	0.0180817610062893	0.0098414434117003	0.0125553914327917	0.0268276324614352
3_+_133587158_133587161	0.488	0.1904761904761904	0.1724137931034483	0.2251655629139073	0.3414634146341463	0.3212121212121212	0.25	0.3473684210526316	0.2413793103448276	0.2545454545454545	0.1707317073170731	0.1595744680851064	0.1233766233766233	0.0616740088105726	0.1172839506172839	0.1402439024390244	0.097165991902834	0.1474820143884892	0.0859375	0.0952380952380952	0.0737704918032786	0.1833333333333333	0.0238095238095238	0.1984126984126984
6_-_85538837_85538864	0.4375	0.3823529411764705	0.8888888888888888	0.0	0.75	0.4074074074074074	0.1176470588235294	0.1	0.3636363636363636	0.5833333333333334	0.5135135135135135	0.75	0.2857142857142857	0.175	0.1666666666666666	0.0789473684210526	0.2142857142857142	0.0526315789473684	0.28	0.0	0.36	0.2272727272727272	0.3617021276595745	0.2926829268292683
17_-_29578961_29578988	0.0952380952380952	0.0	0.0	0.0	0.1379310344827586	0.0277777777777777	0.0	0.0	0.0	0.0851063829787234	0.1111111111111111	0.0298507462686567	0.1	0.1136363636363636	0.0518518518518518	0.0677966101694915	0.0890410958904109	0.1404494382022472	0.0980392156862745	0.1891891891891892	0.0967741935483871	0.0319148936170212	0.0240963855421686	0.1195652173913043
5_+_32586491_32586501	0.9375	0.396551724137931	0.5925925925925926	0.2758620689655172	0.3125	0.2758620689655172	0.7037037037037037	0.21875	0.4166666666666667	0.1470588235294117	0.225	0.1372549019607843	0.0490196078431372	0.1153846153846153	0.1046511627906976	0.017094017094017	0.0	0.0442477876106194	0.0	0.0196078431372549	0.0	0.0169491525423728	0.073170731707317	0.108695652173913
2_-_156326311_156326328	0.0	0.0042643923240938	0.0	0.0123456790123456	0.0132090132090132	0.0189214758751182	0.015557939914163	0.0208636584182435	0.0250639386189258	0.0087719298245614	0.0188679245283018	0.0	0.0363636363636363	0.0535714285714285	0.0	0.0614525139664804	0.0061349693251533	0.0103626943005181	0.0339805825242718	0.014760147601476	0.0297872340425531	0.0	0.0	0.2444444444444444
16_+_31183486_31183489	0.0	0.0307692307692307	0.15	0.0967741935483871	0.1304347826086956	0.0092592592592592	0.0595533498759305	0.0542797494780793	0.0424107142857142	0.0330578512396694	0.056	0.0633333333333333	0.0617529880478087	0.037037037037037	0.0414746543778801	0.0460405156537753	0.0692464358452138	0.0666666666666666	0.023076923076923	0.0807174887892376	0.0443864229765013	0.0940325497287522	0.0833333333333333	0.0725274725274725
17_-_41896619_41896649	1.0	1.0	1.0	0.84	0.6818181818181818	0.9230769230769232	1.0	0.8275862068965517	0.4210526315789473	0.8118811881188119	0.9291338582677166	0.8451612903225807	0.8321678321678322	0.8559322033898306	0.7843866171003717	0.8642384105960265	0.8519736842105263	0.914364640883978	0.8742857142857143	0.8785714285714286	0.953020134228188	0.9424460431654677	0.8662420382165605	0.8875
12_-_88130544_88130565	1.0	1.0	1.0	1.0	1.0	1.0			0.5	1.0	0.75	1.0	1.0	1.0	1.0	1.0	1.0	1.0	1.0			1.0	1.0	1.0
2_-_121409023_121409047	0.6666666666666666	0.6842105263157895	1.0	1.0	0.8888888888888888	0.7837837837837838	0.6666666666666666	0.4814814814814814	0.0	0.3333333333333333	0.4	0.3333333333333333	0.7222222222222222	0.1923076923076923	0.34375	0.8888888888888888	0.5	0.5333333333333333	0.0666666666666666	0.4	0.0	0.8	0.9166666666666666	0.5
1_-_1388491_1388510	0.1133603238866396	0.0333333333333333	0.0684410646387832	0.0498084291187739	0.086092715231788	0.0577617328519855	0.0558375634517766	0.0654545454545454	0.0719696969696969	0.0130718954248366	0.0380952380952381	0.0	0.0	0.0	0.0	0.0114942528735632	0.0	0.0076923076923076	0.0	0.0061349693251533	0.0324324324324324	0.0479041916167664	0.037037037037037	0.0202702702702702
12_-_110499534_110499546		0.0	1.0		0.7272727272727273	1.0	1.0	1.0	0.8666666666666667	0.987012987012987	0.9102564102564102	0.8823529411764706	0.9306930693069309	0.8454545454545455	0.9320388349514565	0.8170731707317073	0.8846153846153846	0.7848101265822784	0.8404255319148937	0.9280575539568344	0.7976190476190477	0.746268656716418	0.7538461538461538	0.8589743589743589
1_+_28737657_28737682	0.935064935064935	0.972972972972973	1.0	0.9391891891891893	0.904494382022472	0.9662162162162162	0.9285714285714286	0.8888888888888888	0.8993288590604027	0.9781659388646288	0.9939024390243902	0.9831932773109244	0.9943181818181818	1.0	0.9760765550239234	0.9911111111111112	0.9866071428571428	1.0	0.9454545454545454	0.91869918699187	1.0	0.97008547008547	1.0	0.975177304964539
X_+_150712341_150712365	1.0	1.0	1.0	0.979591836734694	0.5833333333333334	1.0	1.0	1.0	1.0	1.0	0.9696969696969696	0.9047619047619048	0.8431372549019608	0.9130434782608696	0.8194444444444444	0.8	0.7666666666666667	0.7272727272727273	0.6086956521739131			1.0	1.0	1.0
10_-_103105357_103105381	1.0	0.8108108108108109	1.0	0.925925925925926	0.8108108108108109	0.6785714285714286	0.55	0.4782608695652174	0.7027027027027027	0.4333333333333333	0.6046511627906976	0.5625	0.490566037735849	0.3095238095238095	0.1951219512195122	0.5416666666666666	0.4166666666666667	0.4210526315789473	0.3076923076923077	0.3846153846153846	0.6666666666666666	0.4915254237288136	0.8103448275862069	0.640625
20_+_49096175_49096200	0.0	0.0	0.0	0.0	0.0	0.0	0.0	0.0	0.0	0.0714285714285714	0.0444444444444444	0.0273972602739726	0.0303030303030303	0.0651162790697674	0.0169491525423728	0.025	0.0695364238410596	0.0209973753280839	0.0182926829268292	0.0220183486238532	0.0198198198198198	0.0	0.0125	0.009090909090909
2_-_70289349_70289372	1.0	0.9821958456973294	0.9852941176470588	1.0	1.0	1.0	0.9880382775119616	0.968503937007874	1.0	0.9627329192546584	0.9776785714285714	0.979045401629802	0.9786921381337252	0.9598214285714286	0.97531512605042	0.9669732441471572	0.966286307053942	0.948479427549195	0.9509981851179672	0.9222035323801514	0.9308152580403888	0.9602272727272728	0.9811542991755006	0.970620239390642
1_+_172577538_172577559	1.0	1.0	1.0	1.0	1.0	1.0	1.0	1.0	1.0	1.0	1.0	1.0	1.0	0.8461538461538461	1.0	1.0	1.0	1.0		1.0		1.0	1.0	1.0
7_-_43887789_43887816	1.0	1.0			1.0	1.0	1.0	1.0	1.0	1.0	0.9166666666666666	0.6875	1.0	1.0	0.8	1.0	0.8571428571428571	1.0	1.0	1.0	1.0	0.88	0.9090909090909092	1.0
4_+_27007982_27008006	0.6792452830188679	0.3414634146341463	0.4939759036144578	0.53125	0.7352941176470589	0.3035714285714285	0.4594594594594595	0.3076923076923077	0.2459016393442623	0.119047619047619	0.25	0.1875	0.0714285714285714	0.2	0.1666666666666666	0.0	0.1568627450980392	0.1111111111111111	0.3076923076923077	0.1967213114754098	0.423728813559322	0.119047619047619	0.1794871794871795	0.1451612903225806
1_-_155203512_155203539	1.0	0.896551724137931	1.0	1.0	1.0	1.0	1.0	1.0		1.0	1.0			1.0	1.0					1.0			1.0	1.0
5_+_176099020_176099045	1.0	1.0	1.0	1.0	1.0	1.0	1.0	1.0	1.0				1.0											
X_-_23734340_23734367	1.0	1.0	1.0	1.0	1.0	1.0	1.0	1.0	1.0	1.0	1.0	0.8974358974358975	0.9523809523809524	0.9482758620689656	0.9166666666666666	0.90625	0.9010989010989012	0.9153846153846154	0.7916666666666666	0.8852459016393442	0.92	0.9074074074074074	0.8705882352941177	0.9157894736842104
1_-_205115857_205115883		1.0		1.0	1.0	0.5909090909090909	1.0	1.0	1.0	0.9878048780487804	1.0	1.0	1.0	1.0	1.0	0.94	1.0	1.0	1.0	1.0		1.0	1.0	1.0
17_+_45234831_45234849	0.1847826086956521	0.1481481481481481	0.0769230769230769	0.081081081081081	0.1272727272727272	0.1428571428571428	0.0986842105263157	0.0918367346938775	0.0723981900452488	0.3428571428571428	0.1768707482993197	0.125	0.1741935483870967	0.130718954248366	0.1275167785234899	0.1861471861471861	0.2352941176470588	0.1746031746031746	0.0296052631578947	0.0070671378091872	0.1692307692307692	0.0637329286798179	0.1421800947867298	0.1466666666666666
11_+_118364677_118364703	0.0	0.8888888888888888	0.6333333333333333	0.2	0.6724137931034483	0.3333333333333333	0.7666666666666667	0.0454545454545454	0.4210526315789473	0.0	0.1111111111111111	0.25	0.0	0.0	0.1904761904761904	0.2105263157894736	0.0714285714285714	0.3636363636363636		0.0	0.0	0.3076923076923077	0.0	0.0
15_+_40854059_40854086								1.0		1.0	1.0	1.0	1.0	1.0	1.0	1.0	1.0	1.0	1.0			1.0	1.0	1.0
10_+_89013342_89013367				0.0	0.0	0.0	0.0	0.3125	0.0512820512820512	0.2341463414634146	0.2040816326530612	0.1647058823529411	0.2869565217391304	0.2873563218390804	0.2	0.0821917808219178	0.1538461538461538	0.088235294117647	0.287037037037037	0.1509433962264151	0.1957831325301204	0.1910828025477707	0.1666666666666666	0.2019950124688279
1_+_78620943_78620971		0.5454545454545454	0.0	0.0	0.0		0.0833333333333333			0.25	0.0	0.1428571428571428	0.0		0.4285714285714285				0.0	0.0	0.0	0.1869918699186991	0.1333333333333333	0.1495327102803738
4_-_82899712_82899737	0.5882352941176471	0.5	0.7714285714285715	0.8888888888888888	0.6	0.5483870967741935	0.4444444444444444	0.4615384615384615	0.4583333333333333	0.0	0.0	0.0	0.0	0.0	0.0	0.0	0.3333333333333333	0.0	0.238095238095238	0.0	0.1777777777777777	0.1071428571428571	0.1379310344827586	0.2142857142857142
1_+_161339561_161339588	0.2	0.0588235294117647	0.5454545454545454	0.3863636363636363	0.4313725490196078	0.3157894736842105	0.1333333333333333	0.3174603174603174	0.3	0.0	0.0	0.0	0.0167364016736401	0.0	0.0	0.0153846153846153	0.0	0.0034965034965034	0.0	0.0	0.0	0.0181818181818181	0.0481927710843373	0.0
14_-_65101545_65101572	0.8148148148148148	0.9007936507936508	0.984	0.8356807511737089	0.8879668049792531	0.8341232227488151	0.8045977011494253	0.7464788732394366	0.7730769230769231	0.8181818181818182	0.7300613496932515	0.7869822485207101	0.7760617760617761	0.8163265306122449	0.8372093023255814	0.6231884057971014	0.6630434782608695	0.7347826086956522	0.6304347826086957	0.53	0.6778523489932886	0.8851063829787233	0.8469945355191257	0.9166666666666666
14_-_21263310_21263336	0.2756410256410256	0.295843520782396	0.2273901808785529	0.2978723404255319	0.2606924643584521	0.3123209169054441	0.6493055555555556	0.6239737274220033	0.6014814814814815	0.9144451332920024	0.904688304997424	0.927400468384075	0.920741989881956	0.9170476812540824	0.9289099526066352	0.95752123938031	0.9550496205487448	0.9535714285714286	0.957396449704142	0.9226277372262772	0.9223300970873788	0.8125633232016211	0.7777777777777778	0.8359375
5_-_177310667_177310697		1.0	1.0	1.0	1.0	1.0	1.0	1.0		1.0	1.0		1.0	1.0	1.0	0.7		1.0	1.0	0.9066666666666666	0.9864864864864864	0.9393939393939394	0.9772727272727272	0.9444444444444444
3_+_37337142_37337163	0.7307692307692307	1.0	1.0	0.9534883720930232	1.0	1.0	1.0	1.0	0.9384615384615383	1.0	0.935483870967742	0.9047619047619048	0.9705882352941176	1.0	0.8775510204081632	0.926829268292683	1.0	0.975	0.9285714285714286	1.0	1.0	0.7714285714285715	0.8297872340425532	0.9545454545454546
1_+_39436481_39436490	0.6984126984126984	0.896551724137931	0.8333333333333334	0.7183098591549296	0.8709677419354839	0.8055555555555556	1.0	0.5652173913043478	0.8947368421052632	1.0	1.0	0.96875	0.981132075471698	1.0	1.0	1.0	1.0	0.975	0.9333333333333332	1.0	1.0	0.8055555555555556	0.9210526315789472	0.9487179487179488
18_+_51049294_51049324			1.0	1.0		1.0	1.0	1.0	1.0	1.0	1.0	1.0	1.0	1.0	1.0	1.0	1.0	1.0	1.0	1.0	1.0	1.0	1.0	1.0
12_-_68316580_68316610		0.8							1.0	1.0	0.8888888888888888	1.0	0.5		1.0	0.4444444444444444	0.5555555555555556	0.5714285714285714	1.0	0.7575757575757576	1.0	1.0	1.0	
8_+_144242601_144242628	0.7916666666666666	0.7142857142857143	0.975609756097561	0.2	0.8214285714285714	0.4736842105263157	0.9285714285714286	0.8333333333333334	1.0	0.7777777777777778	0.6388888888888888		0.5294117647058824	0.8421052631578947	0.7037037037037037	0.5714285714285714	0.6666666666666666	1.0	0.1428571428571428	0.4	0.6666666666666666	0.4848484848484848	0.8484848484848485	0.7045454545454546
11_+_70350993_70351023		0.7857142857142857	0.3529411764705882	0.6363636363636364	0.7307692307692307	0.96	0.2333333333333333	0.4090909090909091	0.25	0.25	0.1176470588235294	0.1481481481481481	0.2903225806451613	0.1153846153846153	0.0689655172413793	0.2549019607843137	0.0	0.0555555555555555	0.0	0.1538461538461538	0.1481481481481481	0.3333333333333333	0.2307692307692307	0.0833333333333333
11_+_62141499_62141511	1.0		0.7058823529411765	0.9473684210526316	1.0	1.0		0.5		0.8888888888888888	0.6875	0.7857142857142857	0.5	0.8	0.3157894736842105	0.5901639344262295	0.5555555555555556	0.7777777777777778	0.4324324324324324	0.7058823529411765	0.6583333333333333	0.7142857142857143	0.8490566037735849	0.9166666666666666
19_+_35009422_35009443	0.9420289855072465	0.9746192893401016	1.0	0.9716312056737588	1.0	0.991869918699187	1.0	0.9324324324324323	0.9473684210526316	0.9787234042553192	1.0	1.0	1.0	1.0	1.0	0.9932203389830508	1.0	0.9791044776119404	0.9438202247191012	0.9652173913043478	0.961038961038961	1.0	0.9736842105263158	1.0
17_+_67553609_67553617	1.0	1.0	1.0	1.0	1.0	1.0	1.0	1.0	1.0	1.0	1.0	1.0	1.0	1.0	1.0	1.0	1.0	1.0	1.0	1.0	1.0	1.0	1.0	1.0
15_-_50346371_50346395		0.0666666666666666	0.2941176470588235	0.3636363636363636	0.5833333333333334	0.6818181818181818	0.5	0.3766233766233766	0.5146443514644351	0.3888888888888889	0.3947368421052631	0.3658536585365853	0.45	0.5205479452054794	0.293103448275862	0.4444444444444444	0.5138888888888888	0.4069767441860465	0.4489795918367347	0.6351351351351351	0.5	0.46875	0.8	0.2727272727272727
17_+_42985650_42985656	1.0	0.0	0.0	0.625	0.0	0.4	0.0	0.28125	0.0	0.3555555555555555	0.5517241379310345	1.0	0.2307692307692307	0.2666666666666666	0.5882352941176471	0.3846153846153846	0.3846153846153846	0.3	0.6086956521739131	0.6666666666666666	0.2647058823529412	0.7567567567567568	0.45	0.4090909090909091
16_+_19575097_19575122		1.0	1.0	1.0	1.0	1.0	1.0	1.0	1.0	1.0	1.0	1.0	1.0	1.0	1.0	1.0	1.0	1.0	1.0	1.0	1.0	1.0	1.0	1.0
10_+_78040203_78040225	0.7057627118644068	0.7537128712871287	0.7336405529953917	0.7205992509363296	0.7106992022524636	0.7261946285315661	0.6597110754414125	0.7002565042139978	0.7107271996785858	0.1496156120638675	0.1409952606635071	0.1232876712328767	0.0784157363104731	0.0614406779661017	0.0747686921730432	0.0153266331658291	0.0183356840620592	0.0188076650106458	0.0481740481740481	0.0473731077471059	0.0582491005653589	0.4045034829094444	0.4187178793616445	0.4196254389387436
5_-_151110626_151110644	0.8235294117647058	1.0	0.6697247706422018	1.0	0.91	0.8181818181818182	0.9743589743589745	1.0	0.9444444444444444	0.942528735632184	0.9402985074626866	0.8819444444444444	0.8880597014925373	0.8814432989690721	0.9533898305084746	0.8657534246575342	0.8797814207650273	0.948559670781893	0.8456591639871383	0.8913308913308914	0.8532219570405728	0.9333333333333332	0.8810572687224669	0.9015444015444016
10_+_99750368_99750396	1.0	1.0	1.0	1.0	1.0	1.0	0.8666666666666667	1.0	0.96	0.9777777777777776	0.9285714285714286	0.8108108108108109	0.8536585365853658	0.925	0.8148148148148148	0.9130434782608696	0.704225352112676	0.7708333333333334	0.8431372549019608	0.7471264367816092	0.7210526315789474	0.8936170212765957	0.9682539682539684	0.9423076923076924
8_-_27290155_27290178	0.6551724137931034	0.5555555555555556		1.0	0.7857142857142857	0.9333333333333332	1.0	0.8	1.0	0.9827586206896552	0.9696969696969696	1.0	0.9142857142857144	1.0	1.0	0.971830985915493	0.9387755102040816	1.0	1.0	0.9183673469387756	0.7352941176470589	1.0	1.0	0.9907407407407408
11_-_5667688_5667711	1.0				1.0		1.0	1.0	1.0	1.0	0.72	1.0	0.7777777777777778	1.0	1.0	1.0		1.0	1.0	1.0	1.0	1.0	1.0	1.0
9_+_128162003_128162007	0.0709677419354838	0.1097560975609756	0.0038167938931297	0.0466321243523316	0.0472103004291845	0.0670391061452514	0.074074074074074	0.1689189189189189	0.1614906832298136	0.225	0.2243589743589743	0.0833333333333333	0.2981366459627329	0.1129032258064516	0.1545454545454545	0.1627906976744186	0.2716763005780346	0.2048192771084337	0.1593625498007968	0.2600619195046439	0.1788990825688073	0.1239130434782608	0.1262886597938144	0.0971786833855799
11_-_78441090_78441117	0.8461538461538461	0.5454545454545454		0.9130434782608696	0.2	0.4666666666666667	0.8	0.75	0.5217391304347826	0.5882352941176471	0.5648148148148148	0.5357142857142857	0.5340909090909091	0.5098039215686274	0.5657894736842105	0.5625	0.6186440677966102	0.5869565217391305	0.5245901639344263	0.5161290322580645	0.5977653631284916	0.4339622641509434	0.7	0.7058823529411765
13_+_25319325_25319350	0.2	0.1904761904761904	0.0	0.0	0.1875	0.125	0.8271604938271605	0.8809523809523809	0.8051948051948052	1.0	1.0	1.0	1.0	1.0	0.9609375	0.976470588235294	0.9866666666666668	0.9819277108433736	1.0	0.8809523809523809	1.0	1.0	0.976470588235294	0.9577464788732394
10_-_26771074_26771089	0.125	0.0869565217391304	0.0526315789473684	0.0352941176470588	0.1510791366906475	0.0294117647058823	0.1595744680851064	0.1307692307692307	0.1403508771929824	0.027027027027027	0.0423728813559322	0.0125	0.0	0.0106382978723404	0.0104166666666666	0.0	0.087719298245614	0.0	0.0	0.0	0.0	0.253012048192771	0.1134020618556701	0.1451612903225806
2_+_237987962_237987992	1.0	1.0	1.0	1.0	1.0	1.0	1.0	1.0	1.0	0.9752321981424148	0.9895287958115184	0.9672131147540984	0.9809160305343512	0.9836065573770492	0.9972067039106144	0.9817629179331308	0.9948186528497408	0.9413489736070382	0.9857142857142858	0.9823529411764704	0.9869402985074628	0.98828125	0.9912280701754386	0.9876325088339224
1_-_173865541_173865547	0.0022753128555176	0.0019792182088075	0.0	0.0103532277710109	0.0046788600595491	0.0	0.0034129692832764	0.0013368983957219	0.0007639419404125	0.0048154093097913	0.0020491803278688	0.0	0.0028708133971291	0.0021953896816684	0.0008410428931875	0.0180790960451977	0.0205850487540628	0.0140845070422535	0.0077619663648124	0.0070237050043898	0.0031923383878691	0.0060373216245883	0.0059479553903345	0.0068399452804377
17_-_16151589_16151616	0.375	0.2727272727272727	0.0		0.5714285714285714	0.2608695652173913	0.03125	0.4375	0.08	0.2222222222222222	0.2666666666666666	0.3636363636363636	0.2941176470588235	0.5405405405405406	0.1875	0.4857142857142857	0.4375	0.5208333333333334	0.5238095238095238	0.5	0.8235294117647058	0.359375	0.1290322580645161	0.4102564102564102
19_-_14152132_14152150	0.6511627906976745	0.8923076923076924	0.8085106382978723	0.8245614035087719	0.5084745762711864	0.7619047619047619	0.8235294117647058	1.0	0.5333333333333333	0.7045454545454546	1.0	0.5	0.5409836065573771	0.5277777777777778	0.6153846153846154	0.8823529411764706	0.8235294117647058	1.0	0.4	0.8181818181818182	0.0	1.0	0.7142857142857143	1.0
12_-_6330266_6330295	0.1428571428571428	0.5294117647058824	1.0	0.5	0.4102564102564102	0.696969696969697	0.3888888888888889	0.746268656716418	0.7619047619047619	0.5157894736842106	0.5454545454545454	0.6310679611650486	0.610738255033557	0.5877862595419847	0.5447154471544715	0.543046357615894	0.4671532846715328	0.5189873417721519	0.5692307692307692	0.6203703703703703	0.6965174129353234	0.5528455284552846	0.5161290322580645	0.6304347826086957
3_-_180986997_180987022	0.0329670329670329	0.06	0.1752577319587628	0.0219780219780219	0.010752688172043	0.010752688172043	0.1710526315789473	0.0444444444444444	0.1153846153846153	0.2158590308370044	0.12109375	0.2094594594594594	0.1602209944751381	0.1322751322751322	0.1725888324873096	0.0656934306569343	0.0510204081632653	0.131578947368421	0.08	0.0273972602739726	0.067193675889328	0.0245901639344262	0.0227272727272727	0.0491803278688524
2_+_241324215_241324241	0.8928571428571429	0.967741935483871	1.0	0.8888888888888888	1.0	0.896551724137931	0.9166666666666666	0.9224137931034484	1.0	1.0	0.9894179894179894	0.9782608695652174	1.0	0.9550561797752808	0.985239852398524	1.0	1.0	0.977124183006536	0.9777777777777776	1.0	1.0	1.0	0.9754098360655736	0.984126984126984
22_+_30023456_30023483	0.7096774193548387	0.2307692307692307	0.3653846153846153	0.5172413793103449	0.2222222222222222	0.5471698113207547	0.6666666666666666	0.3157894736842105	0.24	0.0	0.3684210526315789	0.0	0.2777777777777778	0.3333333333333333	0.3125	0.0		0.0		0.0	0.303030303030303	0.2962962962962963	0.16	0.1052631578947368
1_-_58690225_58690249	0.8461538461538461	0.4642857142857143	0.0	0.6923076923076923	0.2666666666666666	0.238095238095238	0.7083333333333334	0.3611111111111111	0.4736842105263157	0.2826086956521739	0.6	0.53125	0.4418604651162791	0.4166666666666667	0.4	0.2941176470588235	0.5294117647058824	0.6666666666666666	0.5555555555555556	0.0	1.0	0.6111111111111112	0.3214285714285714	0.2647058823529412
15_-_52348817_52348826	0.8529411764705882	1.0	1.0	1.0	1.0	0.8695652173913043	1.0		0.2222222222222222	1.0	0.3636363636363636	0.625	0.7272727272727273	0.3333333333333333	1.0	0.3181818181818182	0.375	0.3333333333333333			0.6190476190476191	0.6666666666666666	0.8181818181818182	0.7560975609756098
8_-_124580550_124580562																0.1363636363636363	0.1	0.25	0.1052631578947368	0.0	0.0	0.1739130434782608	0.2123893805309734	0.135593220338983
12_+_62566013_62566031		0.875	0.6666666666666666	1.0		1.0	0.4285714285714285	0.72	0.4242424242424242	0.4285714285714285	0.3333333333333333	0.4444444444444444	0.3333333333333333	0.0	0.5172413793103449	0.7142857142857143	0.8888888888888888	0.3125	0.0	0.0	0.2727272727272727	1.0	0.9523809523809524	0.8571428571428571
15_-_78294945_78294973	1.0	1.0			0.0	0.8461538461538461	1.0	1.0	1.0	1.0	0.9743589743589745	0.9565217391304348	0.9787234042553192	1.0	1.0	1.0	1.0	1.0	1.0	1.0	1.0	1.0	1.0	0.95
19_+_2097928_2097955		1.0	0.2222222222222222	1.0	0.5555555555555556	0.8	0.4	0.0						1.0	0.4444444444444444	0.5			0.4516129032258064	0.6428571428571429	0.3934426229508196	0.7415730337078652	0.5909090909090909	0.76
20_-_50945736_50945762	0.6166666666666667	0.6113744075829384	0.6176470588235294	0.7005347593582888	0.5591397849462365	0.6164383561643836	0.646551724137931	0.6578073089700996	0.722972972972973	0.629080118694362	0.6390977443609023	0.7116788321167883	0.7	0.6274509803921569	0.6188235294117647	0.6875	0.6567164179104478	0.6077519379844961	0.6361111111111111	0.6589147286821705	0.649155722326454	0.6194690265486725	0.672782874617737	0.6497326203208557
12_-_42322417_42322446	0.5675675675675675	0.4875	0.2553191489361702	0.6666666666666666	0.3950617283950617	0.5641025641025641	0.203125	0.3068181818181818	0.075	0.0	0.0	0.0	0.0	0.0108695652173913	0.0157480314960629	0.0476190476190476	0.0	0.0	0.0	0.0	0.0	0.0056818181818181	0.0	0.0
17_-_75146665_75146684	1.0	1.0	1.0	1.0	1.0	1.0	1.0	1.0	1.0	1.0	1.0	1.0	1.0	1.0	1.0	1.0	1.0	1.0	1.0	1.0	1.0	1.0	1.0	1.0
1_+_222648828_222648850	1.0	0.96	1.0	0.9852941176470588	1.0	0.8901098901098901	1.0	1.0	1.0	1.0	1.0	1.0	1.0	1.0	1.0	1.0	1.0	1.0	1.0	1.0	1.0	1.0	1.0	1.0
20_+_32367726_32367729	1.0	0.986842105263158	0.8863636363636364	1.0	0.9672131147540984	0.9365079365079364	1.0	0.9302325581395348	0.8636363636363636	0.9230769230769232	0.9736842105263158	0.9516129032258064	0.8970588235294118	0.8529411764705882	0.925925925925926	0.9210526315789472	0.9423076923076924	0.9181818181818182	0.921875	0.9181818181818182	1.0	0.9270833333333334	0.8823529411764706	0.9733333333333334
17_-_10729030_10729060	1.0			0.2352941176470588	1.0	1.0		1.0	1.0	1.0	1.0	0.5	1.0	1.0		1.0						0.7727272727272727		0.7777777777777778
10_-_71823887_71823896	0.2191780821917808	0.0909090909090909	0.2774193548387096	0.2171428571428571	0.0909090909090909	0.1287878787878787	0.0625	0.0620155038759689	0.2524271844660194	0.0476190476190476	0.0736842105263157	0.0633802816901408	0.0526315789473684	0.0301204819277108	0.0869565217391304	0.0	0.0147783251231527	0.0	0.0202702702702702	0.0	0.0	0.0212014134275618	0.0104166666666666	0.0260869565217391
17_-_7676381_7676403	0.6268656716417911	0.4230769230769231	0.5064935064935064	0.3571428571428571	0.4888888888888889	0.3653846153846153	0.4859813084112149	0.5757575757575758	0.4838709677419355	0.5337331334332833	0.4635083226632522	0.5362595419847328	0.5953237410071942	0.5262321144674086	0.5326797385620915	0.488272921108742	0.4950248756218905	0.4685430463576159	0.5540540540540541	0.4279835390946502	0.5257731958762887	0.4602888086642599	0.5588235294117647	0.5294117647058824
6_+_31587943_31587966	0.7272727272727273	0.3857142857142857	0.8787878787878788	0.631578947368421	0.4864864864864865	0.3043478260869565	0.5	0.5714285714285714	0.5714285714285714		0.6		0.7777777777777778	0.375	0.4444444444444444	0.4482758620689655	0.6111111111111112	0.4545454545454545	0.1240310077519379	0.1503267973856209	0.2290502793296089	0.1976284584980237	0.2247191011235955	0.209090909090909
6_+_169766637_169766667	1.0	0.9615384615384616	1.0	0.967741935483871	1.0	0.8787878787878788	1.0	0.6	0.4285714285714285	1.0	1.0	1.0	1.0	0.9166666666666666	1.0	1.0	1.0	1.0	1.0	1.0	1.0	1.0	1.0	1.0
11_+_64354003_64354028	0.0750670241286863	0.0313199105145413	0.1032110091743119	0.1054216867469879	0.0422163588390501	0.0830564784053156	0.0251572327044025	0.0863309352517985	0.1468531468531468	0.0895883777239709	0.0561056105610561	0.0892018779342723	0.0981595092024539	0.1181318681318681	0.1163895486935867	0.0301507537688442	0.1242937853107344	0.1502590673575129	0.0546875	0.0362694300518134	0.0194444444444444	0.0476190476190476	0.1217948717948717	0.0253623188405797
12_+_105348601_105348626		1.0		1.0	1.0	1.0	1.0	1.0	1.0		1.0		1.0	1.0		1.0	1.0	1.0	1.0	1.0	1.0	1.0	1.0	1.0
17_-_1515568_1515585	0.0	0.09375	0.0260416666666666	0.0663265306122449	0.0258064516129032	0.1388888888888889	0.0503597122302158	0.0764331210191082	0.081081081081081	0.0	0.0	0.1063829787234042	0.025	0.1555555555555555	0.0958904109589041	0.0	0.0	0.0327868852459016	0.2121212121212121	0.0	0.1851851851851851	0.0476190476190476	0.0	0.2469135802469135
9_+_128609650_128609665	0.52	0.4111111111111111	0.4677419354838709	0.3858267716535433	0.4328358208955223	0.5333333333333333	0.2110091743119266	0.1935483870967742	0.175	0.1126760563380281	0.1125	0.0212765957446808	0.0142857142857142	0.0655737704918032	0.0632911392405063	0.1	0.0612244897959183	0.1454545454545454	0.0	0.1392405063291139	0.0761904761904762	0.248	0.3839285714285714	0.2469135802469135
22_+_17097061_17097086	1.0	1.0	1.0	1.0	1.0	1.0	1.0	1.0	1.0	1.0	1.0	1.0	1.0	1.0	1.0	1.0	1.0	1.0	1.0	1.0	1.0	1.0	0.9333333333333332	1.0
16_-_67236410_67236434	1.0		0.2903225806451613		0.0				0.0	0.2051282051282051	0.04	0.0	0.1851851851851851	0.1379310344827586	0.0888888888888888	0.0927835051546391	0.078125	0.1206896551724138	0.072463768115942	0.0077519379844961	0.1948051948051948	0.1785714285714285	0.0625	0.1923076923076923
11_-_47635544_47635571	1.0	1.0	1.0	1.0	1.0	1.0	1.0	1.0	1.0	0.9539748953974896	0.966789667896679	0.9577464788732394	0.9607250755287008	0.9612403100775194	0.9391891891891893	0.9320388349514565	0.9213483146067416	0.9556451612903226	0.9292929292929292	0.9656084656084656	0.9454545454545454	0.9498432601880876	0.96742671009772	0.9831649831649832
19_-_3017839_3017859	1.0	1.0	0.6071428571428571	1.0	1.0	1.0		0.6	1.0	1.0			1.0		1.0						1.0			
1_-_32634767_32634792	0.5	0.6842105263157895	0.0				0.5333333333333333	0.2857142857142857	0.3333333333333333	0.3333333333333333	0.4642857142857143	0.4210526315789473	0.4324324324324324	0.0666666666666666	0.4242424242424242	0.5185185185185185	0.515625	0.5641025641025641	0.2439024390243902	0.4343434343434343	0.4285714285714285	0.6271186440677966	0.5945945945945946	0.775
19_+_10808568_10808580	0.92	1.0	1.0	1.0	0.9921259842519684	1.0	0.9444444444444444	0.9558823529411764	1.0	0.9243697478991596	0.8936170212765957	0.8787878787878788	0.848314606741573	0.8493150684931506	0.9519230769230768	0.888	0.9615384615384616	0.6708860759493671	0.7065217391304348	0.8016528925619835	0.9333333333333332	0.914572864321608	0.88125	0.8805970149253731
12_-_6549475_6549484		0.0	1.0	1.0			1.0		1.0	0.8461538461538461	0.875		0.8	0.25	0.875		0.6		0.4444444444444444	1.0	1.0	0.9107142857142856	0.1666666666666666	0.8695652173913043
16_-_28905866_28905878	1.0	0.95	1.0	1.0	1.0	1.0	0.7857142857142857	1.0	0.7954545454545454	1.0	0.9583333333333334	1.0	1.0	1.0	1.0	1.0	1.0	1.0	1.0	0.868421052631579	1.0	0.9821428571428572	1.0	1.0
13_-_21425651_21425678	1.0	1.0	1.0	1.0	1.0	1.0	1.0	1.0	0.9473684210526316	0.9873417721518988	1.0	1.0	1.0	1.0	0.9727272727272728	1.0	0.9	0.9777777777777776	1.0	1.0	1.0	0.9696969696969696	0.94	1.0
14_+_55137369_55137391	1.0										1.0		1.0	1.0	1.0							1.0	1.0	1.0
11_+_112230207_112230230	0.896551724137931	0.45	0.5538461538461539	0.5365853658536586	0.4556962025316455	0.5454545454545454	0.5466666666666666	0.5128205128205128	0.3773584905660377	0.575	0.3387096774193548	0.5757575757575758	0.5	0.532258064516129	0.6310679611650486	0.6235294117647059	0.5307692307692308	0.73224043715847	0.5873015873015873	0.5085470085470085	0.521551724137931	0.5263157894736842	0.5172413793103449	0.4393939393939394
17_-_8589080_8589108																			1.0			1.0	1.0	1.0
19_+_18122106_18122127	0.0	0.8571428571428571	0.0	0.9545454545454546	1.0	0.3571428571428571				1.0	1.0	0.6	1.0	0.5555555555555556	1.0	0.75	0.7307692307692307	0.6363636363636364	1.0	1.0	1.0	0.5	1.0	0.95
10_-_31839304_31839319	1.0	1.0	0.9473684210526316	1.0	0.6785714285714286	1.0		1.0		1.0	0.6666666666666666	0.5		0.0	0.0									1.0
19_+_53563762_53563792	0.1956521739130435	0.0377358490566037	0.125	0.0440251572327044	0.0444444444444444	0.0808823529411764	0.2608695652173913	0.2017543859649122	0.203883495145631	0.1428571428571428	0.1071428571428571		0.0	0.0666666666666666	0.125	0.1875	0.0833333333333333	0.1333333333333333	0.0	0.217391304347826	0.0	0.4545454545454545	0.25	0.1538461538461538
16_+_57062158_57062173	0.3092783505154639	0.2486187845303867	0.2929936305732484	0.1419753086419753	0.2237442922374429	0.1329787234042553	0.0888888888888888	0.0	0.0	0.1509433962264151	0.1929824561403508	0.2278481012658227	0.1530612244897959	0.1	0.0757575757575757	0.0967741935483871	0.0	0.0185185185185185	0.0526315789473684	0.0625	0.196078431372549	0.0606060606060606	0.0943396226415094	0.044776119402985
20_-_63943652_63943669	1.0	1.0	1.0	1.0	1.0	1.0	1.0	1.0	1.0	0.8737864077669902	0.981651376146789	0.953846153846154	0.988095238095238	1.0	1.0	0.9859154929577464	0.9693877551020408	0.9885057471264368	0.8484848484848485	0.9661016949152542	1.0	0.975	1.0	0.9836065573770492
6_-_34247466_34247492		1.0	1.0	1.0	0.6470588235294118	0.7647058823529411	1.0	1.0	1.0	1.0	0.96875	0.9545454545454546	0.9565217391304348	0.9230769230769232	0.9714285714285714	0.9090909090909092	0.9411764705882352	1.0	0.9863013698630136	1.0	0.8516129032258064	0.8811881188118812	0.9591836734693876	1.0
14_+_39279336_39279358	1.0	1.0	1.0	1.0	1.0	1.0	1.0	1.0	1.0	1.0	0.972972972972973	1.0	1.0	1.0	1.0	1.0	1.0	1.0	1.0		1.0	1.0	1.0	1.0
3_+_184180644_184180650	0.1272727272727272	0.2181208053691275	0.2809917355371901	0.0848214285714285	0.2237960339943343	0.2580645161290322	0.1357466063348416	0.0853080568720379	0.1678571428571428	0.2067039106145251	0.1658391261171797	0.2135416666666666	0.1987577639751552	0.1805714285714285	0.1811668372569089	0.1910946196660482	0.15005359056806	0.2289855072463768	0.1504629629629629	0.2278719397363465	0.2022673031026253	0.1750380517503805	0.2557803468208092	0.2376033057851239
14_+_52004239_52004242	0.0849673202614379	0.0053050397877984	0.0	0.0281329923273657	0.0556792873051225	0.0464480874316939	0.0053619302949061	0.0303738317757009	0.0233644859813084	0.0031796502384737	0.0060698027314112	0.0085470085470085	0.001477104874446	0.0149700598802395	0.0011933174224343	0.0062421972534332	0.0063694267515923	0.0055710306406685	0.0087847730600292	0.0031413612565445	0.014525993883792	0.0014285714285714	0.0	0.0148367952522255
X_-_48998153_48998180	1.0	0.9609375	1.0	1.0	1.0	1.0	1.0	0.94	0.90625	0.9647058823529412	0.984375	0.9850746268656716	0.9830508474576272	0.9739130434782608	1.0	0.976470588235294	0.9344262295081968	1.0	0.9663865546218487	1.0	0.8591549295774648	0.9763779527559056	0.8349514563106796	0.9612403100775194
9_+_128627924_128627942	0.8247422680412371	0.847457627118644	0.9067796610169492	0.8080808080808081	0.8690476190476191	0.7380952380952381	0.584	0.6560509554140127	0.5539568345323741	0.6989247311827957	0.8041237113402062	0.4107142857142857	0.6461538461538462	0.6791044776119403	0.6293103448275862	0.6513761467889908	0.7894736842105263	0.7520661157024794	0.549618320610687	0.6182795698924731	0.6980392156862745	0.8068181818181818	0.8324873096446701	0.7866108786610879
19_-_6479986_6479990	0.1118881118881118	0.1428571428571428	0.087248322147651	0.0875	0.0077519379844961	0.2340425531914893	0.1777777777777777	0.1521739130434782	0.0641025641025641	0.1428571428571428	0.0338983050847457	0.0298507462686567	0.1063829787234042	0.1071428571428571	0.1388888888888889	0.0520833333333333	0.02803738317757	0.0473372781065088	0.0535714285714285	0.073170731707317	0.0602409638554216	0.0761904761904762	0.0075757575757575	0.0625
16_+_3067983_3068010	0.970469798657718	0.9865410497981156	0.950375939849624	0.9863247863247864	0.9638403990024936	0.9300476947535772	0.9250585480093676	0.9310344827586208	0.913279132791328	0.9698836413415468	0.9828706438275252	0.9857142857142858	0.984974298141558	0.9843436370935368	0.9901661580196676	0.9800204918032788	0.980963045912654	0.9868536371603857	0.9666392092257	0.9658365261813536	0.9601769911504424	0.9756973542439842	0.9763527054108216	0.9782540675844806
3_+_180915675_180915696	0.9393939393939394	0.8333333333333334	1.0	1.0	1.0	1.0	1.0	0.6875	1.0		0.4285714285714285													
9_+_131232283_131232308	1.0	0.971830985915493	0.7777777777777778	1.0	1.0	1.0	0.9879518072289156	0.9846153846153848	1.0	1.0	1.0	1.0	1.0	1.0	0.9897959183673468	1.0	1.0	1.0	0.9827586206896552	0.9417989417989416	1.0	0.976470588235294	1.0	0.9452054794520548
12_-_76049755_76049785	0.7985004686035614	0.8327495621716288	0.8668885191347754	0.8053753475440223	0.8151918559122945	0.8226102941176471	0.8310225303292894	0.8344537815126051	0.8270321361058601	0.9389830508474576	0.9174603174603174	0.9195561719833564	0.9188576609247506	0.9229984701682816	0.907312925170068	0.9106054449410808	0.9030384271671136	0.8785301122830895	0.8435863874345549	0.8409090909090909	0.8696047251249432	0.8980263157894737	0.9080851063829788	0.9013657056145676
19_+_55343977_55343997	1.0	1.0	1.0	1.0	1.0	1.0	1.0	1.0	1.0	1.0	1.0	1.0	1.0	1.0		1.0	1.0	1.0	1.0	1.0	1.0	1.0	1.0	1.0
18_+_35972884_35972907	0.5481481481481482	0.2231404958677686	0.5471698113207547	0.4358974358974359	0.8228571428571428	0.5454545454545454	0.8	0.7532467532467533	0.8686868686868687	0.7894736842105263	0.735632183908046	0.7142857142857143	0.824	0.8440366972477065	0.8571428571428571	0.925531914893617	0.9361702127659576	0.8554913294797688	0.76	0.7282608695652174	0.8673469387755102	0.7380952380952381	0.81	0.7878787878787878
5_+_176103755_176103780	1.0	1.0	1.0	1.0	1.0	1.0	1.0	1.0	1.0	1.0		1.0	1.0		1.0	1.0				1.0	1.0		1.0	
16_+_31182397_31182422	1.0	1.0	1.0	1.0	1.0	1.0	1.0	1.0	1.0	1.0	1.0	1.0	1.0	1.0	1.0	1.0	1.0	1.0	1.0	1.0	1.0	1.0	1.0	1.0
2_+_169614463_169614493	1.0	0.8873239436619719	1.0	1.0	1.0	0.975609756097561	0.9850746268656716	1.0	1.0	0.9404761904761904	1.0	0.9206349206349206	0.9886363636363636	0.9448275862068966	0.972972972972973	0.9652173913043478	0.9896907216494846	1.0	1.0	1.0	0.9518072289156626	1.0	1.0	1.0
10_-_68073656_68073686	1.0	1.0	1.0		1.0	1.0	1.0	1.0	1.0	1.0	1.0	1.0	1.0	1.0	1.0	1.0	1.0	1.0	1.0	1.0	1.0	1.0	1.0	1.0
5_+_111094919_111094947	1.0	1.0	1.0	1.0	1.0	1.0	1.0	1.0	1.0	1.0	1.0	1.0	1.0	1.0	1.0	1.0	1.0	1.0	1.0	1.0	1.0	1.0	1.0	1.0
15_+_44716328_44716356	0.3936111282082846	0.381940176193403	0.4152514922955902	0.3854599590596116	0.3744369642078752	0.3842240708600156	0.4298638708040923	0.3863841807909604	0.398006851448147	0.382537966284956	0.3900252981568485	0.4415950137048023	0.4097454887439017	0.3841818293205906	0.3908367928775071	0.3995069678522916	0.3956764772986539	0.411053385883196	0.4615060410227592	0.5057552012969467	0.4699606727470504	0.3955919395465995	0.4143088275916499	0.4147998993204128
15_-_48166120_48166128		1.0			1.0		1.0	1.0			1.0	1.0				1.0	1.0	1.0	1.0	1.0		1.0	1.0	1.0
22_-_27897129_27897137	1.0	1.0	1.0	1.0	1.0	1.0	1.0	1.0	1.0	1.0	1.0	1.0	1.0	0.9954545454545456	1.0	1.0	1.0	1.0	1.0	1.0	1.0	1.0	1.0	1.0
2_-_95901177_95901206		1.0			1.0																			
16_+_81693157_81693184	1.0	1.0	1.0	1.0	1.0	1.0	1.0	1.0	1.0	1.0	1.0	1.0	1.0	1.0	1.0	1.0	1.0	1.0	1.0	1.0	1.0	1.0	1.0	1.0
19_+_18433584_18433613	0.9148936170212766	0.896969696969697	0.9276595744680852	0.8430232558139535	0.7297297297297297	0.9466666666666668	0.9411764705882352	0.96	0.8059701492537313	0.9791666666666666	0.9844559585492229	0.9928057553956836	1.0	0.9608540925266904	0.9972826086956522	0.9873949579831932	0.9527027027027029	0.988826815642458	1.0	1.0	1.0	0.980544747081712	1.0	1.0
16_-_23478882_23478911	1.0	1.0	1.0	1.0	1.0	1.0	1.0	1.0	1.0	1.0	1.0	1.0	1.0	1.0	1.0	1.0	1.0	1.0	1.0	1.0	1.0	1.0	1.0	1.0
1_+_43958241_43958268				1.0		1.0			1.0	1.0	1.0	1.0	1.0	1.0	1.0	1.0	1.0	1.0	1.0	1.0	1.0	1.0	1.0	1.0
19_+_45070536_45070561	1.0	1.0	1.0	1.0	1.0	1.0	1.0	1.0	1.0	1.0	1.0	1.0	1.0	1.0	1.0	1.0	1.0	1.0	1.0	1.0	1.0	1.0	1.0	1.0
9_+_130200957_130200982							1.0	1.0	1.0	1.0	1.0	1.0	1.0	1.0	1.0	1.0	1.0	1.0	1.0	1.0	1.0	1.0	1.0	1.0
8_+_2142374_2142397							0.4							0.0					0.5789473684210527	0.7333333333333333	0.6136363636363636	1.0		
1_+_223757368_223757380	1.0	1.0	1.0	1.0	1.0	1.0	1.0	1.0	1.0	1.0	1.0	1.0	1.0	1.0	1.0	1.0	1.0	1.0	1.0	1.0	1.0	1.0	1.0	1.0
11_+_118349026_118349050	1.0	1.0	1.0	1.0	1.0	1.0	0.9833333333333332	0.9947916666666666	0.8990825688073395	1.0	0.9770114942528736	0.9902912621359224	0.9924812030075189	1.0	0.9834710743801652	1.0	1.0	0.9935897435897436	1.0	1.0	1.0	1.0	1.0	1.0
6_+_144846804_144846827	1.0	1.0	1.0	1.0	1.0	1.0	1.0	1.0	1.0	1.0	1.0	1.0	1.0	1.0	1.0	1.0	1.0	1.0	1.0	1.0	1.0	1.0	1.0	1.0
1_-_228397142_228397165	1.0	1.0	1.0	1.0	1.0	1.0	1.0	1.0	1.0	1.0	1.0	1.0	1.0	1.0	1.0	1.0	1.0	1.0	1.0	1.0	1.0	1.0	1.0	1.0
15_-_50578638_50578664	1.0	1.0	1.0	1.0	1.0	1.0	1.0	1.0	1.0	1.0	1.0	0.9818181818181818	0.9818181818181818	0.9770114942528736	1.0	1.0	1.0	1.0	1.0	1.0	1.0	0.9384615384615383	0.9433962264150944	1.0
20_+_45813436_45813464										1.0	1.0		1.0	1.0	1.0	1.0	1.0	1.0	1.0	1.0	1.0	1.0	1.0	1.0
15_+_42402123_42402135	0.9333333333333332	0.4677419354838709	1.0	0.4358974358974359	0.2571428571428571	0.2631578947368421	0.5	0.5		0.0	0.0		0.0	0.3	0.0714285714285714					0.1666666666666666	0.4444444444444444	1.0	0.7	0.0
2_+_205766782_205766803																		1.0				0.8888888888888888	0.7428571428571429	0.8533333333333334
14_-_75022994_75023018	1.0				1.0	1.0		1.0	1.0	1.0	1.0	1.0	1.0	1.0	1.0	1.0	1.0	1.0	1.0	1.0	1.0	1.0	1.0	1.0
11_-_62852655_62852681	0.2339181286549707	0.2265625	0.2746478873239437	0.2105263157894736	0.2300884955752212	0.1971830985915492	0.0909090909090909	0.21875	0.0	0.0769230769230769	0.1132075471698113	0.0909090909090909	0.0	0.0416666666666666	0.025	0.032258064516129	0.0408163265306122	0.0	0.0	0.2142857142857142	0.0	0.0	0.0666666666666666	0.087719298245614
22_+_31192683_31192702		1.0	1.0	1.0	1.0	1.0	1.0	1.0	1.0	1.0	1.0	1.0	1.0	1.0	1.0	1.0	1.0	1.0	1.0	1.0	1.0	1.0	1.0	1.0
22_-_41468123_41468147	0.9655172413793104	1.0	0.962406015037594	1.0	0.9883720930232558	0.9025974025974026	0.9758064516129032	1.0	1.0	1.0	1.0	1.0	1.0	0.9948051948051948	1.0	1.0	0.9976635514018692	1.0	1.0	1.0	1.0	0.990353697749196	1.0	1.0
19_+_17861292_17861307	0.0275862068965517	0.0388888888888888	0.029585798816568	0.0	0.0	0.0	0.0	0.0	0.0756302521008403	0.0123456790123456	0.048076923076923	0.0	0.0267857142857142	0.0	0.0	0.009090909090909	0.0093457943925233	0.0	0.1729323308270676	0.1495726495726495	0.2814814814814815	0.2274881516587677	0.31	0.2179487179487179
10_-_24666984_24667009			1.0				1.0				1.0			1.0	1.0			1.0	1.0		1.0	1.0	1.0	1.0
11_+_118307287_118307308	1.0	1.0	1.0	1.0	1.0	1.0	1.0	1.0	1.0	1.0	1.0	1.0	1.0	1.0	1.0	1.0	1.0	1.0	1.0	1.0	1.0	1.0	1.0	1.0
10_-_114440081_114440089	1.0	1.0	1.0	1.0	1.0	1.0	1.0	1.0	1.0	1.0	1.0	1.0	1.0	1.0	1.0	1.0	1.0	1.0	1.0	1.0	1.0	1.0	1.0	1.0
2_+_97207810_97207839		1.0	1.0	1.0	1.0	1.0	1.0	1.0								1.0				1.0				
5_-_177740776_177740801	1.0	1.0	1.0	1.0	1.0	1.0	1.0	1.0	1.0											1.0			1.0	1.0
22_+_17105590_17105602	1.0	1.0	1.0	1.0	1.0	1.0	1.0	1.0	1.0	1.0	1.0	1.0	1.0	1.0	1.0	1.0	1.0	1.0		1.0	1.0	1.0	1.0	1.0
22_+_20553144_20553174	0.9520958083832336	0.9814814814814816	1.0	0.981981981981982	0.98	0.9629629629629628	1.0	1.0	1.0	0.9893617021276596	1.0	0.984126984126984	1.0	0.9875	1.0	1.0	1.0	1.0	1.0	1.0	1.0	1.0	1.0	1.0
3_-_52409713_52409743	1.0	1.0	1.0	1.0	1.0	1.0	1.0	1.0	1.0	1.0	1.0	1.0	1.0	1.0	1.0	1.0	1.0	1.0	1.0	1.0	1.0	1.0	1.0	1.0
11_+_48110057_48110076	1.0	1.0	1.0	1.0	1.0	1.0	1.0	1.0	1.0	1.0	1.0	1.0	1.0	1.0	1.0	1.0	1.0	1.0	1.0	1.0	1.0	1.0	1.0	1.0
17_-_41620535_41620558																						1.0	1.0	1.0
6_+_26448616_26448637	1.0	1.0	1.0	1.0	1.0	1.0	1.0		1.0	1.0	1.0	1.0	1.0	1.0	1.0	1.0		1.0	1.0	1.0	1.0	1.0		
1_-_183564004_183564030				1.0					1.0								1.0	1.0	1.0	1.0	1.0	1.0	1.0	1.0
21_+_46000758_46000767	1.0	1.0	1.0	1.0	1.0	1.0	1.0	1.0	1.0	1.0	1.0	1.0	1.0	1.0	1.0	1.0	1.0	1.0	1.0	1.0	1.0	1.0	1.0	1.0
1_+_168239130_168239160	1.0	1.0	1.0	1.0	1.0	1.0	1.0	1.0	1.0	1.0	1.0	1.0	1.0	1.0	1.0	1.0	1.0	1.0	1.0	1.0		1.0	1.0	1.0
2_-_237359361_237359388	1.0		1.0							1.0			1.0	1.0	1.0		1.0	1.0						
4_-_152644414_152644442			1.0		1.0	1.0			1.0	1.0	1.0	1.0	1.0	1.0	1.0	1.0	1.0	1.0	1.0			1.0		1.0
18_-_74260914_74260944	1.0	1.0	1.0		1.0		1.0	1.0	1.0	0.945054945054945	0.91	0.9910714285714286	0.9424083769633508	0.9941520467836256	0.9518072289156626	0.984126984126984	0.9917355371900828	1.0	1.0	1.0	1.0	0.9861751152073732	1.0	0.9523809523809524
12_+_110636480_110636501	1.0			0.0					1.0					1.0	1.0		0.8888888888888888	1.0	1.0	1.0	0.9090909090909092			
1_+_42659227_42659251	0.4893617021276595	0.926829268292683	0.7681159420289855	1.0	0.6	0.631578947368421	0.92	0.68	0.9130434782608696	0.975609756097561	1.0	0.9801980198019802	0.9349112426035504	0.9320388349514565	0.955665024630542	0.9893617021276596	0.9627659574468084	0.9073359073359072	0.9104477611940298	0.9117647058823528	0.9567307692307692	1.0	0.9411764705882352	0.9652173913043478
1_-_41160874_41160898	1.0	1.0		1.0	1.0	1.0				1.0	1.0	1.0	1.0	1.0	1.0	1.0	1.0	1.0	1.0					
15_-_49028143_49028168	1.0	1.0	1.0	1.0	1.0	1.0	1.0	1.0	1.0	1.0	1.0	1.0	1.0	1.0	1.0	1.0	1.0	1.0	1.0	1.0	1.0	1.0	1.0	1.0
3_+_42630545_42630575	0.1571428571428571	0.1686746987951807	0.3389830508474576	0.1521739130434782	0.1940298507462686	0.1234567901234567	0.6206896551724138	0.3255813953488372	0.5714285714285714	0.5333333333333333	0.7241379310344828	0.5454545454545454	0.7575757575757576	0.8333333333333334	0.7727272727272727	1.0	1.0	0.8461538461538461	0.875	0.0	0.782608695652174	0.5714285714285714	0.6470588235294118	0.4
19_-_38922237_38922267	0.3846153846153846	0.75	0.4285714285714285	0.0	0.0	0.5	0.1428571428571428	1.0		0.9411764705882352	0.8518518518518519	0.7692307692307693	1.0	0.94	0.9054054054054054	1.0	0.7678571428571429	1.0	1.0	1.0	0.9655172413793104	1.0	0.9302325581395348	0.9111111111111112
19_+_17275800_17275825	1.0	0.9523809523809524	1.0	1.0	1.0	0.975609756097561	1.0	1.0	1.0	0.989071038251366	0.9774011299435028	0.986842105263158	0.979591836734694	0.945273631840796	0.946341463414634	0.9145299145299144	0.9702970297029704	0.9494163424124512	0.9610894941634242	0.9933110367892976	0.973621103117506	0.9658119658119658	0.9743589743589745	0.9661016949152542
17_-_28350765_28350792	1.0	1.0	1.0	1.0	1.0	1.0	1.0	1.0	1.0	1.0	1.0	1.0	1.0	1.0	1.0	1.0	1.0	1.0	1.0	1.0	1.0	1.0	1.0	1.0
10_-_119161054_119161081		0.8666666666666667	0.8055555555555556		1.0	0.7619047619047619	0.6	0.5	0.0	0.9320388349514565	0.8712121212121212	0.8833333333333333	0.8823529411764706	0.88	0.7569444444444444	0.8356164383561644	0.7419354838709677	0.835	1.0	0.8985507246376812	0.9745762711864406	0.8703703703703703	0.975609756097561	0.7090909090909091
2_+_42264705_42264731	1.0	1.0	1.0	1.0	1.0	1.0	1.0	1.0	1.0	1.0	1.0	1.0	1.0	1.0	1.0	1.0	1.0	1.0	1.0	1.0	1.0	1.0	1.0	1.0
11_+_121306458_121306486	0.3859649122807017	0.3673469387755102	0.7375	0.5405405405405406	0.3958333333333333	0.673469387755102	0.0	0.005181347150259	0.0318471337579617	0.0357142857142857	0.0	0.0	0.0	0.0	0.0	0.0	0.0	0.0	0.0	0.0	0.0	0.0	0.0	0.0
14_-_52658123_52658150	1.0	1.0	1.0	1.0	1.0	1.0	1.0	1.0	1.0	1.0	1.0	1.0	1.0	1.0	1.0	1.0	1.0	1.0	1.0	1.0	1.0	1.0	1.0	1.0
2_-_73023187_73023214			1.0		1.0	1.0		1.0		1.0	1.0	1.0	1.0	1.0	1.0	1.0	1.0	1.0	1.0	1.0	1.0	1.0	1.0	1.0
17_-_64353490_64353518	1.0	1.0	1.0	1.0	1.0	1.0	1.0	1.0	1.0	1.0	1.0	1.0	1.0	1.0	1.0	1.0	1.0	1.0	1.0	1.0	1.0	1.0	1.0	1.0
17_+_27585656_27585661			1.0			1.0				1.0	1.0	1.0	1.0		1.0	1.0	1.0	1.0	1.0		1.0	1.0	1.0	1.0
2_+_113632914_113632944	1.0	1.0	1.0	1.0	1.0	1.0	1.0	1.0	1.0	1.0	1.0	1.0	1.0	1.0	1.0	1.0	1.0	1.0	1.0	1.0	1.0	1.0	1.0	1.0
6_-_13652658_13652681	1.0	1.0	1.0	1.0	1.0	1.0	1.0	1.0	1.0	1.0	1.0	1.0	1.0	1.0	1.0	1.0	1.0	1.0	1.0	1.0	1.0	1.0	1.0	1.0
3_-_129159153_129159176	1.0	1.0	1.0	1.0	1.0	1.0	1.0	1.0	1.0	1.0	1.0	1.0	1.0	1.0	1.0	1.0	1.0	1.0	1.0	1.0	1.0	1.0	1.0	1.0
10_-_119159727_119159753	1.0	1.0			1.0		1.0	1.0	1.0	1.0	1.0	1.0	1.0	1.0	1.0	1.0	1.0	1.0	1.0	1.0	1.0	1.0	1.0	1.0
6_+_25973053_25973076	1.0	1.0	1.0	1.0	1.0	1.0	1.0	1.0	1.0	1.0	1.0	1.0	1.0	1.0	1.0	1.0	1.0	1.0	1.0	1.0	1.0	1.0	1.0	1.0
2_+_97250143_97250173	1.0	1.0	1.0	1.0	1.0	1.0	1.0	1.0	1.0	1.0	1.0		1.0	1.0			1.0	1.0	1.0	1.0	1.0	1.0		1.0
19_+_35148693_35148723	1.0	1.0	1.0	1.0	1.0	1.0	1.0	1.0	1.0															1.0
2_-_95927380_95927409	1.0	1.0	1.0		1.0	1.0			1.0	1.0		1.0		1.0								1.0		1.0
19_+_41893273_41893303	1.0	1.0	1.0	1.0	1.0	0.9990909090909093	0.9919028340080972	0.9984779299847792	1.0	0.998003992015968	0.9974874371859296	1.0	0.9977777777777778	0.9947089947089948	0.9817351598173516	1.0	1.0	1.0	0.9818181818181818	1.0	1.0	0.9971883786316776	1.0	1.0
11_+_113323993_113324015		1.0	1.0	1.0	1.0	1.0	1.0		1.0	1.0	1.0	1.0	1.0	1.0	1.0	1.0	1.0	1.0	1.0	1.0	1.0	1.0	1.0	1.0
X_-_40729318_40729345	1.0	1.0	1.0	1.0	1.0	1.0	1.0	1.0	1.0	1.0	1.0	1.0	1.0	1.0	1.0	1.0	1.0	1.0	1.0	1.0	1.0	1.0	1.0	1.0
1_-_19770541_19770569	1.0	1.0	1.0	1.0	1.0	1.0			1.0	1.0	1.0	1.0	1.0	1.0	1.0	1.0	1.0	1.0	1.0	1.0	1.0	1.0	1.0	1.0
11_+_123584311_123584332													1.0			1.0	1.0	1.0	1.0	1.0	1.0	1.0	1.0	1.0
6_+_26466061_26466088	1.0	1.0	1.0	1.0	1.0	1.0	1.0	1.0	1.0	1.0	1.0	1.0	1.0	1.0	1.0	1.0	1.0	1.0	1.0	1.0	1.0	1.0	1.0	1.0
6_-_135404950_135404977		1.0			1.0	1.0	1.0		1.0	1.0	1.0	1.0	1.0	1.0	1.0	1.0	1.0	1.0	1.0	1.0	1.0	1.0	1.0	1.0
2_-_174380803_174380814	1.0	1.0	1.0	1.0	1.0	1.0	1.0	1.0	1.0	1.0	1.0	1.0	1.0	1.0	1.0	1.0	1.0	1.0	1.0	1.0	1.0	1.0	1.0	1.0
2_+_97217176_97217205	1.0	1.0	1.0	1.0	1.0	1.0	1.0	1.0		1.0	1.0	1.0	1.0	1.0		1.0		1.0	1.0			1.0	1.0	1.0
6_+_26411108_26411135	1.0	1.0	1.0	1.0	1.0	1.0	1.0	1.0	1.0	1.0	1.0		1.0											
17_-_3881626_3881648				1.0	1.0					1.0	0.9444444444444444		1.0	1.0	1.0	1.0				1.0				1.0
11_+_5706593_5706616	1.0	1.0	1.0	1.0	1.0	0.990353697749196	1.0	1.0	1.0	1.0	1.0	1.0	1.0	1.0	1.0	1.0	1.0	1.0	1.0	0.9963503649635036	1.0	1.0	1.0	1.0
6_-_43568710_43568737	1.0	1.0	1.0	1.0	1.0	1.0	1.0			1.0	1.0	1.0	1.0	1.0	1.0	1.0	1.0	1.0	1.0	1.0	1.0	1.0	1.0	1.0
2_+_97189086_97189115		1.0	1.0	1.0	1.0	1.0		1.0	1.0		1.0		1.0		1.0			1.0	1.0					
2_-_168074981_168075011	1.0	1.0	1.0	1.0	1.0	1.0	1.0	1.0	1.0	1.0	1.0	1.0	1.0	1.0	1.0	1.0	1.0	1.0	1.0	1.0	1.0	1.0	1.0	1.0
1_+_246641748_246641770	1.0	1.0	1.0	1.0	1.0	1.0	1.0	1.0	1.0	1.0	1.0	1.0	1.0	1.0	1.0	1.0	1.0	1.0	1.0	1.0	1.0	1.0	1.0	1.0
2_+_97204067_97204096	1.0	1.0	1.0	1.0	1.0	1.0	1.0		1.0				1.0	1.0			1.0							
5_-_39139232_39139252	1.0	1.0	1.0	1.0	1.0	1.0	1.0	1.0	1.0	1.0	1.0	1.0	1.0	1.0	1.0	1.0	1.0	1.0	1.0	1.0	1.0	1.0	1.0	1.0
19_+_582305_582330	1.0	1.0	1.0	1.0	1.0	1.0	1.0	1.0	1.0	1.0	1.0	1.0	1.0	1.0	1.0	1.0	1.0	1.0	1.0	1.0	1.0	1.0	1.0	1.0
5_+_139276120_139276150	1.0	1.0	1.0	1.0	1.0	1.0	1.0	1.0	1.0	1.0	1.0	1.0	1.0	1.0	1.0	1.0	1.0	1.0	1.0	1.0	1.0	1.0	1.0	1.0
2_+_97202201_97202230	1.0	1.0	1.0	1.0	1.0	1.0	1.0	1.0	1.0		1.0		1.0	1.0					1.0	1.0			1.0	
5_+_176097354_176097379	1.0	1.0	1.0	1.0	1.0	1.0	1.0	1.0					1.0										1.0	
22_-_36327460_36327488	1.0	1.0	1.0	1.0	1.0	1.0	1.0	1.0	1.0	1.0	1.0	1.0	1.0	1.0	1.0	1.0	1.0	1.0	1.0	1.0	1.0	1.0	1.0	1.0
13_-_49732746_49732776	1.0	1.0	1.0	1.0	1.0	1.0	1.0	1.0	1.0	1.0	1.0	1.0	1.0	1.0	1.0	1.0	1.0	1.0	1.0	1.0	1.0	1.0	1.0	1.0
21_-_39348421_39348451	0.4910714285714285	0.5210526315789473	0.6237623762376238	0.5263157894736842	0.4729729729729729	0.5403225806451613	0.5096525096525096	0.5491071428571429	0.5772357723577236	0.6020408163265306	0.5855689176688251	0.5480225988700564	0.5838150289017341	0.6213517665130568	0.6080760095011877	0.587737843551797	0.582018927444795	0.5710321864594895	0.6352459016393442	0.5900163666121113	0.5083500334001336	0.5824064711830131	0.6186830015313936	0.5978898007033998
8_+_17184788_17184815	1.0	1.0	1.0	1.0	1.0	1.0	1.0	1.0	1.0	1.0	1.0	1.0	1.0	1.0	1.0	1.0	1.0	1.0	1.0	1.0	1.0	1.0	1.0	1.0
6_+_26409893_26409914	0.7962962962962963	0.7653631284916201	0.864	0.7753623188405797	0.837037037037037	0.8851351351351351	0.7962962962962963	0.8918918918918919	0.7727272727272727	0.7555555555555555	0.696969696969697	0.7083333333333334	0.7	0.6666666666666666	0.7894736842105263	0.7272727272727273		0.2	1.0	0.8076923076923077	0.6976744186046512	0.4285714285714285	0.8888888888888888	0.625
13_-_75537663_75537675	1.0	1.0	1.0	1.0	1.0	0.998217468805704	1.0	1.0	1.0	1.0	1.0	1.0	1.0	1.0	1.0	1.0	1.0	1.0	1.0	1.0	1.0	1.0	1.0	0.9888475836431226
6_-_136705109_136705133	1.0	1.0	1.0	1.0	1.0	1.0	1.0	1.0	1.0		1.0	1.0	1.0		1.0		1.0	1.0		1.0		1.0	1.0	1.0
12_+_123652706_123652735	1.0	1.0	1.0	1.0	1.0		1.0	1.0	1.0	1.0	1.0	1.0	1.0	1.0	1.0	1.0	1.0	1.0	1.0	1.0	1.0	1.0	1.0	1.0
22_+_40251178_40251200	1.0	1.0	1.0	1.0	1.0				1.0	1.0	1.0		1.0						1.0			1.0		
22_-_41607839_41607861	1.0	1.0	1.0	1.0	1.0	1.0	1.0	1.0	1.0	1.0	1.0	1.0	1.0	1.0	1.0	1.0	1.0	1.0	1.0	1.0	1.0	1.0	1.0	1.0
17_-_48363788_48363814	1.0	1.0	1.0	1.0	1.0	1.0	1.0	1.0	1.0	1.0	1.0	1.0	1.0	1.0	1.0	1.0	1.0	1.0	1.0	1.0	1.0	1.0	1.0	1.0
17_-_75937565_75937593											1.0		1.0	1.0	1.0	1.0	1.0	1.0		1.0	1.0			1.0
16_-_934243_934254	1.0	0.9772727272727272	0.9565217391304348	1.0	0.6521739130434783	1.0	1.0	1.0	1.0	1.0	0.8181818181818182		1.0		1.0	1.0	1.0					1.0	0.4761904761904761	1.0
X_-_80809012_80809042	1.0	1.0	1.0	1.0	1.0	1.0	1.0	1.0	1.0	1.0	1.0	1.0	1.0	1.0	1.0	1.0	1.0		1.0	1.0	1.0	1.0	1.0	1.0
2_-_11218454_11218466	0.0		0.5714285714285714								1.0		1.0	1.0	1.0			1.0					1.0	1.0
19_+_6833710_6833733	1.0	1.0	1.0	1.0	1.0	1.0	1.0	1.0	1.0	1.0	1.0	1.0	1.0	1.0	1.0	1.0	1.0	1.0	1.0	1.0	1.0	1.0	1.0	1.0
11_-_62852810_62852839	0.2032019704433497	0.2150537634408602	0.2005988023952095	0.2002635046113307	0.1894179894179894	0.1911764705882352	0.2134387351778656	0.2756410256410256	0.2644628099173554	0.3153456998313659	0.2597137014314928	0.3103448275862069	0.2549371633752244	0.294	0.2495948136142625	0.3350515463917525	0.2785714285714286	0.3257372654155496	0.2317073170731707	0.2821428571428571	0.2162629757785467	0.2398081534772182	0.2409638554216867	0.3113207547169811
19_-_3963642_3963669	1.0	1.0	1.0	1.0	1.0	1.0	1.0	1.0	1.0	1.0	1.0	1.0	1.0	1.0	1.0	1.0	1.0	1.0	1.0	1.0	1.0	1.0	1.0	1.0
11_-_2951779_2951809	1.0	1.0	1.0	1.0	1.0	1.0	1.0	1.0	1.0	1.0	1.0	1.0	1.0	1.0	1.0	1.0	1.0	1.0	1.0	1.0	1.0	1.0	1.0	1.0
11_+_5641166_5641189							1.0	1.0				1.0		1.0	1.0		1.0	1.0	1.0	1.0	1.0	1.0	1.0	1.0
19_+_17776246_17776271	1.0	1.0	0.7241379310344828	0.8181818181818182	0.8888888888888888	1.0	0.9166666666666666	1.0	1.0	1.0	1.0	0.9607843137254902	1.0	1.0	1.0	1.0	1.0	1.0	1.0	1.0	1.0	0.9482758620689656	0.9482758620689656	0.9722222222222222
7_+_36426014_36426036													1.0			1.0	1.0	1.0	1.0	1.0		1.0	1.0	1.0
5_-_39130589_39130612	1.0	1.0	1.0	1.0	1.0	1.0	1.0	1.0	1.0	1.0	1.0	1.0	1.0	1.0	1.0	1.0	1.0	1.0	1.0	1.0	1.0	1.0	1.0	1.0
3_-_12600387_12600415	0.6666666666666666	0.6858974358974359	0.6502732240437158	0.5033557046979866	0.7014925373134329	0.7318840579710145	0.5691489361702128	0.6169154228855721	0.6666666666666666	0.6853448275862069	0.5594405594405595	0.63	0.4900990099009901	0.5806451612903226	0.589041095890411	0.610909090909091	0.4756756756756757	0.5369127516778524	0.5466666666666666	0.4029850746268656	0.4886363636363636	0.6403940886699507	0.6521739130434783	0.6451612903225806
6_-_35870933_35870959	1.0	1.0	1.0	1.0	1.0	1.0	1.0	1.0	1.0	1.0	1.0	1.0	1.0	1.0	1.0	1.0	1.0	1.0	1.0	1.0	1.0	1.0	1.0	1.0
3_-_15695187_15695214	1.0	1.0	1.0	1.0	1.0	1.0	1.0	1.0	1.0	1.0	1.0	1.0	1.0	1.0	1.0	1.0	1.0	1.0	1.0	1.0	1.0	1.0	1.0	1.0
9_+_79654058_79654075		1.0	1.0	1.0	1.0	1.0	1.0	1.0	1.0	1.0	1.0	1.0	1.0	1.0	1.0	1.0	1.0	1.0	1.0	1.0	1.0	1.0	1.0	1.0
11_+_5642816_5642843		1.0	1.0					1.0					1.0	0.75		1.0	0.8571428571428571		1.0	1.0		1.0	1.0	0.9047619047619048
21_-_46213024_46213052	1.0	1.0	1.0	1.0	1.0	1.0	1.0	1.0	1.0	1.0	1.0	1.0	1.0	1.0	1.0	1.0	1.0	1.0	1.0	1.0	1.0	1.0	1.0	1.0
22_+_44193800_44193823	1.0	1.0	1.0	1.0	1.0	1.0	1.0	1.0	1.0	1.0	1.0	1.0	1.0	1.0	1.0	1.0	1.0	1.0	1.0	1.0	1.0	1.0	1.0	1.0
11_+_35735425_35735445	1.0	1.0	1.0	1.0	1.0	1.0	1.0	1.0	1.0	1.0	1.0	1.0	1.0	1.0	1.0	1.0	1.0	1.0	1.0	1.0	1.0	1.0	1.0	1.0
22_-_50267256_50267286		1.0	1.0	1.0	1.0	1.0			0.8571428571428571	1.0		1.0	1.0	1.0	1.0			1.0		1.0	1.0	1.0	1.0	1.0
17_-_64390488_64390515	1.0	1.0	1.0	1.0	1.0	1.0	1.0	1.0	1.0	1.0	1.0	1.0	1.0	1.0	1.0	1.0	1.0	1.0	1.0	1.0	1.0	1.0	1.0	1.0
9_-_127953574_127953604	1.0	1.0	1.0	1.0	1.0	1.0	1.0	0.9967532467532468	1.0	1.0	1.0	1.0	1.0	1.0	1.0	1.0	1.0	1.0	1.0	1.0	1.0	1.0	1.0	1.0
16_-_67738012_67738035	1.0	1.0	1.0	1.0			1.0		1.0	1.0	1.0	1.0	1.0	1.0	1.0	1.0	1.0	1.0	1.0	1.0	1.0	1.0	1.0	1.0
1_-_40312455_40312479	0.2631578947368421	0.375	0.3421052631578947	0.5294117647058824	0.7	0.0454545454545454	1.0	1.0	0.25		0.8		0.3333333333333333	0.5714285714285714	0.1666666666666666		0.0		0.2142857142857142	0.0	0.7083333333333334	0.5	0.3221476510067114	0.3055555555555556
6_+_32179540_32179559	1.0	1.0		1.0	1.0	1.0	1.0	1.0	1.0	1.0	1.0	1.0	1.0	1.0	1.0	1.0	1.0	1.0	1.0	1.0	1.0	1.0	1.0	1.0
12_-_96017556_96017580	1.0	1.0	1.0	1.0	1.0	1.0	1.0	1.0	1.0	1.0	1.0	1.0	1.0	1.0	1.0	1.0	1.0	1.0	1.0	1.0	1.0	1.0	1.0	1.0
21_+_46003119_46003149	1.0	1.0	1.0	1.0	1.0	1.0	1.0	1.0	1.0	1.0	1.0	1.0	1.0	1.0	1.0	1.0	1.0	1.0	1.0	1.0	1.0	1.0	1.0	1.0
4_+_112254746_112254773		1.0	1.0		1.0	1.0		1.0	1.0	1.0	1.0	1.0	1.0	1.0	1.0	1.0	1.0	1.0	1.0	1.0	1.0	1.0	1.0	1.0
1_+_51748368_51748398		1.0	1.0	1.0	1.0		1.0	1.0	1.0	1.0	1.0	1.0	1.0	1.0	1.0	1.0	1.0	1.0	1.0	1.0	1.0	1.0	1.0	1.0
11_-_62602758_62602779	0.0273972602739726	0.01	0.0031948881789137	0.0366197183098591	0.0260707635009311	0.031700288184438	0.0160642570281124	0.0492957746478873	0.0038167938931297	0.0227272727272727	0.0094562647754137	0.035	0.0450819672131147	0.0524109014675052	0.0247787610619469	0.0173160173160173	0.0743099787685774	0.0326295585412667	0.0105263157894736	0.0144927536231884	0.034816247582205	0.0330188679245283	0.0161290322580645	0.056910569105691
10_+_97452894_97452923	0.0		1.0		1.0	1.0		0.875	0.5625	0.8	0.9620253164556962	0.9264705882352942	0.9529411764705882	0.9142857142857144	0.9294117647058824	0.8695652173913043	0.8674698795180723	0.951219512195122	0.9577464788732394	1.0	1.0	0.8775510204081632	0.912280701754386	1.0
2_-_95938986_95939015		1.0				1.0	1.0							1.0								1.0		1.0
1_+_198704471_198704498	0.4929971988795518	0.4392324093816631	0.562610229276896	0.508235294117647	0.4476021314387211	0.4798464491362764	0.572972972972973	0.5761494252873564	0.5052005943536404	0.5481400437636762	0.5313807531380753	0.5223642172523961	0.5690072639225182	0.564327485380117	0.5634266886326195	0.5235294117647059	0.6190476190476191	0.5706806282722513	0.6923076923076923	0.4964028776978417	0.5628140703517588	0.6272189349112426	0.4924623115577889	0.6309523809523809
22_+_44140123_44140143					1.0		1.0				1.0	1.0	1.0	1.0	1.0	1.0	1.0	1.0	1.0	1.0	1.0	1.0	1.0	1.0
6_+_138788365_138788388	1.0	1.0	1.0	1.0	1.0	1.0	1.0	1.0	1.0	1.0	1.0	1.0	1.0	1.0	1.0	1.0	1.0	1.0	1.0	1.0	1.0	1.0	1.0	1.0
7_+_73202111_73202140		1.0	1.0	1.0		1.0	1.0	1.0	1.0	1.0	1.0	1.0	1.0	1.0	1.0	1.0	1.0	1.0	1.0	1.0	1.0		1.0	1.0
22_+_23697837_23697861	1.0	1.0	1.0	1.0	1.0	1.0	1.0	1.0	1.0	1.0	1.0	1.0	1.0	1.0	1.0	1.0	1.0	1.0				1.0	1.0	1.0
10_+_102862159_102862180	1.0		1.0	1.0	1.0	1.0	1.0		1.0	1.0	1.0	1.0	1.0		1.0	1.0		1.0	1.0	1.0	1.0	1.0	1.0	1.0
6_+_96524381_96524410	1.0	1.0	1.0	1.0	1.0	1.0	1.0	1.0	1.0	1.0	1.0	1.0	1.0	1.0	1.0	1.0	1.0	1.0	1.0	1.0	1.0	1.0	1.0	1.0
8_-_30712061_30712088	1.0	1.0	1.0	1.0	1.0	1.0	1.0	1.0	1.0	1.0	1.0	1.0	1.0	1.0	1.0	1.0	1.0	1.0	1.0	1.0	1.0	1.0	1.0	1.0
16_+_67539727_67539751	1.0	1.0	1.0	1.0	1.0		1.0	1.0	1.0	1.0	1.0	1.0	1.0	1.0	1.0	1.0		1.0		1.0	1.0	1.0	1.0	1.0
17_+_82889667_82889697	1.0	1.0	1.0	1.0	1.0	1.0	1.0	1.0	1.0	1.0	1.0	1.0	1.0	1.0	0.988095238095238	1.0	1.0	1.0	1.0	1.0	1.0	1.0	1.0	1.0
6_+_26448727_26448754	0.3163265306122449	0.3181818181818182	0.3928571428571428	0.2054794520547945	0.4795918367346938	0.3461538461538461	0.2631578947368421	0.1153846153846153	0.2083333333333333	0.3645833333333333	0.3958333333333333	0.323943661971831	0.4888888888888889	0.2131147540983606	0.4528301886792453	0.4090909090909091	0.6296296296296297	0.7111111111111111	0.5416666666666666	0.5853658536585366	0.3287671232876712	0.4444444444444444	0.5555555555555556	0.25
1_-_21680807_21680834	1.0	1.0	1.0	1.0	1.0	1.0	1.0	1.0	1.0	1.0	1.0	1.0	1.0	1.0	1.0	1.0	1.0	1.0	1.0	1.0	1.0	1.0	1.0	1.0
11_-_65551547_65551564	1.0	1.0	1.0	1.0	1.0	1.0	1.0	1.0	1.0	1.0	1.0	1.0	1.0	1.0	1.0	1.0	1.0	1.0	1.0	1.0		1.0	1.0	1.0
14_-_70585755_70585783	1.0	1.0	1.0	1.0	1.0	1.0	1.0	1.0	1.0	1.0	1.0	1.0	1.0	1.0	1.0	1.0	1.0	1.0	1.0	1.0	1.0	1.0	1.0	1.0
13_+_75840084_75840110	0.4	0.375	0.9130434782608696	0.75	0.6111111111111112	0.6296296296296297	1.0	0.7777777777777778	1.0	1.0	1.0			1.0					1.0		1.0	1.0	1.0	1.0
6_-_32518053_32518077	1.0	1.0		1.0				1.0	1.0	1.0	1.0	1.0	1.0	1.0	1.0	1.0	1.0		1.0	1.0				1.0
1_-_54228448_54228477	1.0	1.0	1.0	1.0			1.0						1.0		1.0		1.0	1.0	1.0	1.0		1.0	1.0	1.0
2_+_15596733_15596763	1.0	1.0	1.0	1.0	1.0	1.0	1.0	1.0	1.0	1.0	1.0	1.0	1.0	1.0	1.0	1.0	1.0	1.0	1.0	1.0	1.0	1.0	1.0	1.0
3_-_194437555_194437573		0.3111111111111111	0.6666666666666666	0.32	0.1071428571428571	0.3809523809523809	0.5555555555555556	0.4155844155844156	0.4	0.5095238095238095	0.4467005076142132	0.4060150375939849	0.5587188612099644	0.4229508196721311	0.506993006993007	0.547085201793722	0.4842105263157895	0.5233333333333333	0.4320987654320987	0.3636363636363636	0.4	0.4609375	0.3902439024390244	0.4536082474226804
6_+_33086218_33086242	1.0	1.0	1.0	1.0	1.0	1.0	1.0	1.0	1.0	1.0	1.0	1.0	1.0	1.0	1.0			1.0	1.0		1.0	1.0	1.0	1.0
3_-_12915103_12915133	1.0	1.0	1.0	1.0	1.0	1.0	1.0	1.0	1.0	1.0	1.0	1.0	1.0	1.0	1.0		1.0	1.0		1.0	1.0	1.0	1.0	1.0
7_-_105145282_105145308	1.0	1.0	1.0	1.0	1.0	1.0	1.0	1.0	1.0	1.0	1.0	1.0	1.0	1.0	1.0	1.0	1.0	1.0	1.0	1.0	1.0	1.0	1.0	1.0
15_+_75354249_75354277			0.6		1.0	0.0		0.0	0.2857142857142857				0.6666666666666666		0.3333333333333333					0.0	1.0	0.712	0.5833333333333334	0.4444444444444444
17_+_82909284_82909307	0.8	1.0	0.6428571428571429	1.0	1.0	1.0	0.7	1.0	1.0	0.8703703703703703	0.9625	0.9642857142857144	0.868421052631579	0.972972972972973	0.9054054054054054	1.0	0.9074074074074074	0.9318181818181818	1.0	0.925925925925926	0.8333333333333334	0.9493670886075948	0.9069767441860463	0.9672131147540984
2_+_97196592_97196621	1.0	1.0	1.0	1.0	1.0	1.0	1.0	1.0		1.0	1.0		1.0		1.0	1.0		1.0		1.0	1.0			
1_+_108606222_108606252	1.0	1.0	1.0	1.0	1.0	1.0	1.0	1.0	1.0	1.0	1.0	1.0	1.0	1.0	1.0		1.0	1.0			1.0	1.0	1.0	1.0
18_-_23377645_23377671					1.0					1.0	1.0	1.0	1.0	1.0	1.0	1.0	1.0	1.0	1.0	1.0	1.0		1.0	1.0
20_+_41029430_41029455	1.0	1.0	1.0	1.0	1.0	1.0	1.0	1.0	1.0	1.0	1.0	1.0	1.0	1.0	1.0	1.0	1.0	1.0	1.0	1.0	1.0	1.0	1.0	1.0
5_-_141571427_141571436	1.0	1.0	1.0	1.0	1.0	1.0	1.0	1.0	1.0	1.0	1.0	1.0	1.0	1.0	1.0	1.0	1.0	1.0	1.0	1.0	1.0	1.0	1.0	1.0
12_+_132574318_132574348	0.625	0.4310850439882698	0.5303867403314917	0.5266272189349113	0.5548780487804879	0.4031007751937984	0.3714285714285714	0.2944444444444444	0.4313725490196078	0.2978723404255319	0.361344537815126	0.380281690140845	0.4186046511627907	0.4196428571428571	0.4424460431654676	0.455	0.3969465648854962	0.4555984555984556	0.3711340206185567	0.4128440366972477	0.6395348837209303	0.5473684210526316	0.3166666666666666	0.4271356783919598
6_+_37534932_37534957	1.0	1.0	1.0	1.0	1.0	1.0	1.0	1.0	1.0	1.0			1.0		1.0	1.0	1.0							
1_-_37943639_37943669	1.0		1.0	1.0		1.0				1.0	1.0	1.0		1.0	1.0	1.0	1.0	1.0			1.0	1.0	1.0	1.0
15_+_78890988_78891014	0.2483660130718954	0.2975609756097561	0.2690355329949238	0.2477064220183486	0.1827242524916943	0.16015625	0.2169811320754717	0.1862068965517241	0.1617647058823529	0.2045454545454545	0.1923076923076923	0.2	0.2336448598130841	0.3252032520325203	0.2307692307692307	0.2645502645502645	0.2266666666666666	0.1798941798941798	0.323943661971831	0.2962962962962963	0.2685714285714285	0.2371134020618556	0.2323232323232323	0.2727272727272727
4_-_67681562_67681591		1.0	1.0	1.0	1.0	1.0	1.0	1.0	1.0	1.0	1.0	1.0	1.0	1.0	1.0	1.0	1.0	1.0	1.0	1.0	1.0	1.0	1.0	1.0
14_-_35109818_35109847	0.1555555555555555	0.3541666666666667	0.2894736842105263	0.2666666666666666	0.2	0.4102564102564102	0.3780487804878049	0.2929292929292929	0.282258064516129	0.188034188034188	0.3153846153846154	0.3978494623655914	0.3119266055045872	0.3414634146341463	0.3694267515923566	0.3286713286713286	0.4086021505376344	0.3197278911564626	0.375	0.3069767441860465	0.3073929961089494	0.3423913043478261	0.2590361445783132	0.3360995850622407
4_+_25388716_25388743	1.0	1.0	1.0	1.0	1.0	1.0	1.0	1.0	1.0	1.0	1.0	1.0	1.0	1.0	1.0	1.0	1.0	1.0	1.0	1.0	1.0	1.0	1.0	1.0
19_+_35752803_35752833	1.0	1.0	1.0	1.0	1.0	1.0		1.0	1.0	1.0	1.0	1.0	1.0	1.0	1.0	1.0	1.0	1.0	1.0	1.0	1.0	1.0	1.0	1.0
X_+_134490187_134490205	1.0	1.0	1.0	1.0	1.0	1.0	1.0	1.0	1.0	1.0	1.0	1.0	1.0	1.0	1.0	1.0	1.0	1.0	1.0	1.0	1.0	1.0	1.0	1.0
6_-_79208546_79208576	1.0	1.0	1.0	1.0	1.0	1.0	1.0	1.0	1.0	1.0	1.0	1.0	1.0	1.0	1.0	1.0	1.0	1.0	1.0	1.0	1.0	1.0	1.0	1.0
21_+_43685769_43685789	1.0	1.0		1.0	1.0	1.0	1.0	1.0	1.0	1.0	1.0	1.0	1.0	1.0	1.0	1.0	1.0	1.0	1.0	1.0	1.0	1.0	1.0	1.0
2_+_97144517_97144546	1.0	1.0	1.0	1.0	1.0	1.0	1.0	1.0					1.0								1.0		1.0	
6_+_26373275_26373296	1.0	1.0	1.0	1.0	1.0	1.0	0.9444444444444444	0.75	0.9545454545454546	0.6565656565656566	0.8840579710144928	0.819672131147541	0.918918918918919	0.8333333333333334	0.8	0.6785714285714286	0.78125	1.0	0.979591836734694	1.0	1.0	0.6	0.7058823529411765	0.76
16_+_1758147_1758159	1.0	1.0	1.0	1.0	1.0	1.0	1.0	1.0	1.0	1.0	1.0	1.0	1.0	1.0	1.0	1.0	1.0	1.0	1.0	1.0	1.0	1.0	1.0	1.0
1_-_154947981_154948005	1.0	1.0	1.0	1.0	1.0	1.0	1.0	1.0	1.0	1.0	1.0	1.0	1.0	1.0	1.0	1.0		1.0	1.0	1.0	1.0	1.0	1.0	1.0
4_+_140527465_140527494		1.0		1.0		1.0	1.0	1.0		1.0	1.0	1.0	1.0	1.0	1.0	1.0	1.0	1.0	1.0	1.0	1.0	1.0	1.0	1.0
6_+_36136018_36136048														1.0		1.0	1.0		1.0	1.0	1.0	1.0	1.0	
4_+_141224486_141224506	1.0	1.0	1.0	1.0	1.0	1.0	1.0	1.0	1.0	1.0	1.0	1.0	1.0	1.0	1.0	1.0	1.0	1.0	1.0	1.0	1.0	1.0	1.0	1.0
2_+_173190894_173190923														1.0	1.0	1.0	1.0	1.0		1.0	1.0	1.0	1.0	1.0
X_+_47566883_47566911	1.0	1.0	1.0	1.0	1.0	1.0	1.0	1.0	1.0	1.0	1.0	1.0	1.0	1.0	1.0	1.0	1.0	1.0	1.0	1.0	1.0	1.0	1.0	1.0
1_+_66984571_66984592	0.0	0.0	0.0762711864406779	0.0	0.0	0.0	0.1836734693877551	0.0476190476190476	0.0705882352941176	0.2333333333333333	0.0888888888888888	0.0	0.0166666666666666	0.4090909090909091	0.2452830188679245	0.1025641025641025	0.2727272727272727	0.15	0.1886792452830188	0.8285714285714286	0.3043478260869565	0.1	0.1111111111111111	0.1282051282051282
2_-_191058201_191058219	1.0	1.0	1.0	1.0	1.0	1.0	1.0	1.0	1.0	1.0	1.0	1.0	1.0	1.0	1.0	1.0	1.0	1.0	1.0	1.0	1.0	1.0	1.0	1.0
2_+_27772673_27772692	1.0	1.0	1.0	1.0	1.0	1.0	1.0	1.0	1.0	1.0	1.0	1.0	1.0	1.0	1.0	1.0	1.0	1.0	1.0	1.0	1.0	1.0	1.0	1.0
5_-_177747768_177747793	1.0	0.8421052631578947		0.8823529411764706	0.951219512195122	1.0			1.0															
18_+_58714082_58714109	1.0	1.0	1.0	1.0	1.0	1.0	1.0	1.0	1.0	1.0	1.0	1.0	1.0	1.0	1.0	1.0	1.0	1.0	1.0	1.0	1.0	1.0	1.0	1.0
21_+_45990257_45990284	1.0	1.0	1.0	1.0		1.0	1.0		1.0	1.0	1.0	1.0	1.0	1.0	1.0	1.0	1.0	1.0	1.0	1.0	1.0	1.0	1.0	1.0
7_+_74700605_74700634	1.0	1.0	1.0	1.0	1.0	1.0	1.0	1.0	1.0	1.0	1.0	1.0	1.0	1.0	1.0	1.0	1.0	1.0	1.0	1.0	1.0	1.0	1.0	1.0
11_+_3808293_3808315	1.0	1.0	1.0	1.0	1.0	1.0	1.0	1.0	1.0	1.0	1.0	1.0	1.0	1.0	0.979591836734694	1.0	1.0	1.0	1.0		1.0	1.0	1.0	1.0
2_-_95880594_95880623	1.0	1.0		1.0	1.0	1.0	1.0	1.0		1.0	1.0			1.0					1.0			1.0		1.0
7_-_32488624_32488652	1.0	0.8584905660377359	1.0	1.0	0.9622641509433962	0.96875	1.0	1.0	0.9759036144578314	0.9949622166246852	0.9921875	1.0	1.0	0.9900199600798404	0.9928698752228164	0.9975429975429976	0.995268138801262	0.999083409715857	0.9946043165467626	0.9895724713242962	0.9743016759776536	0.9787234042553192	0.964	1.0
21_+_46116650_46116677	1.0	1.0	1.0	1.0	1.0	1.0	1.0	1.0	1.0	1.0	1.0	1.0	1.0	1.0	1.0	1.0	1.0	1.0	1.0	1.0	1.0	1.0	1.0	1.0
6_+_26374770_26374798	1.0	1.0	1.0	1.0	1.0	1.0	1.0	1.0	1.0	1.0	1.0	1.0	1.0	1.0	1.0	1.0	1.0	1.0	1.0	1.0	1.0	1.0	1.0	1.0
12_+_123652531_123652561	1.0	1.0	1.0	1.0	1.0	1.0	1.0	1.0	1.0	0.9838709677419356	1.0	1.0	0.9871794871794872	1.0	1.0	0.98989898989899	1.0	0.891156462585034	0.95	1.0	1.0	1.0	1.0	0.9574468085106383
8_-_144401645_144401673	1.0	1.0	1.0	1.0	1.0	1.0	1.0	1.0	1.0	1.0	1.0	1.0	1.0	1.0	1.0	1.0	1.0	1.0	1.0	1.0	1.0	1.0	1.0	1.0
15_-_73563235_73563257							1.0	1.0		1.0	1.0	1.0	1.0	1.0	1.0	1.0	1.0	1.0	1.0	1.0	1.0	1.0	1.0	1.0
22_+_46663837_46663863	1.0	1.0		1.0	1.0	1.0	1.0	1.0		1.0	1.0	1.0	1.0	1.0	1.0	1.0	1.0	1.0	1.0	1.0	1.0	1.0	1.0	1.0
3_+_108651136_108651162		1.0		1.0		1.0				1.0			1.0					1.0	1.0	1.0	1.0	1.0		1.0
3_+_127674390_127674418	0.091743119266055	0.0915492957746478	0.072	0.21	0.1981566820276497	0.103030303030303	0.0606060606060606	0.0384615384615384	0.0673076923076923	0.1379310344827586	0.0512820512820512	0.0869565217391304	0.125	0.1111111111111111	0.0		0.0		0.1052631578947368	0.2083333333333333	0.303030303030303	0.1463414634146341	0.3333333333333333	0.0416666666666666
12_+_56117188_56117211	0.7551020408163265	0.717948717948718	0.9761904761904762	0.5227272727272727	0.8108108108108109	0.6285714285714286	0.8620689655172413	0.7272727272727273	0.6857142857142857	0.934065934065934	0.8795180722891566	0.7916666666666666	0.9404761904761904	0.9456521739130436	0.8173076923076923	0.8888888888888888	0.936	0.9603960396039604	0.9543568464730292	0.8878048780487805	0.9394572025052192	0.7692307692307693	0.922077922077922	0.9298245614035088
6_-_30190012_30190035	1.0	1.0	1.0	1.0	1.0		1.0	1.0	1.0	1.0	1.0	1.0	1.0	1.0	1.0	1.0	1.0	1.0	1.0	1.0	1.0	1.0	1.0	1.0
1_+_209763362_209763392	1.0	1.0	1.0	1.0	1.0	1.0	1.0	1.0	1.0	1.0	1.0	1.0	1.0	1.0	1.0	1.0	1.0	1.0	1.0	1.0	1.0	1.0	1.0	1.0
17_-_39439164_39439193	1.0	1.0	1.0	1.0	1.0	1.0	1.0	1.0	1.0	1.0	1.0	1.0	1.0	1.0	1.0	1.0	1.0	1.0	1.0	1.0	1.0	1.0	1.0	1.0
12_-_76053090_76053110	1.0	1.0	1.0	1.0	1.0	1.0	1.0	1.0	1.0	1.0	1.0	1.0	1.0	1.0	1.0	1.0	1.0	1.0	1.0	1.0	1.0	1.0	1.0	1.0
2_+_189665421_189665451	0.2203389830508474	0.3783783783783784	0.1949152542372881	0.2857142857142857	0.1732283464566929	0.3119266055045872	0.2894736842105263	0.2763157894736842	0.1785714285714285	0.3495145631067961	0.2410714285714285	0.136986301369863	0.3230769230769231	0.2283464566929134	0.316546762589928	0.2934131736526946	0.2458100558659217	0.2252747252747252	0.5168539325842697	0.1818181818181818	0.4344262295081967	0.3	0.2307692307692307	0.3203883495145631
4_+_2511955_2511965	1.0	1.0	1.0	1.0	1.0	1.0	1.0	1.0	1.0	1.0	1.0	1.0	1.0	1.0	1.0	1.0	1.0	1.0	1.0	1.0	1.0	1.0	1.0	1.0
8_+_22080617_22080625	1.0	1.0	1.0	1.0	1.0	1.0		1.0				1.0	1.0	1.0	1.0	1.0		1.0	1.0	1.0	1.0	1.0	1.0	1.0
7_-_103277613_103277638				1.0	1.0	1.0					1.0				1.0	1.0	1.0	1.0	1.0	1.0		1.0	0.75	1.0
10_-_93340152_93340164													1.0	1.0	1.0	1.0	1.0	1.0	1.0	1.0	1.0	1.0		
19_+_35614034_35614059	1.0	1.0	1.0	1.0	1.0	1.0	1.0	1.0	1.0	0.9555555555555556	1.0	0.9344262295081968	0.9888888888888888	0.9747899159663864	0.991150442477876	1.0	0.9871794871794872	0.990909090909091	1.0	1.0	0.9387755102040816	0.9741379310344828	0.9253731343283582	1.0
8_-_143839171_143839195	1.0	1.0	1.0	1.0	1.0	1.0	1.0	1.0	1.0		1.0		1.0			1.0						1.0	1.0	1.0
16_-_190540_190570	1.0	1.0	1.0	1.0	1.0	1.0	1.0	1.0	1.0	1.0	1.0	1.0	1.0	1.0	1.0	1.0	1.0	1.0	1.0	1.0	1.0	1.0	1.0	1.0
1_+_209763067_209763092	1.0	1.0	1.0	1.0	1.0	1.0	1.0	1.0	1.0	1.0	1.0	1.0	1.0	1.0	1.0	1.0	1.0	1.0	1.0	1.0	1.0	1.0	1.0	1.0
1_+_32204597_32204620	1.0	1.0	1.0	1.0		1.0	1.0	1.0	1.0	1.0	1.0	1.0	1.0	1.0	1.0	1.0	1.0	1.0	1.0	1.0	1.0	1.0	1.0	1.0
2_+_97198462_97198491	1.0	1.0	1.0	1.0	1.0	1.0	1.0	1.0	1.0	1.0			1.0						1.0		1.0			
21_+_45987154_45987175	1.0	1.0	1.0	1.0	1.0	1.0	1.0	1.0	1.0	1.0	1.0	1.0	1.0	1.0	1.0	1.0	1.0	1.0	1.0	1.0	1.0	1.0	1.0	1.0
12_-_121255782_121255804		1.0	1.0	1.0		1.0			1.0	1.0	1.0	1.0	1.0	1.0	1.0	1.0	1.0	1.0	1.0	1.0	1.0	1.0	1.0	1.0
5_+_140659314_140659333	1.0	1.0	1.0	1.0	1.0	1.0	1.0	1.0	1.0	1.0	1.0	1.0	1.0	1.0	1.0	1.0	1.0	1.0	1.0	1.0	1.0	1.0	1.0	1.0
6_-_15593058_15593081	1.0	1.0	1.0	1.0	1.0	1.0		1.0	1.0	1.0	1.0	1.0	1.0	1.0	1.0	1.0	1.0	1.0	1.0	1.0	1.0	1.0	1.0	1.0
5_-_39124252_39124278	1.0	1.0	1.0	1.0	1.0	1.0	1.0	1.0	1.0	1.0	1.0	1.0	1.0	1.0	1.0	1.0	1.0	1.0	1.0	1.0	1.0	1.0	1.0	1.0
17_-_44196395_44196418	1.0	1.0	1.0	1.0	1.0	1.0	1.0	1.0	1.0	1.0	1.0	1.0	1.0	1.0	1.0	1.0	1.0	1.0	1.0	1.0	1.0	1.0	1.0	1.0
3_-_47126647_47126663	1.0	1.0	1.0	1.0	1.0	1.0	1.0	1.0	1.0	1.0	1.0	1.0	1.0	1.0	1.0	1.0	1.0	1.0	1.0			1.0	1.0	1.0
12_-_56664775_56664800	1.0	1.0	1.0	1.0	1.0	1.0	1.0	1.0	1.0	1.0	1.0	1.0	1.0	1.0	1.0	1.0	1.0	1.0	1.0	1.0	1.0	1.0	1.0	1.0
20_-_33672397_33672422	1.0		1.0							1.0	1.0		0.6666666666666666	1.0	1.0	1.0	1.0	1.0			0.7142857142857143	0.9021739130434784	1.0	0.8837209302325582
21_+_45488417_45488444	1.0	1.0	1.0	1.0	1.0	1.0	1.0	1.0	1.0		1.0		1.0	1.0							1.0	1.0	1.0	1.0
6_+_36073690_36073720	1.0	1.0	1.0	1.0	1.0	1.0	1.0	1.0	1.0	1.0	1.0	1.0	1.0	1.0	1.0	1.0	1.0	1.0	1.0	1.0	1.0	1.0	1.0	1.0
10_+_12238456_12238485	1.0	1.0	1.0	1.0	1.0	1.0	1.0	1.0	1.0	1.0	1.0	1.0	1.0	1.0	1.0	1.0	1.0	1.0	1.0	1.0	1.0	1.0	1.0	1.0
22_-_50506637_50506666	1.0	1.0	1.0	1.0	1.0	1.0	1.0	1.0	1.0	1.0	1.0	1.0	1.0	1.0	1.0	1.0	1.0	1.0	1.0	1.0	1.0	1.0	1.0	1.0
19_-_45638844_45638873	1.0	1.0	1.0	1.0	1.0	1.0	1.0	1.0		1.0	1.0	1.0	1.0	1.0	1.0	1.0	1.0	1.0	1.0	1.0	1.0	1.0	1.0	1.0
2_-_152690961_152690978	1.0	1.0	1.0	1.0	1.0	1.0	1.0	1.0	1.0	1.0	1.0	1.0	1.0	1.0	1.0	1.0	1.0	1.0	1.0	1.0	1.0	1.0	1.0	0.9924812030075189
17_+_75573951_75573980	1.0	1.0	1.0	1.0	1.0	1.0		1.0		1.0	1.0	1.0	1.0	1.0	1.0	1.0			1.0	1.0	1.0	1.0		1.0
1_+_66940027_66940052	1.0	1.0	1.0	1.0	1.0	1.0	1.0	1.0	1.0	1.0	1.0	1.0	1.0	1.0	1.0	1.0	1.0	1.0	1.0	1.0	1.0	1.0	1.0	1.0
6_+_26450106_26450133	1.0	1.0	1.0	1.0			1.0	1.0	1.0	1.0	1.0		1.0		1.0	1.0		1.0			1.0		1.0	1.0
12_+_75498693_75498720		1.0		1.0	1.0	1.0	1.0	1.0	1.0	1.0	1.0	1.0	1.0	1.0		1.0	1.0	1.0	1.0	1.0	1.0	1.0	1.0	1.0
1_-_173864483_173864502	0.0051165434906196	0.0044642857142857	0.0116810563737938	0.0122699386503067	0.0081092616303883	0.0053924505692031	0.0017196904557179	0.0066979236436704	0.0129672006102212	0.005700325732899	0.0031055900621118	0.0205882352941176	0.0086372360844529	0.0110253583241455	0.0033670033670033	0.0092807424593967	0.0045045045045045	0.0204626334519572	0.0019880715705765	0.0080035571365051	0.005584363781412	0.0109469074986316	0.0089418777943368	0.0213940648723257
17_+_43180794_43180817	1.0	1.0	1.0	1.0	1.0	1.0	1.0	1.0	1.0	1.0	1.0	1.0	1.0	1.0	1.0	1.0	1.0	1.0	1.0	1.0	1.0	1.0	1.0	1.0
12_+_19518086_19518113	1.0	1.0	1.0	1.0	1.0	1.0	1.0	1.0	1.0	1.0	1.0	1.0	1.0	1.0	1.0	1.0	1.0	1.0	1.0	1.0	1.0	1.0	1.0	1.0
10_-_103333924_103333952										1.0	1.0		1.0	1.0	1.0	1.0	1.0	1.0	1.0	1.0	1.0	1.0	1.0	1.0
11_+_58584855_58584884	1.0	1.0	1.0	1.0	1.0	1.0	1.0	1.0	1.0	1.0	1.0	1.0	1.0	1.0	1.0	1.0	1.0	1.0	1.0	1.0	1.0	1.0	1.0	1.0
15_+_78541904_78541930	1.0	1.0	1.0	1.0	1.0	1.0	1.0	1.0	1.0	1.0	0.9977753058954394	1.0	1.0	1.0	1.0	1.0	1.0	1.0	1.0	1.0	1.0	0.998911860718172	1.0	1.0
2_+_97185315_97185344		1.0	1.0		1.0	1.0	1.0		1.0				1.0		1.0			1.0						1.0
12_-_55794358_55794387	1.0	1.0	1.0	1.0	1.0	0.967741935483871	1.0	1.0	1.0	1.0	1.0	1.0	1.0	1.0	1.0	1.0	1.0	1.0	1.0	1.0	1.0	1.0	1.0	1.0
19_+_8463496_8463504	1.0	1.0	1.0	1.0	1.0	1.0	1.0	1.0	1.0	1.0	1.0	1.0	1.0	1.0	1.0	1.0	1.0	1.0	1.0	1.0	1.0	1.0	1.0	1.0
10_-_71752974_71753002	1.0	1.0	1.0	1.0	1.0	1.0	1.0	1.0	1.0	1.0	1.0	1.0	1.0	1.0	1.0	1.0	1.0	1.0	1.0	1.0	1.0	1.0	1.0	1.0
17_-_4676500_4676507	0.0	0.0	0.0	0.0	0.0	0.0	0.0	0.0526315789473684	0.0	0.058252427184466	0.0197628458498023	0.0	0.0323741007194244	0.0355731225296442	0.0387596899224806	0.081081081081081	0.0043478260869565	0.0033112582781456	0.0151515151515151	0.0	0.0	0.0508474576271186	0.0934065934065934	0.057471264367816
14_-_103913960_103913984	0.9663865546218487	1.0	1.0	0.9961685823754788	0.9669421487603306	0.9630872483221476	0.9733333333333334	0.9722222222222222	0.9612403100775194	0.9927797833935018	1.0	0.9907407407407408	0.996969696969697	1.0	0.998639455782313	0.9987745098039216	0.995956873315364	0.9949849548645938	0.9985528219971056	1.0	1.0	0.983941605839416	0.9924953095684804	0.9933444259567388
10_+_5720754_5720774		1.0	1.0	1.0	1.0	1.0	1.0	1.0	1.0	1.0	1.0	1.0	1.0	1.0	1.0	1.0	1.0	1.0	1.0	1.0		1.0	1.0	1.0
X_-_154511847_154511871	1.0	1.0	1.0	1.0	1.0	1.0	1.0	1.0	1.0	1.0	1.0	1.0	1.0	1.0	1.0	1.0	1.0	1.0	1.0	1.0	1.0	1.0	1.0	1.0
6_+_26390802_26390829					1.0		1.0	1.0	1.0	1.0	1.0		1.0	1.0		1.0		1.0	1.0	1.0	1.0	1.0	1.0	1.0
3_-_108050577_108050602	0.9322033898305084	1.0	1.0	0.8787878787878788	1.0	1.0	0.967741935483871	0.9702970297029704	1.0	0.918918918918919	0.935483870967742	0.9230769230769232	0.9333333333333332	0.9666666666666668	0.9487179487179488	1.0	1.0	1.0	0.95	0.9090909090909092	0.9777777777777776	1.0	0.9696969696969696	1.0
5_+_176093743_176093768	1.0	1.0	1.0	1.0	1.0	1.0	1.0		1.0						1.0								1.0	
12_-_49559938_49559967	1.0	1.0	1.0	1.0	1.0	1.0	1.0	1.0	1.0	1.0	1.0	1.0	1.0	1.0	1.0	1.0	1.0	1.0	1.0	1.0	1.0	1.0	1.0	1.0
15_-_70064453_70064470	1.0	1.0	1.0	1.0	1.0	1.0	1.0	1.0	1.0	1.0	1.0	1.0	1.0	1.0	1.0	1.0	1.0	1.0	1.0	1.0	1.0	1.0	1.0	1.0
4_-_47879095_47879117	1.0	1.0	1.0	1.0	1.0	1.0		1.0	1.0	1.0	1.0	1.0	1.0	1.0	1.0	1.0	1.0	1.0	1.0	1.0	1.0	1.0	1.0	1.0
2_-_97542078_97542107	1.0		1.0		1.0	1.0	1.0	1.0				1.0						1.0	1.0			1.0		
12_+_132548002_132548032	1.0	1.0	1.0	1.0	1.0	1.0	1.0	1.0	1.0	1.0	1.0	1.0	1.0	1.0	1.0	1.0	1.0	1.0	1.0	1.0	1.0	1.0	1.0	1.0
3_+_179757051_179757078	1.0					1.0				1.0	1.0				1.0	1.0	1.0	1.0		1.0		1.0		1.0
2_+_97213418_97213447	0.8571428571428571	0.8333333333333334	1.0	0.5161290322580645	1.0	1.0	0.7777777777777778	1.0				1.0	1.0			1.0		0.75	1.0				1.0	1.0
21_+_45494544_45494571	1.0	1.0	1.0	1.0	1.0	1.0	1.0	1.0	1.0	1.0	1.0	1.0	1.0	1.0	1.0							1.0	1.0	1.0
14_+_31080572_31080584		1.0	1.0			0.7272727272727273	0.8888888888888888	0.8918918918918919	0.7222222222222222	0.9615384615384616	0.8421052631578947	0.9090909090909092	0.8709677419354839	1.0	0.9761904761904762	1.0	1.0	0.7777777777777778	1.0	1.0	1.0	1.0	0.8333333333333334	0.9117647058823528
19_+_5648015_5648043	1.0	1.0	1.0	1.0	1.0	1.0	1.0	1.0	1.0	1.0	1.0	1.0	1.0	1.0	1.0	1.0	1.0	1.0	1.0	1.0	1.0	1.0	1.0	1.0
12_+_56154812_56154840	0.7027027027027027	0.6666666666666666	0.4666666666666667	0.25		0.5		0.8571428571428571	0.238095238095238	0.4347826086956521	0.5909090909090909	0.6785714285714286	0.5306122448979592	0.524390243902439	0.6582278481012658	0.6447761194029851	0.6346153846153846	0.5621468926553672	0.5609318996415771	0.5598349381017882	0.5861271676300578	0.5119047619047619	0.6654676258992805	0.6081730769230769
6_+_43500743_43500772	0.8736842105263158	0.9473684210526316	0.796875	0.8378378378378378	0.4864864864864865	0.9285714285714286	0.5517241379310345	0.6698113207547169	0.5057471264367817	0.6456692913385826	0.6226415094339622	0.375	0.5476190476190477	0.4886363636363636	0.5390625	0.5486111111111112	0.4558823529411764	0.5588235294117647	0.4269662921348314	0.59	0.6885245901639344	0.6776859504132231	0.4680851063829787	0.7484662576687117
1_-_1084480_1084506	0.5714285714285714	0.8571428571428571	0.0	1.0	0.8888888888888888	0.2666666666666666	0.4285714285714285		0.4285714285714285			0.6	0.8333333333333334		0.6111111111111112		0.7777777777777778	0.8571428571428571	1.0	1.0	0.8	0.8518518518518519	0.0	0.4
13_-_37026789_37026816	1.0	1.0	1.0	1.0	1.0	1.0	1.0	1.0	1.0	1.0	1.0	1.0	1.0	1.0	1.0	1.0	1.0	1.0	1.0	1.0	1.0	1.0	1.0	1.0
2_+_97215300_97215329	1.0	1.0	1.0	1.0	1.0	1.0	1.0	1.0	1.0			1.0	1.0	1.0				1.0	1.0			1.0	1.0	1.0
15_+_90961024_90961054		1.0	1.0		1.0	1.0			1.0	1.0	1.0	1.0	1.0	1.0	1.0	1.0	1.0	1.0	1.0	1.0	1.0	1.0	1.0	1.0
4_+_41257114_41257126					1.0					0.0434782608695652	0.3076923076923077	0.2222222222222222	0.4242424242424242	0.1724137931034483	0.5106382978723404	0.5432098765432098	0.396551724137931	0.3627450980392157	0.3013698630136986	0.3176470588235294	0.2718446601941747	0.1111111111111111	0.0833333333333333	0.3478260869565217
2_+_135753538_135753567	0.2142857142857142	0.1916666666666666	0.0892857142857142	0.0714285714285714	0.2345679012345679	0.1530612244897959	0.4014598540145985	0.3428571428571428	0.373015873015873	0.3793103448275862	0.5211267605633803	0.5	0.5860655737704918	0.4745762711864407	0.5375494071146245	0.6235955056179775	0.4816753926701571	0.5128205128205128	0.4	0.3983739837398374	0.4581818181818182	0.4850746268656716	0.5471698113207547	0.5159235668789809
8_-_29126481_29126511	1.0	1.0			1.0	1.0	1.0	1.0	1.0		1.0	1.0		1.0	1.0	1.0	1.0	1.0	1.0		1.0	1.0	1.0	1.0
21_+_45482794_45482821	1.0	1.0	1.0	1.0	1.0	1.0	1.0	1.0	1.0	1.0			1.0	1.0								1.0	1.0	1.0
11_+_118308426_118308441	1.0	1.0	1.0	1.0	1.0	1.0	1.0	1.0	1.0	1.0	1.0	1.0	1.0	1.0	1.0	1.0	1.0	1.0	1.0	1.0	1.0	1.0	1.0	1.0
21_+_45989751_45989778	1.0	1.0	1.0	1.0	1.0	1.0	1.0	1.0	1.0	1.0	1.0	1.0	1.0	1.0	1.0	1.0	1.0	1.0	1.0	1.0	1.0	1.0	1.0	1.0
19_+_17217452_17217462	1.0	1.0	1.0	1.0	1.0	1.0	1.0	1.0	1.0	1.0	1.0	1.0	1.0	1.0	1.0	1.0	1.0	1.0	1.0	1.0	1.0	1.0	1.0	1.0
10_+_110244827_110244857	0.6419753086419753	0.6037735849056604	0.7538461538461538	0.8108108108108109	0.8817204301075269	0.6698113207547169	0.8536585365853658	0.8051948051948052	0.945945945945946	0.8666666666666667	1.0	1.0		1.0	1.0	1.0	1.0	1.0	1.0	1.0	1.0	0.7435897435897436	1.0	1.0
5_-_177744393_177744418	1.0	1.0	1.0	1.0	1.0	1.0	1.0		1.0			1.0										1.0	1.0	1.0
3_-_52820290_52820317		1.0	1.0	1.0	1.0	1.0	1.0	1.0	1.0			1.0	1.0	1.0	1.0		1.0		1.0			1.0	1.0	1.0
12_+_53455346_53455370	0.5679497250589159	0.5035612535612536	0.5318818040435459	0.562753036437247	0.5033721643163703	0.5601217656012176	0.5246038365304421	0.5694117647058824	0.5244648318042814	0.5453972257250945	0.5152068126520681	0.558601134215501	0.5522491349480969	0.531271015467384	0.5345155161494617	0.5404725992961287	0.5293440736478712	0.5658783783783784	0.56187624750499	0.5170008718395815	0.4630659253375695	0.5729646697388633	0.5984848484848485	0.4966442953020134
6_-_136601021_136601042	1.0	1.0	1.0		1.0	1.0	1.0	1.0		1.0	1.0			1.0			1.0				1.0	1.0		1.0
2_+_169504302_169504326	1.0		1.0	1.0		1.0					1.0	1.0	1.0	1.0	1.0	1.0	1.0	1.0	1.0		1.0			1.0
11_-_5665655_5665682	1.0	1.0		1.0	1.0		1.0	0.963855421686747	1.0	0.8333333333333334	1.0	1.0	1.0	1.0		1.0	1.0	1.0	0.9375	0.9782608695652174	1.0	1.0	1.0	0.9523809523809524
18_-_693881_693908		1.0	1.0	1.0	1.0	1.0	1.0	1.0		1.0	1.0	1.0	1.0	1.0	1.0	1.0	1.0	1.0	1.0	1.0	1.0	1.0	1.0	1.0
11_+_120406117_120406141										1.0	1.0	1.0	1.0	1.0	1.0	1.0	1.0	1.0		1.0	1.0	1.0	1.0	1.0
2_-_95919891_95919920		1.0				1.0			1.0	1.0												1.0	1.0	1.0
4_-_75491610_75491637	1.0	1.0	1.0	0.9743589743589745	1.0	1.0	0.9642857142857144	0.9655172413793104	0.9433962264150944	0.9302325581395348	0.9714285714285714	0.90625	0.9111111111111112	0.8571428571428571	0.927710843373494	0.9622641509433962	0.958904109589041	1.0	1.0	0.8405797101449275	0.9777777777777776	0.972972972972973	0.9090909090909092	0.925925925925926
4_-_154547037_154547064	0.0	0.0	0.0	0.0	0.0	0.0	0.0	0.0064935064935064	0.0157480314960629	0.0050251256281407	0.074235807860262	0.0212765957446808	0.0478468899521531	0.0295358649789029	0.0319634703196347	0.0572687224669603	0.0549450549450549	0.0483383685800604	0.0462962962962962	0.0102564102564102	0.0418410041841004	0.0043290043290043	0.0294117647058823	0.0057142857142857
7_-_75190538_75190567	1.0	1.0	1.0	1.0	1.0	1.0	1.0	1.0	1.0	1.0	1.0	1.0	1.0	1.0	1.0	1.0	1.0	1.0	1.0	1.0	1.0	1.0	1.0	1.0
7_-_25158500_25158530	1.0	1.0	1.0	1.0	1.0	1.0	1.0	1.0	1.0	1.0	1.0	1.0	1.0	1.0	1.0			1.0	1.0	1.0	1.0	1.0	1.0	1.0
6_-_32580246_32580270	0.9777777777777776	0.8444444444444444	1.0	0.4375	0.7906976744186046	0.95	1.0	1.0	0.8478260869565217	0.8461538461538461	0.945945945945946	0.9047619047619048	0.8536585365853658	0.8125	0.7450980392156863	1.0	0.9	0.7777777777777778	0.8142857142857143	0.7864077669902912	0.8	0.8522727272727273	0.8596491228070176	0.8767123287671232
9_+_127478933_127478963	1.0	1.0	1.0	1.0	1.0	1.0		1.0		1.0	1.0	1.0	1.0	1.0	1.0	1.0	1.0	1.0	1.0	1.0	1.0	1.0	1.0	1.0
13_+_45149769_45149788	1.0	1.0	1.0	1.0	1.0	1.0	1.0	1.0	1.0	1.0	1.0	1.0	1.0	1.0	1.0	1.0	1.0	1.0	1.0	1.0	1.0	1.0	1.0	1.0
1_+_236542760_236542787	1.0	1.0	1.0	0.8153846153846154	1.0	1.0	1.0	1.0	0.9012345679012346	1.0	1.0	1.0	1.0	1.0	1.0	1.0	0.9821428571428572	1.0	1.0	1.0	0.9	1.0	1.0	1.0
17_-_64329699_64329722	1.0	1.0	1.0	1.0	1.0	1.0	1.0	1.0	1.0	1.0	1.0	1.0	1.0	1.0	1.0	1.0	1.0	1.0	1.0	1.0	1.0	1.0	1.0	1.0
9_-_136379836_136379864	1.0	1.0	1.0	1.0	1.0	1.0	1.0	1.0	1.0	1.0	1.0	1.0	1.0	1.0	1.0	1.0	1.0	1.0	1.0	1.0	1.0	1.0	1.0	1.0
12_+_56158683_56158711	0.4424860853432282	0.4963805584281282	0.468218442256043	0.4848771266540643	0.5678346810422282	0.471677559912854	0.5076370170709793	0.4879494271039115	0.4937825912555154	0.5091949325704945	0.4928190398030365	0.4765415549597855	0.4718464926077382	0.486027397260274	0.5050045495905369	0.4887218045112781	0.4914484233030465	0.5058441558441559	0.4734795890030547	0.4417865819472996	0.4558548447437336	0.4794652923176035	0.4988698010849909	0.4998075442648191
7_+_139412550_139412580	1.0	1.0	1.0	1.0	1.0	1.0	1.0	1.0	1.0	1.0	1.0	1.0	1.0	1.0	1.0	1.0	1.0	1.0	1.0	1.0	1.0	1.0	1.0	1.0
6_-_28907235_28907262	1.0	1.0	1.0			1.0	1.0	1.0	1.0	1.0	1.0	1.0	1.0	1.0	1.0	1.0	1.0	1.0	1.0	1.0	1.0	1.0	1.0	1.0
21_+_46116376_46116403	1.0	1.0	1.0	1.0	1.0	1.0	1.0	1.0	1.0	1.0	1.0	1.0	1.0	1.0	1.0	1.0	1.0	1.0	1.0	1.0	1.0	1.0	1.0	1.0
5_-_170258865_170258878	1.0	1.0	1.0	1.0	1.0	1.0	1.0	1.0	1.0	1.0	1.0	1.0	1.0	1.0	1.0	1.0	1.0	1.0	1.0	1.0	1.0	1.0	1.0	1.0
1_+_150962129_150962158	1.0	1.0	1.0	1.0	1.0	1.0	1.0	1.0	0.9230769230769232	0.975609756097561	0.9565217391304348	0.8461538461538461	1.0	1.0	0.9722222222222222	0.9130434782608696	1.0	0.902439024390244	0.6904761904761905	1.0	0.7096774193548387	1.0	1.0	0.9821428571428572
1_-_160999395_160999408	1.0	1.0	1.0		1.0	1.0	1.0	1.0	1.0	1.0	1.0	1.0	1.0	1.0	1.0	1.0	1.0	1.0	1.0	1.0	1.0	1.0	1.0	1.0
6_+_43778888_43778918									1.0	1.0	1.0	1.0	1.0	1.0	1.0	1.0	1.0	1.0	1.0	1.0	1.0	1.0	1.0	1.0
17_+_40141206_40141234	1.0	1.0	1.0	1.0	1.0	1.0	1.0	1.0	1.0	1.0	1.0	1.0	1.0	1.0	1.0	1.0	1.0	1.0	1.0	1.0	1.0	1.0	1.0	1.0
20_-_63215576_63215601	1.0	1.0	1.0	1.0	1.0	1.0	1.0	1.0	1.0	1.0	1.0	1.0	1.0	1.0	1.0	1.0	1.0	1.0	1.0	1.0	1.0	1.0	1.0	1.0
2_+_97205939_97205968	1.0	1.0	1.0	1.0	1.0	1.0	1.0	1.0		1.0				1.0								1.0		
7_-_99903575_99903598	1.0	1.0	1.0	1.0	1.0	1.0	1.0	1.0	1.0	1.0	1.0	1.0	1.0	1.0	1.0	1.0	1.0	1.0	1.0	1.0	1.0	1.0	1.0	1.0
2_+_97194725_97194754	1.0		1.0	1.0	1.0	1.0	1.0			1.0	1.0	1.0								1.0		1.0		
15_+_44759639_44759662									1.0	1.0	1.0	1.0				1.0	1.0		1.0	1.0	1.0	1.0	1.0	1.0
7_+_142801943_142801961	1.0	1.0	1.0	1.0	1.0	1.0	1.0	1.0	1.0	1.0	1.0	1.0	1.0	1.0	1.0	1.0	1.0	1.0	1.0	1.0	1.0	1.0	1.0	1.0
7_-_34942614_34942639	1.0				1.0			1.0		1.0			1.0		1.0	1.0	1.0	1.0			1.0	1.0	1.0	1.0
5_-_81437429_81437458	1.0	1.0	1.0	1.0		1.0	1.0	1.0					1.0			1.0	1.0		1.0	1.0	1.0	1.0	1.0	1.0
9_+_113362368_113362394							1.0		1.0					1.0		1.0	1.0	1.0	1.0	1.0	1.0	1.0	1.0	1.0
1_+_161218702_161218723	1.0	1.0	1.0	1.0	1.0	1.0	1.0	1.0	1.0	1.0	1.0	1.0	1.0	1.0	1.0	1.0	1.0	1.0	1.0	1.0	1.0	1.0	1.0	1.0
8_-_123023712_123023739	1.0	0.9387755102040816	1.0	1.0	1.0	1.0	1.0	1.0	1.0	1.0	0.9923076923076924	1.0	1.0	1.0	1.0	1.0	1.0	1.0	1.0	1.0	1.0	1.0	0.981981981981982	1.0
17_-_44195799_44195828	1.0	1.0	0.8421052631578947	0.975	1.0	1.0	0.925925925925926	0.9655172413793104	0.8648648648648649	0.9603174603174603	0.9741379310344828	0.9827586206896552	0.9473684210526316	0.9912280701754386	0.9702970297029704	1.0	0.9921875	0.9779411764705882	1.0	1.0	0.9487179487179488	0.9365079365079364	0.9042553191489362	0.967479674796748
7_-_26854136_26854162			1.0							1.0			1.0	1.0	1.0			1.0	1.0			1.0	1.0	1.0
8_+_27451484_27451509	1.0	1.0	1.0	1.0	1.0	1.0	1.0	1.0	1.0	1.0	1.0	1.0	1.0	1.0	1.0	1.0	1.0	1.0	1.0	1.0	1.0	1.0	1.0	1.0
14_-_77441065_77441093		1.0	1.0	1.0	1.0	1.0	1.0	1.0	1.0	1.0	1.0	1.0	1.0	1.0	1.0	1.0	1.0	1.0	1.0	1.0	1.0	1.0	1.0	1.0
17_-_29116443_29116455	1.0	1.0	1.0	1.0	1.0	1.0	1.0	1.0		1.0	1.0		1.0	1.0	1.0	1.0	1.0	1.0	1.0	1.0	1.0	1.0	1.0	1.0
1_-_236230223_236230250	1.0	1.0	1.0			1.0	1.0	1.0	1.0	1.0							1.0			1.0		1.0	1.0	
6_-_166322856_166322886	0.4117647058823529	0.1428571428571428	0.3214285714285714	0.5625	0.4285714285714285	0.9615384615384616	0.4814814814814814	0.5384615384615384	0.6428571428571429	0.5847953216374269	0.5793650793650794	0.5	0.61328125	0.6222222222222222	0.6787709497206704	0.5907859078590786	0.6387959866220736	0.6371191135734072	0.6483516483516484	0.5800865800865801	0.5888324873096447	0.44	0.75	0.5555555555555556
2_+_97219049_97219078	1.0	1.0	1.0	1.0	1.0	1.0		1.0		1.0	1.0		1.0	1.0	1.0	1.0			1.0	1.0			1.0	1.0
20_+_62966702_62966732	1.0	1.0	1.0	1.0	1.0	1.0	1.0	1.0	1.0	1.0	1.0	1.0	1.0	1.0	1.0	1.0	1.0	1.0	1.0	1.0	1.0	1.0	1.0	1.0
5_+_178036011_178036036		1.0		1.0	0.9655172413793104	1.0	1.0		1.0													1.0		
1_-_169696534_169696553	1.0	1.0	1.0	1.0	1.0	1.0	1.0	1.0	1.0	1.0	1.0	1.0	1.0	1.0	1.0	1.0	1.0	1.0	1.0	1.0	1.0	1.0	1.0	1.0
9_-_133779917_133779939	1.0												1.0	1.0	1.0	1.0	1.0		1.0	1.0		1.0		1.0
20_-_33669686_33669712	0.0	0.4411764705882353	0.5625	0.4210526315789473	0.4736842105263157			0.8333333333333334	0.2	0.5	1.0		0.6666666666666666	0.5454545454545454	0.2272727272727272	0.7037037037037037	0.6	0.7096774193548387	0.6	0.7176470588235294	0.5569620253164557	0.6551724137931034	0.4728682170542636	0.5221238938053098
17_-_3953692_3953710	1.0	1.0	1.0	1.0	1.0	1.0	1.0	1.0	1.0	1.0	1.0	1.0	1.0	1.0	1.0	1.0	1.0	1.0	1.0	1.0	1.0	1.0	1.0	1.0
1_-_153952804_153952834	1.0	1.0	1.0	1.0	1.0	1.0	1.0	1.0	1.0	1.0	1.0	1.0	1.0	1.0	1.0	1.0	1.0	1.0	1.0	1.0	1.0	1.0	1.0	1.0
16_+_28985712_28985740	0.4765100671140939	0.4299065420560747	0.4619883040935672	0.541095890410959	0.4741379310344827	0.3854748603351955	0.4942528735632184	0.4901960784313725	0.4621212121212121	0.4	0.4385964912280701	0.4456521739130434	0.4080267558528428	0.4020979020979021	0.4073107049608355	0.4783950617283951	0.4542124542124542	0.4336734693877551	0.3242009132420091	0.3908629441624365	0.3172866520787746	0.4540229885057471	0.4397163120567376	0.403076923076923
5_+_119475705_119475727		0.4545454545454545	0.8	0.5882352941176471		0.7647058823529411	1.0			0.6629213483146067	0.7352941176470589	0.7375	0.7043478260869566	0.7355371900826446	0.6521739130434783	0.7605633802816901	0.7133333333333334	0.7351351351351352	0.6153846153846154	0.75	0.581081081081081	0.835820895522388	0.6086956521739131	0.8021978021978022
1_-_113833110_113833138	1.0	1.0	1.0	1.0	1.0	1.0	0.9871794871794872	0.990228013029316	1.0	0.9736842105263158	1.0	0.9743589743589745	1.0	1.0	1.0	1.0	1.0	1.0	1.0	1.0	1.0	1.0	1.0	1.0
6_+_30339907_30339930	1.0	1.0		1.0		1.0	1.0	1.0	1.0	1.0	1.0		1.0	1.0	1.0	1.0	1.0					1.0		
4_+_112257771_112257797	1.0	1.0		1.0						1.0	1.0	1.0	1.0	1.0	1.0	1.0	1.0	1.0	1.0	1.0	1.0	1.0	1.0	1.0
15_+_66532984_66533013				1.0	1.0	1.0	1.0	1.0	1.0	1.0	1.0	1.0	1.0	1.0	1.0	1.0	1.0	1.0	1.0	1.0	1.0	1.0	1.0	1.0
12_-_55790566_55790592	1.0	1.0	1.0	1.0	1.0	1.0	1.0	1.0	1.0	1.0	1.0	1.0	1.0	1.0	1.0	1.0	1.0	1.0	1.0	1.0	1.0	1.0	1.0	1.0
21_-_39313071_39313101	1.0	1.0	1.0	1.0	1.0	1.0	1.0	1.0	1.0	1.0	1.0			1.0		1.0	1.0	1.0				1.0	1.0	1.0
2_+_238347454_238347475	1.0	1.0			1.0				1.0	1.0	1.0	1.0	1.0	1.0	1.0	1.0	1.0	1.0				1.0	1.0	1.0
21_+_46398234_46398255	1.0	1.0	1.0	1.0	1.0	1.0	1.0	1.0	1.0	1.0	1.0	1.0	1.0	1.0	1.0	1.0	1.0	1.0	1.0	1.0	1.0	1.0	1.0	1.0
2_+_86131077_86131106	0.7777777777777778	0.8536585365853658	0.8846153846153846	0.7478991596638656	0.7435897435897436	0.8571428571428571	0.85	0.777027027027027	0.7261904761904762	0.7456647398843931	0.7120418848167539	0.7205882352941176	0.7309941520467836	0.7515923566878981	0.6951219512195121	0.6473429951690821	0.6352459016393442	0.6761133603238867	0.8206521739130435	0.7094972067039106	0.6360294117647058	0.674074074074074	0.7583892617449665	0.7247706422018348
7_-_92577654_92577676	0.775	0.7209302325581395	0.7454545454545455	0.4242424242424242	0.8125	0.6923076923076923	1.0	0.5769230769230769		0.0833333333333333	0.6363636363636364		0.217391304347826	0.8333333333333334	0.6666666666666666		0.2857142857142857	0.44	0.625	1.0	0.9166666666666666		0.5714285714285714	0.4285714285714285
9_+_137206280_137206309	0.6875	0.7692307692307693	0.1764705882352941	0.6	0.4927536231884058	0.3461538461538461	0.3703703703703703	0.3953488372093023	0.0	0.1625	0.2328767123287671	0.2317073170731707	0.1984126984126984	0.2068965517241379	0.2302158273381295	0.0846153846153846	0.1818181818181818	0.1352941176470588	0.1926605504587156	0.1875	0.0738636363636363	0.1728395061728395	0.238095238095238	0.1323529411764706
12_-_79790466_79790483	1.0	1.0	1.0	1.0	1.0	1.0	1.0	1.0	1.0	1.0	1.0	1.0	1.0	1.0	1.0	1.0	1.0	1.0	1.0	1.0	1.0	1.0	1.0	1.0
1_+_206421249_206421274					1.0								1.0		1.0		1.0	1.0	1.0	1.0	1.0	1.0	1.0	1.0
2_-_97507035_97507065	0.875	1.0	1.0	1.0	0.6470588235294118	1.0	1.0	0.6111111111111112	1.0	1.0	1.0	0.7142857142857143	1.0				0.7142857142857143	1.0	1.0	0.6923076923076923	0.8	1.0		1.0
16_+_30666511_30666541	1.0	1.0	1.0	1.0	1.0	1.0	1.0	0.9896907216494846	1.0	1.0	1.0	0.9885714285714284	0.99288256227758	1.0	1.0	0.9838709677419356	0.9887640449438202	0.9969512195121952	1.0	1.0	1.0	0.9792746113989638	1.0	1.0
16_+_69459092_69459121	1.0	1.0	1.0	1.0	1.0	1.0	1.0	1.0	1.0	1.0	1.0	1.0	0.993421052631579	1.0	1.0	1.0	1.0	0.9940357852882704	1.0	1.0	1.0	0.9894736842105264	1.0	1.0
2_-_27333973_27333999	1.0	1.0	1.0	1.0	1.0	1.0	1.0	1.0	1.0	1.0	1.0	1.0	1.0	1.0	1.0	1.0	1.0	1.0	1.0	1.0	1.0	1.0	1.0	1.0
11_-_2955743_2955766	1.0	1.0	1.0	1.0	1.0	1.0	1.0	1.0	1.0	1.0	1.0	1.0	1.0	1.0	1.0	1.0	1.0	1.0	1.0	1.0	1.0	1.0	1.0	1.0
11_+_828229_828259		1.0																		0.5555555555555556		0.9454545454545454	0.8285714285714286	0.6326530612244898
8_-_144426179_144426208	0.2929292929292929	0.2395543175487465	0.2941176470588235	0.272	0.2556962025316455	0.2360248447204969	0.3333333333333333	0.1634615384615384	0.2398648648648648	0.276657060518732	0.2478260869565217	0.2211155378486055	0.2444821731748726	0.2859618717504332	0.2626538987688098	0.1947674418604651	0.3049180327868852	0.1909814323607427	0.3103448275862069	0.2404809619238476	0.2860411899313501	0.251840942562592	0.2326043737574552	0.2246998284734133
9_-_129010669_129010693	1.0	1.0	1.0	1.0	1.0	1.0	1.0	1.0	1.0	1.0	1.0	1.0	1.0	1.0	1.0	1.0	1.0	1.0	1.0	1.0	1.0	1.0	1.0	1.0
11_+_48149989_48149998	1.0	1.0	1.0			1.0				1.0	1.0	1.0	1.0	1.0	1.0	1.0		1.0			1.0	1.0	1.0	1.0
1_+_203862195_203862222	0.8907563025210085	0.9264705882352942	0.981012658227848	0.9586776859504132	0.9489795918367347	0.9221311475409836	0.9215686274509804	0.9737704918032788	0.9338235294117648	0.9822834645669292	0.9881818181818182	0.9481927710843372	0.9633204633204632	0.963265306122449	0.9473684210526316	0.9542743538767396	0.9757575757575756	0.9619700748129676	0.9643979057591624	0.9363714531384352	0.9384384384384384	0.9665024630541872	0.977859778597786	0.953956834532374
1_+_39741894_39741921	0.6296296296296297	0.5691056910569106	0.7549019607843137	0.6568627450980392	0.5104895104895105	0.5	0.5977011494252874	0.6141732283464567	0.4883720930232558	0.7085427135678392	0.6759259259259259	0.6273291925465838	0.7215686274509804	0.6026200873362445	0.6826568265682657	0.6588628762541806	0.5645933014354066	0.6193029490616622	0.6633986928104575	0.739240506329114	0.714987714987715	0.678082191780822	0.7424242424242424	0.6101083032490975
21_+_46112803_46112824	1.0	1.0	1.0	1.0	1.0	1.0	1.0	1.0	1.0	1.0	1.0	1.0	1.0	1.0	1.0	1.0	1.0	1.0	1.0	1.0	1.0	1.0	1.0	1.0
13_+_75549975_75549987	1.0	1.0	1.0	1.0	1.0	1.0	1.0	1.0	1.0	1.0	1.0	1.0	1.0	1.0	1.0	1.0	1.0	1.0	1.0	1.0	1.0	1.0	1.0	1.0
21_-_44337648_44337667	1.0	1.0	1.0	1.0	1.0	1.0	1.0	1.0	1.0	1.0	1.0	1.0	1.0	1.0	1.0	1.0	1.0	1.0	1.0	1.0	1.0	1.0	1.0	1.0
17_-_7193843_7193871	1.0	1.0	1.0	1.0	1.0	1.0	1.0	1.0		1.0	1.0		1.0	1.0	1.0					1.0	1.0	1.0	1.0	1.0
19_+_17775055_17775080	1.0	0.9803921568627452	1.0	1.0	1.0	1.0	0.96	1.0	1.0	0.9694656488549618	0.984251968503937	1.0	0.9375	0.9571428571428572	1.0	0.8985507246376812	0.96875	0.9552238805970148	0.9714285714285714	1.0	0.8709677419354839	1.0	0.9777777777777776	0.9722222222222222
19_+_19335717_19335735	1.0	0.9148936170212766	1.0	0.84	0.725	1.0	0.8571428571428571	0.9577464788732394	0.8888888888888888	1.0	1.0	1.0	1.0	1.0	0.9523809523809524	1.0	1.0	1.0	1.0	1.0	1.0	1.0	1.0	0.8985507246376812
2_-_106166055_106166083	1.0	1.0	1.0	1.0	1.0	1.0	1.0	1.0	1.0	1.0	1.0	1.0	1.0	1.0	1.0	1.0	1.0	1.0	1.0	1.0	1.0	1.0	1.0	1.0
5_+_176656894_176656924	0.0	0.6666666666666666	0.375	0.0	0.8333333333333334	0.2727272727272727	0.0	0.0		0.3076923076923077	0.0	0.0	0.2407407407407407	0.1136363636363636	0.1	0.054054054054054	0.0	0.3846153846153846	0.125	0.3235294117647059	0.7543859649122807	0.1466666666666666	0.1392405063291139	0.1379310344827586
6_+_26411554_26411581	1.0	1.0	1.0	1.0	1.0	1.0	1.0	1.0	1.0	1.0	1.0	1.0	1.0	1.0	1.0	1.0		1.0	1.0	1.0	1.0	1.0	1.0	1.0
11_+_118312152_118312170	0.2418397626112759	0.3384615384615385	0.2635593220338983	0.2345013477088948	0.2463545663852647	0.3000977517106549	0.2694063926940639	0.2288329519450801	0.2479141835518474	0.2511233150274588	0.291992775436484	0.285827395091053	0.2954303931987247	0.29484425349087	0.2895401718039413	0.308963763509218	0.2793124616329036	0.2804878048780488	0.2304939155332856	0.2397408207343412	0.2384993300580616	0.2178952248493277	0.2855399633923124	0.2738275340393343
6_-_43626921_43626948	1.0	1.0	1.0	1.0	1.0	1.0	1.0	1.0	1.0	1.0	1.0	1.0	1.0	1.0	1.0	1.0	1.0	1.0	1.0	1.0	1.0	1.0	1.0	1.0
17_-_42329746_42329776	1.0	1.0	1.0	0.991150442477876	1.0	1.0	0.9826732673267328	0.9940357852882704	0.992462311557789	0.9779735682819384	0.9865319865319864	0.9776536312849162	0.9854545454545456	1.0	0.955665024630542	0.9390243902439024	1.0	1.0	0.9669421487603306	1.0	1.0	0.9934640522875816	0.9936305732484076	0.9676724137931034
10_-_72072901_72072910	1.0	1.0	1.0	1.0	1.0	1.0	1.0	1.0	1.0	1.0	1.0	1.0	1.0	1.0	1.0	1.0	1.0	1.0	1.0	1.0	1.0	1.0	1.0	1.0
5_+_119492099_119492124	0.3809523809523809	0.4		0.1666666666666666	0.2857142857142857		1.0	0.5714285714285714	0.0	0.65	0.4827586206896552	0.4776119402985074	0.5555555555555556	0.496	0.4854368932038835	0.4077669902912621	0.5875	0.6206896551724138	0.6507936507936508	0.1489361702127659	0.3455882352941176	0.5294117647058824	0.5409836065573771	0.4268292682926829
5_+_177365962_177365984	1.0	1.0	1.0	1.0	1.0	1.0	1.0	1.0	1.0	1.0	1.0	1.0	1.0	1.0	1.0	1.0	1.0	1.0	1.0	1.0	1.0	1.0	1.0	1.0
6_-_29629086_29629107	0.8857142857142857	0.7272727272727273	0.3333333333333333	0.3181818181818182	1.0	0.5172413793103449															1.0			
3_-_123567761_123567780	1.0	1.0	1.0	1.0	1.0	1.0		1.0	1.0	1.0	1.0	1.0	1.0	1.0	1.0	1.0	1.0	1.0	1.0	1.0	1.0	1.0	1.0	1.0
X_-_136677935_136677956	1.0	1.0	1.0	1.0	1.0	1.0	1.0	1.0		1.0	1.0	1.0	1.0	1.0	1.0	1.0	1.0	1.0	1.0	1.0	1.0	1.0	1.0	1.0
1_+_198692346_198692373	1.0	1.0	1.0	1.0	1.0	1.0	1.0	1.0	1.0	1.0	1.0	1.0	1.0	1.0	1.0	1.0	1.0	1.0	1.0	1.0	1.0	1.0	1.0	1.0
1_-_151406606_151406631	0.6615384615384615	0.4594594594594595	0.6	0.5816326530612245	0.7078651685393258	0.5058823529411764	0.5321100917431193	0.6547619047619048	0.6131386861313869	0.6172839506172839	0.6019417475728155	0.6065573770491803	0.5633802816901409	0.696078431372549	0.5368421052631579	0.7128712871287128	0.64	0.704225352112676	0.5813953488372093	0.7307692307692307	0.7272727272727273	0.5604395604395604	0.5849056603773585	0.6481481481481481
17_+_78005057_78005079	1.0	1.0	1.0	1.0	1.0	1.0	1.0	1.0	1.0	1.0	1.0	1.0	1.0	1.0		1.0	1.0	1.0	1.0			1.0	1.0	1.0
22_-_19899048_19899068	1.0	1.0		1.0	1.0	1.0	1.0	1.0	1.0	1.0	1.0	1.0	1.0	1.0	1.0	1.0	1.0	1.0	1.0	1.0	1.0	1.0	1.0	1.0
3_+_48974957_48974979	1.0	1.0	1.0	1.0	1.0	1.0	1.0	1.0	1.0	1.0	1.0	1.0	1.0	1.0	1.0	1.0	1.0	1.0	1.0	1.0	1.0	1.0	1.0	1.0
X_-_153790563_153790575	1.0		1.0	1.0	1.0	1.0	1.0	1.0	1.0	1.0	1.0	1.0	1.0	1.0	1.0	1.0	1.0	1.0	1.0	1.0	1.0	1.0	1.0	1.0
12_+_122762186_122762206	1.0	1.0	1.0	1.0	1.0	1.0	1.0	1.0	1.0	1.0	1.0	1.0	1.0	1.0	1.0	1.0	1.0	1.0	1.0	1.0	1.0	1.0	1.0	1.0
22_-_50777951_50777981	1.0	0.9069767441860463	1.0	1.0	1.0	0.8875	1.0	0.95	1.0	0.967391304347826	1.0	0.9807692307692308	1.0	1.0	0.9902912621359224	1.0	0.9818181818181818	1.0	1.0	1.0	1.0	1.0	1.0	1.0
16_+_8748107_8748137					1.0						1.0		1.0	1.0	1.0	1.0	1.0	1.0	1.0	1.0	1.0	1.0	1.0	1.0
19_+_17218363_17218391	1.0	1.0	1.0	1.0	1.0	1.0	1.0	1.0	1.0	1.0	1.0	1.0	1.0	1.0	1.0	1.0	1.0	1.0	1.0	1.0	1.0	1.0	1.0	1.0
14_-_52661292_52661304	1.0	1.0	1.0	1.0	1.0	1.0	1.0	1.0	1.0	1.0	1.0	1.0	1.0	1.0	1.0	1.0	1.0	1.0	1.0	1.0	1.0	1.0	1.0	1.0
1_-_1299344_1299356	1.0	1.0	1.0	1.0	1.0	1.0	1.0	1.0	1.0	1.0	1.0	1.0	1.0	1.0	1.0		1.0	1.0	1.0	1.0		1.0	1.0	1.0
8_+_27520882_27520909	1.0	1.0	1.0	1.0	1.0	1.0	1.0	1.0	1.0	1.0	1.0	1.0	1.0	1.0	1.0	1.0	1.0	1.0	1.0	1.0	1.0	1.0	1.0	1.0
5_-_177739112_177739137	1.0	1.0	1.0		1.0	1.0	1.0		1.0				1.0										1.0	1.0
17_+_62692111_62692138	1.0	1.0	1.0	1.0		1.0		1.0	1.0	1.0		1.0	1.0	1.0	1.0	1.0	1.0	1.0		1.0	1.0	1.0		1.0
19_+_7630822_7630846	0.9761904761904762	1.0	1.0	1.0	0.9725274725274724	0.9357798165137616	1.0	0.9444444444444444	1.0	1.0	0.9854014598540146	1.0	1.0	1.0	1.0	1.0	1.0	1.0	0.9567901234567902	1.0	1.0	0.9808429118773946	1.0	1.0
X_+_119575374_119575400	1.0	1.0	1.0	1.0	1.0	1.0	1.0	1.0	1.0	1.0	1.0	1.0	1.0	1.0	1.0	1.0	1.0	1.0	1.0	1.0	1.0	1.0	1.0	1.0
9_+_128598962_128598986	0.22	0.3013698630136986	0.5176470588235295	0.4270833333333333	0.388235294117647	0.4625	0.4903846153846153	0.5925925925925926	0.4489795918367347	0.553030303030303	0.4736842105263157	0.4245283018867924	0.53125	0.6590909090909091	0.4961832061068702	0.56	0.5844155844155844	0.4333333333333333	0.5798319327731093	0.6776859504132231	0.3737373737373737	0.5019607843137255	0.528169014084507	0.5589225589225589
12_-_56350411_56350432	0.509090909090909	0.3046875	0.297029702970297	0.2857142857142857	0.03125	0.3684210526315789	0.2083333333333333	0.0344827586206896	0.2222222222222222	0.2303664921465968	0.1824817518248175	0.2403846153846154	0.2014388489208633	0.293103448275862	0.2072072072072072	0.15625	0.3272727272727272	0.1818181818181818	0.2281879194630872	0.3884892086330935	0.3609022556390977	0.2547169811320754	0.1451612903225806	0.17
16_+_30661303_30661333	1.0	1.0	1.0	1.0	1.0	1.0	1.0	1.0	1.0	1.0	1.0	1.0	1.0	1.0	1.0	1.0	1.0	1.0	1.0	1.0	1.0	1.0	1.0	1.0
19_+_4310272_4310295		1.0	1.0		1.0					1.0		1.0	1.0	1.0	1.0	1.0	1.0	1.0	1.0	1.0	1.0	1.0	1.0	1.0
2_-_152677450_152677475	1.0	1.0	1.0	1.0	1.0	1.0	1.0	1.0	1.0	1.0	1.0	1.0	1.0	1.0	1.0	1.0	1.0	1.0	1.0	1.0	1.0	1.0	1.0	1.0
4_-_2257981_2258011	1.0	1.0	1.0	1.0	1.0	1.0	1.0	1.0	1.0	1.0	1.0	1.0	1.0	1.0	1.0	1.0	1.0	1.0	1.0	1.0	1.0	1.0	1.0	1.0
21_+_45492686_45492713	1.0	1.0	1.0	1.0	1.0	1.0	1.0	1.0	1.0	1.0	1.0		1.0	1.0	1.0							1.0	1.0	1.0
2_+_231226773_231226798											1.0				1.0	1.0	1.0	1.0	1.0	1.0		1.0	1.0	1.0
19_+_1429966_1429996	1.0	1.0	1.0	1.0	1.0	1.0	1.0	1.0	1.0	1.0	1.0	1.0	1.0	1.0	1.0	1.0	1.0	1.0	1.0	1.0	1.0	1.0	1.0	1.0
2_-_95921781_95921810			1.0		1.0	1.0	1.0	1.0	1.0				1.0	1.0			1.0		1.0					
6_-_24870865_24870889	1.0	1.0	1.0	1.0	1.0	1.0	1.0	1.0	1.0	1.0	1.0	1.0	1.0	1.0	1.0	1.0	1.0	1.0	1.0	1.0	1.0	1.0	1.0	1.0
7_+_843205_843232	1.0	1.0	1.0	1.0	1.0	1.0	1.0	1.0	0.9577464788732394	0.987012987012987	0.974025974025974	1.0	1.0	0.926829268292683	1.0	1.0	1.0	1.0	1.0	1.0	1.0	1.0	1.0	1.0
1_+_46309100_46309127	1.0	1.0	1.0	1.0	1.0	1.0	1.0	0.8987341772151899	0.9302325581395348	1.0	0.96	0.8412698412698413	0.9130434782608696	0.9036144578313252	0.8875	1.0	0.9769230769230768	0.9473684210526316	0.9946808510638298	0.926070038910506	0.9865771812080536	1.0	1.0	0.9901960784313726
17_-_56895925_56895952	0.5714285714285714	1.0	1.0	0.6666666666666666	1.0	0.8095238095238095	1.0	1.0		0.9886363636363636	0.9885057471264368	0.8888888888888888	0.9864864864864864	0.9375	0.9466666666666668	1.0	0.9565217391304348	1.0	1.0	0.8703703703703703	0.9035087719298246	0.9759450171821306	0.991150442477876	0.9761904761904762
12_+_110282603_110282621	1.0	1.0	1.0	1.0	1.0	1.0	1.0	1.0	1.0	1.0	1.0	1.0	1.0	1.0	1.0	1.0	1.0	1.0	1.0	1.0	1.0	1.0	1.0	1.0
14_-_57237337_57237366	1.0	1.0	1.0		1.0	1.0	1.0	1.0	1.0	1.0	1.0	1.0	1.0	1.0	1.0	1.0	1.0	1.0	1.0	1.0	1.0	1.0	1.0	1.0
19_+_19104912_19104938	1.0	1.0	1.0	1.0	1.0	1.0		1.0		1.0	1.0	1.0	1.0	1.0	1.0	1.0	1.0	1.0	1.0	1.0	1.0	1.0	1.0	1.0
17_-_42574195_42574210							0.0	0.131578947368421	0.0	0.0	0.15	0.0	0.0783132530120482	0.0809248554913294	0.0404040404040404	0.117408906882591	0.0631067961165048	0.0649819494584837	0.0652173913043478	0.1179361179361179	0.052823315118397	0.2467532467532467	0.2394366197183098	0.125
5_-_150699241_150699271	1.0	1.0	1.0	1.0	1.0	1.0	1.0	1.0	1.0	1.0	1.0	1.0	1.0	1.0	1.0	1.0	1.0	1.0	1.0	1.0	1.0	1.0	1.0	1.0
2_-_190987038_190987068	1.0	1.0	1.0	1.0	1.0	1.0	1.0	1.0	1.0	1.0	1.0	1.0	1.0	1.0	1.0	1.0	1.0	1.0	1.0	1.0	1.0	1.0	1.0	1.0
19_+_19340845_19340873	1.0	1.0	1.0	1.0	1.0	1.0	1.0	1.0	1.0	1.0	1.0	1.0	1.0	1.0	1.0	1.0	1.0	1.0	1.0	1.0	1.0	1.0	1.0	1.0
2_+_97187197_97187226		1.0	1.0		1.0	1.0	1.0		1.0	1.0			1.0	1.0			1.0	1.0						1.0
2_+_97200333_97200362	1.0	1.0	1.0		1.0	1.0		1.0		1.0			1.0	1.0		1.0								
12_+_25089762_25089790	1.0	1.0	1.0	1.0	1.0	1.0	1.0	1.0	1.0	1.0	1.0	1.0	1.0	1.0	1.0	1.0	1.0	1.0	1.0	1.0	1.0	1.0	1.0	1.0
10_-_12170899_12170908	0.7857142857142857	0.5	1.0	0.2608695652173913	0.6724137931034483	0.3770491803278688	0.3	0.32	0.5	0.4882154882154882	0.4944649446494465	0.4708029197080292	0.5024154589371981	0.4012738853503185	0.4129032258064516	0.4486301369863014	0.4033970276008493	0.4608294930875576	0.4503816793893129	0.4181360201511335	0.4071005917159763	0.4257425742574257	0.4363636363636363	0.4625984251968504
X_-_153913023_153913051	1.0	1.0	1.0	1.0	1.0	1.0	1.0	1.0	1.0	1.0	1.0	1.0	1.0	1.0	1.0	1.0	1.0	1.0	1.0	1.0	1.0	1.0	1.0	1.0
1_+_228369135_228369162	1.0	1.0	1.0	1.0	1.0	1.0		1.0	1.0											1.0				
17_-_63698798_63698818	0.003032140691328	0.0015282730514518	0.0	0.0040650406504065	0.0	0.0	0.0030604437643458	0.0022379709063782	0.0033542976939203	0.0107858243451463	0.0098722415795586	0.0097481722177091	0.0099688473520249	0.0080515297906602	0.010535959688502	0.0	0.0070564516129032	0.003725782414307	0.0036036036036036	0.0128700128700128	0.0292620865139949	0.0013642564802182	0.0126459143968871	0.0
1_+_207339396_207339417	1.0	0.9393939393939394	1.0	1.0	1.0	0.9696969696969696	0.979245283018868	0.9796238244514106	0.9839285714285714	0.9817073170731708	0.977198697068404	0.9903381642512076	0.9663865546218487	0.9632352941176472	0.9526184538653366	1.0	0.9957081545064378	0.9832869080779943	0.9834437086092715	0.988212180746562	0.9872068230277186	0.931174089068826	0.9975308641975308	0.9850467289719628
21_+_43800861_43800881	1.0	1.0		1.0	1.0	1.0	1.0	1.0	1.0	1.0	1.0	1.0	1.0	1.0	1.0	1.0	1.0	1.0	1.0	1.0	1.0	1.0	1.0	1.0
12_+_118389926_118389946	1.0	1.0	1.0	1.0	1.0	1.0	1.0	1.0	1.0	1.0	1.0	1.0	1.0	1.0	1.0	1.0	1.0	1.0	1.0	1.0	1.0	1.0	1.0	1.0
20_-_45960863_45960882	1.0	1.0	1.0	1.0	1.0	1.0	1.0	1.0	1.0	1.0	1.0	1.0	1.0	1.0	1.0	1.0	1.0	1.0	1.0	1.0	1.0	1.0	1.0	1.0
21_+_34103496_34103519	0.625	0.1724137931034483	0.6363636363636364	0.3636363636363636	0.4444444444444444	0.4444444444444444	0.1951219512195122	0.1904761904761904	0.4558823529411764	0.0446927374301676	0.0666666666666666	0.0636363636363636	0.0610687022900763	0.1027397260273972	0.1076923076923077	0.1489361702127659	0.0306122448979591	0.0852272727272727	0.0629370629370629	0.0566037735849056	0.170886075949367	0.2624113475177305	0.196078431372549	0.1507936507936507
14_-_94129261_94129291		1.0	1.0	1.0	1.0	1.0		1.0		1.0	1.0	1.0	1.0	1.0	1.0	1.0	1.0	1.0	1.0	1.0	1.0	1.0	1.0	1.0
21_+_45987498_45987519	1.0	1.0	1.0	1.0	1.0	1.0	1.0	1.0	1.0	1.0	1.0	1.0	1.0	1.0	1.0	1.0	1.0	1.0	1.0	1.0	1.0	1.0	1.0	1.0
6_+_26390686_26390707							1.0	1.0	1.0	1.0	1.0	1.0		1.0		1.0		1.0	1.0	1.0	1.0		1.0	1.0
15_-_58901259_58901287	0.9558823529411764	0.9298245614035088	0.9509803921568628	1.0	1.0	1.0	1.0	0.946236559139785	0.9789473684210528	0.9763779527559056	1.0	0.9375	1.0	1.0	1.0	1.0	1.0	1.0	1.0	1.0	1.0	1.0	1.0	1.0
6_+_73723250_73723279							1.0	1.0	1.0	1.0	1.0	1.0	1.0	1.0	1.0	1.0	1.0	1.0				1.0	1.0	1.0
2_-_86153559_86153574	1.0	1.0	1.0	1.0	1.0	1.0	1.0	1.0	1.0	1.0	1.0	1.0	1.0	1.0	1.0	1.0	1.0	1.0	1.0	1.0	1.0	1.0	1.0	1.0
19_-_5612539_5612567	0.8205128205128205	0.7636363636363637	0.782608695652174	0.803921568627451	0.9830508474576272	0.8076923076923077	0.967741935483871	0.9904761904761904	0.957983193277311	1.0	1.0	0.9850746268656716	1.0	1.0	0.98989898989899	1.0	1.0	1.0	0.9552238805970148	1.0	0.9361702127659576	1.0	1.0	1.0
6_-_79077699_79077729	1.0	1.0	1.0	1.0	1.0	1.0	1.0	1.0	1.0	1.0	1.0	1.0	1.0	1.0	1.0	1.0	1.0	1.0	1.0	1.0	1.0	1.0	1.0	1.0
21_+_45492534_45492564	1.0	1.0	1.0	1.0	1.0	1.0	1.0	1.0	1.0	1.0			1.0		1.0				1.0		1.0	1.0	1.0	1.0
11_-_4601663_4601686	1.0	1.0			1.0		1.0	1.0	1.0	1.0	1.0	1.0	1.0	1.0	1.0	1.0	1.0	1.0	1.0	1.0	1.0	1.0	1.0	1.0
1_+_206419372_206419400													1.0		1.0	1.0	1.0	1.0	1.0	1.0	1.0	1.0	1.0	1.0
17_+_48862275_48862304	1.0	1.0	1.0	1.0	1.0	1.0	1.0	1.0	1.0	1.0	1.0	1.0	1.0	1.0	1.0	1.0	1.0	1.0	1.0	1.0	1.0	1.0	1.0	1.0
2_-_43950572_43950600	1.0	1.0	1.0	1.0	1.0	1.0	1.0	1.0	1.0	1.0	1.0	1.0	1.0	1.0	1.0	1.0	1.0	1.0	1.0	1.0	1.0	1.0	1.0	1.0
1_+_52414620_52414647	1.0	1.0	1.0	1.0	1.0	1.0	1.0	1.0	1.0	1.0	1.0	1.0	1.0	1.0	1.0	1.0	1.0	1.0	1.0	1.0	1.0	1.0	1.0	1.0
11_-_4386967_4386990	1.0	1.0	1.0	1.0	1.0	1.0	1.0	1.0	1.0	1.0	1.0	1.0	1.0	1.0	1.0	1.0	1.0	1.0	1.0	1.0	1.0	1.0	1.0	1.0
X_-_81119787_81119817								1.0					1.0		1.0	1.0	0.9	1.0	1.0	1.0	1.0	1.0	1.0	0.9285714285714286
6_+_26410005_26410032	0.5510204081632653	0.6216216216216216	0.7142857142857143	0.5974025974025974	0.6944444444444444	0.7733333333333333	0.7105263157894737	0.8333333333333334	0.4	0.6206896551724138	0.5833333333333334	0.7083333333333334	0.6470588235294118	0.1818181818181818	0.3333333333333333	0.5714285714285714		0.3333333333333333		0.6666666666666666	0.5666666666666667	0.1111111111111111		0.4
11_+_65205709_65205721	1.0	1.0	1.0	1.0	1.0	1.0	1.0	1.0	1.0	1.0	1.0	1.0	1.0	1.0	1.0	1.0	1.0	1.0	1.0	1.0	1.0	1.0	1.0	1.0
6_+_26373386_26373413	1.0	1.0	1.0	1.0	1.0	1.0	0.9	0.5714285714285714	0.9333333333333332	0.6	0.8823529411764706	0.6333333333333333	0.8928571428571429	0.7575757575757576	0.7804878048780488	0.55	0.5882352941176471	1.0	0.9285714285714286	1.0	1.0	0.6	0.375	0.4
3_-_160535660_160535690	1.0	1.0	1.0	1.0	1.0	1.0	1.0	1.0	1.0	1.0	1.0	1.0	1.0	1.0	1.0	1.0	1.0	1.0	1.0	1.0	1.0	1.0	1.0	1.0
16_+_28986539_28986569	0.6291390728476821	0.5189873417721519	0.5645161290322581	0.5060240963855421	0.7272727272727273	0.703125	0.1923076923076923	0.2903225806451613	0.5945945945945946	0.3580645161290323	0.4980694980694981	0.4038461538461538	0.4626865671641791	0.3440366972477064	0.4644067796610169	0.44	0.5326633165829145	0.5714285714285714	0.6020408163265306	0.4666666666666667	0.4956772334293948	0.4245014245014245	0.4831460674157303	0.4752186588921283
3_+_184189254_184189277	0.3421052631578947	0.2413793103448276	0.2568807339449541	0.1076923076923077	0.2751677852348993	0.2272727272727272	0.3799126637554585	0.230392156862745	0.2952755905511811	0.3939393939393939	0.3811320754716981	0.3697916666666667	0.3461538461538461	0.3115384615384615	0.3026819923371647	0.458041958041958	0.3464566929133858	0.3091482649842271	0.3689839572192513	0.2695035460992908	0.3898809523809524	0.3553719008264462	0.2075471698113207	0.356
5_-_170262841_170262861	1.0	1.0	1.0	1.0	1.0	1.0	1.0	1.0	1.0	1.0	1.0	1.0	1.0	1.0	1.0	1.0	1.0	1.0	1.0	1.0	1.0	1.0	1.0	1.0
7_+_74755508_74755537	0.875	0.86	0.9253731343283582	0.9090909090909092	1.0	0.9661016949152542	0.9142857142857144	1.0	1.0	0.9946808510638298	0.9888888888888888	0.9772727272727272	0.9812206572769951	0.9947089947089948	0.9953488372093025	1.0	0.9875	1.0	0.9801980198019802	1.0	0.987878787878788	1.0	1.0	1.0
4_+_53440581_53440608	0.3384615384615385	0.2560975609756097	0.202127659574468	0.2933333333333333	0.3131313131313131	0.2982456140350877	0.3285714285714285	0.2784810126582278	0.2857142857142857	0.2079207920792079	0.1531531531531531	0.1071428571428571	0.1623931623931624	0.0930232558139534	0.2108843537414966	0.3018867924528302	0.2932330827067669	0.2560386473429952	0.2357142857142857	0.3104693140794224	0.2642276422764227	0.4011299435028249	0.4896551724137931	0.4244186046511627
8_+_63169386_63169411	1.0	1.0	1.0	1.0	1.0	1.0	1.0	1.0	1.0	1.0	1.0	1.0	1.0	1.0	1.0	1.0	1.0	1.0	1.0	1.0	1.0	1.0	1.0	1.0
5_-_170262966_170262992	1.0	1.0	1.0	1.0	1.0	1.0	1.0	1.0	1.0	1.0	1.0	1.0	1.0	1.0	1.0	1.0	1.0	1.0	1.0	1.0	1.0	1.0	1.0	1.0
18_+_10533535_10533553		1.0		1.0			1.0	1.0	1.0	0.9565217391304348	0.945945945945946	0.9	0.9428571428571428	1.0	0.84	1.0	1.0	0.8082191780821918	1.0	0.8529411764705882	1.0	1.0	1.0	1.0
19_+_50419945_50419973																			1.0	1.0	1.0	1.0	1.0	1.0
17_+_43179393_43179412	1.0	1.0	1.0	1.0	1.0	1.0	1.0	1.0	1.0	1.0	1.0	1.0	1.0	1.0	1.0	1.0	1.0	1.0	1.0	1.0	1.0	1.0	1.0	1.0
7_+_142792521_142792539	1.0	1.0	1.0	1.0	1.0	1.0	1.0	1.0	1.0	1.0	1.0	1.0	1.0	1.0	1.0	1.0	1.0	1.0	1.0	1.0	1.0	1.0	1.0	1.0
19_+_39421282_39421299	1.0	1.0	1.0	1.0	1.0	1.0	1.0	1.0	1.0	1.0		1.0	1.0	1.0	1.0	1.0	1.0	1.0		1.0	1.0	1.0	1.0	1.0
6_-_28911695_28911718	1.0	0.8181818181818182	1.0	1.0		1.0	1.0	0.9310344827586208	1.0	0.9541984732824428	0.961783439490446	0.9759036144578314	0.9923664122137404	0.991869918699187	1.0	1.0	0.97	0.9832402234636872	0.9090909090909092	0.9473684210526316	0.9428571428571428	0.9607843137254902	1.0	1.0
7_+_35831491_35831496	1.0	1.0	0.7096774193548387	1.0	1.0	0.8	0.9	0.8518518518518519	1.0	0.7878787878787878	0.9629629629629628	0.9285714285714286	0.8627450980392157	0.8787878787878788	0.9705882352941176	0.9393939393939394	0.6923076923076923	0.6341463414634146	0.5555555555555556	1.0	0.3636363636363636	0.5714285714285714	0.8571428571428571	0.6470588235294118
2_-_121401867_121401870			1.0				1.0	0.6875	1.0	1.0	1.0	1.0	1.0	1.0	1.0	1.0	1.0	1.0	1.0	1.0	1.0	0.9736842105263158	0.9666666666666668	1.0
2_-_25835537_25835540	1.0	1.0	1.0	1.0	1.0	1.0			1.0	1.0	0.9393939393939394	0.76	1.0	1.0	1.0	0.8333333333333334	0.8108108108108109	1.0	1.0	0.8095238095238095	0.5294117647058824	0.9736842105263158	1.0	0.7619047619047619
14_+_96874456_96874459							1.0				0.5	0.5714285714285714	0.6666666666666666	0.8	0.6666666666666666	0.5454545454545454	0.3125	0.5555555555555556	0.6363636363636364	0.3888888888888889	0.6428571428571429	0.6	0.3333333333333333	0.4117647058823529
19_+_48477716_48477719	0.4285714285714285	0.6	0.5681818181818182	0.2857142857142857	0.6333333333333333	0.3428571428571428	0.9285714285714286	0.5777777777777777	0.4324324324324324	0.5882352941176471	0.5245901639344263	0.5294117647058824	0.3255813953488372	0.1666666666666666	0.5652173913043478	0.5	0.6363636363636364	0.5833333333333334	0.6764705882352942	0.3396226415094339	0.6352941176470588	0.6440677966101694	0.65625	0.5384615384615384
17_-_78696006_78696009	0.98989898989899	1.0	0.9818652849740932	0.9970149253731344	0.9462616822429908	0.9534246575342464	0.9842105263157894	0.9982517482517482	0.9974358974358974	0.9813664596273292	0.9928571428571428	1.0	1.0	1.0	1.0	1.0	0.975609756097561	0.990909090909091	0.958904109589041	1.0	1.0	0.9704433497536946	1.0	0.9653179190751444
6_-_166370217_166370221	1.0	1.0	1.0	1.0	1.0	1.0	1.0	1.0	1.0	1.0	1.0	1.0	1.0	1.0	1.0	1.0	1.0	1.0	1.0	1.0	1.0	1.0	1.0	1.0
14_-_50438091_50438094	1.0	1.0	1.0	1.0	1.0	1.0	1.0	1.0		1.0	1.0	1.0	1.0	1.0	1.0	1.0	1.0	1.0	1.0	1.0		1.0	1.0	1.0
