ME	timepoint	ctrl_n_valid	activation_n_valid	ctrl_mean_PSI	activation_mean_PSI	delta_PSI_activation_minus_ctrl	abs_delta_PSI	ctrl_sd_PSI	activation_sd_PSI	ctrl_min_PSI	ctrl_max_PSI	activation_min_PSI	activation_max_PSI	valid_comparison	all_3_replicates_both_groups	complete_group_separation	effect_class
4_+_88676217_88676241	30min	3	3	0.9761904761904763	0.8811688311688312	-0.09502164502164512	0.09502164502164512	0.041239304942116105	0.12151188197021169	0.9285714285714286	1.0	0.7571428571428571	1.0	True	True	False	small
10_-_73439871_73439901	30min	3	3	0.7770753460042963	0.9195906432748537	0.14251529727055745	0.14251529727055745	0.09392501507994556	0.07898796876748598	0.6923076923076923	0.8780487804878049	0.8421052631578947	1.0	True	True	False	exploratory
14_-_93076594_93076619	30min	3	3	1.0	1.0	0.0	0.0	0.0	0.0	1.0	1.0	1.0	1.0	True	True	False	small
5_+_57221375_57221396	30min	3	3	0.7467343147410553	0.7213949207413259	-0.025339393999729398	0.025339393999729398	0.14307830943169886	0.038883166713048166	0.582089552238806	0.8409090909090909	0.6794871794871795	0.7563025210084033	True	True	False	small
11_-_75271700_75271724	30min	3	3	0.3101851851851852	0.2631578947368421	-0.047027290448343084	0.047027290448343084	0.07897556532051844	0.32868410517886304	0.2222222222222222	0.375	0.0	0.631578947368421	True	True	False	small
17_+_30510879_30510909	30min	3	3	0.9393939393939394	0.9880952380952381	0.04870129870129869	0.04870129870129869	0.10497277621629557	0.02061965247105799	0.8181818181818182	1.0	0.9642857142857144	1.0	True	True	False	small
8_-_54065787_54065813	30min	3	3	0.0	0.0	0.0	0.0	0.0	0.0	0.0	0.0	0.0	0.0	True	True	False	small
X_-_154357250_154357274	30min	3	3	0.7339657009313675	0.7579575373693022	0.023991836437934677	0.023991836437934677	0.018876043114411663	0.08442542381803592	0.7166666666666667	0.7540983606557377	0.6626984126984127	0.8235294117647058	True	True	False	small
9_+_133054943_133054964	30min	3	3	0.3791035353535353	0.45162907268170427	0.07252553732816897	0.07252553732816897	0.12707872306439813	0.06623942090271566	0.28125	0.5227272727272727	0.4	0.5263157894736842	True	True	False	small
20_+_44478623_44478647	30min	0	3		1.0				0.0			1.0	1.0	False	False	False	not_testable
4_-_142202739_142202766	30min	3	3	0.4932191653577882	0.7018137436658014	0.2085945783080132	0.2085945783080132	0.31919971567110417	0.04374741557405237	0.1764705882352941	0.8148148148148148	0.6551724137931034	0.7419354838709677	True	True	False	strong
3_+_47819235_47819264	30min	2	2	0.8125	0.7279411764705883	-0.08455882352941169	0.08455882352941169	0.2651650429449553	0.03119588740528883	0.625	1.0	0.7058823529411765	0.75	True	False	False	small
19_+_47780724_47780749	30min	3	3	0.6376478988168094	0.891170710940826	0.2535228121240166	0.2535228121240166	0.20568409861998962	0.05514545326168907	0.5116279069767442	0.875	0.8275862068965517	0.925925925925926	True	True	False	strong
17_+_7578226_7578244	30min	3	3	0.0004960317460317333	0.0016359918200408998	0.0011399600740091666	0.0011399600740091666	0.000859152186294064	0.002833620953077918	0.0	0.0014880952380952	0.0	0.0049079754601227	True	True	False	small
3_-_146536539_146536565	30min	3	3	1.0	1.0	0.0	0.0	0.0	0.0	1.0	1.0	1.0	1.0	True	True	False	small
17_-_35014739_35014763	30min	3	3	1.0	1.0	0.0	0.0	0.0	0.0	1.0	1.0	1.0	1.0	True	True	False	small
11_+_67416175_67416202	30min	3	3	0.42372134038800696	0.29820825169662374	-0.12551308869138322	0.12551308869138322	0.18129455784052992	0.05597683927576481	0.2321428571428571	0.5925925925925926	0.238095238095238	0.3488372093023256	True	True	False	exploratory
12_-_57538518_57538524	30min	3	3	0.20035810078182958	0.1346153846153846	-0.06574271616644498	0.06574271616644498	0.11354676953652378	0.11697620250573498	0.0972222222222222	0.3220338983050847	0.0	0.2115384615384615	True	True	False	small
12_-_6965910_6965916	30min	3	3	0.9943693693693693	0.9912905779889153	-0.0030787913804539713	0.0030787913804539713	0.009752538330905901	0.015085161427757364	0.983108108108108	1.0	0.973871733966746	1.0	True	True	False	small
20_+_62304460_62304485	30min	3	3	0.0	0.0	0.0	0.0	0.0	0.0	0.0	0.0	0.0	0.0	True	True	False	small
16_+_70550649_70550678	30min	3	3	0.6234819734345352	0.603277591973244	-0.02020438146129111	0.02020438146129111	0.06651772478906715	0.2643704968410894	0.5483870967741935	0.675	0.36	0.8846153846153846	True	True	False	small
14_+_94114850_94114880	30min	0	0											False	False	False	not_testable
19_+_47205103_47205129	30min	3	3	0.16801619433198378	0.07952780366573466	-0.08848839066624913	0.08848839066624913	0.17329874271922663	0.07067190339568834	0.0	0.3461538461538461	0.0	0.1351351351351351	True	True	False	small
16_-_31093311_31093321	30min	3	3	0.05471956224350203	0.09379509379509376	0.039075531551591734	0.039075531551591734	0.05925145780494586	0.09527088508077379	0.0	0.1176470588235294	0.0	0.1904761904761904	True	True	False	small
1_-_156476493_156476514	30min	3	3	0.049851263443496434	0.19331661644734333	0.14346535300384688	0.14346535300384688	0.050517743804363115	0.0515828169686316	0.0	0.101010101010101	0.1376146788990825	0.2394366197183098	True	True	True	exploratory
19_+_41897314_41897326	30min	3	3	0.8748691516407558	0.8509081020145647	-0.023961049626191167	0.023961049626191167	0.0414520173907069	0.015247836021131271	0.8431372549019608	0.9217687074829932	0.8362282878411911	0.8666666666666667	True	True	False	small
9_-_137023837_137023840	30min	3	3	0.7754595443833464	0.843956043956044	0.06849649957269754	0.06849649957269754	0.11234811340795099	0.042899387463611244	0.6716417910447762	0.8947368421052632	0.8	0.8857142857142857	True	True	False	small
11_-_64015251_64015281	30min	3	3	1.0	1.0	0.0	0.0	0.0	0.0	1.0	1.0	1.0	1.0	True	True	False	small
13_+_75809153_75809183	30min	3	3	1.0	0.9036764705882353	-0.0963235294117647	0.0963235294117647	0.0	0.06969021293228135	1.0	1.0	0.8235294117647058	0.95	True	True	True	small
18_-_50285324_50285351	30min	3	3	0.9123152709359607	0.8425709544130596	-0.06974431652290103	0.06974431652290103	0.12322362490239934	0.15798356002352043	0.7714285714285715	1.0	0.6607142857142857	0.945945945945946	True	True	False	small
5_+_181233412_181233435	30min	3	3	0.5079474216380181	0.5220238095238096	0.014076387885791464	0.014076387885791464	0.19887804668746348	0.1437065521444715	0.3255813953488372	0.72	0.4285714285714285	0.6875	True	True	False	small
4_-_75918760_75918789	30min	2	3	0.35185185185185186	0.317016317016317	-0.034835534835534865	0.034835534835534865	0.4975936608349779	0.4020421568736669	0.0	0.7037037037037037	0.0	0.7692307692307693	True	False	False	small
11_+_59145826_59145856	30min	3	3	0.7109090909090909	0.8690476190476191	0.15813852813852813	0.15813852813852813	0.19115136142650568	0.12542444943872308	0.5	0.8727272727272727	0.75	1.0	True	True	False	exploratory
12_+_27674191_27674221	30min	1	0	1.0						1.0	1.0			False	False	False	not_testable
12_-_122514711_122514728	30min	3	3	0.3050934097200119	0.3564335990806579	0.051340189360645994	0.051340189360645994	0.12278179444913952	0.04793172375192767	0.1764705882352941	0.4210526315789473	0.3025210084033613	0.3942307692307692	True	True	False	small
8_+_22539468_22539498	30min	3	3	0.8673569023569024	0.8768392756083757	0.009482373251473275	0.009482373251473275	0.05748442901303384	0.009472742213199234	0.8181818181818182	0.9305555555555556	0.868421052631579	0.8870967741935484	True	True	False	small
16_+_85802753_85802757	30min	3	3	0.9938967562441863	0.9973626088086268	0.0034658525644405414	0.0034658525644405414	0.0008084107892508102	0.00280631823830601	0.9931647300068353	0.9947643979057592	0.994413407821229	1.0	True	True	False	small
17_-_37210466_37210490	30min	0	3		1.0				0.0			1.0	1.0	False	False	False	not_testable
16_-_89653903_89653923	30min	3	3	0.7886904761904763	0.9387254901960783	0.15003501400560204	0.15003501400560204	0.1830538608890688	0.06253603344202487	0.6785714285714286	1.0	0.875	1.0	True	True	False	exploratory
12_+_9650332_9650361	30min	3	3	0.18088460444541263	0.19600212906849057	0.015117524623077944	0.015117524623077944	0.12244311104242848	0.028786095507262063	0.081967213114754	0.3178294573643411	0.1729323308270676	0.2282608695652173	True	True	False	small
11_-_65662178_65662205	30min	3	3	0.4825764834620368	0.5049956129060106	0.022419129443973784	0.022419129443973784	0.04523779938316267	0.012531233538619386	0.4447300771208226	0.5326797385620915	0.4907975460122699	0.5145118733509235	True	True	False	small
11_+_63906087_63906114	30min	3	3	0.0182310914018231	0.0222222222222222	0.003991130820399098	0.003991130820399098	0.016062994149005208	0.03849001794597501	0.0	0.0303030303030303	0.0	0.0666666666666666	True	True	False	small
3_+_139351030_139351060	30min	3	3	0.028132066938037065	0.034051027244271934	0.005918960306234868	0.005918960306234868	0.027313312630907388	0.011539035800516174	0.0	0.0545454545454545	0.0252707581227436	0.0471204188481675	True	True	False	small
20_+_2975214_2975241	30min	3	3	0.31634669678147936	0.3148148148148148	-0.001531881966664539	0.001531881966664539	0.1857040726697684	0.19510469912690256	0.1136363636363636	0.4782608695652174	0.1111111111111111	0.5	True	True	False	small
6_+_29929018_29929045	30min	3	3	1.0	0.7619047619047619	-0.23809523809523814	0.23809523809523814	0.0	0.4123930494211613	1.0	1.0	0.2857142857142857	1.0	True	True	False	strong
22_-_41681539_41681559	30min	3	3	0.24502804705750694	0.27321471363527433	0.02818666657776739	0.02818666657776739	0.04304870151175994	0.03820350539109799	0.2011834319526627	0.2872340425531915	0.25	0.3173076923076923	True	True	False	small
5_+_65655635_65655653	30min	3	3	1.0	0.7142857142857143	-0.2857142857142857	0.2857142857142857	0.0	0.4948716593053935	1.0	1.0	0.1428571428571428	1.0	True	True	False	strong
4_+_159344035_159344059	30min	0	1		1.0							1.0	1.0	False	False	False	not_testable
5_+_146481446_146481476	30min	3	3	0.4722738218094255	0.6766788766788766	0.2044050548694511	0.2044050548694511	0.2049056012667931	0.04937089410510941	0.2666666666666666	0.6764705882352942	0.6428571428571429	0.7333333333333333	True	True	False	strong
8_-_140426614_140426641	30min	3	3	0.821501014198783	0.7569726589334432	-0.06452835526533973	0.06452835526533973	0.15681756594491258	0.1688454194317426	0.7058823529411765	1.0	0.5882352941176471	0.925925925925926	True	True	False	small
17_-_1543019_1543027	30min	3	3	1.0	1.0	0.0	0.0	0.0	0.0	1.0	1.0	1.0	1.0	True	True	False	small
10_+_90895453_90895483	30min	3	3	0.10897435897435896	0.16295093795093793	0.05397657897657897	0.05397657897657897	0.12804477150921909	0.08403345726476266	0.0	0.25	0.075	0.2424242424242424	True	True	False	small
3_-_112125225_112125254	30min	2	1	1.0	1.0			0.0		1.0	1.0	1.0	1.0	False	False	False	not_testable
2_+_272036_272065	30min	3	3	0.08057940844826088	0.0726403378042722	-0.007939070643988674	0.007939070643988674	0.04340210368837335	0.03515631255003586	0.0317460317460317	0.1147540983606557	0.0363636363636363	0.1065573770491803	True	True	False	small
19_-_39390259_39390289	30min	3	3	0.32455296168054	0.6394278715772899	0.3148749098967499	0.3148749098967499	0.15830682675258917	0.05477618880418713	0.1836734693877551	0.4958677685950413	0.5785714285714286	0.6847826086956522	True	True	True	strong
14_+_105468337_105468349	30min	3	3	0.08149058149058147	0.16444444444444442	0.08295386295386295	0.08295386295386295	0.07197311910015129	0.16671110518676488	0.0	0.1363636363636363	0.0	0.3333333333333333	True	True	False	small
19_+_39458293_39458305	30min	3	3	0.9908743795341733	1.0	0.009125620465826656	0.009125620465826656	0.011631135345743143	0.0	0.9777777777777776	1.0	1.0	1.0	True	True	False	small
5_-_141588223_141588250	30min	3	3	0.2622568559419411	0.36970403687045367	0.10744718092851258	0.10744718092851258	0.12348752100411846	0.08187324328861521	0.1325301204819277	0.3783783783783784	0.2777777777777778	0.4347826086956521	True	True	False	exploratory
4_+_159243773_159243791	30min	0	1		1.0							1.0	1.0	False	False	False	not_testable
6_-_32181605_32181632	30min	3	3	0.44051932367149754	0.3226275917065391	-0.11789173196495845	0.11789173196495845	0.24536960666275687	0.15439771791791768	0.25	0.717391304347826	0.1875	0.4909090909090909	True	True	False	exploratory
17_-_15993756_15993778	30min	3	3	1.0	1.0	0.0	0.0	0.0	0.0	1.0	1.0	1.0	1.0	True	True	False	small
2_+_101868028_101868037	30min	3	3	0.07086077674312963	0.16822449581070265	0.09736371906757302	0.09736371906757302	0.08299099693073872	0.08805863231237963	0.0	0.1621621621621621	0.0714285714285714	0.2435897435897435	True	True	False	small
1_+_28457831_28457855	30min	2	3	0.15625	0.1164021164021164	-0.039847883597883604	0.039847883597883604	0.2209708691207961	0.1442466230710644	0.0	0.3125	0.0	0.2777777777777778	True	False	False	small
11_+_5708576_5708603	30min	3	3	1.0	1.0	0.0	0.0	0.0	0.0	1.0	1.0	1.0	1.0	True	True	False	small
16_-_70679314_70679323	30min	3	3	1.0	0.87526395173454	-0.12473604826546003	0.12473604826546003	0.0	0.07105129087237902	1.0	1.0	0.8	0.9411764705882352	True	True	True	exploratory
19_+_1106241_1106266	30min	3	3	0.9753585677185203	0.980171970895119	0.0048134031765987295	0.0048134031765987295	0.02408565611234544	0.0020981136204975812	0.947565543071161	0.990138067061144	0.9785202863961814	0.982532751091703	True	True	False	small
14_+_55061679_55061701	30min	3	3	0.8193214570056774	0.892740749057143	0.07341929205146558	0.07341929205146558	0.09321132455409084	0.052923322412164915	0.7129629629629629	0.8867924528301887	0.8592964824120602	0.953757225433526	True	True	False	small
14_+_103465423_103465450	30min	3	3	0.46349206349206346	0.509827441077441	0.04633537758537759	0.04633537758537759	0.08469410521875624	0.09114500843199529	0.3666666666666666	0.5238095238095238	0.40625	0.5777777777777777	True	True	False	small
5_-_132706450_132706459	30min	1	0	1.0						1.0	1.0			False	False	False	not_testable
12_-_57305639_57305663	30min	3	3	0.1054673238408178	0.25692078245170547	0.15145345861088766	0.15145345861088766	0.09193593401562618	0.003928911599949682	0.0	0.1686746987951807	0.253012048192771	0.2608695652173913	True	True	True	exploratory
20_+_58659622_58659634	30min	3	3	0.23215360304781696	0.21187414761291223	-0.020279455434904725	0.020279455434904725	0.07152758594902812	0.09524268592495734	0.1497175141242938	0.2777777777777778	0.1513157894736842	0.321656050955414	True	True	False	small
19_+_45009813_45009822	30min	3	3	0.9597701149425287	0.948051948051948	-0.011718166890580695	0.011718166890580695	0.06968020490219623	0.0899766653282534	0.8793103448275862	1.0	0.8441558441558441	1.0	True	True	False	small
2_+_69921735_69921765	30min	3	3	1.0	0.9914529914529915	-0.008547008547008517	0.008547008547008517	0.0	0.014803853056144197	1.0	1.0	0.9743589743589745	1.0	True	True	False	small
3_+_56559568_56559594	30min	3	3	0.5038594149705261	0.525925925925926	0.02206651095539991	0.02206651095539991	0.09731792235333765	0.07563176983948941	0.4054054054054054	0.6	0.4666666666666667	0.6111111111111112	True	True	False	small
10_+_6228195_6228218	30min	3	3	0.027777777777777766	0.0	-0.027777777777777766	0.027777777777777766	0.048112522432468795	0.0	0.0	0.0833333333333333	0.0	0.0	True	True	False	small
22_-_29329711_29329720	30min	3	3	0.5686783804430863	0.5335480407944175	-0.03513033964866874	0.03513033964866874	0.07677323841192839	0.2361588400296197	0.5194805194805194	0.6571428571428571	0.3703703703703703	0.8043478260869565	True	True	False	small
1_-_173864674_173864704	30min	3	3	0.0161533923198723	0.010421030365461667	-0.005732361954410634	0.005732361954410634	0.002349327868520693	0.002367766016256886	0.0134865134865134	0.0179171332586786	0.0079413561392791	0.0126582278481012	True	True	True	small
3_+_133587158_133587161	30min	3	3	0.28362999452654625	0.29594703292005825	0.012317038393512003	0.012317038393512003	0.17721988292126634	0.06212922897871804	0.1724137931034483	0.488	0.2251655629139073	0.3414634146341463	True	True	False	small
6_-_85538837_85538864	30min	3	3	0.5695806100217865	0.38580246913580246	-0.18377814088598404	0.18377814088598404	0.2779003998540212	0.37546648321559933	0.3823529411764705	0.8888888888888888	0.0	0.75	True	True	False	exploratory
17_-_29578961_29578988	30min	3	3	0.03174603174603174	0.0552362707535121	0.02349023900748036	0.02349023900748036	0.05498573992282148	0.07295011443270549	0.0	0.0952380952380952	0.0	0.1379310344827586	True	True	False	small
5_+_32586491_32586501	30min	3	3	0.6422147722435079	0.28807471264367807	-0.3541400595998298	0.3541400595998298	0.2738668103741617	0.0211529193453096	0.396551724137931	0.9375	0.2758620689655172	0.3125	True	True	True	strong
2_-_156326311_156326328	30min	3	3	0.0014214641080312668	0.014825389365492334	0.013403925257461067	0.013403925257461067	0.002462048056245729	0.0035734828955149883	0.0	0.0042643923240938	0.0123456790123456	0.0189214758751182	True	True	True	small
16_+_31183486_31183489	30min	3	3	0.06025641025641023	0.07882274513878063	0.018566334882370396	0.018566334882370396	0.07922827977169423	0.06255052149866157	0.0	0.15	0.0092592592592592	0.1304347826086956	True	True	False	small
17_-_41896619_41896649	30min	3	3	1.0	0.8149650349650349	-0.18503496503496508	0.18503496503496508	0.0	0.12256225831863791	1.0	1.0	0.6818181818181818	0.9230769230769232	True	True	True	exploratory
12_-_88130544_88130565	30min	3	3	1.0	1.0	0.0	0.0	0.0	0.0	1.0	1.0	1.0	1.0	True	True	False	small
2_-_121409023_121409047	30min	3	3	0.7836257309941521	0.8908908908908909	0.1072651598967388	0.1072651598967388	0.1875908179221689	0.1081220100059484	0.6666666666666666	1.0	0.7837837837837838	1.0	True	True	False	exploratory
1_-_1388491_1388510	30min	3	3	0.0717115739529187	0.06455429240084913	-0.007157281552069572	0.007157281552069572	0.040113613370464755	0.019072008378810318	0.0333333333333333	0.1133603238866396	0.0498084291187739	0.086092715231788	True	True	False	small
12_-_110499534_110499546	30min	2	2	0.5	0.8636363636363636	0.36363636363636365	0.36363636363636365	0.7071067811865476	0.1928473039599675	0.0	1.0	0.7272727272727273	1.0	True	False	False	strong
1_+_28737657_28737682	30min	3	3	0.9693459693459694	0.9366332624759591	-0.032712706870010266	0.032712706870010266	0.03261912063518879	0.03094019675248633	0.935064935064935	1.0	0.904494382022472	0.9662162162162162	True	True	False	small
X_+_150712341_150712365	30min	3	3	1.0	0.8543083900226757	-0.14569160997732433	0.14569160997732433	0.0	0.23489302733970222	1.0	1.0	0.5833333333333334	1.0	True	True	False	exploratory
10_-_103105357_103105381	30min	3	3	0.936936936936937	0.8051027217693886	-0.13183421516754845	0.13183421516754845	0.10922842930614539	0.12377600151383394	0.8108108108108109	1.0	0.6785714285714286	0.925925925925926	True	True	False	exploratory
20_+_49096175_49096200	30min	3	3	0.0	0.0	0.0	0.0	0.0	0.0	0.0	0.0	0.0	0.0	True	True	False	small
2_-_70289349_70289372	30min	3	3	0.9891633211147961	1.0	0.010836678885203899	0.010836678885203899	0.00951183626932195	0.0	0.9821958456973294	1.0	1.0	1.0	True	True	False	small
1_+_172577538_172577559	30min	3	3	1.0	1.0	0.0	0.0	0.0	0.0	1.0	1.0	1.0	1.0	True	True	False	small
7_-_43887789_43887816	30min	2	2	1.0	1.0	0.0	0.0	0.0	0.0	1.0	1.0	1.0	1.0	True	False	False	small
4_+_27007982_27008006	30min	3	3	0.5048948670891573	0.5233718487394957	0.018476981650338398	0.018476981650338398	0.16915544766542312	0.21596913903642784	0.3414634146341463	0.6792452830188679	0.3035714285714285	0.7352941176470589	True	True	False	small
1_-_155203512_155203539	30min	3	3	0.9655172413793104	1.0	0.03448275862068961	0.03448275862068961	0.05972588991616817	0.0	0.896551724137931	1.0	1.0	1.0	True	True	False	small
5_+_176099020_176099045	30min	3	3	1.0	1.0	0.0	0.0	0.0	0.0	1.0	1.0	1.0	1.0	True	True	False	small
X_-_23734340_23734367	30min	3	3	1.0	1.0	0.0	0.0	0.0	0.0	1.0	1.0	1.0	1.0	True	True	False	small
1_-_205115857_205115883	30min	1	3	1.0	0.8636363636363636				0.23618874648666507	1.0	1.0	0.5909090909090909	1.0	False	False	False	not_testable
17_+_45234831_45234849	30min	3	3	0.13661794458895904	0.11707031707031701	-0.01954762751864203	0.01954762751864203	0.05484641140618994	0.0321268942257672	0.0769230769230769	0.1847826086956521	0.081081081081081	0.1428571428571428	True	True	False	small
11_+_118364677_118364703	30min	3	3	0.5074074074074074	0.4019157088122605	-0.1054916985951469	0.1054916985951469	0.4576285265504732	0.24355975580613956	0.0	0.8888888888888888	0.2	0.6724137931034483	True	True	False	exploratory
15_+_40854059_40854086	30min	0	0											False	False	False	not_testable
10_+_89013342_89013367	30min	0	3		0.0				0.0			0.0	0.0	False	False	False	not_testable
1_+_78620943_78620971	30min	2	2	0.2727272727272727	0.0	-0.2727272727272727	0.2727272727272727	0.385694607919935	0.0	0.0	0.5454545454545454	0.0	0.0	True	False	False	strong
4_-_82899712_82899737	30min	3	3	0.6198879551820728	0.6790919952210275	0.05920404003895463	0.05920404003895463	0.1384549947141068	0.1835130114988092	0.5	0.7714285714285715	0.5483870967741935	0.8888888888888888	True	True	False	small
1_+_161339561_161339588	30min	3	3	0.26809269162210336	0.37784188635581817	0.1097491947337148	0.1097491947337148	0.2503595363331791	0.058260853009493796	0.0588235294117647	0.5454545454545454	0.3157894736842105	0.4313725490196078	True	True	False	exploratory
14_-_65101545_65101572	30min	3	3	0.8998694885361552	0.8525902596339258	-0.047279228902229464	0.047279228902229464	0.08459637863670637	0.030646883106216383	0.8148148148148148	0.984	0.8341232227488151	0.8879668049792531	True	True	False	small
14_-_21263310_21263336	30min	3	3	0.2662915757673248	0.2902952405631427	0.02400366479581789	0.02400366479581789	0.035171353339094054	0.0266351949465874	0.2273901808785529	0.295843520782396	0.2606924643584521	0.3123209169054441	True	True	False	small
5_-_177310667_177310697	30min	2	3	1.0	1.0	0.0	0.0	0.0	0.0	1.0	1.0	1.0	1.0	True	False	False	small
3_+_37337142_37337163	30min	3	3	0.9102564102564102	0.9844961240310077	0.07423971377459748	0.07423971377459748	0.15544045708951465	0.026853500892540783	0.7307692307692307	1.0	0.9534883720930232	1.0	True	True	False	small
1_+_39436481_39436490	30min	3	3	0.8094325852946542	0.7982777188819897	-0.0111548664126645	0.0111548664126645	0.10120870859981577	0.07658872288885411	0.6984126984126984	0.896551724137931	0.7183098591549296	0.8709677419354839	True	True	False	small
18_+_51049294_51049324	30min	1	2	1.0	1.0				0.0	1.0	1.0	1.0	1.0	False	False	False	not_testable
12_-_68316580_68316610	30min	1	0	0.8						0.8	0.8			False	False	False	not_testable
8_+_144242601_144242628	30min	3	3	0.8271873790166473	0.4983709273182957	-0.3288164516983516	0.3288164516983516	0.13423432668884475	0.31144894097815506	0.7142857142857143	0.975609756097561	0.2	0.8214285714285714	True	True	False	strong
11_+_70350993_70351023	30min	2	3	0.569327731092437	0.7757109557109557	0.20638322461851877	0.20638322461851877	0.30601680026140504	0.1664329983732054	0.3529411764705882	0.7857142857142857	0.6363636363636364	0.96	True	False	False	strong
11_+_62141499_62141511	30min	2	3	0.8529411764705883	0.9824561403508772	0.12951496388028894	0.12951496388028894	0.2079725827019257	0.030386856273138165	0.7058823529411765	1.0	0.9473684210526316	1.0	True	False	False	exploratory
19_+_35009422_35009443	30min	3	3	0.9722160916157826	0.9878337081243153	0.015617616508532661	0.015617616508532661	0.029060129900026068	0.014608742921096015	0.9420289855072465	1.0	0.9716312056737588	1.0	True	True	False	small
17_+_67553609_67553617	30min	3	3	1.0	1.0	0.0	0.0	0.0	0.0	1.0	1.0	1.0	1.0	True	True	False	small
15_-_50346371_50346395	30min	2	3	0.18039215686274504	0.5429292929292929	0.3625371360665479	0.3625371360665479	0.1608321306228226	0.1628934689178802	0.0666666666666666	0.2941176470588235	0.3636363636363636	0.6818181818181818	True	False	True	strong
17_+_42985650_42985656	30min	3	3	0.3333333333333333	0.3416666666666666	0.008333333333333304	0.008333333333333304	0.5773502691896258	0.31655699855370967	0.0	1.0	0.0	0.625	True	True	False	small
16_+_19575097_19575122	30min	2	3	1.0	1.0	0.0	0.0	0.0	0.0	1.0	1.0	1.0	1.0	True	False	False	small
10_+_78040203_78040225	30min	3	3	0.7310387120489756	0.719164360573453	-0.011874351475522626	0.011874351475522626	0.024080731496342628	0.007846734458224128	0.7057627118644068	0.7537128712871287	0.7106992022524636	0.7261946285315661	True	True	False	small
5_-_151110626_151110644	30min	3	3	0.8310847274689692	0.9093939393939395	0.07830921192497031	0.07830921192497031	0.1652671893582627	0.09091060604797997	0.6697247706422018	1.0	0.8181818181818182	1.0	True	True	False	small
10_+_99750368_99750396	30min	3	3	1.0	1.0	0.0	0.0	0.0	0.0	1.0	1.0	1.0	1.0	True	True	False	small
8_-_27290155_27290178	30min	2	3	0.6053639846743295	0.9063492063492062	0.30098522167487674	0.30098522167487674	0.07043975598026907	0.10966174888518015	0.5555555555555556	0.6551724137931034	0.7857142857142857	1.0	True	False	True	strong
11_-_5667688_5667711	30min	1	1	1.0	1.0					1.0	1.0	1.0	1.0	False	False	False	not_testable
9_+_128162003_128162007	30min	3	3	0.06151354446319637	0.053627176975589164	-0.007886367487607203	0.007886367487607203	0.05359869777140832	0.0116186683803691	0.0038167938931297	0.1097560975609756	0.0466321243523316	0.0670391061452514	True	True	False	small
11_-_78441090_78441117	30min	2	3	0.6958041958041958	0.5265700483091788	-0.16923414749501708	0.16923414749501708	0.2126265146225283	0.3602763686695898	0.5454545454545454	0.8461538461538461	0.2	0.9130434782608696	True	False	False	exploratory
13_+_25319325_25319350	30min	3	3	0.13015873015873014	0.10416666666666667	-0.02599206349206347	0.02599206349206347	0.11282130567566259	0.09547032697824666	0.0	0.2	0.0	0.1875	True	True	False	small
10_-_26771074_26771089	30min	3	3	0.08819603356216626	0.0719283396811962	-0.01626769388097006	0.01626769388097006	0.03620012960725869	0.06860967147170044	0.0526315789473684	0.125	0.0294117647058823	0.1510791366906475	True	True	False	small
2_+_237987962_237987992	30min	3	3	1.0	1.0	0.0	0.0	0.0	0.0	1.0	1.0	1.0	1.0	True	True	False	small
1_-_173865541_173865547	30min	3	3	0.0014181770214416998	0.00501069594352	0.0035925189220783003	0.0035925189220783003	0.0012370681299190979	0.00518458461306457	0.0	0.0022753128555176	0.0	0.0103532277710109	True	True	False	small
17_-_16151589_16151616	30min	3	2	0.2159090909090909	0.4161490683229814	0.20023997741389046	0.20023997741389046	0.19384911487763615	0.21959837925048056	0.0	0.375	0.2608695652173913	0.5714285714285714	True	False	False	strong
19_-_14152132_14152150	30min	3	3	0.7839937071010797	0.6983135805615733	-0.08568012653950641	0.08568012653950641	0.1224276350731627	0.16736367391625795	0.6511627906976745	0.8923076923076924	0.5084745762711864	0.8245614035087719	True	True	False	small
12_-_6330266_6330295	30min	3	3	0.557422969187675	0.5357420357420357	-0.02168093344563926	0.02168093344563926	0.4292574286720566	0.14666031171971022	0.1428571428571428	1.0	0.4102564102564102	0.696969696969697	True	True	False	small
3_-_180986997_180987022	30min	3	3	0.08940825497526524	0.0144944661073693	-0.07491378886789593	0.07491378886789593	0.07556649290794452	0.006480949494625325	0.0329670329670329	0.1752577319587628	0.010752688172043	0.0219780219780219	True	True	True	small
2_+_241324215_241324241	30min	3	3	0.9535330261136713	0.9284802043422733	-0.025052821771398004	0.025052821771398004	0.05496651515515226	0.06205635051471951	0.8928571428571429	1.0	0.8888888888888888	1.0	True	True	False	small
22_+_30023456_30023483	30min	3	3	0.4352770885028949	0.4288778042844406	-0.006399284218454315	0.006399284218454315	0.2469857923495381	0.17959349921073461	0.2307692307692307	0.7096774193548387	0.2222222222222222	0.5471698113207547	True	True	False	small
1_-_58690225_58690249	30min	3	3	0.4368131868131868	0.39902319902319894	-0.03778998778998788	0.03778998778998788	0.42374536890039666	0.2543932529245019	0.0	0.8461538461538461	0.238095238095238	0.6923076923076923	True	True	False	small
15_-_52348817_52348826	30min	3	3	0.9509803921568628	0.9565217391304347	0.005541346973571892	0.005541346973571892	0.08490445135141557	0.07530655685082077	0.8529411764705882	1.0	0.8695652173913043	1.0	True	True	False	small
8_-_124580550_124580562	30min	0	0											False	False	False	not_testable
12_+_62566013_62566031	30min	2	2	0.7708333333333333	1.0	0.22916666666666674	0.22916666666666674	0.14731391274719743	0.0	0.6666666666666666	0.875	1.0	1.0	True	False	True	strong
15_-_78294945_78294973	30min	2	2	1.0	0.4230769230769231	-0.5769230769230769	0.5769230769230769	0.0	0.5983211225424633	1.0	1.0	0.0	0.8461538461538461	True	False	True	strong
19_+_2097928_2097955	30min	2	3	0.6111111111111112	0.7851851851851852	0.17407407407407405	0.17407407407407405	0.5499719409228703	0.2225922844639514	0.2222222222222222	1.0	0.5555555555555556	1.0	True	False	False	exploratory
20_-_50945736_50945762	30min	3	3	0.6152293776910448	0.6253709668229697	0.010141589131924866	0.010141589131924866	0.0033742981634860398	0.07111946531808042	0.6113744075829384	0.6176470588235294	0.5591397849462365	0.7005347593582888	True	True	False	small
12_-_42322417_42322446	30min	3	3	0.4367955721679126	0.5419436530547641	0.10514808088685151	0.10514808088685151	0.1621819132510978	0.13715164464015303	0.2553191489361702	0.5675675675675675	0.3950617283950617	0.6666666666666666	True	True	False	exploratory
17_-_75146665_75146684	30min	3	3	1.0	1.0	0.0	0.0	0.0	0.0	1.0	1.0	1.0	1.0	True	True	False	small
1_+_222648828_222648850	30min	3	3	0.9866666666666667	0.9584680025856497	-0.02819866408101701	0.02819866408101701	0.023094010767585053	0.059654751695745765	0.96	1.0	0.8901098901098901	1.0	True	True	False	small
20_+_32367726_32367729	30min	3	3	0.9577352472089314	0.9679070170873448	0.010171769878413395	0.010171769878413395	0.06215876989183132	0.03175171896065034	0.8863636363636364	1.0	0.9365079365079364	1.0	True	True	False	small
17_-_10729030_10729060	30min	1	3	1.0	0.7450980392156863				0.4415031470273609	1.0	1.0	0.2352941176470588	1.0	False	False	False	not_testable
10_-_71823887_71823896	30min	3	3	0.19583550931319374	0.14561327561327556	-0.050222233699918184	0.050222233699918184	0.09542104809326986	0.06477701303810897	0.0909090909090909	0.2774193548387096	0.0909090909090909	0.2171428571428571	True	True	False	small
17_-_7676381_7676403	30min	3	3	0.5188120337374068	0.4038054538054537	-0.11500657993195312	0.11500657993195312	0.1024513206137568	0.07379955852799348	0.4230769230769231	0.6268656716417911	0.3571428571428571	0.4888888888888889	True	True	False	exploratory
6_+_31587943_31587966	30min	3	3	0.6639249639249639	0.47413775331395475	-0.18978721061100917	0.18978721061100917	0.2525670136567699	0.1639646916015943	0.3857142857142857	0.8787878787878788	0.3043478260869565	0.631578947368421	True	True	False	exploratory
6_+_169766637_169766667	30min	3	3	0.9871794871794872	0.9488432714239167	-0.03833621575557056	0.03833621575557056	0.02220577958421636	0.06277709940435088	0.9615384615384616	1.0	0.8787878787878788	1.0	True	True	False	small
11_+_64354003_64354028	30min	3	3	0.06986598127251316	0.07689817466378453	0.0070321933912713686	0.0070321933912713686	0.036226656645639135	0.03204952258173594	0.0313199105145413	0.1032110091743119	0.0422163588390501	0.1054216867469879	True	True	False	small
12_+_105348601_105348626	30min	1	3	1.0	1.0				0.0	1.0	1.0	1.0	1.0	False	False	False	not_testable
17_-_1515568_1515585	30min	3	3	0.03993055555555553	0.07700729037134567	0.03707673481579014	0.03707673481579014	0.048393610641549845	0.057292830064878356	0.0	0.09375	0.0258064516129032	0.1388888888888889	True	True	False	small
9_+_128609650_128609665	30min	3	3	0.466284348864994	0.4506653086274663	-0.015619040237527693	0.015619040237527693	0.05445907591878369	0.07535226877298441	0.4111111111111111	0.52	0.3858267716535433	0.5333333333333333	True	True	False	small
22_+_17097061_17097086	30min	3	3	1.0	1.0	0.0	0.0	0.0	0.0	1.0	1.0	1.0	1.0	True	True	False	small
16_-_67236410_67236434	30min	2	1	0.6451612903225806	0.0			0.5018177156807757		0.2903225806451613	1.0	0.0	0.0	False	False	False	not_testable
11_-_47635544_47635571	30min	3	3	1.0	1.0	0.0	0.0	0.0	0.0	1.0	1.0	1.0	1.0	True	True	False	small
19_-_3017839_3017859	30min	3	3	0.8690476190476191	1.0	0.13095238095238093	0.13095238095238093	0.2268161771816387	0.0	0.6071428571428571	1.0	1.0	1.0	True	True	False	exploratory
1_-_32634767_32634792	30min	3	0	0.3947368421052631				0.3540427380808871		0.0	0.6842105263157895			False	False	False	not_testable
19_+_10808568_10808580	30min	3	3	0.9733333333333333	0.9973753280839895	0.02404199475065627	0.02404199475065627	0.046188021535170036	0.004546065111729392	0.92	1.0	0.9921259842519684	1.0	True	True	False	small
12_-_6549475_6549484	30min	2	1	0.5	1.0			0.7071067811865476		0.0	1.0	1.0	1.0	False	False	False	not_testable
16_-_28905866_28905878	30min	3	3	0.9833333333333334	1.0	0.016666666666666607	0.016666666666666607	0.028867513459481315	0.0	0.95	1.0	1.0	1.0	True	True	False	small
13_-_21425651_21425678	30min	3	3	1.0	1.0	0.0	0.0	0.0	0.0	1.0	1.0	1.0	1.0	True	True	False	small
14_+_55137369_55137391	30min	1	0	1.0						1.0	1.0			False	False	False	not_testable
11_+_112230207_112230230	30min	3	3	0.6334659593280283	0.5125787046132831	-0.12088725471474515	0.12088725471474515	0.23368054187580178	0.049460892319071956	0.45	0.896551724137931	0.4556962025316455	0.5454545454545454	True	True	False	exploratory
17_-_8589080_8589108	30min	0	0											False	False	False	not_testable
19_+_18122106_18122127	30min	3	3	0.2857142857142857	0.7705627705627706	0.48484848484848486	0.48484848484848486	0.49487165930539345	0.3587527665882403	0.0	0.8571428571428571	0.3571428571428571	1.0	True	True	False	strong
10_-_31839304_31839319	30min	3	3	0.9824561403508772	0.8928571428571429	-0.08959899749373434	0.08959899749373434	0.030386856273138165	0.18557687223952254	0.9473684210526316	1.0	0.6785714285714286	1.0	True	True	False	small
19_+_53563762_53563792	30min	3	3	0.11946267432321574	0.05645065153944173	-0.063012022783774	0.063012022783774	0.07910365285989793	0.02115951264748612	0.0377358490566037	0.1956521739130435	0.0440251572327044	0.0808823529411764	True	True	False	small
16_+_57062158_57062173	30min	3	3	0.2836302552063663	0.16623277476122453	-0.11739748044514178	0.11739748044514178	0.031395068642548526	0.05000915534477584	0.2486187845303867	0.3092783505154639	0.1329787234042553	0.2237442922374429	True	True	True	exploratory
20_-_63943652_63943669	30min	3	3	1.0	1.0	0.0	0.0	0.0	0.0	1.0	1.0	1.0	1.0	True	True	False	small
6_-_34247466_34247492	30min	2	3	1.0	0.8039215686274509	-0.1960784313725491	0.1960784313725491	0.0	0.17970885078258195	1.0	1.0	0.6470588235294118	1.0	True	False	False	exploratory
14_+_39279336_39279358	30min	3	3	1.0	1.0	0.0	0.0	0.0	0.0	1.0	1.0	1.0	1.0	True	True	False	small
3_+_184180644_184180650	30min	3	3	0.20879508939301492	0.188893992898265	-0.019901096494749915	0.019901096494749915	0.0772826637047588	0.09174369842733977	0.1272727272727272	0.2809917355371901	0.0848214285714285	0.2580645161290322	True	True	False	small
14_+_52004239_52004242	30min	3	3	0.03009078668307877	0.043420122354727364	0.013329335671648596	0.013329335671648596	0.04759843815683571	0.014020557090604284	0.0	0.0849673202614379	0.0281329923273657	0.0556792873051225	True	True	False	small
X_-_48998153_48998180	30min	3	3	0.9869791666666666	1.0	0.01302083333333337	0.01302083333333337	0.022552744890219755	0.0	0.9609375	1.0	1.0	1.0	True	True	False	small
9_+_128627924_128627942	30min	3	3	0.8596598520589435	0.805074555074555	-0.05458529698438841	0.05458529698438841	0.042358047425289834	0.06552793058786138	0.8247422680412371	0.9067796610169492	0.7380952380952381	0.8690476190476191	True	True	False	small
19_-_6479986_6479990	30min	3	3	0.11399785896430187	0.10976483039199514	-0.00423302857230673	0.00423302857230673	0.027864377073949096	0.11477653347691809	0.087248322147651	0.1428571428571428	0.0077519379844961	0.2340425531914893	True	True	False	small
16_+_3067983_3068010	30min	3	3	0.9691289294351525	0.9600709600269525	-0.009057969408200028	0.009057969408200028	0.018119802485144252	0.02832727063399002	0.950375939849624	0.9865410497981156	0.9300476947535772	0.9863247863247864	True	True	False	small
3_+_180915675_180915696	30min	3	3	0.9242424242424243	1.0	0.07575757575757569	0.07575757575757569	0.08436006610348516	0.0	0.8333333333333334	1.0	1.0	1.0	True	True	False	small
9_+_131232283_131232308	30min	3	3	0.9165362545644236	1.0	0.08346374543557644	0.08346374543557644	0.12099094800329437	0.0	0.7777777777777778	1.0	1.0	1.0	True	True	False	small
12_-_76049755_76049785	30min	3	3	0.8327128499699885	0.8143924991913213	-0.018320350778667227	0.018320350778667227	0.034194040046538546	0.008645234191417198	0.7985004686035614	0.8668885191347754	0.8053753475440223	0.8226102941176471	True	True	False	small
19_+_55343977_55343997	30min	3	3	1.0	1.0	0.0	0.0	0.0	0.0	1.0	1.0	1.0	1.0	True	True	False	small
18_+_35972884_35972907	30min	3	3	0.43948615177889055	0.6014030414030413	0.1619168896241508	0.1619168896241508	0.1873614725856069	0.19945457967106126	0.2231404958677686	0.5481481481481482	0.4358974358974359	0.8228571428571428	True	True	False	exploratory
5_+_176103755_176103780	30min	3	3	1.0	1.0	0.0	0.0	0.0	0.0	1.0	1.0	1.0	1.0	True	True	False	small
16_+_31182397_31182422	30min	3	3	1.0	1.0	0.0	0.0	0.0	0.0	1.0	1.0	1.0	1.0	True	True	False	small
2_+_169614463_169614493	30min	3	3	0.9624413145539906	0.991869918699187	0.029428604145196324	0.029428604145196324	0.06505355145798598	0.014081713882673812	0.8873239436619719	1.0	0.975609756097561	1.0	True	True	False	small
10_-_68073656_68073686	30min	3	2	1.0	1.0	0.0	0.0	0.0	0.0	1.0	1.0	1.0	1.0	True	False	False	small
5_+_111094919_111094947	30min	3	3	1.0	1.0	0.0	0.0	0.0	0.0	1.0	1.0	1.0	1.0	True	True	False	small
15_+_44716328_44716356	30min	3	3	0.3969342655657592	0.38137366470916745	-0.015560600856591777	0.015560600856591777	0.01690246658146208	0.006039057483908102	0.381940176193403	0.4152514922955902	0.3744369642078752	0.3854599590596116	True	True	False	small
15_-_48166120_48166128	30min	1	1	1.0	1.0					1.0	1.0	1.0	1.0	False	False	False	not_testable
22_-_27897129_27897137	30min	3	3	1.0	1.0	0.0	0.0	0.0	0.0	1.0	1.0	1.0	1.0	True	True	False	small
2_-_95901177_95901206	30min	1	1	1.0	1.0					1.0	1.0	1.0	1.0	False	False	False	not_testable
16_+_81693157_81693184	30min	3	3	1.0	1.0	0.0	0.0	0.0	0.0	1.0	1.0	1.0	1.0	True	True	False	small
19_+_18433584_18433613	30min	3	3	0.9131742961530196	0.8398065507367832	-0.07336774541623636	0.07336774541623636	0.01541700987229811	0.10850423515033997	0.896969696969697	0.9276595744680852	0.7297297297297297	0.9466666666666668	True	True	False	small
16_-_23478882_23478911	30min	3	3	1.0	1.0	0.0	0.0	0.0	0.0	1.0	1.0	1.0	1.0	True	True	False	small
1_+_43958241_43958268	30min	0	2		1.0				0.0			1.0	1.0	False	False	False	not_testable
19_+_45070536_45070561	30min	3	3	1.0	1.0	0.0	0.0	0.0	0.0	1.0	1.0	1.0	1.0	True	True	False	small
9_+_130200957_130200982	30min	0	0											False	False	False	not_testable
8_+_2142374_2142397	30min	0	0											False	False	False	not_testable
1_+_223757368_223757380	30min	3	3	1.0	1.0	0.0	0.0	0.0	0.0	1.0	1.0	1.0	1.0	True	True	False	small
11_+_118349026_118349050	30min	3	3	1.0	1.0	0.0	0.0	0.0	0.0	1.0	1.0	1.0	1.0	True	True	False	small
6_+_144846804_144846827	30min	3	3	1.0	1.0	0.0	0.0	0.0	0.0	1.0	1.0	1.0	1.0	True	True	False	small
1_-_228397142_228397165	30min	3	3	1.0	1.0	0.0	0.0	0.0	0.0	1.0	1.0	1.0	1.0	True	True	False	small
15_-_50578638_50578664	30min	3	3	1.0	1.0	0.0	0.0	0.0	0.0	1.0	1.0	1.0	1.0	True	True	False	small
20_+_45813436_45813464	30min	0	0											False	False	False	not_testable
15_+_42402123_42402135	30min	3	3	0.800358422939068	0.318732729259045	-0.481625693680023	0.481625693680023	0.28997656268461786	0.10151217429727041	0.4677419354838709	1.0	0.2571428571428571	0.4358974358974359	True	True	True	strong
2_+_205766782_205766803	30min	0	0											False	False	False	not_testable
14_-_75022994_75023018	30min	1	2	1.0	1.0				0.0	1.0	1.0	1.0	1.0	False	False	False	not_testable
11_-_62852655_62852681	30min	3	3	0.24504283865963813	0.21259930331874802	-0.03244353534089012	0.03244353534089012	0.025901167889486792	0.016550354849236865	0.2265625	0.2746478873239437	0.1971830985915492	0.2300884955752212	True	True	False	small
22_+_31192683_31192702	30min	2	3	1.0	1.0	0.0	0.0	0.0	0.0	1.0	1.0	1.0	1.0	True	False	False	small
22_-_41468123_41468147	30min	3	3	0.9759744188056348	0.9636564985402195	-0.012317920265415339	0.012317920265415339	0.020864835157092018	0.05319738671382777	0.962406015037594	1.0	0.9025974025974026	1.0	True	True	False	small
19_+_17861292_17861307	30min	3	3	0.032020298200669504	0.0	-0.032020298200669504	0.032020298200669504	0.006031811128787793	0.0	0.0275862068965517	0.0388888888888888	0.0	0.0	True	True	True	small
10_-_24666984_24667009	30min	1	0	1.0						1.0	1.0			False	False	False	not_testable
11_+_118307287_118307308	30min	3	3	1.0	1.0	0.0	0.0	0.0	0.0	1.0	1.0	1.0	1.0	True	True	False	small
10_-_114440081_114440089	30min	3	3	1.0	1.0	0.0	0.0	0.0	0.0	1.0	1.0	1.0	1.0	True	True	False	small
2_+_97207810_97207839	30min	2	3	1.0	1.0	0.0	0.0	0.0	0.0	1.0	1.0	1.0	1.0	True	False	False	small
5_-_177740776_177740801	30min	3	3	1.0	1.0	0.0	0.0	0.0	0.0	1.0	1.0	1.0	1.0	True	True	False	small
22_+_17105590_17105602	30min	3	3	1.0	1.0	0.0	0.0	0.0	0.0	1.0	1.0	1.0	1.0	True	True	False	small
22_+_20553144_20553174	30min	3	3	0.9778590966215717	0.9749816483149817	-0.0028774483065899803	0.0028774483065899803	0.02415665845411874	0.010455556481476683	0.9520958083832336	1.0	0.9629629629629628	0.981981981981982	True	True	False	small
3_-_52409713_52409743	30min	3	3	1.0	1.0	0.0	0.0	0.0	0.0	1.0	1.0	1.0	1.0	True	True	False	small
11_+_48110057_48110076	30min	3	3	1.0	1.0	0.0	0.0	0.0	0.0	1.0	1.0	1.0	1.0	True	True	False	small
17_-_41620535_41620558	30min	0	0											False	False	False	not_testable
6_+_26448616_26448637	30min	3	3	1.0	1.0	0.0	0.0	0.0	0.0	1.0	1.0	1.0	1.0	True	True	False	small
1_-_183564004_183564030	30min	0	1		1.0							1.0	1.0	False	False	False	not_testable
21_+_46000758_46000767	30min	3	3	1.0	1.0	0.0	0.0	0.0	0.0	1.0	1.0	1.0	1.0	True	True	False	small
1_+_168239130_168239160	30min	3	3	1.0	1.0	0.0	0.0	0.0	0.0	1.0	1.0	1.0	1.0	True	True	False	small
2_-_237359361_237359388	30min	2	0	1.0				0.0		1.0	1.0			False	False	False	not_testable
4_-_152644414_152644442	30min	1	2	1.0	1.0				0.0	1.0	1.0	1.0	1.0	False	False	False	not_testable
18_-_74260914_74260944	30min	3	1	1.0	1.0			0.0		1.0	1.0	1.0	1.0	False	False	False	not_testable
12_+_110636480_110636501	30min	1	1	1.0	0.0					1.0	1.0	0.0	0.0	False	False	False	not_testable
1_+_42659227_42659251	30min	3	3	0.728102304149776	0.743859649122807	0.01575734497303105	0.01575734497303105	0.2214617038538123	0.22238528950864317	0.4893617021276595	0.926829268292683	0.6	1.0	True	True	False	small
1_-_41160874_41160898	30min	2	3	1.0	1.0	0.0	0.0	0.0	0.0	1.0	1.0	1.0	1.0	True	False	False	small
15_-_49028143_49028168	30min	3	3	1.0	1.0	0.0	0.0	0.0	0.0	1.0	1.0	1.0	1.0	True	True	False	small
3_+_42630545_42630575	30min	3	3	0.22160020226183183	0.15655351797106784	-0.06504668429076399	0.06504668429076399	0.10181991799019743	0.03548978621954628	0.1571428571428571	0.3389830508474576	0.1234567901234567	0.1940298507462686	True	True	False	small
19_-_38922237_38922267	30min	3	3	0.521062271062271	0.16666666666666666	-0.35439560439560436	0.35439560439560436	0.1994803154409984	0.2886751345948129	0.3846153846153846	0.75	0.0	0.5	True	True	False	strong
19_+_17275800_17275825	30min	3	3	0.9841269841269842	0.991869918699187	0.007742934572202764	0.007742934572202764	0.027492869961410715	0.014081713882673812	0.9523809523809524	1.0	0.975609756097561	1.0	True	True	False	small
17_-_28350765_28350792	30min	3	3	1.0	1.0	0.0	0.0	0.0	0.0	1.0	1.0	1.0	1.0	True	True	False	small
10_-_119161054_119161081	30min	2	2	0.8361111111111111	0.8809523809523809	0.04484126984126979	0.04484126984126979	0.04321208107251124	0.1683587574253685	0.8055555555555556	0.8666666666666667	0.7619047619047619	1.0	True	False	False	small
2_+_42264705_42264731	30min	3	3	1.0	1.0	0.0	0.0	0.0	0.0	1.0	1.0	1.0	1.0	True	True	False	small
11_+_121306458_121306486	30min	3	3	0.496937283685404	0.536614420542992	0.039677136857588	0.039677136857588	0.20854129709688826	0.1388596611417376	0.3673469387755102	0.7375	0.3958333333333333	0.673469387755102	True	True	False	small
14_-_52658123_52658150	30min	3	3	1.0	1.0	0.0	0.0	0.0	0.0	1.0	1.0	1.0	1.0	True	True	False	small
2_-_73023187_73023214	30min	1	2	1.0	1.0				0.0	1.0	1.0	1.0	1.0	False	False	False	not_testable
17_-_64353490_64353518	30min	3	3	1.0	1.0	0.0	0.0	0.0	0.0	1.0	1.0	1.0	1.0	True	True	False	small
17_+_27585656_27585661	30min	1	1	1.0	1.0					1.0	1.0	1.0	1.0	False	False	False	not_testable
2_+_113632914_113632944	30min	3	3	1.0	1.0	0.0	0.0	0.0	0.0	1.0	1.0	1.0	1.0	True	True	False	small
6_-_13652658_13652681	30min	3	3	1.0	1.0	0.0	0.0	0.0	0.0	1.0	1.0	1.0	1.0	True	True	False	small
3_-_129159153_129159176	30min	3	3	1.0	1.0	0.0	0.0	0.0	0.0	1.0	1.0	1.0	1.0	True	True	False	small
10_-_119159727_119159753	30min	2	1	1.0	1.0			0.0		1.0	1.0	1.0	1.0	False	False	False	not_testable
6_+_25973053_25973076	30min	3	3	1.0	1.0	0.0	0.0	0.0	0.0	1.0	1.0	1.0	1.0	True	True	False	small
2_+_97250143_97250173	30min	3	3	1.0	1.0	0.0	0.0	0.0	0.0	1.0	1.0	1.0	1.0	True	True	False	small
19_+_35148693_35148723	30min	3	3	1.0	1.0	0.0	0.0	0.0	0.0	1.0	1.0	1.0	1.0	True	True	False	small
2_-_95927380_95927409	30min	3	2	1.0	1.0	0.0	0.0	0.0	0.0	1.0	1.0	1.0	1.0	True	False	False	small
19_+_41893273_41893303	30min	3	3	1.0	0.9996969696969696	-0.0003030303030303605	0.0003030303030303605	0.0	0.0005248638810813851	1.0	1.0	0.9990909090909093	1.0	True	True	False	small
11_+_113323993_113324015	30min	2	3	1.0	1.0	0.0	0.0	0.0	0.0	1.0	1.0	1.0	1.0	True	False	False	small
X_-_40729318_40729345	30min	3	3	1.0	1.0	0.0	0.0	0.0	0.0	1.0	1.0	1.0	1.0	True	True	False	small
1_-_19770541_19770569	30min	3	3	1.0	1.0	0.0	0.0	0.0	0.0	1.0	1.0	1.0	1.0	True	True	False	small
11_+_123584311_123584332	30min	0	0											False	False	False	not_testable
6_+_26466061_26466088	30min	3	3	1.0	1.0	0.0	0.0	0.0	0.0	1.0	1.0	1.0	1.0	True	True	False	small
6_-_135404950_135404977	30min	1	2	1.0	1.0				0.0	1.0	1.0	1.0	1.0	False	False	False	not_testable
2_-_174380803_174380814	30min	3	3	1.0	1.0	0.0	0.0	0.0	0.0	1.0	1.0	1.0	1.0	True	True	False	small
2_+_97217176_97217205	30min	3	3	1.0	1.0	0.0	0.0	0.0	0.0	1.0	1.0	1.0	1.0	True	True	False	small
6_+_26411108_26411135	30min	3	3	1.0	1.0	0.0	0.0	0.0	0.0	1.0	1.0	1.0	1.0	True	True	False	small
17_-_3881626_3881648	30min	0	2		1.0				0.0			1.0	1.0	False	False	False	not_testable
11_+_5706593_5706616	30min	3	3	1.0	0.9967845659163986	-0.003215434083601365	0.003215434083601365	0.0	0.005569295201186174	1.0	1.0	0.990353697749196	1.0	True	True	False	small
6_-_43568710_43568737	30min	3	3	1.0	1.0	0.0	0.0	0.0	0.0	1.0	1.0	1.0	1.0	True	True	False	small
2_+_97189086_97189115	30min	2	3	1.0	1.0	0.0	0.0	0.0	0.0	1.0	1.0	1.0	1.0	True	False	False	small
2_-_168074981_168075011	30min	3	3	1.0	1.0	0.0	0.0	0.0	0.0	1.0	1.0	1.0	1.0	True	True	False	small
1_+_246641748_246641770	30min	3	3	1.0	1.0	0.0	0.0	0.0	0.0	1.0	1.0	1.0	1.0	True	True	False	small
2_+_97204067_97204096	30min	3	3	1.0	1.0	0.0	0.0	0.0	0.0	1.0	1.0	1.0	1.0	True	True	False	small
5_-_39139232_39139252	30min	3	3	1.0	1.0	0.0	0.0	0.0	0.0	1.0	1.0	1.0	1.0	True	True	False	small
19_+_582305_582330	30min	3	3	1.0	1.0	0.0	0.0	0.0	0.0	1.0	1.0	1.0	1.0	True	True	False	small
5_+_139276120_139276150	30min	3	3	1.0	1.0	0.0	0.0	0.0	0.0	1.0	1.0	1.0	1.0	True	True	False	small
2_+_97202201_97202230	30min	3	3	1.0	1.0	0.0	0.0	0.0	0.0	1.0	1.0	1.0	1.0	True	True	False	small
5_+_176097354_176097379	30min	3	3	1.0	1.0	0.0	0.0	0.0	0.0	1.0	1.0	1.0	1.0	True	True	False	small
22_-_36327460_36327488	30min	3	3	1.0	1.0	0.0	0.0	0.0	0.0	1.0	1.0	1.0	1.0	True	True	False	small
13_-_49732746_49732776	30min	3	3	1.0	1.0	0.0	0.0	0.0	0.0	1.0	1.0	1.0	1.0	True	True	False	small
21_-_39348421_39348451	30min	3	3	0.5452954787959999	0.5132037810306062	-0.03209169776539378	0.03209169776539378	0.06958813569158363	0.03553781067339314	0.4910714285714285	0.6237623762376238	0.4729729729729729	0.5403225806451613	True	True	False	small
8_+_17184788_17184815	30min	3	3	1.0	1.0	0.0	0.0	0.0	0.0	1.0	1.0	1.0	1.0	True	True	False	small
6_+_26409893_26409914	30min	3	3	0.8085531415959721	0.8325114970042505	0.023958355408278398	0.023958355408278398	0.0504478027050267	0.05502615908593671	0.7653631284916201	0.864	0.7753623188405797	0.8851351351351351	True	True	False	small
13_-_75537663_75537675	30min	3	3	1.0	0.9994058229352346	-0.0005941770647653888	0.0005941770647653888	0.0	0.0010291448648657327	1.0	1.0	0.998217468805704	1.0	True	True	False	small
6_-_136705109_136705133	30min	3	3	1.0	1.0	0.0	0.0	0.0	0.0	1.0	1.0	1.0	1.0	True	True	False	small
12_+_123652706_123652735	30min	3	2	1.0	1.0	0.0	0.0	0.0	0.0	1.0	1.0	1.0	1.0	True	False	False	small
22_+_40251178_40251200	30min	3	2	1.0	1.0	0.0	0.0	0.0	0.0	1.0	1.0	1.0	1.0	True	False	False	small
22_-_41607839_41607861	30min	3	3	1.0	1.0	0.0	0.0	0.0	0.0	1.0	1.0	1.0	1.0	True	True	False	small
17_-_48363788_48363814	30min	3	3	1.0	1.0	0.0	0.0	0.0	0.0	1.0	1.0	1.0	1.0	True	True	False	small
17_-_75937565_75937593	30min	0	0											False	False	False	not_testable
16_-_934243_934254	30min	3	3	0.9779314888010541	0.8840579710144928	-0.09387351778656128	0.09387351778656128	0.021746615072785316	0.200817484935522	0.9565217391304348	1.0	0.6521739130434783	1.0	True	True	False	small
X_-_80809012_80809042	30min	3	3	1.0	1.0	0.0	0.0	0.0	0.0	1.0	1.0	1.0	1.0	True	True	False	small
2_-_11218454_11218466	30min	2	0	0.2857142857142857				0.40406101782088427		0.0	0.5714285714285714			False	False	False	not_testable
19_+_6833710_6833733	30min	3	3	1.0	1.0	0.0	0.0	0.0	0.0	1.0	1.0	1.0	1.0	True	True	False	small
11_-_62852810_62852839	30min	3	3	0.2062848454264731	0.19361932153918507	-0.012665523887288033	0.012665523887288033	0.007704840253308044	0.0058208195753404685	0.2005988023952095	0.2150537634408602	0.1894179894179894	0.2002635046113307	True	True	True	small
19_-_3963642_3963669	30min	3	3	1.0	1.0	0.0	0.0	0.0	0.0	1.0	1.0	1.0	1.0	True	True	False	small
11_-_2951779_2951809	30min	3	3	1.0	1.0	0.0	0.0	0.0	0.0	1.0	1.0	1.0	1.0	True	True	False	small
11_+_5641166_5641189	30min	0	0											False	False	False	not_testable
19_+_17776246_17776271	30min	3	3	0.9080459770114943	0.9023569023569024	-0.005689074654591897	0.005689074654591897	0.1592690397764485	0.09165425985734812	0.7241379310344828	1.0	0.8181818181818182	1.0	True	True	False	small
7_+_36426014_36426036	30min	0	0											False	False	False	not_testable
5_-_39130589_39130612	30min	3	3	1.0	1.0	0.0	0.0	0.0	0.0	1.0	1.0	1.0	1.0	True	True	False	small
3_-_12600387_12600415	30min	3	3	0.6676124422026062	0.6455774333274781	-0.022035008875128104	0.022035008875128104	0.01783092779619079	0.12410147542531705	0.6502732240437158	0.6858974358974359	0.5033557046979866	0.7318840579710145	True	True	False	small
6_-_35870933_35870959	30min	3	3	1.0	1.0	0.0	0.0	0.0	0.0	1.0	1.0	1.0	1.0	True	True	False	small
3_-_15695187_15695214	30min	3	3	1.0	1.0	0.0	0.0	0.0	0.0	1.0	1.0	1.0	1.0	True	True	False	small
9_+_79654058_79654075	30min	2	3	1.0	1.0	0.0	0.0	0.0	0.0	1.0	1.0	1.0	1.0	True	False	False	small
11_+_5642816_5642843	30min	2	0	1.0				0.0		1.0	1.0			False	False	False	not_testable
21_-_46213024_46213052	30min	3	3	1.0	1.0	0.0	0.0	0.0	0.0	1.0	1.0	1.0	1.0	True	True	False	small
22_+_44193800_44193823	30min	3	3	1.0	1.0	0.0	0.0	0.0	0.0	1.0	1.0	1.0	1.0	True	True	False	small
11_+_35735425_35735445	30min	3	3	1.0	1.0	0.0	0.0	0.0	0.0	1.0	1.0	1.0	1.0	True	True	False	small
22_-_50267256_50267286	30min	2	3	1.0	1.0	0.0	0.0	0.0	0.0	1.0	1.0	1.0	1.0	True	False	False	small
17_-_64390488_64390515	30min	3	3	1.0	1.0	0.0	0.0	0.0	0.0	1.0	1.0	1.0	1.0	True	True	False	small
9_-_127953574_127953604	30min	3	3	1.0	1.0	0.0	0.0	0.0	0.0	1.0	1.0	1.0	1.0	True	True	False	small
16_-_67738012_67738035	30min	3	1	1.0	1.0			0.0		1.0	1.0	1.0	1.0	False	False	False	not_testable
1_-_40312455_40312479	30min	3	3	0.32675438596491224	0.42495543672014263	0.09820105075523039	0.09820105075523039	0.05747957202667174	0.33954496220490044	0.2631578947368421	0.375	0.0454545454545454	0.7	True	True	False	small
6_+_32179540_32179559	30min	2	3	1.0	1.0	0.0	0.0	0.0	0.0	1.0	1.0	1.0	1.0	True	False	False	small
12_-_96017556_96017580	30min	3	3	1.0	1.0	0.0	0.0	0.0	0.0	1.0	1.0	1.0	1.0	True	True	False	small
21_+_46003119_46003149	30min	3	3	1.0	1.0	0.0	0.0	0.0	0.0	1.0	1.0	1.0	1.0	True	True	False	small
4_+_112254746_112254773	30min	2	2	1.0	1.0	0.0	0.0	0.0	0.0	1.0	1.0	1.0	1.0	True	False	False	small
1_+_51748368_51748398	30min	2	2	1.0	1.0	0.0	0.0	0.0	0.0	1.0	1.0	1.0	1.0	True	False	False	small
11_-_62602758_62602779	30min	3	3	0.013530716150962102	0.031463589998409404	0.017932873847447302	0.017932873847447302	0.01248151317593023	0.005278459189351872	0.0031948881789137	0.0273972602739726	0.0260707635009311	0.0366197183098591	True	True	False	small
10_+_97452894_97452923	30min	2	2	0.5	1.0	0.5	0.5	0.7071067811865476	0.0	0.0	1.0	1.0	1.0	True	False	False	strong
2_-_95938986_95939015	30min	1	1	1.0	1.0					1.0	1.0	1.0	1.0	False	False	False	not_testable
1_+_198704471_198704498	30min	3	3	0.49827994584603696	0.47856129156421484	-0.019718654281822123	0.019718654281822123	0.061858323386259524	0.030337004245657558	0.4392324093816631	0.562610229276896	0.4476021314387211	0.508235294117647	True	True	False	small
22_+_44140123_44140143	30min	0	1		1.0							1.0	1.0	False	False	False	not_testable
6_+_138788365_138788388	30min	3	3	1.0	1.0	0.0	0.0	0.0	0.0	1.0	1.0	1.0	1.0	True	True	False	small
7_+_73202111_73202140	30min	2	2	1.0	1.0	0.0	0.0	0.0	0.0	1.0	1.0	1.0	1.0	True	False	False	small
22_+_23697837_23697861	30min	3	3	1.0	1.0	0.0	0.0	0.0	0.0	1.0	1.0	1.0	1.0	True	True	False	small
10_+_102862159_102862180	30min	2	3	1.0	1.0	0.0	0.0	0.0	0.0	1.0	1.0	1.0	1.0	True	False	False	small
6_+_96524381_96524410	30min	3	3	1.0	1.0	0.0	0.0	0.0	0.0	1.0	1.0	1.0	1.0	True	True	False	small
8_-_30712061_30712088	30min	3	3	1.0	1.0	0.0	0.0	0.0	0.0	1.0	1.0	1.0	1.0	True	True	False	small
16_+_67539727_67539751	30min	3	2	1.0	1.0	0.0	0.0	0.0	0.0	1.0	1.0	1.0	1.0	True	False	False	small
17_+_82889667_82889697	30min	3	3	1.0	1.0	0.0	0.0	0.0	0.0	1.0	1.0	1.0	1.0	True	True	False	small
6_+_26448727_26448754	30min	3	3	0.34245516388373526	0.3437417116477781	0.0012865477640428558	0.0012865477640428558	0.043659250294963974	0.137072111143667	0.3163265306122449	0.3928571428571428	0.2054794520547945	0.4795918367346938	True	True	False	small
1_-_21680807_21680834	30min	3	3	1.0	1.0	0.0	0.0	0.0	0.0	1.0	1.0	1.0	1.0	True	True	False	small
11_-_65551547_65551564	30min	3	3	1.0	1.0	0.0	0.0	0.0	0.0	1.0	1.0	1.0	1.0	True	True	False	small
14_-_70585755_70585783	30min	3	3	1.0	1.0	0.0	0.0	0.0	0.0	1.0	1.0	1.0	1.0	True	True	False	small
13_+_75840084_75840110	30min	3	3	0.5626811594202898	0.6635802469135803	0.10089908749329046	0.10089908749329046	0.3036800386056203	0.07541229458562107	0.375	0.9130434782608696	0.6111111111111112	0.75	True	True	False	exploratory
6_-_32518053_32518077	30min	2	1	1.0	1.0			0.0		1.0	1.0	1.0	1.0	False	False	False	not_testable
1_-_54228448_54228477	30min	3	1	1.0	1.0			0.0		1.0	1.0	1.0	1.0	False	False	False	not_testable
2_+_15596733_15596763	30min	3	3	1.0	1.0	0.0	0.0	0.0	0.0	1.0	1.0	1.0	1.0	True	True	False	small
3_-_194437555_194437573	30min	2	3	0.4888888888888889	0.2693650793650793	-0.21952380952380957	0.21952380952380957	0.2514157444218835	0.14375616586073128	0.3111111111111111	0.6666666666666666	0.1071428571428571	0.3809523809523809	True	False	False	strong
6_+_33086218_33086242	30min	3	3	1.0	1.0	0.0	0.0	0.0	0.0	1.0	1.0	1.0	1.0	True	True	False	small
3_-_12915103_12915133	30min	3	3	1.0	1.0	0.0	0.0	0.0	0.0	1.0	1.0	1.0	1.0	True	True	False	small
7_-_105145282_105145308	30min	3	3	1.0	1.0	0.0	0.0	0.0	0.0	1.0	1.0	1.0	1.0	True	True	False	small
15_+_75354249_75354277	30min	1	2	0.6	0.5				0.7071067811865476	0.6	0.6	0.0	1.0	False	False	False	not_testable
17_+_82909284_82909307	30min	3	3	0.8142857142857144	1.0	0.1857142857142856	0.1857142857142856	0.17899948694488096	0.0	0.6428571428571429	1.0	1.0	1.0	True	True	False	exploratory
2_+_97196592_97196621	30min	3	3	1.0	1.0	0.0	0.0	0.0	0.0	1.0	1.0	1.0	1.0	True	True	False	small
1_+_108606222_108606252	30min	3	3	1.0	1.0	0.0	0.0	0.0	0.0	1.0	1.0	1.0	1.0	True	True	False	small
18_-_23377645_23377671	30min	0	1		1.0							1.0	1.0	False	False	False	not_testable
20_+_41029430_41029455	30min	3	3	1.0	1.0	0.0	0.0	0.0	0.0	1.0	1.0	1.0	1.0	True	True	False	small
5_-_141571427_141571436	30min	3	3	1.0	1.0	0.0	0.0	0.0	0.0	1.0	1.0	1.0	1.0	True	True	False	small
12_+_132574318_132574348	30min	3	3	0.5288239281065872	0.49486868096973247	-0.033955247136854716	0.033955247136854716	0.09696692388539273	0.08071888716165797	0.4310850439882698	0.625	0.4031007751937984	0.5548780487804879	True	True	False	small
6_+_37534932_37534957	30min	3	3	1.0	1.0	0.0	0.0	0.0	0.0	1.0	1.0	1.0	1.0	True	True	False	small
1_-_37943639_37943669	30min	2	2	1.0	1.0	0.0	0.0	0.0	0.0	1.0	1.0	1.0	1.0	True	False	False	small
15_+_78890988_78891014	30min	3	3	0.27165417389219176	0.1968623081700143	-0.07479186572217747	0.07479186572217747	0.024701802462310563	0.04545516053082494	0.2483660130718954	0.2975609756097561	0.16015625	0.2477064220183486	True	True	True	small
4_-_67681562_67681591	30min	2	3	1.0	1.0	0.0	0.0	0.0	0.0	1.0	1.0	1.0	1.0	True	False	False	small
14_-_35109818_35109847	30min	3	3	0.26639863547758286	0.29230769230769227	0.02590905683010941	0.02590905683010941	0.1012962821120219	0.10744782994747157	0.1555555555555555	0.3541666666666667	0.2	0.4102564102564102	True	True	False	small
4_+_25388716_25388743	30min	3	3	1.0	1.0	0.0	0.0	0.0	0.0	1.0	1.0	1.0	1.0	True	True	False	small
19_+_35752803_35752833	30min	3	3	1.0	1.0	0.0	0.0	0.0	0.0	1.0	1.0	1.0	1.0	True	True	False	small
X_+_134490187_134490205	30min	3	3	1.0	1.0	0.0	0.0	0.0	0.0	1.0	1.0	1.0	1.0	True	True	False	small
6_-_79208546_79208576	30min	3	3	1.0	1.0	0.0	0.0	0.0	0.0	1.0	1.0	1.0	1.0	True	True	False	small
21_+_43685769_43685789	30min	2	3	1.0	1.0	0.0	0.0	0.0	0.0	1.0	1.0	1.0	1.0	True	False	False	small
2_+_97144517_97144546	30min	3	3	1.0	1.0	0.0	0.0	0.0	0.0	1.0	1.0	1.0	1.0	True	True	False	small
6_+_26373275_26373296	30min	3	3	1.0	1.0	0.0	0.0	0.0	0.0	1.0	1.0	1.0	1.0	True	True	False	small
16_+_1758147_1758159	30min	3	3	1.0	1.0	0.0	0.0	0.0	0.0	1.0	1.0	1.0	1.0	True	True	False	small
1_-_154947981_154948005	30min	3	3	1.0	1.0	0.0	0.0	0.0	0.0	1.0	1.0	1.0	1.0	True	True	False	small
4_+_140527465_140527494	30min	1	2	1.0	1.0				0.0	1.0	1.0	1.0	1.0	False	False	False	not_testable
6_+_36136018_36136048	30min	0	0											False	False	False	not_testable
4_+_141224486_141224506	30min	3	3	1.0	1.0	0.0	0.0	0.0	0.0	1.0	1.0	1.0	1.0	True	True	False	small
2_+_173190894_173190923	30min	0	0											False	False	False	not_testable
X_+_47566883_47566911	30min	3	3	1.0	1.0	0.0	0.0	0.0	0.0	1.0	1.0	1.0	1.0	True	True	False	small
1_+_66984571_66984592	30min	3	3	0.0254237288135593	0.0	-0.0254237288135593	0.0254237288135593	0.04403519002293752	0.0	0.0	0.0762711864406779	0.0	0.0	True	True	False	small
2_-_191058201_191058219	30min	3	3	1.0	1.0	0.0	0.0	0.0	0.0	1.0	1.0	1.0	1.0	True	True	False	small
2_+_27772673_27772692	30min	3	3	1.0	1.0	0.0	0.0	0.0	0.0	1.0	1.0	1.0	1.0	True	True	False	small
5_-_177747768_177747793	30min	2	3	0.9210526315789473	0.9445241511238641	0.023471519544916775	0.023471519544916775	0.11164843913471806	0.05910861618548209	0.8421052631578947	1.0	0.8823529411764706	1.0	True	False	False	small
18_+_58714082_58714109	30min	3	3	1.0	1.0	0.0	0.0	0.0	0.0	1.0	1.0	1.0	1.0	True	True	False	small
21_+_45990257_45990284	30min	3	2	1.0	1.0	0.0	0.0	0.0	0.0	1.0	1.0	1.0	1.0	True	False	False	small
7_+_74700605_74700634	30min	3	3	1.0	1.0	0.0	0.0	0.0	0.0	1.0	1.0	1.0	1.0	True	True	False	small
11_+_3808293_3808315	30min	3	3	1.0	1.0	0.0	0.0	0.0	0.0	1.0	1.0	1.0	1.0	True	True	False	small
2_-_95880594_95880623	30min	2	3	1.0	1.0	0.0	0.0	0.0	0.0	1.0	1.0	1.0	1.0	True	False	False	small
7_-_32488624_32488652	30min	3	3	0.9528301886792453	0.9770047169811321	0.024174528301886822	0.024174528301886822	0.08170050979098475	0.02017681442484513	0.8584905660377359	1.0	0.9622641509433962	1.0	True	True	False	small
21_+_46116650_46116677	30min	3	3	1.0	1.0	0.0	0.0	0.0	0.0	1.0	1.0	1.0	1.0	True	True	False	small
6_+_26374770_26374798	30min	3	3	1.0	1.0	0.0	0.0	0.0	0.0	1.0	1.0	1.0	1.0	True	True	False	small
12_+_123652531_123652561	30min	3	3	1.0	1.0	0.0	0.0	0.0	0.0	1.0	1.0	1.0	1.0	True	True	False	small
8_-_144401645_144401673	30min	3	3	1.0	1.0	0.0	0.0	0.0	0.0	1.0	1.0	1.0	1.0	True	True	False	small
15_-_73563235_73563257	30min	0	0											False	False	False	not_testable
22_+_46663837_46663863	30min	2	3	1.0	1.0	0.0	0.0	0.0	0.0	1.0	1.0	1.0	1.0	True	False	False	small
3_+_108651136_108651162	30min	1	2	1.0	1.0				0.0	1.0	1.0	1.0	1.0	False	False	False	not_testable
3_+_127674390_127674418	30min	3	3	0.08509747168023425	0.17039566168598422	0.08529819000574997	0.08529819000574997	0.011343157197066401	0.05863987299828482	0.072	0.091743119266055	0.103030303030303	0.21	True	True	True	small
12_+_56117188_56117211	30min	3	3	0.8164137449851735	0.654036504036504	-0.16237724094866945	0.16237724094866945	0.13961212420851865	0.1457202243342146	0.717948717948718	0.9761904761904762	0.5227272727272727	0.8108108108108109	True	True	False	exploratory
6_-_30190012_30190035	30min	3	2	1.0	1.0	0.0	0.0	0.0	0.0	1.0	1.0	1.0	1.0	True	False	False	small
1_+_209763362_209763392	30min	3	3	1.0	1.0	0.0	0.0	0.0	0.0	1.0	1.0	1.0	1.0	True	True	False	small
17_-_39439164_39439193	30min	3	3	1.0	1.0	0.0	0.0	0.0	0.0	1.0	1.0	1.0	1.0	True	True	False	small
12_-_76053090_76053110	30min	3	3	1.0	1.0	0.0	0.0	0.0	0.0	1.0	1.0	1.0	1.0	True	True	False	small
2_+_189665421_189665451	30min	3	3	0.2645442052221713	0.2569564125585219	-0.007587792663649395	0.007587792663649395	0.0993994755032156	0.07368556993782055	0.1949152542372881	0.3783783783783784	0.1732283464566929	0.3119266055045872	True	True	False	small
4_+_2511955_2511965	30min	3	3	1.0	1.0	0.0	0.0	0.0	0.0	1.0	1.0	1.0	1.0	True	True	False	small
8_+_22080617_22080625	30min	3	3	1.0	1.0	0.0	0.0	0.0	0.0	1.0	1.0	1.0	1.0	True	True	False	small
7_-_103277613_103277638	30min	0	3		1.0				0.0			1.0	1.0	False	False	False	not_testable
10_-_93340152_93340164	30min	0	0											False	False	False	not_testable
19_+_35614034_35614059	30min	3	3	1.0	1.0	0.0	0.0	0.0	0.0	1.0	1.0	1.0	1.0	True	True	False	small
8_-_143839171_143839195	30min	3	3	1.0	1.0	0.0	0.0	0.0	0.0	1.0	1.0	1.0	1.0	True	True	False	small
16_-_190540_190570	30min	3	3	1.0	1.0	0.0	0.0	0.0	0.0	1.0	1.0	1.0	1.0	True	True	False	small
1_+_209763067_209763092	30min	3	3	1.0	1.0	0.0	0.0	0.0	0.0	1.0	1.0	1.0	1.0	True	True	False	small
1_+_32204597_32204620	30min	3	2	1.0	1.0	0.0	0.0	0.0	0.0	1.0	1.0	1.0	1.0	True	False	False	small
2_+_97198462_97198491	30min	3	3	1.0	1.0	0.0	0.0	0.0	0.0	1.0	1.0	1.0	1.0	True	True	False	small
21_+_45987154_45987175	30min	3	3	1.0	1.0	0.0	0.0	0.0	0.0	1.0	1.0	1.0	1.0	True	True	False	small
12_-_121255782_121255804	30min	2	2	1.0	1.0	0.0	0.0	0.0	0.0	1.0	1.0	1.0	1.0	True	False	False	small
5_+_140659314_140659333	30min	3	3	1.0	1.0	0.0	0.0	0.0	0.0	1.0	1.0	1.0	1.0	True	True	False	small
6_-_15593058_15593081	30min	3	3	1.0	1.0	0.0	0.0	0.0	0.0	1.0	1.0	1.0	1.0	True	True	False	small
5_-_39124252_39124278	30min	3	3	1.0	1.0	0.0	0.0	0.0	0.0	1.0	1.0	1.0	1.0	True	True	False	small
17_-_44196395_44196418	30min	3	3	1.0	1.0	0.0	0.0	0.0	0.0	1.0	1.0	1.0	1.0	True	True	False	small
3_-_47126647_47126663	30min	3	3	1.0	1.0	0.0	0.0	0.0	0.0	1.0	1.0	1.0	1.0	True	True	False	small
12_-_56664775_56664800	30min	3	3	1.0	1.0	0.0	0.0	0.0	0.0	1.0	1.0	1.0	1.0	True	True	False	small
20_-_33672397_33672422	30min	2	0	1.0				0.0		1.0	1.0			False	False	False	not_testable
21_+_45488417_45488444	30min	3	3	1.0	1.0	0.0	0.0	0.0	0.0	1.0	1.0	1.0	1.0	True	True	False	small
6_+_36073690_36073720	30min	3	3	1.0	1.0	0.0	0.0	0.0	0.0	1.0	1.0	1.0	1.0	True	True	False	small
10_+_12238456_12238485	30min	3	3	1.0	1.0	0.0	0.0	0.0	0.0	1.0	1.0	1.0	1.0	True	True	False	small
22_-_50506637_50506666	30min	3	3	1.0	1.0	0.0	0.0	0.0	0.0	1.0	1.0	1.0	1.0	True	True	False	small
19_-_45638844_45638873	30min	3	3	1.0	1.0	0.0	0.0	0.0	0.0	1.0	1.0	1.0	1.0	True	True	False	small
2_-_152690961_152690978	30min	3	3	1.0	1.0	0.0	0.0	0.0	0.0	1.0	1.0	1.0	1.0	True	True	False	small
17_+_75573951_75573980	30min	3	3	1.0	1.0	0.0	0.0	0.0	0.0	1.0	1.0	1.0	1.0	True	True	False	small
1_+_66940027_66940052	30min	3	3	1.0	1.0	0.0	0.0	0.0	0.0	1.0	1.0	1.0	1.0	True	True	False	small
6_+_26450106_26450133	30min	3	1	1.0	1.0			0.0		1.0	1.0	1.0	1.0	False	False	False	not_testable
12_+_75498693_75498720	30min	1	3	1.0	1.0				0.0	1.0	1.0	1.0	1.0	False	False	False	not_testable
1_-_173864483_173864502	30min	3	3	0.0070872951928997	0.008590550283299367	0.0015032550903996671	0.0015032550903996671	0.0039916589774195614	0.003463912477531185	0.0044642857142857	0.0116810563737938	0.0053924505692031	0.0122699386503067	True	True	False	small
17_+_43180794_43180817	30min	3	3	1.0	1.0	0.0	0.0	0.0	0.0	1.0	1.0	1.0	1.0	True	True	False	small
12_+_19518086_19518113	30min	3	3	1.0	1.0	0.0	0.0	0.0	0.0	1.0	1.0	1.0	1.0	True	True	False	small
10_-_103333924_103333952	30min	0	0											False	False	False	not_testable
11_+_58584855_58584884	30min	3	3	1.0	1.0	0.0	0.0	0.0	0.0	1.0	1.0	1.0	1.0	True	True	False	small
15_+_78541904_78541930	30min	3	3	1.0	1.0	0.0	0.0	0.0	0.0	1.0	1.0	1.0	1.0	True	True	False	small
2_+_97185315_97185344	30min	2	2	1.0	1.0	0.0	0.0	0.0	0.0	1.0	1.0	1.0	1.0	True	False	False	small
12_-_55794358_55794387	30min	3	3	1.0	0.989247311827957	-0.010752688172043001	0.010752688172043001	0.0	0.018624202231923393	1.0	1.0	0.967741935483871	1.0	True	True	False	small
19_+_8463496_8463504	30min	3	3	1.0	1.0	0.0	0.0	0.0	0.0	1.0	1.0	1.0	1.0	True	True	False	small
10_-_71752974_71753002	30min	3	3	1.0	1.0	0.0	0.0	0.0	0.0	1.0	1.0	1.0	1.0	True	True	False	small
17_-_4676500_4676507	30min	3	3	0.0	0.0	0.0	0.0	0.0	0.0	0.0	0.0	0.0	0.0	True	True	False	small
14_-_103913960_103913984	30min	3	3	0.988795518207283	0.9753993264859857	-0.013396191721297246	0.013396191721297246	0.019406731737466407	0.01808968095350244	0.9663865546218487	1.0	0.9630872483221476	0.9961685823754788	True	True	False	small
10_+_5720754_5720774	30min	2	3	1.0	1.0	0.0	0.0	0.0	0.0	1.0	1.0	1.0	1.0	True	False	False	small
X_-_154511847_154511871	30min	3	3	1.0	1.0	0.0	0.0	0.0	0.0	1.0	1.0	1.0	1.0	True	True	False	small
6_+_26390802_26390829	30min	0	1		1.0							1.0	1.0	False	False	False	not_testable
3_-_108050577_108050602	30min	3	3	0.9774011299435029	0.9595959595959597	-0.017805170347543253	0.017805170347543253	0.03914239113150008	0.06998185081086374	0.9322033898305084	1.0	0.8787878787878788	1.0	True	True	False	small
5_+_176093743_176093768	30min	3	3	1.0	1.0	0.0	0.0	0.0	0.0	1.0	1.0	1.0	1.0	True	True	False	small
12_-_49559938_49559967	30min	3	3	1.0	1.0	0.0	0.0	0.0	0.0	1.0	1.0	1.0	1.0	True	True	False	small
15_-_70064453_70064470	30min	3	3	1.0	1.0	0.0	0.0	0.0	0.0	1.0	1.0	1.0	1.0	True	True	False	small
4_-_47879095_47879117	30min	3	3	1.0	1.0	0.0	0.0	0.0	0.0	1.0	1.0	1.0	1.0	True	True	False	small
2_-_97542078_97542107	30min	2	2	1.0	1.0	0.0	0.0	0.0	0.0	1.0	1.0	1.0	1.0	True	False	False	small
12_+_132548002_132548032	30min	3	3	1.0	1.0	0.0	0.0	0.0	0.0	1.0	1.0	1.0	1.0	True	True	False	small
3_+_179757051_179757078	30min	1	1	1.0	1.0					1.0	1.0	1.0	1.0	False	False	False	not_testable
2_+_97213418_97213447	30min	3	3	0.8968253968253969	0.8387096774193549	-0.05811571940604199	0.05811571940604199	0.09014140231429006	0.2793630334788512	0.8333333333333334	1.0	0.5161290322580645	1.0	True	True	False	small
21_+_45494544_45494571	30min	3	3	1.0	1.0	0.0	0.0	0.0	0.0	1.0	1.0	1.0	1.0	True	True	False	small
14_+_31080572_31080584	30min	2	1	1.0	0.7272727272727273			0.0		1.0	1.0	0.7272727272727273	0.7272727272727273	False	False	False	not_testable
19_+_5648015_5648043	30min	3	3	1.0	1.0	0.0	0.0	0.0	0.0	1.0	1.0	1.0	1.0	True	True	False	small
12_+_56154812_56154840	30min	3	2	0.6120120120120119	0.375	-0.23701201201201194	0.23701201201201194	0.1271558139978896	0.1767766952966369	0.4666666666666667	0.7027027027027027	0.25	0.5	True	False	False	strong
6_+_43500743_43500772	30min	3	3	0.8726425438596491	0.750965250965251	-0.1216772928943981	0.1216772928943981	0.07525211789122284	0.23349498659931225	0.796875	0.9473684210526316	0.4864864864864865	0.9285714285714286	True	True	False	exploratory
1_-_1084480_1084506	30min	3	3	0.4761904761904761	0.7185185185185184	0.24232804232804234	0.24232804232804234	0.4364357804719847	0.39523915768752893	0.0	0.8571428571428571	0.2666666666666666	1.0	True	True	False	strong
13_-_37026789_37026816	30min	3	3	1.0	1.0	0.0	0.0	0.0	0.0	1.0	1.0	1.0	1.0	True	True	False	small
2_+_97215300_97215329	30min	3	3	1.0	1.0	0.0	0.0	0.0	0.0	1.0	1.0	1.0	1.0	True	True	False	small
15_+_90961024_90961054	30min	2	2	1.0	1.0	0.0	0.0	0.0	0.0	1.0	1.0	1.0	1.0	True	False	False	small
4_+_41257114_41257126	30min	0	1		1.0							1.0	1.0	False	False	False	not_testable
2_+_135753538_135753567	30min	3	3	0.165079365079365	0.15301923238431173	-0.012060132695053266	0.012060132695053266	0.06660640700616267	0.08156967300958191	0.0892857142857142	0.2142857142857142	0.0714285714285714	0.2345679012345679	True	True	False	small
8_-_29126481_29126511	30min	2	2	1.0	1.0	0.0	0.0	0.0	0.0	1.0	1.0	1.0	1.0	True	False	False	small
21_+_45482794_45482821	30min	3	3	1.0	1.0	0.0	0.0	0.0	0.0	1.0	1.0	1.0	1.0	True	True	False	small
11_+_118308426_118308441	30min	3	3	1.0	1.0	0.0	0.0	0.0	0.0	1.0	1.0	1.0	1.0	True	True	False	small
21_+_45989751_45989778	30min	3	3	1.0	1.0	0.0	0.0	0.0	0.0	1.0	1.0	1.0	1.0	True	True	False	small
19_+_17217452_17217462	30min	3	3	1.0	1.0	0.0	0.0	0.0	0.0	1.0	1.0	1.0	1.0	True	True	False	small
10_+_110244827_110244857	30min	3	3	0.6665316824645965	0.7874475205576849	0.12091583809308837	0.12091583809308837	0.07799170217777676	0.1078691343956377	0.6037735849056604	0.7538461538461538	0.6698113207547169	0.8817204301075269	True	True	False	exploratory
5_-_177744393_177744418	30min	3	3	1.0	1.0	0.0	0.0	0.0	0.0	1.0	1.0	1.0	1.0	True	True	False	small
3_-_52820290_52820317	30min	2	3	1.0	1.0	0.0	0.0	0.0	0.0	1.0	1.0	1.0	1.0	True	False	False	small
12_+_53455346_53455370	30min	3	3	0.5344642608879052	0.5420823221182783	0.007618061230373119	0.007618061230373119	0.03227182405700138	0.0335497859060173	0.5035612535612536	0.5679497250589159	0.5033721643163703	0.562753036437247	True	True	False	small
6_-_136601021_136601042	30min	3	2	1.0	1.0	0.0	0.0	0.0	0.0	1.0	1.0	1.0	1.0	True	False	False	small
2_+_169504302_169504326	30min	2	2	1.0	1.0	0.0	0.0	0.0	0.0	1.0	1.0	1.0	1.0	True	False	False	small
11_-_5665655_5665682	30min	2	2	1.0	1.0	0.0	0.0	0.0	0.0	1.0	1.0	1.0	1.0	True	False	False	small
18_-_693881_693908	30min	2	3	1.0	1.0	0.0	0.0	0.0	0.0	1.0	1.0	1.0	1.0	True	False	False	small
11_+_120406117_120406141	30min	0	0											False	False	False	not_testable
2_-_95919891_95919920	30min	1	1	1.0	1.0					1.0	1.0	1.0	1.0	False	False	False	not_testable
4_-_75491610_75491637	30min	3	3	1.0	0.9914529914529915	-0.008547008547008517	0.008547008547008517	0.0	0.014803853056144197	1.0	1.0	0.9743589743589745	1.0	True	True	False	small
4_-_154547037_154547064	30min	3	3	0.0	0.0	0.0	0.0	0.0	0.0	0.0	0.0	0.0	0.0	True	True	False	small
7_-_75190538_75190567	30min	3	3	1.0	1.0	0.0	0.0	0.0	0.0	1.0	1.0	1.0	1.0	True	True	False	small
7_-_25158500_25158530	30min	3	3	1.0	1.0	0.0	0.0	0.0	0.0	1.0	1.0	1.0	1.0	True	True	False	small
6_-_32580246_32580270	30min	3	3	0.9407407407407407	0.7260658914728682	-0.2146748492678725	0.2146748492678725	0.08413197549333735	0.26229184704267605	0.8444444444444444	1.0	0.4375	0.95	True	True	False	strong
9_+_127478933_127478963	30min	3	3	1.0	1.0	0.0	0.0	0.0	0.0	1.0	1.0	1.0	1.0	True	True	False	small
13_+_45149769_45149788	30min	3	3	1.0	1.0	0.0	0.0	0.0	0.0	1.0	1.0	1.0	1.0	True	True	False	small
1_+_236542760_236542787	30min	3	3	1.0	0.9384615384615383	-0.06153846153846165	0.06153846153846165	0.0	0.10658774200423862	1.0	1.0	0.8153846153846154	1.0	True	True	False	small
17_-_64329699_64329722	30min	3	3	1.0	1.0	0.0	0.0	0.0	0.0	1.0	1.0	1.0	1.0	True	True	False	small
9_-_136379836_136379864	30min	3	3	1.0	1.0	0.0	0.0	0.0	0.0	1.0	1.0	1.0	1.0	True	True	False	small
12_+_56158683_56158711	30min	3	3	0.4690283620091331	0.5081297892030489	0.03910142719391574	0.03910142719391574	0.026956363530335238	0.05212545177439711	0.4424860853432282	0.4963805584281282	0.471677559912854	0.5678346810422282	True	True	False	small
7_+_139412550_139412580	30min	3	3	1.0	1.0	0.0	0.0	0.0	0.0	1.0	1.0	1.0	1.0	True	True	False	small
6_-_28907235_28907262	30min	3	1	1.0	1.0			0.0		1.0	1.0	1.0	1.0	False	False	False	not_testable
21_+_46116376_46116403	30min	3	3	1.0	1.0	0.0	0.0	0.0	0.0	1.0	1.0	1.0	1.0	True	True	False	small
5_-_170258865_170258878	30min	3	3	1.0	1.0	0.0	0.0	0.0	0.0	1.0	1.0	1.0	1.0	True	True	False	small
1_+_150962129_150962158	30min	3	3	1.0	1.0	0.0	0.0	0.0	0.0	1.0	1.0	1.0	1.0	True	True	False	small
1_-_160999395_160999408	30min	3	2	1.0	1.0	0.0	0.0	0.0	0.0	1.0	1.0	1.0	1.0	True	False	False	small
6_+_43778888_43778918	30min	0	0											False	False	False	not_testable
17_+_40141206_40141234	30min	3	3	1.0	1.0	0.0	0.0	0.0	0.0	1.0	1.0	1.0	1.0	True	True	False	small
20_-_63215576_63215601	30min	3	3	1.0	1.0	0.0	0.0	0.0	0.0	1.0	1.0	1.0	1.0	True	True	False	small
2_+_97205939_97205968	30min	3	3	1.0	1.0	0.0	0.0	0.0	0.0	1.0	1.0	1.0	1.0	True	True	False	small
7_-_99903575_99903598	30min	3	3	1.0	1.0	0.0	0.0	0.0	0.0	1.0	1.0	1.0	1.0	True	True	False	small
2_+_97194725_97194754	30min	2	3	1.0	1.0	0.0	0.0	0.0	0.0	1.0	1.0	1.0	1.0	True	False	False	small
15_+_44759639_44759662	30min	0	0											False	False	False	not_testable
7_+_142801943_142801961	30min	3	3	1.0	1.0	0.0	0.0	0.0	0.0	1.0	1.0	1.0	1.0	True	True	False	small
7_-_34942614_34942639	30min	1	1	1.0	1.0					1.0	1.0	1.0	1.0	False	False	False	not_testable
5_-_81437429_81437458	30min	3	2	1.0	1.0	0.0	0.0	0.0	0.0	1.0	1.0	1.0	1.0	True	False	False	small
9_+_113362368_113362394	30min	0	0											False	False	False	not_testable
1_+_161218702_161218723	30min	3	3	1.0	1.0	0.0	0.0	0.0	0.0	1.0	1.0	1.0	1.0	True	True	False	small
8_-_123023712_123023739	30min	3	3	0.9795918367346937	1.0	0.020408163265306256	0.020408163265306256	0.035347975664671	0.0	0.9387755102040816	1.0	1.0	1.0	True	True	False	small
17_-_44195799_44195828	30min	3	3	0.9473684210526315	0.9916666666666667	0.04429824561403517	0.04429824561403517	0.09116056881941462	0.014433756729740658	0.8421052631578947	1.0	0.975	1.0	True	True	False	small
7_-_26854136_26854162	30min	1	0	1.0						1.0	1.0			False	False	False	not_testable
8_+_27451484_27451509	30min	3	3	1.0	1.0	0.0	0.0	0.0	0.0	1.0	1.0	1.0	1.0	True	True	False	small
14_-_77441065_77441093	30min	2	3	1.0	1.0	0.0	0.0	0.0	0.0	1.0	1.0	1.0	1.0	True	False	False	small
17_-_29116443_29116455	30min	3	3	1.0	1.0	0.0	0.0	0.0	0.0	1.0	1.0	1.0	1.0	True	True	False	small
1_-_236230223_236230250	30min	3	1	1.0	1.0			0.0		1.0	1.0	1.0	1.0	False	False	False	not_testable
6_-_166322856_166322886	30min	3	3	0.29201680672268904	0.6508699633699634	0.35885315664727435	0.35885315664727435	0.13684519827299377	0.27725512146203385	0.1428571428571428	0.4117647058823529	0.4285714285714285	0.9615384615384616	True	True	True	strong
2_+_97219049_97219078	30min	3	3	1.0	1.0	0.0	0.0	0.0	0.0	1.0	1.0	1.0	1.0	True	True	False	small
20_+_62966702_62966732	30min	3	3	1.0	1.0	0.0	0.0	0.0	0.0	1.0	1.0	1.0	1.0	True	True	False	small
5_+_178036011_178036036	30min	1	3	1.0	0.9885057471264368				0.019908629972056037	1.0	1.0	0.9655172413793104	1.0	False	False	False	not_testable
1_-_169696534_169696553	30min	3	3	1.0	1.0	0.0	0.0	0.0	0.0	1.0	1.0	1.0	1.0	True	True	False	small
9_-_133779917_133779939	30min	1	0	1.0						1.0	1.0			False	False	False	not_testable
20_-_33669686_33669712	30min	3	2	0.33455882352941174	0.4473684210526315	0.11280959752321978	0.11280959752321978	0.29601867255000974	0.03721614637823934	0.0	0.5625	0.4210526315789473	0.4736842105263157	True	False	False	exploratory
17_-_3953692_3953710	30min	3	3	1.0	1.0	0.0	0.0	0.0	0.0	1.0	1.0	1.0	1.0	True	True	False	small
1_-_153952804_153952834	30min	3	3	1.0	1.0	0.0	0.0	0.0	0.0	1.0	1.0	1.0	1.0	True	True	False	small
16_+_28985712_28985740	30min	3	3	0.45613497108791196	0.46690289392687906	0.010767922838967103	0.010767922838967103	0.02384676639325918	0.07806238256626374	0.4299065420560747	0.4765100671140939	0.3854748603351955	0.541095890410959	True	True	False	small
5_+_119475705_119475727	30min	2	2	0.6272727272727272	0.6764705882352942	0.04919786096256695	0.04919786096256695	0.2442732516826256	0.1247835496211554	0.4545454545454545	0.8	0.5882352941176471	0.7647058823529411	True	False	False	small
1_-_113833110_113833138	30min	3	3	1.0	1.0	0.0	0.0	0.0	0.0	1.0	1.0	1.0	1.0	True	True	False	small
6_+_30339907_30339930	30min	2	2	1.0	1.0	0.0	0.0	0.0	0.0	1.0	1.0	1.0	1.0	True	False	False	small
4_+_112257771_112257797	30min	2	1	1.0	1.0			0.0		1.0	1.0	1.0	1.0	False	False	False	not_testable
15_+_66532984_66533013	30min	0	3		1.0				0.0			1.0	1.0	False	False	False	not_testable
12_-_55790566_55790592	30min	3	3	1.0	1.0	0.0	0.0	0.0	0.0	1.0	1.0	1.0	1.0	True	True	False	small
21_-_39313071_39313101	30min	3	3	1.0	1.0	0.0	0.0	0.0	0.0	1.0	1.0	1.0	1.0	True	True	False	small
2_+_238347454_238347475	30min	2	1	1.0	1.0			0.0		1.0	1.0	1.0	1.0	False	False	False	not_testable
21_+_46398234_46398255	30min	3	3	1.0	1.0	0.0	0.0	0.0	0.0	1.0	1.0	1.0	1.0	True	True	False	small
2_+_86131077_86131106	30min	3	3	0.8386838996595095	0.7828772534654888	-0.05580664619402076	0.05580664619402076	0.05497043179740067	0.06435198275032351	0.7777777777777778	0.8846153846153846	0.7435897435897436	0.8571428571428571	True	True	False	small
7_-_92577654_92577676	30min	3	3	0.7471282593375617	0.6430167055167055	-0.10411155382085613	0.10411155382085613	0.027073712830453664	0.19876666550860422	0.7209302325581395	0.775	0.4242424242424242	0.8125	True	True	False	exploratory
9_+_137206280_137206309	30min	3	3	0.5444004524886877	0.479635823114084	-0.06476462937460375	0.06476462937460375	0.32124642942280907	0.12743047109978725	0.1764705882352941	0.7692307692307693	0.3461538461538461	0.6	True	True	False	small
12_-_79790466_79790483	30min	3	3	1.0	1.0	0.0	0.0	0.0	0.0	1.0	1.0	1.0	1.0	True	True	False	small
1_+_206421249_206421274	30min	0	1		1.0							1.0	1.0	False	False	False	not_testable
2_-_97507035_97507065	30min	3	3	0.9583333333333334	0.8823529411764706	-0.07598039215686281	0.07598039215686281	0.07216878364870323	0.2037706832433973	0.875	1.0	0.6470588235294118	1.0	True	True	False	small
16_+_30666511_30666541	30min	3	3	1.0	1.0	0.0	0.0	0.0	0.0	1.0	1.0	1.0	1.0	True	True	False	small
16_+_69459092_69459121	30min	3	3	1.0	1.0	0.0	0.0	0.0	0.0	1.0	1.0	1.0	1.0	True	True	False	small
2_-_27333973_27333999	30min	3	3	1.0	1.0	0.0	0.0	0.0	0.0	1.0	1.0	1.0	1.0	True	True	False	small
11_-_2955743_2955766	30min	3	3	1.0	1.0	0.0	0.0	0.0	0.0	1.0	1.0	1.0	1.0	True	True	False	small
11_+_828229_828259	30min	1	0	1.0						1.0	1.0			False	False	False	not_testable
8_-_144426179_144426208	30min	3	3	0.2755337525122876	0.2545736824173808	-0.020960070094906802	0.020960070094906802	0.03116476939760756	0.018013827686010737	0.2395543175487465	0.2941176470588235	0.2360248447204969	0.272	True	True	False	small
9_-_129010669_129010693	30min	3	3	1.0	1.0	0.0	0.0	0.0	0.0	1.0	1.0	1.0	1.0	True	True	False	small
11_+_48149989_48149998	30min	3	1	1.0	1.0			0.0		1.0	1.0	1.0	1.0	False	False	False	not_testable
1_+_203862195_203862222	30min	3	3	0.9327465163280503	0.9432628084427105	0.010516292114660208	0.010516292114660208	0.04545429453240881	0.018932077981791195	0.8907563025210085	0.981012658227848	0.9221311475409836	0.9586776859504132	True	True	False	small
1_+_39741894_39741921	30min	3	3	0.6512124271569513	0.5557840851958499	-0.09542834196110139	0.09542834196110139	0.09475983496705503	0.08769366609564357	0.5691056910569106	0.7549019607843137	0.5	0.6568627450980392	True	True	False	small
21_+_46112803_46112824	30min	3	3	1.0	1.0	0.0	0.0	0.0	0.0	1.0	1.0	1.0	1.0	True	True	False	small
13_+_75549975_75549987	30min	3	3	1.0	1.0	0.0	0.0	0.0	0.0	1.0	1.0	1.0	1.0	True	True	False	small
21_-_44337648_44337667	30min	3	3	1.0	1.0	0.0	0.0	0.0	0.0	1.0	1.0	1.0	1.0	True	True	False	small
17_-_7193843_7193871	30min	3	3	1.0	1.0	0.0	0.0	0.0	0.0	1.0	1.0	1.0	1.0	True	True	False	small
19_+_17775055_17775080	30min	3	3	0.9934640522875817	1.0	0.006535947712418277	0.006535947712418277	0.011320593513522033	0.0	0.9803921568627452	1.0	1.0	1.0	True	True	False	small
19_+_19335717_19335735	30min	3	3	0.9716312056737588	0.855	-0.11663120567375884	0.11663120567375884	0.04913619312252135	0.13811227316933133	0.9148936170212766	1.0	0.725	1.0	True	True	False	exploratory
2_-_106166055_106166083	30min	3	3	1.0	1.0	0.0	0.0	0.0	0.0	1.0	1.0	1.0	1.0	True	True	False	small
5_+_176656894_176656924	30min	3	3	0.34722222222222215	0.3686868686868687	0.02146464646464652	0.02146464646464652	0.3342002615421101	0.42487326834440625	0.0	0.6666666666666666	0.0	0.8333333333333334	True	True	False	small
6_+_26411554_26411581	30min	3	3	1.0	1.0	0.0	0.0	0.0	0.0	1.0	1.0	1.0	1.0	True	True	False	small
11_+_118312152_118312170	30min	3	3	0.28128687436890426	0.2603178886016048	-0.020968985767299442	0.020968985767299442	0.05069163122209993	0.0349564418952864	0.2418397626112759	0.3384615384615385	0.2345013477088948	0.3000977517106549	True	True	False	small
6_-_43626921_43626948	30min	3	3	1.0	1.0	0.0	0.0	0.0	0.0	1.0	1.0	1.0	1.0	True	True	False	small
17_-_42329746_42329776	30min	3	3	1.0	0.9970501474926253	-0.002949852507374673	0.002949852507374673	0.0	0.00510929441760738	1.0	1.0	0.991150442477876	1.0	True	True	False	small
10_-_72072901_72072910	30min	3	3	1.0	1.0	0.0	0.0	0.0	0.0	1.0	1.0	1.0	1.0	True	True	False	small
5_+_119492099_119492124	30min	2	2	0.3904761904761904	0.22619047619047616	-0.16428571428571426	0.16428571428571426	0.013468700594029546	0.08417937871268426	0.3809523809523809	0.4	0.1666666666666666	0.2857142857142857	True	False	True	exploratory
5_+_177365962_177365984	30min	3	3	1.0	1.0	0.0	0.0	0.0	0.0	1.0	1.0	1.0	1.0	True	True	False	small
6_-_29629086_29629107	30min	3	3	0.6487734487734488	0.6118077324973877	-0.036965716276061045	0.036965716276061045	0.2844341429610771	0.35060819247528313	0.3333333333333333	0.8857142857142857	0.3181818181818182	1.0	True	True	False	small
3_-_123567761_123567780	30min	3	3	1.0	1.0	0.0	0.0	0.0	0.0	1.0	1.0	1.0	1.0	True	True	False	small
X_-_136677935_136677956	30min	3	3	1.0	1.0	0.0	0.0	0.0	0.0	1.0	1.0	1.0	1.0	True	True	False	small
1_+_198692346_198692373	30min	3	3	1.0	1.0	0.0	0.0	0.0	0.0	1.0	1.0	1.0	1.0	True	True	False	small
1_-_151406606_151406631	30min	3	3	0.5736659736659737	0.5984600581805756	0.024794084514601855	0.024794084514601855	0.10358132784209816	0.10203742265231455	0.4594594594594595	0.6615384615384615	0.5058823529411764	0.7078651685393258	True	True	False	small
17_+_78005057_78005079	30min	3	3	1.0	1.0	0.0	0.0	0.0	0.0	1.0	1.0	1.0	1.0	True	True	False	small
22_-_19899048_19899068	30min	2	3	1.0	1.0	0.0	0.0	0.0	0.0	1.0	1.0	1.0	1.0	True	False	False	small
3_+_48974957_48974979	30min	3	3	1.0	1.0	0.0	0.0	0.0	0.0	1.0	1.0	1.0	1.0	True	True	False	small
X_-_153790563_153790575	30min	2	3	1.0	1.0	0.0	0.0	0.0	0.0	1.0	1.0	1.0	1.0	True	False	False	small
12_+_122762186_122762206	30min	3	3	1.0	1.0	0.0	0.0	0.0	0.0	1.0	1.0	1.0	1.0	True	True	False	small
22_-_50777951_50777981	30min	3	3	0.9689922480620154	0.9625	-0.006492248062015427	0.006492248062015427	0.053707001785081566	0.06495190528383293	0.9069767441860463	1.0	0.8875	1.0	True	True	False	small
16_+_8748107_8748137	30min	0	1		1.0							1.0	1.0	False	False	False	not_testable
19_+_17218363_17218391	30min	3	3	1.0	1.0	0.0	0.0	0.0	0.0	1.0	1.0	1.0	1.0	True	True	False	small
14_-_52661292_52661304	30min	3	3	1.0	1.0	0.0	0.0	0.0	0.0	1.0	1.0	1.0	1.0	True	True	False	small
1_-_1299344_1299356	30min	3	3	1.0	1.0	0.0	0.0	0.0	0.0	1.0	1.0	1.0	1.0	True	True	False	small
8_+_27520882_27520909	30min	3	3	1.0	1.0	0.0	0.0	0.0	0.0	1.0	1.0	1.0	1.0	True	True	False	small
5_-_177739112_177739137	30min	3	2	1.0	1.0	0.0	0.0	0.0	0.0	1.0	1.0	1.0	1.0	True	False	False	small
17_+_62692111_62692138	30min	3	2	1.0	1.0	0.0	0.0	0.0	0.0	1.0	1.0	1.0	1.0	True	False	False	small
19_+_7630822_7630846	30min	3	3	0.9920634920634921	0.9694357630137448	-0.022627729049747303	0.022627729049747303	0.013746434980705392	0.032221529953425344	0.9761904761904762	1.0	0.9357798165137616	1.0	True	True	False	small
X_+_119575374_119575400	30min	3	3	1.0	1.0	0.0	0.0	0.0	0.0	1.0	1.0	1.0	1.0	True	True	False	small
9_+_128598962_128598986	30min	3	3	0.3463389739457427	0.4259395424836601	0.07960056853791742	0.07960056853791742	0.15383467947796514	0.03714556269702946	0.22	0.5176470588235295	0.388235294117647	0.4625	True	True	False	small
12_-_56350411_56350432	30min	3	3	0.3702693706870687	0.22846177944862153	-0.1418075912384472	0.1418075912384472	0.12028393536729551	0.17572554392701897	0.297029702970297	0.509090909090909	0.03125	0.3684210526315789	True	True	False	exploratory
16_+_30661303_30661333	30min	3	3	1.0	1.0	0.0	0.0	0.0	0.0	1.0	1.0	1.0	1.0	True	True	False	small
19_+_4310272_4310295	30min	2	1	1.0	1.0			0.0		1.0	1.0	1.0	1.0	False	False	False	not_testable
2_-_152677450_152677475	30min	3	3	1.0	1.0	0.0	0.0	0.0	0.0	1.0	1.0	1.0	1.0	True	True	False	small
4_-_2257981_2258011	30min	3	3	1.0	1.0	0.0	0.0	0.0	0.0	1.0	1.0	1.0	1.0	True	True	False	small
21_+_45492686_45492713	30min	3	3	1.0	1.0	0.0	0.0	0.0	0.0	1.0	1.0	1.0	1.0	True	True	False	small
2_+_231226773_231226798	30min	0	0											False	False	False	not_testable
19_+_1429966_1429996	30min	3	3	1.0	1.0	0.0	0.0	0.0	0.0	1.0	1.0	1.0	1.0	True	True	False	small
2_-_95921781_95921810	30min	1	2	1.0	1.0				0.0	1.0	1.0	1.0	1.0	False	False	False	not_testable
6_-_24870865_24870889	30min	3	3	1.0	1.0	0.0	0.0	0.0	0.0	1.0	1.0	1.0	1.0	True	True	False	small
7_+_843205_843232	30min	3	3	1.0	1.0	0.0	0.0	0.0	0.0	1.0	1.0	1.0	1.0	True	True	False	small
1_+_46309100_46309127	30min	3	3	1.0	1.0	0.0	0.0	0.0	0.0	1.0	1.0	1.0	1.0	True	True	False	small
17_-_56895925_56895952	30min	3	3	0.8571428571428571	0.8253968253968255	-0.03174603174603163	0.03174603174603163	0.24743582965269675	0.16723259925163078	0.5714285714285714	1.0	0.6666666666666666	1.0	True	True	False	small
12_+_110282603_110282621	30min	3	3	1.0	1.0	0.0	0.0	0.0	0.0	1.0	1.0	1.0	1.0	True	True	False	small
14_-_57237337_57237366	30min	3	2	1.0	1.0	0.0	0.0	0.0	0.0	1.0	1.0	1.0	1.0	True	False	False	small
19_+_19104912_19104938	30min	3	3	1.0	1.0	0.0	0.0	0.0	0.0	1.0	1.0	1.0	1.0	True	True	False	small
17_-_42574195_42574210	30min	0	0											False	False	False	not_testable
5_-_150699241_150699271	30min	3	3	1.0	1.0	0.0	0.0	0.0	0.0	1.0	1.0	1.0	1.0	True	True	False	small
2_-_190987038_190987068	30min	3	3	1.0	1.0	0.0	0.0	0.0	0.0	1.0	1.0	1.0	1.0	True	True	False	small
19_+_19340845_19340873	30min	3	3	1.0	1.0	0.0	0.0	0.0	0.0	1.0	1.0	1.0	1.0	True	True	False	small
2_+_97187197_97187226	30min	2	2	1.0	1.0	0.0	0.0	0.0	0.0	1.0	1.0	1.0	1.0	True	False	False	small
2_+_97200333_97200362	30min	3	2	1.0	1.0	0.0	0.0	0.0	0.0	1.0	1.0	1.0	1.0	True	False	False	small
12_+_25089762_25089790	30min	3	3	1.0	1.0	0.0	0.0	0.0	0.0	1.0	1.0	1.0	1.0	True	True	False	small
10_-_12170899_12170908	30min	3	3	0.7619047619047619	0.4367775128829028	-0.3251272490218591	0.3251272490218591	0.25084889887744616	0.21217391017497003	0.5	1.0	0.2608695652173913	0.6724137931034483	True	True	False	strong
X_-_153913023_153913051	30min	3	3	1.0	1.0	0.0	0.0	0.0	0.0	1.0	1.0	1.0	1.0	True	True	False	small
1_+_228369135_228369162	30min	3	3	1.0	1.0	0.0	0.0	0.0	0.0	1.0	1.0	1.0	1.0	True	True	False	small
17_-_63698798_63698818	30min	3	3	0.0015201379142599336	0.0013550135501355	-0.0001651243641244335	0.0001651243641244335	0.0015160867153116964	0.002346952313778964	0.0	0.003032140691328	0.0	0.0040650406504065	True	True	False	small
1_+_207339396_207339417	30min	3	3	0.9797979797979798	0.98989898989899	0.010101010101010166	0.010101010101010166	0.03499092540543183	0.017495462702715982	0.9393939393939394	1.0	0.9696969696969696	1.0	True	True	False	small
21_+_43800861_43800881	30min	2	3	1.0	1.0	0.0	0.0	0.0	0.0	1.0	1.0	1.0	1.0	True	False	False	small
12_+_118389926_118389946	30min	3	3	1.0	1.0	0.0	0.0	0.0	0.0	1.0	1.0	1.0	1.0	True	True	False	small
20_-_45960863_45960882	30min	3	3	1.0	1.0	0.0	0.0	0.0	0.0	1.0	1.0	1.0	1.0	True	True	False	small
21_+_34103496_34103519	30min	3	3	0.47792580982236155	0.41750841750841744	-0.06041739231394411	0.06041739231394411	0.2646421684607243	0.046654567207242495	0.1724137931034483	0.6363636363636364	0.3636363636363636	0.4444444444444444	True	True	False	small
14_-_94129261_94129291	30min	2	3	1.0	1.0	0.0	0.0	0.0	0.0	1.0	1.0	1.0	1.0	True	False	False	small
21_+_45987498_45987519	30min	3	3	1.0	1.0	0.0	0.0	0.0	0.0	1.0	1.0	1.0	1.0	True	True	False	small
6_+_26390686_26390707	30min	0	0											False	False	False	not_testable
15_-_58901259_58901287	30min	3	3	0.945562435500516	1.0	0.054437564499484004	0.054437564499484004	0.01384802569692428	0.0	0.9298245614035088	0.9558823529411764	1.0	1.0	True	True	True	small
6_+_73723250_73723279	30min	0	0											False	False	False	not_testable
2_-_86153559_86153574	30min	3	3	1.0	1.0	0.0	0.0	0.0	0.0	1.0	1.0	1.0	1.0	True	True	False	small
19_-_5612539_5612567	30min	3	3	0.7889192932671194	0.8648882412591287	0.07596894799200926	0.07596894799200926	0.02895860093993111	0.10234918537042634	0.7636363636363637	0.8205128205128205	0.803921568627451	0.9830508474576272	True	True	False	small
6_-_79077699_79077729	30min	3	3	1.0	1.0	0.0	0.0	0.0	0.0	1.0	1.0	1.0	1.0	True	True	False	small
21_+_45492534_45492564	30min	3	3	1.0	1.0	0.0	0.0	0.0	0.0	1.0	1.0	1.0	1.0	True	True	False	small
11_-_4601663_4601686	30min	2	1	1.0	1.0			0.0		1.0	1.0	1.0	1.0	False	False	False	not_testable
1_+_206419372_206419400	30min	0	0											False	False	False	not_testable
17_+_48862275_48862304	30min	3	3	1.0	1.0	0.0	0.0	0.0	0.0	1.0	1.0	1.0	1.0	True	True	False	small
2_-_43950572_43950600	30min	3	3	1.0	1.0	0.0	0.0	0.0	0.0	1.0	1.0	1.0	1.0	True	True	False	small
1_+_52414620_52414647	30min	3	3	1.0	1.0	0.0	0.0	0.0	0.0	1.0	1.0	1.0	1.0	True	True	False	small
11_-_4386967_4386990	30min	3	3	1.0	1.0	0.0	0.0	0.0	0.0	1.0	1.0	1.0	1.0	True	True	False	small
X_-_81119787_81119817	30min	0	0											False	False	False	not_testable
6_+_26410005_26410032	30min	3	3	0.6289759146902004	0.6883934583934583	0.05941754370325791	0.05941754370325791	0.08188073195641427	0.08812131856381011	0.5510204081632653	0.7142857142857143	0.5974025974025974	0.7733333333333333	True	True	False	small
11_+_65205709_65205721	30min	3	3	1.0	1.0	0.0	0.0	0.0	0.0	1.0	1.0	1.0	1.0	True	True	False	small
6_+_26373386_26373413	30min	3	3	1.0	1.0	0.0	0.0	0.0	0.0	1.0	1.0	1.0	1.0	True	True	False	small
3_-_160535660_160535690	30min	3	3	1.0	1.0	0.0	0.0	0.0	0.0	1.0	1.0	1.0	1.0	True	True	False	small
16_+_28986539_28986569	30min	3	3	0.5708808478840307	0.6454739412194231	0.07459309333539244	0.07459309333539244	0.055350999984467894	0.12136915836098816	0.5189873417721519	0.6291390728476821	0.5060240963855421	0.7272727272727273	True	True	False	small
3_+_184189254_184189277	30min	3	3	0.2801217691492255	0.2033776067333114	-0.07674416241591409	0.07674416241591409	0.054235953762699615	0.08625683441748072	0.2413793103448276	0.3421052631578947	0.1076923076923077	0.2751677852348993	True	True	False	small
5_-_170262841_170262861	30min	3	3	1.0	1.0	0.0	0.0	0.0	0.0	1.0	1.0	1.0	1.0	True	True	False	small
7_+_74755508_74755537	30min	3	3	0.8867910447761194	0.9583975346687211	0.07160648989260177	0.07160648989260177	0.034244462700745236	0.045941607136750565	0.86	0.9253731343283582	0.9090909090909092	1.0	True	True	False	small
4_+_53440581_53440608	30min	3	3	0.26556225300387204	0.3015700868332447	0.03600783382937267	0.03600783382937267	0.06865797061879263	0.010309175066879433	0.202127659574468	0.3384615384615385	0.2933333333333333	0.3131313131313131	True	True	False	small
8_+_63169386_63169411	30min	3	3	1.0	1.0	0.0	0.0	0.0	0.0	1.0	1.0	1.0	1.0	True	True	False	small
5_-_170262966_170262992	30min	3	3	1.0	1.0	0.0	0.0	0.0	0.0	1.0	1.0	1.0	1.0	True	True	False	small
18_+_10533535_10533553	30min	1	1	1.0	1.0					1.0	1.0	1.0	1.0	False	False	False	not_testable
19_+_50419945_50419973	30min	0	0											False	False	False	not_testable
17_+_43179393_43179412	30min	3	3	1.0	1.0	0.0	0.0	0.0	0.0	1.0	1.0	1.0	1.0	True	True	False	small
7_+_142792521_142792539	30min	3	3	1.0	1.0	0.0	0.0	0.0	0.0	1.0	1.0	1.0	1.0	True	True	False	small
19_+_39421282_39421299	30min	3	3	1.0	1.0	0.0	0.0	0.0	0.0	1.0	1.0	1.0	1.0	True	True	False	small
6_-_28911695_28911718	30min	3	2	0.9393939393939394	1.0	0.06060606060606055	0.06060606060606055	0.10497277621629557	0.0	0.8181818181818182	1.0	1.0	1.0	True	False	False	small
7_+_35831491_35831496	30min	3	3	0.903225806451613	0.9333333333333332	0.030107526881720248	0.030107526881720248	0.1676178200873107	0.11547005383792512	0.7096774193548387	1.0	0.8	1.0	True	True	False	small
2_-_121401867_121401870	30min	1	0	1.0						1.0	1.0			False	False	False	not_testable
2_-_25835537_25835540	30min	3	3	1.0	1.0	0.0	0.0	0.0	0.0	1.0	1.0	1.0	1.0	True	True	False	small
14_+_96874456_96874459	30min	0	0											False	False	False	not_testable
19_+_48477716_48477719	30min	3	3	0.5322510822510823	0.42063492063492064	-0.11161616161616167	0.11161616161616167	0.09118773006223711	0.18640490230659296	0.4285714285714285	0.6	0.2857142857142857	0.6333333333333333	True	True	False	exploratory
17_-_78696006_78696009	30min	3	3	0.9905880916243611	0.9655670883834572	-0.02502100324090395	0.02502100324090395	0.009086975193024604	0.027469107962450598	0.9818652849740932	1.0	0.9462616822429908	0.9970149253731344	True	True	False	small
6_-_166370217_166370221	30min	3	3	1.0	1.0	0.0	0.0	0.0	0.0	1.0	1.0	1.0	1.0	True	True	False	small
14_-_50438091_50438094	30min	3	3	1.0	1.0	0.0	0.0	0.0	0.0	1.0	1.0	1.0	1.0	True	True	False	small
4_+_88676217_88676241	3hr	3	3	0.9761904761904763	0.7955555555555556	-0.1806349206349207	0.1806349206349207	0.041239304942116105	0.11339867397487179	0.9285714285714286	1.0	0.6666666666666666	0.88	True	True	True	exploratory
10_-_73439871_73439901	3hr	3	3	0.7770753460042963	0.9046296296296296	0.12755428362533328	0.12755428362533328	0.09392501507994556	0.08855550908498248	0.6923076923076923	0.8780487804878049	0.825	1.0	True	True	False	exploratory
14_-_93076594_93076619	3hr	3	3	1.0	0.9777777777777777	-0.022222222222222254	0.022222222222222254	0.0	0.038490017945975105	1.0	1.0	0.9333333333333332	1.0	True	True	False	small
5_+_57221375_57221396	3hr	3	3	0.7467343147410553	0.3970875047776161	-0.3496468099634392	0.3496468099634392	0.14307830943169886	0.06472475031630849	0.582089552238806	0.8409090909090909	0.3245614035087719	0.4489795918367347	True	True	True	strong
11_-_75271700_75271724	3hr	3	3	0.3101851851851852	0.5205128205128206	0.21032763532763538	0.21032763532763538	0.07897556532051844	0.07147364033213514	0.2222222222222222	0.375	0.4615384615384615	0.6	True	True	True	strong
17_+_30510879_30510909	3hr	3	3	0.9393939393939394	0.9659340659340659	0.026540126540126496	0.026540126540126496	0.10497277621629557	0.03582822063055187	0.8181818181818182	1.0	0.9285714285714286	1.0	True	True	False	small
8_-_54065787_54065813	3hr	3	3	0.0	0.0	0.0	0.0	0.0	0.0	0.0	0.0	0.0	0.0	True	True	False	small
X_-_154357250_154357274	3hr	3	3	0.7339657009313675	0.610629799856096	-0.12333590107527148	0.12333590107527148	0.018876043114411663	0.06511037697038821	0.7166666666666667	0.7540983606557377	0.5365853658536586	0.6589403973509934	True	True	True	exploratory
9_+_133054943_133054964	3hr	3	3	0.3791035353535353	0.20160335856724945	-0.17750017678628585	0.17750017678628585	0.12707872306439813	0.09441960270533728	0.28125	0.5227272727272727	0.1186440677966101	0.3043478260869565	True	True	False	exploratory
20_+_44478623_44478647	3hr	0	3		0.5934391534391534				0.11711718793621413			0.4888888888888889	0.72	False	False	False	not_testable
4_-_142202739_142202766	3hr	3	2	0.4932191653577882	0.8571428571428572	0.363923691785069	0.363923691785069	0.31919971567110417	0.20203050891044214	0.1764705882352941	0.8148148148148148	0.7142857142857143	1.0	True	False	False	strong
3_+_47819235_47819264	3hr	2	3	0.8125	0.6602564102564102	-0.15224358974358976	0.15224358974358976	0.2651650429449553	0.37993952596762676	0.625	1.0	0.25	1.0	True	False	False	exploratory
19_+_47780724_47780749	3hr	3	3	0.6376478988168094	0.6071428571428571	-0.030505041673952293	0.030505041673952293	0.20568409861998962	0.1287696884094282	0.5116279069767442	0.875	0.5	0.75	True	True	False	small
17_+_7578226_7578244	3hr	3	3	0.0004960317460317333	0.0043994250582311	0.0039033933121993664	0.0039033933121993664	0.000859152186294064	0.002956309521888683	0.0	0.0014880952380952	0.0026385224274406	0.0078125	True	True	True	small
3_-_146536539_146536565	3hr	3	3	1.0	1.0	0.0	0.0	0.0	0.0	1.0	1.0	1.0	1.0	True	True	False	small
17_-_35014739_35014763	3hr	3	3	1.0	1.0	0.0	0.0	0.0	0.0	1.0	1.0	1.0	1.0	True	True	False	small
11_+_67416175_67416202	3hr	3	2	0.42372134038800696	0.668560606060606	0.244839265672599	0.244839265672599	0.18129455784052992	0.17409826051941513	0.2321428571428571	0.5925925925925926	0.5454545454545454	0.7916666666666666	True	False	False	strong
12_-_57538518_57538524	3hr	3	3	0.20035810078182958	0.2587344429449692	0.05837634216313964	0.05837634216313964	0.11354676953652378	0.1362349279782339	0.0972222222222222	0.3220338983050847	0.1052631578947368	0.3653846153846153	True	True	False	small
12_-_6965910_6965916	3hr	3	3	0.9943693693693693	1.0	0.00563063063063074	0.00563063063063074	0.009752538330905901	0.0	0.983108108108108	1.0	1.0	1.0	True	True	False	small
20_+_62304460_62304485	3hr	3	3	0.0	0.0	0.0	0.0	0.0	0.0	0.0	0.0	0.0	0.0	True	True	False	small
16_+_70550649_70550678	3hr	3	3	0.6234819734345352	0.29579627843851564	-0.3276856949960195	0.3276856949960195	0.06651772478906715	0.22123059051728464	0.5483870967741935	0.675	0.1111111111111111	0.5409836065573771	True	True	True	strong
14_+_94114850_94114880	3hr	0	0											False	False	False	not_testable
19_+_47205103_47205129	3hr	3	3	0.16801619433198378	0.0579710144927536	-0.11004517983923018	0.11004517983923018	0.17329874271922663	0.10040874246776096	0.0	0.3461538461538461	0.0	0.1739130434782608	True	True	False	exploratory
16_-_31093311_31093321	3hr	3	3	0.05471956224350203	0.0	-0.05471956224350203	0.05471956224350203	0.05925145780494586	0.0	0.0	0.1176470588235294	0.0	0.0	True	True	False	small
1_-_156476493_156476514	3hr	3	3	0.049851263443496434	0.08730610232487575	0.037454838881379314	0.037454838881379314	0.050517743804363115	0.08397525191722767	0.0	0.101010101010101	0.0212765957446808	0.1818181818181818	True	True	False	small
19_+_41897314_41897326	3hr	3	3	0.8748691516407558	0.8508495321867934	-0.02401961945396247	0.02401961945396247	0.0414520173907069	0.10251879712113485	0.8431372549019608	0.9217687074829932	0.7853107344632768	0.9689922480620154	True	True	False	small
9_-_137023837_137023840	3hr	3	3	0.7754595443833464	0.6568627450980392	-0.1185967992853072	0.1185967992853072	0.11234811340795099	0.29752923344104937	0.6716417910447762	0.8947368421052632	0.4705882352941176	1.0	True	True	False	exploratory
11_-_64015251_64015281	3hr	3	3	1.0	1.0	0.0	0.0	0.0	0.0	1.0	1.0	1.0	1.0	True	True	False	small
13_+_75809153_75809183	3hr	3	2	1.0	1.0	0.0	0.0	0.0	0.0	1.0	1.0	1.0	1.0	True	False	False	small
18_-_50285324_50285351	3hr	3	3	0.9123152709359607	0.9575996503179119	0.04528437938195129	0.04528437938195129	0.12322362490239934	0.03427186454670308	0.7714285714285715	1.0	0.918032786885246	0.978021978021978	True	True	False	small
5_+_181233412_181233435	3hr	3	3	0.5079474216380181	0.42735042735042733	-0.08059699428759076	0.08059699428759076	0.19887804668746348	0.16284238361758677	0.3255813953488372	0.72	0.3333333333333333	0.6153846153846154	True	True	False	small
4_-_75918760_75918789	3hr	2	1	0.35185185185185186	1.0			0.4975936608349779		0.0	0.7037037037037037	1.0	1.0	False	False	False	not_testable
11_+_59145826_59145856	3hr	3	0	0.7109090909090909				0.19115136142650568		0.5	0.8727272727272727			False	False	False	not_testable
12_+_27674191_27674221	3hr	1	0	1.0						1.0	1.0			False	False	False	not_testable
12_-_122514711_122514728	3hr	3	3	0.3050934097200119	0.0691823899371069	-0.23591101978290502	0.23591101978290502	0.12278179444913952	0.11982741436011098	0.1764705882352941	0.4210526315789473	0.0	0.2075471698113207	True	True	False	strong
8_+_22539468_22539498	3hr	3	3	0.8673569023569024	0.9119074281448301	0.04455052578792762	0.04455052578792762	0.05748442901303384	0.08052075023348695	0.8181818181818182	0.9305555555555556	0.8421052631578947	1.0	True	True	False	small
16_+_85802753_85802757	3hr	3	3	0.9938967562441863	0.9902605749593905	-0.003636181284795814	0.003636181284795814	0.0008084107892508102	0.0074397145495302035	0.9931647300068353	0.9947643979057592	0.981691368788143	0.9950704225352112	True	True	False	small
17_-_37210466_37210490	3hr	0	1		1.0							1.0	1.0	False	False	False	not_testable
16_-_89653903_89653923	3hr	3	3	0.7886904761904763	0.9677719527505445	0.17908147656006823	0.17908147656006823	0.1830538608890688	0.027370809223821502	0.6785714285714286	1.0	0.9385474860335196	0.9928057553956836	True	True	False	exploratory
12_+_9650332_9650361	3hr	3	3	0.18088460444541263	0.10014090177133654	-0.08074370267407609	0.08074370267407609	0.12244311104242848	0.05205189078683561	0.081967213114754	0.3178294573643411	0.0434782608695652	0.1458333333333333	True	True	False	small
11_-_65662178_65662205	3hr	3	3	0.4825764834620368	0.4944944818128619	0.011917998350825076	0.011917998350825076	0.04523779938316267	0.05433494503229771	0.4447300771208226	0.5326797385620915	0.4321926489226869	0.5320600272851296	True	True	False	small
11_+_63906087_63906114	3hr	3	3	0.0182310914018231	0.0597222222222222	0.0414911308203991	0.0414911308203991	0.016062994149005208	0.008673608331108857	0.0	0.0303030303030303	0.05	0.0666666666666666	True	True	True	small
3_+_139351030_139351060	3hr	3	3	0.028132066938037065	0.0043478260869565	-0.023784240851080565	0.023784240851080565	0.027313312630907388	0.007530655685082038	0.0	0.0545454545454545	0.0	0.0130434782608695	True	True	False	small
20_+_2975214_2975241	3hr	3	3	0.31634669678147936	0.1304429429429429	-0.18590375383853647	0.18590375383853647	0.1857040726697684	0.058883403960868046	0.1136363636363636	0.4782608695652174	0.0625	0.1666666666666666	True	True	False	exploratory
6_+_29929018_29929045	3hr	3	3	1.0	1.0	0.0	0.0	0.0	0.0	1.0	1.0	1.0	1.0	True	True	False	small
22_-_41681539_41681559	3hr	3	3	0.24502804705750694	0.11963712823311677	-0.12539091882439019	0.12539091882439019	0.04304870151175994	0.018047915038650195	0.2011834319526627	0.2872340425531915	0.0989010989010989	0.1318051575931232	True	True	True	exploratory
5_+_65655635_65655653	3hr	3	3	1.0	0.8888888888888888	-0.11111111111111116	0.11111111111111116	0.0	0.1924500897298753	1.0	1.0	0.6666666666666666	1.0	True	True	False	exploratory
4_+_159344035_159344059	3hr	0	3		0.42727272727272725				0.22294876638686556			0.2666666666666666	0.6818181818181818	False	False	False	not_testable
5_+_146481446_146481476	3hr	3	3	0.4722738218094255	0.368979850004518	-0.10329397180490751	0.10329397180490751	0.2049056012667931	0.05392991017069255	0.2666666666666666	0.6764705882352942	0.3235294117647059	0.4285714285714285	True	True	False	exploratory
8_-_140426614_140426641	3hr	3	3	0.821501014198783	0.7649572649572649	-0.05654374924151806	0.05654374924151806	0.15681756594491258	0.1702443101456589	0.7058823529411765	1.0	0.6666666666666666	0.9615384615384616	True	True	False	small
17_-_1543019_1543027	3hr	3	3	1.0	0.9961685823754789	-0.003831417624521105	0.003831417624521105	0.0	0.006636209990685346	1.0	1.0	0.9885057471264368	1.0	True	True	False	small
10_+_90895453_90895483	3hr	3	3	0.10897435897435896	0.3773007926574885	0.26832643368312953	0.26832643368312953	0.12804477150921909	0.023654370652085477	0.0	0.25	0.36	0.4042553191489361	True	True	True	strong
3_-_112125225_112125254	3hr	2	3	1.0	1.0	0.0	0.0	0.0	0.0	1.0	1.0	1.0	1.0	True	False	False	small
2_+_272036_272065	3hr	3	3	0.08057940844826088	0.06983723181012337	-0.010742176638137507	0.010742176638137507	0.04340210368837335	0.042161566162588655	0.0317460317460317	0.1147540983606557	0.036144578313253	0.1171171171171171	True	True	False	small
19_-_39390259_39390289	3hr	3	3	0.32455296168054	0.6488867630612528	0.3243338013807128	0.3243338013807128	0.15830682675258917	0.009414631959819652	0.1836734693877551	0.4958677685950413	0.6428571428571429	0.6597353497164461	True	True	True	strong
14_+_105468337_105468349	3hr	3	3	0.08149058149058147	0.08974358974358974	0.008253008253008273	0.008253008253008273	0.07197311910015129	0.15544045708951462	0.0	0.1363636363636363	0.0	0.2692307692307692	True	True	False	small
19_+_39458293_39458305	3hr	3	3	0.9908743795341733	0.9904036418122133	-0.00047073772196004615	0.00047073772196004615	0.011631135345743143	0.008389810944592069	0.9777777777777776	1.0	0.9844559585492229	1.0	True	True	False	small
5_-_141588223_141588250	3hr	3	3	0.2622568559419411	0.18219241341396367	-0.08006444252797743	0.08006444252797743	0.12348752100411846	0.093958426099636	0.1325301204819277	0.3783783783783784	0.096	0.2823529411764706	True	True	False	small
4_+_159243773_159243791	3hr	0	3		1.0				0.0			1.0	1.0	False	False	False	not_testable
6_-_32181605_32181632	3hr	3	3	0.44051932367149754	0.30158730158730157	-0.13893202208419597	0.13893202208419597	0.24536960666275687	0.287033989206748	0.25	0.717391304347826	0.0	0.5714285714285714	True	True	False	exploratory
17_-_15993756_15993778	3hr	3	3	1.0	1.0	0.0	0.0	0.0	0.0	1.0	1.0	1.0	1.0	True	True	False	small
2_+_101868028_101868037	3hr	3	3	0.07086077674312963	0.16634460547504024	0.09548382873191061	0.09548382873191061	0.08299099693073872	0.20244159109405857	0.0	0.1621621621621621	0.0434782608695652	0.4	True	True	False	small
1_+_28457831_28457855	3hr	2	3	0.15625	0.24074074074074073	0.08449074074074073	0.08449074074074073	0.2209708691207961	0.05250906251391786	0.0	0.3125	0.2	0.3	True	False	False	small
11_+_5708576_5708603	3hr	3	3	1.0	0.9984089101034209	-0.0015910898965790787	0.0015910898965790787	0.0	0.002755848540284667	1.0	1.0	0.9952267303102624	1.0	True	True	False	small
16_-_70679314_70679323	3hr	3	2	1.0	0.6846153846153846	-0.3153846153846154	0.3153846153846154	0.0	0.1196642245084927	1.0	1.0	0.6	0.7692307692307693	True	False	True	strong
19_+_1106241_1106266	3hr	3	3	0.9753585677185203	0.9523485323831401	-0.023010035335380152	0.023010035335380152	0.02408565611234544	0.00826192762451162	0.947565543071161	0.990138067061144	0.9435336976320584	0.959915611814346	True	True	False	small
14_+_55061679_55061701	3hr	3	3	0.8193214570056774	0.9765195817827396	0.1571981247770622	0.1571981247770622	0.09321132455409084	0.012006453469973142	0.7129629629629629	0.8867924528301887	0.9649122807017544	0.9888888888888888	True	True	True	exploratory
14_+_103465423_103465450	3hr	3	3	0.46349206349206346	0.04	-0.4234920634920635	0.4234920634920635	0.08469410521875624	0.06928203230275509	0.3666666666666666	0.5238095238095238	0.0	0.12	True	True	True	strong
5_-_132706450_132706459	3hr	1	2	1.0	0.6160714285714286				0.3409264837863711	1.0	1.0	0.375	0.8571428571428571	False	False	False	not_testable
12_-_57305639_57305663	3hr	3	3	0.1054673238408178	0.08333333333333333	-0.022133990507484477	0.022133990507484477	0.09193593401562618	0.14433756729740646	0.0	0.1686746987951807	0.0	0.25	True	True	False	small
20_+_58659622_58659634	3hr	3	3	0.23215360304781696	0.2254220397897809	-0.006731563258036061	0.006731563258036061	0.07152758594902812	0.08479414732319077	0.1497175141242938	0.2777777777777778	0.1518987341772152	0.3181818181818182	True	True	False	small
19_+_45009813_45009822	3hr	3	3	0.9597701149425287	0.9396075865379961	-0.020162528404532587	0.020162528404532587	0.06968020490219623	0.02209316231479711	0.8793103448275862	1.0	0.9227941176470588	0.964630225080386	True	True	False	small
2_+_69921735_69921765	3hr	3	3	1.0	1.0	0.0	0.0	0.0	0.0	1.0	1.0	1.0	1.0	True	True	False	small
3_+_56559568_56559594	3hr	3	3	0.5038594149705261	0.8713219148001756	0.3674624998296495	0.3674624998296495	0.09731792235333765	0.11306415544186402	0.4054054054054054	0.6	0.7878787878787878	1.0	True	True	True	strong
10_+_6228195_6228218	3hr	3	3	0.027777777777777766	0.13751443834957103	0.10973666057179327	0.10973666057179327	0.048112522432468795	0.07648989158481184	0.0	0.0833333333333333	0.0617283950617283	0.2146892655367231	True	True	False	exploratory
22_-_29329711_29329720	3hr	3	3	0.5686783804430863	0.43003663003663	-0.13864175040645627	0.13864175040645627	0.07677323841192839	0.10867484106705814	0.5194805194805194	0.6571428571428571	0.3090909090909091	0.5194805194805194	True	True	False	exploratory
1_-_173864674_173864704	3hr	3	3	0.0161533923198723	0.015104681186349734	-0.001048711133522567	0.001048711133522567	0.002349327868520693	0.014149687448242035	0.0134865134865134	0.0179171332586786	0.0042625745950554	0.0311111111111111	True	True	False	small
3_+_133587158_133587161	3hr	3	3	0.28362999452654625	0.2795825771324864	-0.004047417394059838	0.004047417394059838	0.17721988292126634	0.05886229310439251	0.1724137931034483	0.488	0.2413793103448276	0.3473684210526316	True	True	False	small
6_-_85538837_85538864	3hr	3	3	0.5695806100217865	0.19376114081996434	-0.3758194692018222	0.3758194692018222	0.2779003998540212	0.14738062344308103	0.3823529411764705	0.8888888888888888	0.1	0.3636363636363636	True	True	True	strong
17_-_29578961_29578988	3hr	3	3	0.03174603174603174	0.0	-0.03174603174603174	0.03174603174603174	0.05498573992282148	0.0	0.0	0.0952380952380952	0.0	0.0	True	True	False	small
5_+_32586491_32586501	3hr	3	3	0.6422147722435079	0.44637345679012347	-0.1958413154533844	0.1958413154533844	0.2738668103741617	0.24383784308134832	0.396551724137931	0.9375	0.21875	0.7037037037037037	True	True	False	exploratory
2_-_156326311_156326328	3hr	3	3	0.0014214641080312668	0.020495178983777434	0.01907371487574617	0.01907371487574617	0.002462048056245729	0.004763699787345581	0.0	0.0042643923240938	0.015557939914163	0.0250639386189258	True	True	True	small
16_+_31183486_31183489	3hr	3	3	0.06025641025641023	0.05208127121324133	-0.008175139043168897	0.008175139043168897	0.07922827977169423	0.008780231702834576	0.0	0.15	0.0424107142857142	0.0595533498759305	True	True	False	small
17_-_41896619_41896649	3hr	3	3	1.0	0.749546279491833	-0.25045372050816705	0.25045372050816705	0.0	0.2972586189707808	1.0	1.0	0.4210526315789473	1.0	True	True	False	strong
12_-_88130544_88130565	3hr	3	1	1.0	0.5			0.0		1.0	1.0	0.5	0.5	False	False	False	not_testable
2_-_121409023_121409047	3hr	3	3	0.7836257309941521	0.382716049382716	-0.40090968161143614	0.40090968161143614	0.1875908179221689	0.34413234233990997	0.6666666666666666	1.0	0.0	0.6666666666666666	True	True	False	strong
1_-_1388491_1388510	3hr	3	3	0.0717115739529187	0.06442060195867297	-0.007290971994245735	0.007290971994245735	0.040113613370464755	0.008115615338623105	0.0333333333333333	0.1133603238866396	0.0558375634517766	0.0719696969696969	True	True	False	small
12_-_110499534_110499546	3hr	2	3	0.5	0.9555555555555556	0.4555555555555556	0.4555555555555556	0.7071067811865476	0.07698003589195009	0.0	1.0	0.8666666666666667	1.0	True	False	False	strong
1_+_28737657_28737682	3hr	3	3	0.9693459693459694	0.9055963921735734	-0.06374957717239604	0.06374957717239604	0.03261912063518879	0.02057030547676927	0.935064935064935	1.0	0.8888888888888888	0.9285714285714286	True	True	True	small
X_+_150712341_150712365	3hr	3	3	1.0	1.0	0.0	0.0	0.0	0.0	1.0	1.0	1.0	1.0	True	True	False	small
10_-_103105357_103105381	3hr	3	3	0.936936936936937	0.57698785742264	-0.359949079514297	0.359949079514297	0.10922842930614539	0.11462893374592324	0.8108108108108109	1.0	0.4782608695652174	0.7027027027027027	True	True	True	strong
20_+_49096175_49096200	3hr	3	3	0.0	0.0	0.0	0.0	0.0	0.0	0.0	0.0	0.0	0.0	True	True	False	small
2_-_70289349_70289372	3hr	3	3	0.9891633211147961	0.9855140715066119	-0.0036492496081842463	0.0036492496081842463	0.00951183626932195	0.015899031667654343	0.9821958456973294	1.0	0.968503937007874	1.0	True	True	False	small
1_+_172577538_172577559	3hr	3	3	1.0	1.0	0.0	0.0	0.0	0.0	1.0	1.0	1.0	1.0	True	True	False	small
7_-_43887789_43887816	3hr	2	3	1.0	1.0	0.0	0.0	0.0	0.0	1.0	1.0	1.0	1.0	True	False	False	small
4_+_27007982_27008006	3hr	3	3	0.5048948670891573	0.3376844688320098	-0.1672103982571475	0.1672103982571475	0.16915544766542312	0.10989259725050239	0.3414634146341463	0.6792452830188679	0.2459016393442623	0.4594594594594595	True	True	False	exploratory
1_-_155203512_155203539	3hr	3	2	0.9655172413793104	1.0	0.03448275862068961	0.03448275862068961	0.05972588991616817	0.0	0.896551724137931	1.0	1.0	1.0	True	False	False	small
5_+_176099020_176099045	3hr	3	3	1.0	1.0	0.0	0.0	0.0	0.0	1.0	1.0	1.0	1.0	True	True	False	small
X_-_23734340_23734367	3hr	3	3	1.0	1.0	0.0	0.0	0.0	0.0	1.0	1.0	1.0	1.0	True	True	False	small
1_-_205115857_205115883	3hr	1	3	1.0	1.0				0.0	1.0	1.0	1.0	1.0	False	False	False	not_testable
17_+_45234831_45234849	3hr	3	3	0.13661794458895904	0.08763971175514733	-0.04897823283381171	0.04897823283381171	0.05484641140618994	0.013636347360783143	0.0769230769230769	0.1847826086956521	0.0723981900452488	0.0986842105263157	True	True	False	small
11_+_118364677_118364703	3hr	3	3	0.5074074074074074	0.4110579479000531	-0.0963494595073543	0.0963494595073543	0.4576285265504732	0.3607099267031651	0.0	0.8888888888888888	0.0454545454545454	0.7666666666666667	True	True	False	small
15_+_40854059_40854086	3hr	0	1		1.0							1.0	1.0	False	False	False	not_testable
10_+_89013342_89013367	3hr	0	3		0.12126068376068373				0.16759122665785536			0.0	0.3125	False	False	False	not_testable
1_+_78620943_78620971	3hr	2	1	0.2727272727272727	0.0833333333333333			0.385694607919935		0.0	0.5454545454545454	0.0833333333333333	0.0833333333333333	False	False	False	not_testable
4_-_82899712_82899737	3hr	3	3	0.6198879551820728	0.45477207977207973	-0.16511587540999312	0.16511587540999312	0.1384549947141068	0.009086432209524981	0.5	0.7714285714285715	0.4444444444444444	0.4615384615384615	True	True	True	exploratory
1_+_161339561_161339588	3hr	3	3	0.26809269162210336	0.25026455026455025	-0.017828141357553118	0.017828141357553118	0.2503595363331791	0.1016410241546948	0.0588235294117647	0.5454545454545454	0.1333333333333333	0.3174603174603174	True	True	False	small
14_-_65101545_65101572	3hr	3	3	0.8998694885361552	0.7747178324885949	-0.1251516560475603	0.1251516560475603	0.08459637863670637	0.029094139911341337	0.8148148148148148	0.984	0.7464788732394366	0.8045977011494253	True	True	True	exploratory
14_-_21263310_21263336	3hr	3	3	0.2662915757673248	0.62492025481968	0.35862867905235524	0.35862867905235524	0.035171353339094054	0.023926083065277225	0.2273901808785529	0.295843520782396	0.6014814814814815	0.6493055555555556	True	True	True	strong
5_-_177310667_177310697	3hr	2	2	1.0	1.0	0.0	0.0	0.0	0.0	1.0	1.0	1.0	1.0	True	False	False	small
3_+_37337142_37337163	3hr	3	3	0.9102564102564102	0.9794871794871794	0.0692307692307692	0.0692307692307692	0.15544045708951465	0.035529247334746265	0.7307692307692307	1.0	0.9384615384615383	1.0	True	True	False	small
1_+_39436481_39436490	3hr	3	3	0.8094325852946542	0.8199847444698704	0.010552159175216125	0.010552159175216125	0.10120870859981577	0.22682567377110915	0.6984126984126984	0.896551724137931	0.5652173913043478	1.0	True	True	False	small
18_+_51049294_51049324	3hr	1	3	1.0	1.0				0.0	1.0	1.0	1.0	1.0	False	False	False	not_testable
12_-_68316580_68316610	3hr	1	1	0.8	1.0					0.8	0.8	1.0	1.0	False	False	False	not_testable
8_+_144242601_144242628	3hr	3	3	0.8271873790166473	0.9206349206349206	0.09344754161827329	0.09344754161827329	0.13423432668884475	0.08361629962581536	0.7142857142857143	0.975609756097561	0.8333333333333334	1.0	True	True	False	small
11_+_70350993_70351023	3hr	2	3	0.569327731092437	0.2974747474747475	-0.27185298361768945	0.27185298361768945	0.30601680026140504	0.0970209776022087	0.3529411764705882	0.7857142857142857	0.2333333333333333	0.4090909090909091	True	False	False	strong
11_+_62141499_62141511	3hr	2	1	0.8529411764705883	0.5			0.2079725827019257		0.7058823529411765	1.0	0.5	0.5	False	False	False	not_testable
19_+_35009422_35009443	3hr	3	3	0.9722160916157826	0.9599336178283547	-0.012282473787427861	0.012282473787427861	0.029060129900026068	0.035493058113649986	0.9420289855072465	1.0	0.9324324324324323	1.0	True	True	False	small
17_+_67553609_67553617	3hr	3	3	1.0	1.0	0.0	0.0	0.0	0.0	1.0	1.0	1.0	1.0	True	True	False	small
15_-_50346371_50346395	3hr	2	3	0.18039215686274504	0.46375590936260397	0.2833637524998589	0.2833637524998589	0.1608321306228226	0.07581340879829811	0.0666666666666666	0.2941176470588235	0.3766233766233766	0.5146443514644351	True	False	True	strong
17_+_42985650_42985656	3hr	3	3	0.3333333333333333	0.09375	-0.23958333333333331	0.23958333333333331	0.5773502691896258	0.16237976320958225	0.0	1.0	0.0	0.28125	True	True	False	strong
16_+_19575097_19575122	3hr	2	3	1.0	1.0	0.0	0.0	0.0	0.0	1.0	1.0	1.0	1.0	True	False	False	small
10_+_78040203_78040225	3hr	3	3	0.7310387120489756	0.690231593111332	-0.04080711893764366	0.04080711893764366	0.024080731496342628	0.026945043421897432	0.7057627118644068	0.7537128712871287	0.6597110754414125	0.7107271996785858	True	True	False	small
5_-_151110626_151110644	3hr	3	3	0.8310847274689692	0.972934472934473	0.14184974546550377	0.14184974546550377	0.1652671893582627	0.02780515854122955	0.6697247706422018	1.0	0.9444444444444444	1.0	True	True	False	exploratory
10_+_99750368_99750396	3hr	3	3	1.0	0.9422222222222222	-0.05777777777777782	0.05777777777777782	0.0	0.06842135252595843	1.0	1.0	0.8666666666666667	1.0	True	True	False	small
8_-_27290155_27290178	3hr	2	3	0.6053639846743295	0.9333333333333332	0.32796934865900373	0.32796934865900373	0.07043975598026907	0.11547005383792514	0.5555555555555556	0.6551724137931034	0.8	1.0	True	False	True	strong
11_-_5667688_5667711	3hr	1	3	1.0	1.0				0.0	1.0	1.0	1.0	1.0	False	False	False	not_testable
9_+_128162003_128162007	3hr	3	3	0.06151354446319637	0.13482789207426882	0.07331434761107244	0.07331434761107244	0.05359869777140832	0.052745279149548754	0.0038167938931297	0.1097560975609756	0.074074074074074	0.1689189189189189	True	True	False	small
11_-_78441090_78441117	3hr	2	3	0.6958041958041958	0.6905797101449275	-0.005224485659268363	0.005224485659268363	0.2126265146225283	0.14834202377493494	0.5454545454545454	0.8461538461538461	0.5217391304347826	0.8	True	False	False	small
13_+_25319325_25319350	3hr	3	3	0.13015873015873014	0.8377692266581156	0.7076104964993855	0.7076104964993855	0.11282130567566259	0.03897706351657527	0.0	0.2	0.8051948051948052	0.8809523809523809	True	True	True	strong
10_-_26771074_26771089	3hr	3	3	0.08819603356216626	0.14356485868243982	0.05536882512027355	0.05536882512027355	0.03620012960725869	0.014669106379289459	0.0526315789473684	0.125	0.1307692307692307	0.1595744680851064	True	True	True	small
2_+_237987962_237987992	3hr	3	3	1.0	1.0	0.0	0.0	0.0	0.0	1.0	1.0	1.0	1.0	True	True	False	small
1_-_173865541_173865547	3hr	3	3	0.0014181770214416998	0.0018379365398036001	0.0004197595183619003	0.0004197595183619003	0.0012370681299190979	0.0013937775583567017	0.0	0.0022753128555176	0.0007639419404125	0.0034129692832764	True	True	False	small
17_-_16151589_16151616	3hr	3	3	0.2159090909090909	0.18291666666666664	-0.03299242424242427	0.03299242424242427	0.19384911487763615	0.22181894831896878	0.0	0.375	0.03125	0.4375	True	True	False	small
19_-_14152132_14152150	3hr	3	3	0.7839937071010797	0.7856209150326797	0.0016272079315999832	0.0016272079315999832	0.1224276350731627	0.2356315663017287	0.6511627906976745	0.8923076923076924	0.5333333333333333	1.0	True	True	False	small
12_-_6330266_6330295	3hr	3	3	0.557422969187675	0.6323541025033562	0.07493113331568124	0.07493113331568124	0.4292574286720566	0.21099195393810377	0.1428571428571428	1.0	0.3888888888888889	0.7619047619047619	True	True	False	small
3_-_180986997_180987022	3hr	3	3	0.08940825497526524	0.11029389713600234	0.0208856421607371	0.0208856421607371	0.07556649290794452	0.06345742526754766	0.0329670329670329	0.1752577319587628	0.0444444444444444	0.1710526315789473	True	True	False	small
2_+_241324215_241324241	3hr	3	3	0.9535330261136713	0.946360153256705	-0.007172872856966328	0.007172872856966328	0.05496651515515226	0.046542262886039604	0.8928571428571429	1.0	0.9166666666666666	1.0	True	True	False	small
22_+_30023456_30023483	3hr	3	3	0.4352770885028949	0.40748538011695906	-0.027791708385935865	0.027791708385935865	0.2469857923495381	0.22763395079272256	0.2307692307692307	0.7096774193548387	0.24	0.6666666666666666	True	True	False	small
1_-_58690225_58690249	3hr	3	3	0.4368131868131868	0.5143762183235867	0.0775630315103999	0.0775630315103999	0.42374536890039666	0.17715162298202194	0.0	0.8461538461538461	0.3611111111111111	0.7083333333333334	True	True	False	small
15_-_52348817_52348826	3hr	3	2	0.9509803921568628	0.6111111111111112	-0.33986928104575165	0.33986928104575165	0.08490445135141557	0.5499719409228703	0.8529411764705882	1.0	0.2222222222222222	1.0	True	False	False	strong
8_-_124580550_124580562	3hr	0	0											False	False	False	not_testable
12_+_62566013_62566031	3hr	2	3	0.7708333333333333	0.5242712842712843	-0.24656204906204893	0.24656204906204893	0.14731391274719743	0.16951985927975946	0.6666666666666666	0.875	0.4242424242424242	0.72	True	False	False	strong
15_-_78294945_78294973	3hr	2	3	1.0	1.0	0.0	0.0	0.0	0.0	1.0	1.0	1.0	1.0	True	False	False	small
19_+_2097928_2097955	3hr	2	2	0.6111111111111112	0.2	-0.41111111111111115	0.41111111111111115	0.5499719409228703	0.28284271247461906	0.2222222222222222	1.0	0.0	0.4	True	False	False	strong
20_-_50945736_50945762	3hr	3	3	0.6152293776910448	0.6757773353603346	0.060547957669289776	0.060547957669289776	0.0033742981634860398	0.04125825014134938	0.6113744075829384	0.6176470588235294	0.646551724137931	0.722972972972973	True	True	True	small
12_-_42322417_42322446	3hr	3	3	0.4367955721679126	0.1949810606060606	-0.241814511561852	0.241814511561852	0.1621819132510978	0.1161234694926526	0.2553191489361702	0.5675675675675675	0.075	0.3068181818181818	True	True	False	strong
17_-_75146665_75146684	3hr	3	3	1.0	1.0	0.0	0.0	0.0	0.0	1.0	1.0	1.0	1.0	True	True	False	small
1_+_222648828_222648850	3hr	3	3	0.9866666666666667	1.0	0.013333333333333308	0.013333333333333308	0.023094010767585053	0.0	0.96	1.0	1.0	1.0	True	True	False	small
20_+_32367726_32367729	3hr	3	3	0.9577352472089314	0.9312896405919662	-0.026445606616965267	0.026445606616965267	0.06215876989183132	0.06818796373306613	0.8863636363636364	1.0	0.8636363636363636	1.0	True	True	False	small
17_-_10729030_10729060	3hr	1	2	1.0	1.0				0.0	1.0	1.0	1.0	1.0	False	False	False	not_testable
10_-_71823887_71823896	3hr	3	3	0.19583550931319374	0.12564756278066277	-0.07018794653253096	0.07018794653253096	0.09542104809326986	0.109794640306962	0.0909090909090909	0.2774193548387096	0.0620155038759689	0.2524271844660194	True	True	False	small
17_-_7676381_7676403	3hr	3	3	0.5188120337374068	0.5152032839702421	-0.003608749767164743	0.003608749767164743	0.1024513206137568	0.05245216940064795	0.4230769230769231	0.6268656716417911	0.4838709677419355	0.5757575757575758	True	True	False	small
6_+_31587943_31587966	3hr	3	3	0.6639249639249639	0.5476190476190476	-0.11630591630591636	0.11630591630591636	0.2525670136567699	0.041239304942116105	0.3857142857142857	0.8787878787878788	0.5	0.5714285714285714	True	True	False	exploratory
6_+_169766637_169766667	3hr	3	3	0.9871794871794872	0.6761904761904761	-0.3109890109890111	0.3109890109890111	0.02220577958421636	0.2932343679683934	0.9615384615384616	1.0	0.4285714285714285	1.0	True	True	False	strong
11_+_64354003_64354028	3hr	3	3	0.06986598127251316	0.08611377160311594	0.01624779033060278	0.01624779033060278	0.036226656645639135	0.06084824771644922	0.0313199105145413	0.1032110091743119	0.0251572327044025	0.1468531468531468	True	True	False	small
12_+_105348601_105348626	3hr	1	3	1.0	1.0				0.0	1.0	1.0	1.0	1.0	False	False	False	not_testable
17_-_1515568_1515585	3hr	3	3	0.03993055555555553	0.06929130477680166	0.02936074922124613	0.02936074922124613	0.048393610641549845	0.01655912982154807	0.0	0.09375	0.0503597122302158	0.081081081081081	True	True	False	small
9_+_128609650_128609665	3hr	3	3	0.466284348864994	0.19318585380290024	-0.2730984950620937	0.2730984950620937	0.05445907591878369	0.01800732438338783	0.4111111111111111	0.52	0.175	0.2110091743119266	True	True	True	strong
22_+_17097061_17097086	3hr	3	3	1.0	1.0	0.0	0.0	0.0	0.0	1.0	1.0	1.0	1.0	True	True	False	small
16_-_67236410_67236434	3hr	2	1	0.6451612903225806	0.0			0.5018177156807757		0.2903225806451613	1.0	0.0	0.0	False	False	False	not_testable
11_-_47635544_47635571	3hr	3	3	1.0	1.0	0.0	0.0	0.0	0.0	1.0	1.0	1.0	1.0	True	True	False	small
19_-_3017839_3017859	3hr	3	2	0.8690476190476191	0.8	-0.06904761904761902	0.06904761904761902	0.2268161771816387	0.28284271247461906	0.6071428571428571	1.0	0.6	1.0	True	False	False	small
1_-_32634767_32634792	3hr	3	3	0.3947368421052631	0.3841269841269841	-0.010609857978279014	0.010609857978279014	0.3540427380808871	0.13139175927984048	0.0	0.6842105263157895	0.2857142857142857	0.5333333333333333	True	True	False	small
19_+_10808568_10808580	3hr	3	3	0.9733333333333333	0.9667755991285403	-0.006557734204792998	0.006557734204792998	0.046188021535170036	0.029336019628529938	0.92	1.0	0.9444444444444444	1.0	True	True	False	small
12_-_6549475_6549484	3hr	2	2	0.5	1.0	0.5	0.5	0.7071067811865476	0.0	0.0	1.0	1.0	1.0	True	False	False	strong
16_-_28905866_28905878	3hr	3	3	0.9833333333333334	0.8603896103896104	-0.12294372294372302	0.12294372294372302	0.028867513459481315	0.12100418930898849	0.95	1.0	0.7857142857142857	1.0	True	True	False	exploratory
13_-_21425651_21425678	3hr	3	3	1.0	0.9824561403508772	-0.01754385964912275	0.01754385964912275	0.0	0.030386856273138165	1.0	1.0	0.9473684210526316	1.0	True	True	False	small
14_+_55137369_55137391	3hr	1	0	1.0						1.0	1.0			False	False	False	not_testable
11_+_112230207_112230230	3hr	3	3	0.6334659593280283	0.47894855668440567	-0.15451740264362263	0.15451740264362263	0.23368054187580178	0.08959239188120365	0.45	0.896551724137931	0.3773584905660377	0.5466666666666666	True	True	False	exploratory
17_-_8589080_8589108	3hr	0	0											False	False	False	not_testable
19_+_18122106_18122127	3hr	3	0	0.2857142857142857				0.49487165930539345		0.0	0.8571428571428571			False	False	False	not_testable
10_-_31839304_31839319	3hr	3	1	0.9824561403508772	1.0			0.030386856273138165		0.9473684210526316	1.0	1.0	1.0	False	False	False	not_testable
19_+_53563762_53563792	3hr	3	3	0.11946267432321574	0.22216914877597815	0.10270647445276242	0.10270647445276242	0.07910365285989793	0.033532446242854924	0.0377358490566037	0.1956521739130435	0.2017543859649122	0.2608695652173913	True	True	True	exploratory
16_+_57062158_57062173	3hr	3	3	0.2836302552063663	0.0296296296296296	-0.2540006255767367	0.2540006255767367	0.031395068642548526	0.05132002392796668	0.2486187845303867	0.3092783505154639	0.0	0.0888888888888888	True	True	True	strong
20_-_63943652_63943669	3hr	3	3	1.0	1.0	0.0	0.0	0.0	0.0	1.0	1.0	1.0	1.0	True	True	False	small
6_-_34247466_34247492	3hr	2	3	1.0	1.0	0.0	0.0	0.0	0.0	1.0	1.0	1.0	1.0	True	False	False	small
14_+_39279336_39279358	3hr	3	3	1.0	1.0	0.0	0.0	0.0	0.0	1.0	1.0	1.0	1.0	True	True	False	small
3_+_184180644_184180650	3hr	3	3	0.20879508939301492	0.12963726868800743	-0.07915782070500749	0.07915782070500749	0.0772826637047588	0.041612268672908584	0.1272727272727272	0.2809917355371901	0.0853080568720379	0.1678571428571428	True	True	False	small
14_+_52004239_52004242	3hr	3	3	0.03009078668307877	0.0197000826839718	-0.010390703999106968	0.010390703999106968	0.04759843815683571	0.012902313457880132	0.0	0.0849673202614379	0.0053619302949061	0.0303738317757009	True	True	False	small
X_-_48998153_48998180	3hr	3	3	0.9869791666666666	0.94875	-0.03822916666666665	0.03822916666666665	0.022552744890219755	0.04748354978305645	0.9609375	1.0	0.90625	1.0	True	True	False	small
9_+_128627924_128627942	3hr	3	3	0.8596598520589435	0.5980025966487955	-0.26165725541014795	0.26165725541014795	0.042358047425289834	0.052467674946869006	0.8247422680412371	0.9067796610169492	0.5539568345323741	0.6560509554140127	True	True	True	strong
19_-_6479986_6479990	3hr	3	3	0.11399785896430187	0.13135141830793998	0.01735355934363811	0.01735355934363811	0.027864377073949096	0.059629655091112205	0.087248322147651	0.1428571428571428	0.0641025641025641	0.1777777777777777	True	True	False	small
16_+_3067983_3068010	3hr	3	3	0.9691289294351525	0.9231240545197722	-0.0460048749153803	0.0460048749153803	0.018119802485144252	0.00903436837367319	0.950375939849624	0.9865410497981156	0.913279132791328	0.9310344827586208	True	True	True	small
3_+_180915675_180915696	3hr	3	3	0.9242424242424243	0.8958333333333334	-0.02840909090909094	0.02840909090909094	0.08436006610348516	0.18042195912175804	0.8333333333333334	1.0	0.6875	1.0	True	True	False	small
9_+_131232283_131232308	3hr	3	3	0.9165362545644236	0.9908557306147667	0.07431947605034317	0.07431947605034317	0.12099094800329437	0.008092970771373442	0.7777777777777778	1.0	0.9846153846153848	1.0	True	True	False	small
12_-_76049755_76049785	3hr	3	3	0.8327128499699885	0.8308361493159181	-0.0018767006540704179	0.0018767006540704179	0.034194040046538546	0.003714331507482006	0.7985004686035614	0.8668885191347754	0.8270321361058601	0.8344537815126051	True	True	False	small
19_+_55343977_55343997	3hr	3	3	1.0	1.0	0.0	0.0	0.0	0.0	1.0	1.0	1.0	1.0	True	True	False	small
18_+_35972884_35972907	3hr	3	3	0.43948615177889055	0.8073112073112073	0.36782505553231676	0.36782505553231676	0.1873614725856069	0.05806630156525714	0.2231404958677686	0.5481481481481482	0.7532467532467533	0.8686868686868687	True	True	True	strong
5_+_176103755_176103780	3hr	3	3	1.0	1.0	0.0	0.0	0.0	0.0	1.0	1.0	1.0	1.0	True	True	False	small
16_+_31182397_31182422	3hr	3	3	1.0	1.0	0.0	0.0	0.0	0.0	1.0	1.0	1.0	1.0	True	True	False	small
2_+_169614463_169614493	3hr	3	3	0.9624413145539906	0.9950248756218905	0.032583561067899836	0.032583561067899836	0.06505355145798598	0.008617168196860111	0.8873239436619719	1.0	0.9850746268656716	1.0	True	True	False	small
10_-_68073656_68073686	3hr	3	3	1.0	1.0	0.0	0.0	0.0	0.0	1.0	1.0	1.0	1.0	True	True	False	small
5_+_111094919_111094947	3hr	3	3	1.0	1.0	0.0	0.0	0.0	0.0	1.0	1.0	1.0	1.0	True	True	False	small
15_+_44716328_44716356	3hr	3	3	0.3969342655657592	0.40475163434773326	0.007817368781974032	0.007817368781974032	0.01690246658146208	0.02251088477118177	0.381940176193403	0.4152514922955902	0.3863841807909604	0.4298638708040923	True	True	False	small
15_-_48166120_48166128	3hr	1	2	1.0	1.0				0.0	1.0	1.0	1.0	1.0	False	False	False	not_testable
22_-_27897129_27897137	3hr	3	3	1.0	1.0	0.0	0.0	0.0	0.0	1.0	1.0	1.0	1.0	True	True	False	small
2_-_95901177_95901206	3hr	1	0	1.0						1.0	1.0			False	False	False	not_testable
16_+_81693157_81693184	3hr	3	3	1.0	1.0	0.0	0.0	0.0	0.0	1.0	1.0	1.0	1.0	True	True	False	small
19_+_18433584_18433613	3hr	3	3	0.9131742961530196	0.9023822066139888	-0.01079208953903077	0.01079208953903077	0.01541700987229811	0.08402407344450208	0.896969696969697	0.9276595744680852	0.8059701492537313	0.96	True	True	False	small
16_-_23478882_23478911	3hr	3	3	1.0	1.0	0.0	0.0	0.0	0.0	1.0	1.0	1.0	1.0	True	True	False	small
1_+_43958241_43958268	3hr	0	1		1.0							1.0	1.0	False	False	False	not_testable
19_+_45070536_45070561	3hr	3	3	1.0	1.0	0.0	0.0	0.0	0.0	1.0	1.0	1.0	1.0	True	True	False	small
9_+_130200957_130200982	3hr	0	3		1.0				0.0			1.0	1.0	False	False	False	not_testable
8_+_2142374_2142397	3hr	0	1		0.4							0.4	0.4	False	False	False	not_testable
1_+_223757368_223757380	3hr	3	3	1.0	1.0	0.0	0.0	0.0	0.0	1.0	1.0	1.0	1.0	True	True	False	small
11_+_118349026_118349050	3hr	3	3	1.0	0.9590691896024465	-0.04093081039755353	0.04093081039755353	0.0	0.05226489602502249	1.0	1.0	0.8990825688073395	0.9947916666666666	True	True	True	small
6_+_144846804_144846827	3hr	3	3	1.0	1.0	0.0	0.0	0.0	0.0	1.0	1.0	1.0	1.0	True	True	False	small
1_-_228397142_228397165	3hr	3	3	1.0	1.0	0.0	0.0	0.0	0.0	1.0	1.0	1.0	1.0	True	True	False	small
15_-_50578638_50578664	3hr	3	3	1.0	1.0	0.0	0.0	0.0	0.0	1.0	1.0	1.0	1.0	True	True	False	small
20_+_45813436_45813464	3hr	0	0											False	False	False	not_testable
15_+_42402123_42402135	3hr	3	2	0.800358422939068	0.5	-0.300358422939068	0.300358422939068	0.28997656268461786	0.0	0.4677419354838709	1.0	0.5	0.5	True	False	False	strong
2_+_205766782_205766803	3hr	0	0											False	False	False	not_testable
14_-_75022994_75023018	3hr	1	2	1.0	1.0				0.0	1.0	1.0	1.0	1.0	False	False	False	not_testable
11_-_62852655_62852681	3hr	3	3	0.24504283865963813	0.10321969696969696	-0.14182314168994117	0.14182314168994117	0.025901167889486792	0.10989337510143446	0.2265625	0.2746478873239437	0.0	0.21875	True	True	True	exploratory
22_+_31192683_31192702	3hr	2	3	1.0	1.0	0.0	0.0	0.0	0.0	1.0	1.0	1.0	1.0	True	False	False	small
22_-_41468123_41468147	3hr	3	3	0.9759744188056348	0.9919354838709676	0.01596106506533279	0.01596106506533279	0.020864835157092018	0.013968151673942546	0.962406015037594	1.0	0.9758064516129032	1.0	True	True	False	small
19_+_17861292_17861307	3hr	3	3	0.032020298200669504	0.025210084033613436	-0.006810214167056069	0.006810214167056069	0.006031811128787793	0.04366514640929941	0.0275862068965517	0.0388888888888888	0.0	0.0756302521008403	True	True	False	small
10_-_24666984_24667009	3hr	1	1	1.0	1.0					1.0	1.0	1.0	1.0	False	False	False	not_testable
11_+_118307287_118307308	3hr	3	3	1.0	1.0	0.0	0.0	0.0	0.0	1.0	1.0	1.0	1.0	True	True	False	small
10_-_114440081_114440089	3hr	3	3	1.0	1.0	0.0	0.0	0.0	0.0	1.0	1.0	1.0	1.0	True	True	False	small
2_+_97207810_97207839	3hr	2	2	1.0	1.0	0.0	0.0	0.0	0.0	1.0	1.0	1.0	1.0	True	False	False	small
5_-_177740776_177740801	3hr	3	3	1.0	1.0	0.0	0.0	0.0	0.0	1.0	1.0	1.0	1.0	True	True	False	small
22_+_17105590_17105602	3hr	3	3	1.0	1.0	0.0	0.0	0.0	0.0	1.0	1.0	1.0	1.0	True	True	False	small
22_+_20553144_20553174	3hr	3	3	0.9778590966215717	1.0	0.022140903378428334	0.022140903378428334	0.02415665845411874	0.0	0.9520958083832336	1.0	1.0	1.0	True	True	False	small
3_-_52409713_52409743	3hr	3	3	1.0	1.0	0.0	0.0	0.0	0.0	1.0	1.0	1.0	1.0	True	True	False	small
11_+_48110057_48110076	3hr	3	3	1.0	1.0	0.0	0.0	0.0	0.0	1.0	1.0	1.0	1.0	True	True	False	small
17_-_41620535_41620558	3hr	0	0											False	False	False	not_testable
6_+_26448616_26448637	3hr	3	2	1.0	1.0	0.0	0.0	0.0	0.0	1.0	1.0	1.0	1.0	True	False	False	small
1_-_183564004_183564030	3hr	0	1		1.0							1.0	1.0	False	False	False	not_testable
21_+_46000758_46000767	3hr	3	3	1.0	1.0	0.0	0.0	0.0	0.0	1.0	1.0	1.0	1.0	True	True	False	small
1_+_168239130_168239160	3hr	3	3	1.0	1.0	0.0	0.0	0.0	0.0	1.0	1.0	1.0	1.0	True	True	False	small
2_-_237359361_237359388	3hr	2	0	1.0				0.0		1.0	1.0			False	False	False	not_testable
4_-_152644414_152644442	3hr	1	1	1.0	1.0					1.0	1.0	1.0	1.0	False	False	False	not_testable
18_-_74260914_74260944	3hr	3	3	1.0	1.0	0.0	0.0	0.0	0.0	1.0	1.0	1.0	1.0	True	True	False	small
12_+_110636480_110636501	3hr	1	1	1.0	1.0					1.0	1.0	1.0	1.0	False	False	False	not_testable
1_+_42659227_42659251	3hr	3	3	0.728102304149776	0.8376811594202899	0.10957885527051392	0.10957885527051392	0.2214617038538123	0.13660018054809406	0.4893617021276595	0.926829268292683	0.68	0.92	True	True	False	exploratory
1_-_41160874_41160898	3hr	2	0	1.0				0.0		1.0	1.0			False	False	False	not_testable
15_-_49028143_49028168	3hr	3	3	1.0	1.0	0.0	0.0	0.0	0.0	1.0	1.0	1.0	1.0	True	True	False	small
3_+_42630545_42630575	3hr	3	3	0.22160020226183183	0.5058998739832742	0.2842996717214423	0.2842996717214423	0.10181991799019743	0.1580908880855658	0.1571428571428571	0.3389830508474576	0.3255813953488372	0.6206896551724138	True	True	False	strong
19_-_38922237_38922267	3hr	3	2	0.521062271062271	0.5714285714285714	0.05036630036630041	0.05036630036630041	0.1994803154409984	0.6060915267313265	0.3846153846153846	0.75	0.1428571428571428	1.0	True	False	False	small
19_+_17275800_17275825	3hr	3	3	0.9841269841269842	1.0	0.015873015873015817	0.015873015873015817	0.027492869961410715	0.0	0.9523809523809524	1.0	1.0	1.0	True	True	False	small
17_-_28350765_28350792	3hr	3	3	1.0	1.0	0.0	0.0	0.0	0.0	1.0	1.0	1.0	1.0	True	True	False	small
10_-_119161054_119161081	3hr	2	3	0.8361111111111111	0.3666666666666667	-0.46944444444444444	0.46944444444444444	0.04321208107251124	0.32145502536643183	0.8055555555555556	0.8666666666666667	0.0	0.6	True	False	True	strong
2_+_42264705_42264731	3hr	3	3	1.0	1.0	0.0	0.0	0.0	0.0	1.0	1.0	1.0	1.0	True	True	False	small
11_+_121306458_121306486	3hr	3	3	0.496937283685404	0.012342826969406901	-0.4845944567159971	0.4845944567159971	0.20854129709688826	0.017088741236540007	0.3673469387755102	0.7375	0.0	0.0318471337579617	True	True	True	strong
14_-_52658123_52658150	3hr	3	3	1.0	1.0	0.0	0.0	0.0	0.0	1.0	1.0	1.0	1.0	True	True	False	small
2_-_73023187_73023214	3hr	1	1	1.0	1.0					1.0	1.0	1.0	1.0	False	False	False	not_testable
17_-_64353490_64353518	3hr	3	3	1.0	1.0	0.0	0.0	0.0	0.0	1.0	1.0	1.0	1.0	True	True	False	small
17_+_27585656_27585661	3hr	1	0	1.0						1.0	1.0			False	False	False	not_testable
2_+_113632914_113632944	3hr	3	3	1.0	1.0	0.0	0.0	0.0	0.0	1.0	1.0	1.0	1.0	True	True	False	small
6_-_13652658_13652681	3hr	3	3	1.0	1.0	0.0	0.0	0.0	0.0	1.0	1.0	1.0	1.0	True	True	False	small
3_-_129159153_129159176	3hr	3	3	1.0	1.0	0.0	0.0	0.0	0.0	1.0	1.0	1.0	1.0	True	True	False	small
10_-_119159727_119159753	3hr	2	3	1.0	1.0	0.0	0.0	0.0	0.0	1.0	1.0	1.0	1.0	True	False	False	small
6_+_25973053_25973076	3hr	3	3	1.0	1.0	0.0	0.0	0.0	0.0	1.0	1.0	1.0	1.0	True	True	False	small
2_+_97250143_97250173	3hr	3	3	1.0	1.0	0.0	0.0	0.0	0.0	1.0	1.0	1.0	1.0	True	True	False	small
19_+_35148693_35148723	3hr	3	3	1.0	1.0	0.0	0.0	0.0	0.0	1.0	1.0	1.0	1.0	True	True	False	small
2_-_95927380_95927409	3hr	3	1	1.0	1.0			0.0		1.0	1.0	1.0	1.0	False	False	False	not_testable
19_+_41893273_41893303	3hr	3	3	1.0	0.9967935879976255	-0.0032064120023744813	0.0032064120023744813	0.0	0.004303345236252099	1.0	1.0	0.9919028340080972	1.0	True	True	False	small
11_+_113323993_113324015	3hr	2	2	1.0	1.0	0.0	0.0	0.0	0.0	1.0	1.0	1.0	1.0	True	False	False	small
X_-_40729318_40729345	3hr	3	3	1.0	1.0	0.0	0.0	0.0	0.0	1.0	1.0	1.0	1.0	True	True	False	small
1_-_19770541_19770569	3hr	3	1	1.0	1.0			0.0		1.0	1.0	1.0	1.0	False	False	False	not_testable
11_+_123584311_123584332	3hr	0	0											False	False	False	not_testable
6_+_26466061_26466088	3hr	3	3	1.0	1.0	0.0	0.0	0.0	0.0	1.0	1.0	1.0	1.0	True	True	False	small
6_-_135404950_135404977	3hr	1	2	1.0	1.0				0.0	1.0	1.0	1.0	1.0	False	False	False	not_testable
2_-_174380803_174380814	3hr	3	3	1.0	1.0	0.0	0.0	0.0	0.0	1.0	1.0	1.0	1.0	True	True	False	small
2_+_97217176_97217205	3hr	3	2	1.0	1.0	0.0	0.0	0.0	0.0	1.0	1.0	1.0	1.0	True	False	False	small
6_+_26411108_26411135	3hr	3	3	1.0	1.0	0.0	0.0	0.0	0.0	1.0	1.0	1.0	1.0	True	True	False	small
17_-_3881626_3881648	3hr	0	0											False	False	False	not_testable
11_+_5706593_5706616	3hr	3	3	1.0	1.0	0.0	0.0	0.0	0.0	1.0	1.0	1.0	1.0	True	True	False	small
6_-_43568710_43568737	3hr	3	1	1.0	1.0			0.0		1.0	1.0	1.0	1.0	False	False	False	not_testable
2_+_97189086_97189115	3hr	2	2	1.0	1.0	0.0	0.0	0.0	0.0	1.0	1.0	1.0	1.0	True	False	False	small
2_-_168074981_168075011	3hr	3	3	1.0	1.0	0.0	0.0	0.0	0.0	1.0	1.0	1.0	1.0	True	True	False	small
1_+_246641748_246641770	3hr	3	3	1.0	1.0	0.0	0.0	0.0	0.0	1.0	1.0	1.0	1.0	True	True	False	small
2_+_97204067_97204096	3hr	3	2	1.0	1.0	0.0	0.0	0.0	0.0	1.0	1.0	1.0	1.0	True	False	False	small
5_-_39139232_39139252	3hr	3	3	1.0	1.0	0.0	0.0	0.0	0.0	1.0	1.0	1.0	1.0	True	True	False	small
19_+_582305_582330	3hr	3	3	1.0	1.0	0.0	0.0	0.0	0.0	1.0	1.0	1.0	1.0	True	True	False	small
5_+_139276120_139276150	3hr	3	3	1.0	1.0	0.0	0.0	0.0	0.0	1.0	1.0	1.0	1.0	True	True	False	small
2_+_97202201_97202230	3hr	3	3	1.0	1.0	0.0	0.0	0.0	0.0	1.0	1.0	1.0	1.0	True	True	False	small
5_+_176097354_176097379	3hr	3	2	1.0	1.0	0.0	0.0	0.0	0.0	1.0	1.0	1.0	1.0	True	False	False	small
22_-_36327460_36327488	3hr	3	3	1.0	1.0	0.0	0.0	0.0	0.0	1.0	1.0	1.0	1.0	True	True	False	small
13_-_49732746_49732776	3hr	3	3	1.0	1.0	0.0	0.0	0.0	0.0	1.0	1.0	1.0	1.0	True	True	False	small
21_-_39348421_39348451	3hr	3	3	0.5452954787959999	0.5453318082891254	3.63294931254865e-05	3.63294931254865e-05	0.06958813569158363	0.033949436118967315	0.4910714285714285	0.6237623762376238	0.5096525096525096	0.5772357723577236	True	True	False	small
8_+_17184788_17184815	3hr	3	3	1.0	1.0	0.0	0.0	0.0	0.0	1.0	1.0	1.0	1.0	True	True	False	small
6_+_26409893_26409914	3hr	3	3	0.8085531415959721	0.820305153638487	0.011752012042514859	0.011752012042514859	0.0504478027050267	0.06310602616486344	0.7653631284916201	0.864	0.7727272727272727	0.8918918918918919	True	True	False	small
13_-_75537663_75537675	3hr	3	3	1.0	1.0	0.0	0.0	0.0	0.0	1.0	1.0	1.0	1.0	True	True	False	small
6_-_136705109_136705133	3hr	3	3	1.0	1.0	0.0	0.0	0.0	0.0	1.0	1.0	1.0	1.0	True	True	False	small
12_+_123652706_123652735	3hr	3	3	1.0	1.0	0.0	0.0	0.0	0.0	1.0	1.0	1.0	1.0	True	True	False	small
22_+_40251178_40251200	3hr	3	1	1.0	1.0			0.0		1.0	1.0	1.0	1.0	False	False	False	not_testable
22_-_41607839_41607861	3hr	3	3	1.0	1.0	0.0	0.0	0.0	0.0	1.0	1.0	1.0	1.0	True	True	False	small
17_-_48363788_48363814	3hr	3	3	1.0	1.0	0.0	0.0	0.0	0.0	1.0	1.0	1.0	1.0	True	True	False	small
17_-_75937565_75937593	3hr	0	0											False	False	False	not_testable
16_-_934243_934254	3hr	3	3	0.9779314888010541	1.0	0.022068511198945928	0.022068511198945928	0.021746615072785316	0.0	0.9565217391304348	1.0	1.0	1.0	True	True	False	small
X_-_80809012_80809042	3hr	3	3	1.0	1.0	0.0	0.0	0.0	0.0	1.0	1.0	1.0	1.0	True	True	False	small
2_-_11218454_11218466	3hr	2	0	0.2857142857142857				0.40406101782088427		0.0	0.5714285714285714			False	False	False	not_testable
19_+_6833710_6833733	3hr	3	3	1.0	1.0	0.0	0.0	0.0	0.0	1.0	1.0	1.0	1.0	True	True	False	small
11_-_62852810_62852839	3hr	3	3	0.2062848454264731	0.2511808569120822	0.044896011485609094	0.044896011485609094	0.007704840253308044	0.03316005038357972	0.2005988023952095	0.2150537634408602	0.2134387351778656	0.2756410256410256	True	True	False	small
19_-_3963642_3963669	3hr	3	3	1.0	1.0	0.0	0.0	0.0	0.0	1.0	1.0	1.0	1.0	True	True	False	small
11_-_2951779_2951809	3hr	3	3	1.0	1.0	0.0	0.0	0.0	0.0	1.0	1.0	1.0	1.0	True	True	False	small
11_+_5641166_5641189	3hr	0	2		1.0				0.0			1.0	1.0	False	False	False	not_testable
19_+_17776246_17776271	3hr	3	3	0.9080459770114943	0.9722222222222222	0.06417624521072796	0.06417624521072796	0.1592690397764485	0.048112522432468836	0.7241379310344828	1.0	0.9166666666666666	1.0	True	True	False	small
7_+_36426014_36426036	3hr	0	0											False	False	False	not_testable
5_-_39130589_39130612	3hr	3	3	1.0	1.0	0.0	0.0	0.0	0.0	1.0	1.0	1.0	1.0	True	True	False	small
3_-_12600387_12600415	3hr	3	3	0.6676124422026062	0.6175770085741505	-0.05003543362845564	0.05003543362845564	0.01783092779619079	0.04876223140928079	0.6502732240437158	0.6858974358974359	0.5691489361702128	0.6666666666666666	True	True	False	small
6_-_35870933_35870959	3hr	3	3	1.0	1.0	0.0	0.0	0.0	0.0	1.0	1.0	1.0	1.0	True	True	False	small
3_-_15695187_15695214	3hr	3	3	1.0	1.0	0.0	0.0	0.0	0.0	1.0	1.0	1.0	1.0	True	True	False	small
9_+_79654058_79654075	3hr	2	3	1.0	1.0	0.0	0.0	0.0	0.0	1.0	1.0	1.0	1.0	True	False	False	small
11_+_5642816_5642843	3hr	2	1	1.0	1.0			0.0		1.0	1.0	1.0	1.0	False	False	False	not_testable
21_-_46213024_46213052	3hr	3	3	1.0	1.0	0.0	0.0	0.0	0.0	1.0	1.0	1.0	1.0	True	True	False	small
22_+_44193800_44193823	3hr	3	3	1.0	1.0	0.0	0.0	0.0	0.0	1.0	1.0	1.0	1.0	True	True	False	small
11_+_35735425_35735445	3hr	3	3	1.0	1.0	0.0	0.0	0.0	0.0	1.0	1.0	1.0	1.0	True	True	False	small
22_-_50267256_50267286	3hr	2	1	1.0	0.8571428571428571			0.0		1.0	1.0	0.8571428571428571	0.8571428571428571	False	False	False	not_testable
17_-_64390488_64390515	3hr	3	3	1.0	1.0	0.0	0.0	0.0	0.0	1.0	1.0	1.0	1.0	True	True	False	small
9_-_127953574_127953604	3hr	3	3	1.0	0.9989177489177489	-0.0010822510822511289	0.0010822510822511289	0.0	0.001874513861005231	1.0	1.0	0.9967532467532468	1.0	True	True	False	small
16_-_67738012_67738035	3hr	3	2	1.0	1.0	0.0	0.0	0.0	0.0	1.0	1.0	1.0	1.0	True	False	False	small
1_-_40312455_40312479	3hr	3	3	0.32675438596491224	0.75	0.42324561403508776	0.42324561403508776	0.05747957202667174	0.4330127018922193	0.2631578947368421	0.375	0.25	1.0	True	True	False	strong
6_+_32179540_32179559	3hr	2	3	1.0	1.0	0.0	0.0	0.0	0.0	1.0	1.0	1.0	1.0	True	False	False	small
12_-_96017556_96017580	3hr	3	3	1.0	1.0	0.0	0.0	0.0	0.0	1.0	1.0	1.0	1.0	True	True	False	small
21_+_46003119_46003149	3hr	3	3	1.0	1.0	0.0	0.0	0.0	0.0	1.0	1.0	1.0	1.0	True	True	False	small
4_+_112254746_112254773	3hr	2	2	1.0	1.0	0.0	0.0	0.0	0.0	1.0	1.0	1.0	1.0	True	False	False	small
1_+_51748368_51748398	3hr	2	3	1.0	1.0	0.0	0.0	0.0	0.0	1.0	1.0	1.0	1.0	True	False	False	small
11_-_62602758_62602779	3hr	3	3	0.013530716150962102	0.023058941856376466	0.009528225705414364	0.009528225705414364	0.01248151317593023	0.023532501662763432	0.0031948881789137	0.0273972602739726	0.0038167938931297	0.0492957746478873	True	True	False	small
10_+_97452894_97452923	3hr	2	2	0.5	0.71875	0.21875	0.21875	0.7071067811865476	0.2209708691207961	0.0	1.0	0.5625	0.875	True	False	False	strong
2_-_95938986_95939015	3hr	1	1	1.0	1.0					1.0	1.0	1.0	1.0	False	False	False	not_testable
1_+_198704471_198704498	3hr	3	3	0.49827994584603696	0.5514409975379899	0.053161051691952954	0.053161051691952954	0.061858323386259524	0.04007684652408157	0.4392324093816631	0.562610229276896	0.5052005943536404	0.5761494252873564	True	True	False	small
22_+_44140123_44140143	3hr	0	1		1.0							1.0	1.0	False	False	False	not_testable
6_+_138788365_138788388	3hr	3	3	1.0	1.0	0.0	0.0	0.0	0.0	1.0	1.0	1.0	1.0	True	True	False	small
7_+_73202111_73202140	3hr	2	3	1.0	1.0	0.0	0.0	0.0	0.0	1.0	1.0	1.0	1.0	True	False	False	small
22_+_23697837_23697861	3hr	3	3	1.0	1.0	0.0	0.0	0.0	0.0	1.0	1.0	1.0	1.0	True	True	False	small
10_+_102862159_102862180	3hr	2	2	1.0	1.0	0.0	0.0	0.0	0.0	1.0	1.0	1.0	1.0	True	False	False	small
6_+_96524381_96524410	3hr	3	3	1.0	1.0	0.0	0.0	0.0	0.0	1.0	1.0	1.0	1.0	True	True	False	small
8_-_30712061_30712088	3hr	3	3	1.0	1.0	0.0	0.0	0.0	0.0	1.0	1.0	1.0	1.0	True	True	False	small
16_+_67539727_67539751	3hr	3	3	1.0	1.0	0.0	0.0	0.0	0.0	1.0	1.0	1.0	1.0	True	True	False	small
17_+_82889667_82889697	3hr	3	3	1.0	1.0	0.0	0.0	0.0	0.0	1.0	1.0	1.0	1.0	True	True	False	small
6_+_26448727_26448754	3hr	3	3	0.34245516388373526	0.1956252811515969	-0.14682988273213834	0.14682988273213834	0.043659250294963974	0.07470178354844091	0.3163265306122449	0.3928571428571428	0.1153846153846153	0.2631578947368421	True	True	True	exploratory
1_-_21680807_21680834	3hr	3	3	1.0	1.0	0.0	0.0	0.0	0.0	1.0	1.0	1.0	1.0	True	True	False	small
11_-_65551547_65551564	3hr	3	3	1.0	1.0	0.0	0.0	0.0	0.0	1.0	1.0	1.0	1.0	True	True	False	small
14_-_70585755_70585783	3hr	3	3	1.0	1.0	0.0	0.0	0.0	0.0	1.0	1.0	1.0	1.0	True	True	False	small
13_+_75840084_75840110	3hr	3	3	0.5626811594202898	0.9259259259259259	0.3632447665056361	0.3632447665056361	0.3036800386056203	0.12830005981991682	0.375	0.9130434782608696	0.7777777777777778	1.0	True	True	False	strong
6_-_32518053_32518077	3hr	2	2	1.0	1.0	0.0	0.0	0.0	0.0	1.0	1.0	1.0	1.0	True	False	False	small
1_-_54228448_54228477	3hr	3	1	1.0	1.0			0.0		1.0	1.0	1.0	1.0	False	False	False	not_testable
2_+_15596733_15596763	3hr	3	3	1.0	1.0	0.0	0.0	0.0	0.0	1.0	1.0	1.0	1.0	True	True	False	small
3_-_194437555_194437573	3hr	2	3	0.4888888888888889	0.4570466570466571	-0.03184223184223178	0.03184223184223178	0.2514157444218835	0.0856663342063514	0.3111111111111111	0.6666666666666666	0.4	0.5555555555555556	True	False	False	small
6_+_33086218_33086242	3hr	3	3	1.0	1.0	0.0	0.0	0.0	0.0	1.0	1.0	1.0	1.0	True	True	False	small
3_-_12915103_12915133	3hr	3	3	1.0	1.0	0.0	0.0	0.0	0.0	1.0	1.0	1.0	1.0	True	True	False	small
7_-_105145282_105145308	3hr	3	3	1.0	1.0	0.0	0.0	0.0	0.0	1.0	1.0	1.0	1.0	True	True	False	small
15_+_75354249_75354277	3hr	1	2	0.6	0.14285714285714285				0.20203050891044214	0.6	0.6	0.0	0.2857142857142857	False	False	False	not_testable
17_+_82909284_82909307	3hr	3	3	0.8142857142857144	0.9	0.08571428571428563	0.08571428571428563	0.17899948694488096	0.17320508075688776	0.6428571428571429	1.0	0.7	1.0	True	True	False	small
2_+_97196592_97196621	3hr	3	2	1.0	1.0	0.0	0.0	0.0	0.0	1.0	1.0	1.0	1.0	True	False	False	small
1_+_108606222_108606252	3hr	3	3	1.0	1.0	0.0	0.0	0.0	0.0	1.0	1.0	1.0	1.0	True	True	False	small
18_-_23377645_23377671	3hr	0	0											False	False	False	not_testable
20_+_41029430_41029455	3hr	3	3	1.0	1.0	0.0	0.0	0.0	0.0	1.0	1.0	1.0	1.0	True	True	False	small
5_-_141571427_141571436	3hr	3	3	1.0	1.0	0.0	0.0	0.0	0.0	1.0	1.0	1.0	1.0	True	True	False	small
12_+_132574318_132574348	3hr	3	3	0.5288239281065872	0.3657485216308745	-0.16307540647571267	0.16307540647571267	0.09696692388539273	0.06864053962429897	0.4310850439882698	0.625	0.2944444444444444	0.4313725490196078	True	True	False	exploratory
6_+_37534932_37534957	3hr	3	3	1.0	1.0	0.0	0.0	0.0	0.0	1.0	1.0	1.0	1.0	True	True	False	small
1_-_37943639_37943669	3hr	2	0	1.0				0.0		1.0	1.0			False	False	False	not_testable
15_+_78890988_78891014	3hr	3	3	0.27165417389219176	0.1883175781698496	-0.08333659572234217	0.08333659572234217	0.024701802462310563	0.027668658497564603	0.2483660130718954	0.2975609756097561	0.1617647058823529	0.2169811320754717	True	True	True	small
4_-_67681562_67681591	3hr	2	3	1.0	1.0	0.0	0.0	0.0	0.0	1.0	1.0	1.0	1.0	True	False	False	small
14_-_35109818_35109847	3hr	3	3	0.26639863547758286	0.3177453793110756	0.05134674383349275	0.05134674383349275	0.1012962821120219	0.05249613246776039	0.1555555555555555	0.3541666666666667	0.282258064516129	0.3780487804878049	True	True	False	small
4_+_25388716_25388743	3hr	3	3	1.0	1.0	0.0	0.0	0.0	0.0	1.0	1.0	1.0	1.0	True	True	False	small
19_+_35752803_35752833	3hr	3	2	1.0	1.0	0.0	0.0	0.0	0.0	1.0	1.0	1.0	1.0	True	False	False	small
X_+_134490187_134490205	3hr	3	3	1.0	1.0	0.0	0.0	0.0	0.0	1.0	1.0	1.0	1.0	True	True	False	small
6_-_79208546_79208576	3hr	3	3	1.0	1.0	0.0	0.0	0.0	0.0	1.0	1.0	1.0	1.0	True	True	False	small
21_+_43685769_43685789	3hr	2	3	1.0	1.0	0.0	0.0	0.0	0.0	1.0	1.0	1.0	1.0	True	False	False	small
2_+_97144517_97144546	3hr	3	2	1.0	1.0	0.0	0.0	0.0	0.0	1.0	1.0	1.0	1.0	True	False	False	small
6_+_26373275_26373296	3hr	3	3	1.0	0.8829966329966329	-0.11700336700336711	0.11700336700336711	0.0	0.1152891403931697	1.0	1.0	0.75	0.9545454545454546	True	True	True	exploratory
16_+_1758147_1758159	3hr	3	3	1.0	1.0	0.0	0.0	0.0	0.0	1.0	1.0	1.0	1.0	True	True	False	small
1_-_154947981_154948005	3hr	3	3	1.0	1.0	0.0	0.0	0.0	0.0	1.0	1.0	1.0	1.0	True	True	False	small
4_+_140527465_140527494	3hr	1	2	1.0	1.0				0.0	1.0	1.0	1.0	1.0	False	False	False	not_testable
6_+_36136018_36136048	3hr	0	0											False	False	False	not_testable
4_+_141224486_141224506	3hr	3	3	1.0	1.0	0.0	0.0	0.0	0.0	1.0	1.0	1.0	1.0	True	True	False	small
2_+_173190894_173190923	3hr	0	0											False	False	False	not_testable
X_+_47566883_47566911	3hr	3	3	1.0	1.0	0.0	0.0	0.0	0.0	1.0	1.0	1.0	1.0	True	True	False	small
1_+_66984571_66984592	3hr	3	3	0.0254237288135593	0.1006269174336401	0.07520318862008081	0.07520318862008081	0.04403519002293752	0.0728316087918823	0.0	0.0762711864406779	0.0476190476190476	0.1836734693877551	True	True	False	small
2_-_191058201_191058219	3hr	3	3	1.0	1.0	0.0	0.0	0.0	0.0	1.0	1.0	1.0	1.0	True	True	False	small
2_+_27772673_27772692	3hr	3	3	1.0	1.0	0.0	0.0	0.0	0.0	1.0	1.0	1.0	1.0	True	True	False	small
5_-_177747768_177747793	3hr	2	1	0.9210526315789473	1.0			0.11164843913471806		0.8421052631578947	1.0	1.0	1.0	False	False	False	not_testable
18_+_58714082_58714109	3hr	3	3	1.0	1.0	0.0	0.0	0.0	0.0	1.0	1.0	1.0	1.0	True	True	False	small
21_+_45990257_45990284	3hr	3	2	1.0	1.0	0.0	0.0	0.0	0.0	1.0	1.0	1.0	1.0	True	False	False	small
7_+_74700605_74700634	3hr	3	3	1.0	1.0	0.0	0.0	0.0	0.0	1.0	1.0	1.0	1.0	True	True	False	small
11_+_3808293_3808315	3hr	3	3	1.0	1.0	0.0	0.0	0.0	0.0	1.0	1.0	1.0	1.0	True	True	False	small
2_-_95880594_95880623	3hr	2	2	1.0	1.0	0.0	0.0	0.0	0.0	1.0	1.0	1.0	1.0	True	False	False	small
7_-_32488624_32488652	3hr	3	3	0.9528301886792453	0.9919678714859438	0.03913768280669849	0.03913768280669849	0.08170050979098475	0.013912054679268072	0.8584905660377359	1.0	0.9759036144578314	1.0	True	True	False	small
21_+_46116650_46116677	3hr	3	3	1.0	1.0	0.0	0.0	0.0	0.0	1.0	1.0	1.0	1.0	True	True	False	small
6_+_26374770_26374798	3hr	3	3	1.0	1.0	0.0	0.0	0.0	0.0	1.0	1.0	1.0	1.0	True	True	False	small
12_+_123652531_123652561	3hr	3	3	1.0	1.0	0.0	0.0	0.0	0.0	1.0	1.0	1.0	1.0	True	True	False	small
8_-_144401645_144401673	3hr	3	3	1.0	1.0	0.0	0.0	0.0	0.0	1.0	1.0	1.0	1.0	True	True	False	small
15_-_73563235_73563257	3hr	0	2		1.0				0.0			1.0	1.0	False	False	False	not_testable
22_+_46663837_46663863	3hr	2	2	1.0	1.0	0.0	0.0	0.0	0.0	1.0	1.0	1.0	1.0	True	False	False	small
3_+_108651136_108651162	3hr	1	0	1.0						1.0	1.0			False	False	False	not_testable
3_+_127674390_127674418	3hr	3	3	0.08509747168023425	0.055458430458430436	-0.029639041221803816	0.029639041221803816	0.011343157197066401	0.015096314783137908	0.072	0.091743119266055	0.0384615384615384	0.0673076923076923	True	True	True	small
12_+_56117188_56117211	3hr	3	3	0.8164137449851735	0.7583519928347515	-0.058061752150421975	0.058061752150421975	0.13961212420851865	0.09219372990071974	0.717948717948718	0.9761904761904762	0.6857142857142857	0.8620689655172413	True	True	False	small
6_-_30190012_30190035	3hr	3	3	1.0	1.0	0.0	0.0	0.0	0.0	1.0	1.0	1.0	1.0	True	True	False	small
1_+_209763362_209763392	3hr	3	3	1.0	1.0	0.0	0.0	0.0	0.0	1.0	1.0	1.0	1.0	True	True	False	small
17_-_39439164_39439193	3hr	3	3	1.0	1.0	0.0	0.0	0.0	0.0	1.0	1.0	1.0	1.0	True	True	False	small
12_-_76053090_76053110	3hr	3	3	1.0	1.0	0.0	0.0	0.0	0.0	1.0	1.0	1.0	1.0	True	True	False	small
2_+_189665421_189665451	3hr	3	3	0.2645442052221713	0.24812030075187966	-0.016423904470291656	0.016423904470291656	0.0993994755032156	0.06058932880182785	0.1949152542372881	0.3783783783783784	0.1785714285714285	0.2894736842105263	True	True	False	small
4_+_2511955_2511965	3hr	3	3	1.0	1.0	0.0	0.0	0.0	0.0	1.0	1.0	1.0	1.0	True	True	False	small
8_+_22080617_22080625	3hr	3	1	1.0	1.0			0.0		1.0	1.0	1.0	1.0	False	False	False	not_testable
7_-_103277613_103277638	3hr	0	0											False	False	False	not_testable
10_-_93340152_93340164	3hr	0	0											False	False	False	not_testable
19_+_35614034_35614059	3hr	3	3	1.0	1.0	0.0	0.0	0.0	0.0	1.0	1.0	1.0	1.0	True	True	False	small
8_-_143839171_143839195	3hr	3	3	1.0	1.0	0.0	0.0	0.0	0.0	1.0	1.0	1.0	1.0	True	True	False	small
16_-_190540_190570	3hr	3	3	1.0	1.0	0.0	0.0	0.0	0.0	1.0	1.0	1.0	1.0	True	True	False	small
1_+_209763067_209763092	3hr	3	3	1.0	1.0	0.0	0.0	0.0	0.0	1.0	1.0	1.0	1.0	True	True	False	small
1_+_32204597_32204620	3hr	3	3	1.0	1.0	0.0	0.0	0.0	0.0	1.0	1.0	1.0	1.0	True	True	False	small
2_+_97198462_97198491	3hr	3	3	1.0	1.0	0.0	0.0	0.0	0.0	1.0	1.0	1.0	1.0	True	True	False	small
21_+_45987154_45987175	3hr	3	3	1.0	1.0	0.0	0.0	0.0	0.0	1.0	1.0	1.0	1.0	True	True	False	small
12_-_121255782_121255804	3hr	2	1	1.0	1.0			0.0		1.0	1.0	1.0	1.0	False	False	False	not_testable
5_+_140659314_140659333	3hr	3	3	1.0	1.0	0.0	0.0	0.0	0.0	1.0	1.0	1.0	1.0	True	True	False	small
6_-_15593058_15593081	3hr	3	2	1.0	1.0	0.0	0.0	0.0	0.0	1.0	1.0	1.0	1.0	True	False	False	small
5_-_39124252_39124278	3hr	3	3	1.0	1.0	0.0	0.0	0.0	0.0	1.0	1.0	1.0	1.0	True	True	False	small
17_-_44196395_44196418	3hr	3	3	1.0	1.0	0.0	0.0	0.0	0.0	1.0	1.0	1.0	1.0	True	True	False	small
3_-_47126647_47126663	3hr	3	3	1.0	1.0	0.0	0.0	0.0	0.0	1.0	1.0	1.0	1.0	True	True	False	small
12_-_56664775_56664800	3hr	3	3	1.0	1.0	0.0	0.0	0.0	0.0	1.0	1.0	1.0	1.0	True	True	False	small
20_-_33672397_33672422	3hr	2	0	1.0				0.0		1.0	1.0			False	False	False	not_testable
21_+_45488417_45488444	3hr	3	3	1.0	1.0	0.0	0.0	0.0	0.0	1.0	1.0	1.0	1.0	True	True	False	small
6_+_36073690_36073720	3hr	3	3	1.0	1.0	0.0	0.0	0.0	0.0	1.0	1.0	1.0	1.0	True	True	False	small
10_+_12238456_12238485	3hr	3	3	1.0	1.0	0.0	0.0	0.0	0.0	1.0	1.0	1.0	1.0	True	True	False	small
22_-_50506637_50506666	3hr	3	3	1.0	1.0	0.0	0.0	0.0	0.0	1.0	1.0	1.0	1.0	True	True	False	small
19_-_45638844_45638873	3hr	3	2	1.0	1.0	0.0	0.0	0.0	0.0	1.0	1.0	1.0	1.0	True	False	False	small
2_-_152690961_152690978	3hr	3	3	1.0	1.0	0.0	0.0	0.0	0.0	1.0	1.0	1.0	1.0	True	True	False	small
17_+_75573951_75573980	3hr	3	1	1.0	1.0			0.0		1.0	1.0	1.0	1.0	False	False	False	not_testable
1_+_66940027_66940052	3hr	3	3	1.0	1.0	0.0	0.0	0.0	0.0	1.0	1.0	1.0	1.0	True	True	False	small
6_+_26450106_26450133	3hr	3	3	1.0	1.0	0.0	0.0	0.0	0.0	1.0	1.0	1.0	1.0	True	True	False	small
12_+_75498693_75498720	3hr	1	3	1.0	1.0				0.0	1.0	1.0	1.0	1.0	False	False	False	not_testable
1_-_173864483_173864502	3hr	3	3	0.0070872951928997	0.007128271569869833	4.097637697013292e-05	4.097637697013292e-05	0.0039916589774195614	0.005636090903463307	0.0044642857142857	0.0116810563737938	0.0017196904557179	0.0129672006102212	True	True	False	small
17_+_43180794_43180817	3hr	3	3	1.0	1.0	0.0	0.0	0.0	0.0	1.0	1.0	1.0	1.0	True	True	False	small
12_+_19518086_19518113	3hr	3	3	1.0	1.0	0.0	0.0	0.0	0.0	1.0	1.0	1.0	1.0	True	True	False	small
10_-_103333924_103333952	3hr	0	0											False	False	False	not_testable
11_+_58584855_58584884	3hr	3	3	1.0	1.0	0.0	0.0	0.0	0.0	1.0	1.0	1.0	1.0	True	True	False	small
15_+_78541904_78541930	3hr	3	3	1.0	1.0	0.0	0.0	0.0	0.0	1.0	1.0	1.0	1.0	True	True	False	small
2_+_97185315_97185344	3hr	2	2	1.0	1.0	0.0	0.0	0.0	0.0	1.0	1.0	1.0	1.0	True	False	False	small
12_-_55794358_55794387	3hr	3	3	1.0	1.0	0.0	0.0	0.0	0.0	1.0	1.0	1.0	1.0	True	True	False	small
19_+_8463496_8463504	3hr	3	3	1.0	1.0	0.0	0.0	0.0	0.0	1.0	1.0	1.0	1.0	True	True	False	small
10_-_71752974_71753002	3hr	3	3	1.0	1.0	0.0	0.0	0.0	0.0	1.0	1.0	1.0	1.0	True	True	False	small
17_-_4676500_4676507	3hr	3	3	0.0	0.0175438596491228	0.0175438596491228	0.0175438596491228	0.0	0.030386856273138182	0.0	0.0	0.0	0.0526315789473684	True	True	False	small
14_-_103913960_103913984	3hr	3	3	0.988795518207283	0.9689319552110249	-0.019863562996258022	0.019863562996258022	0.019406731737466407	0.006684287218555451	0.9663865546218487	1.0	0.9612403100775194	0.9733333333333334	True	True	False	small
10_+_5720754_5720774	3hr	2	3	1.0	1.0	0.0	0.0	0.0	0.0	1.0	1.0	1.0	1.0	True	False	False	small
X_-_154511847_154511871	3hr	3	3	1.0	1.0	0.0	0.0	0.0	0.0	1.0	1.0	1.0	1.0	True	True	False	small
6_+_26390802_26390829	3hr	0	3		1.0				0.0			1.0	1.0	False	False	False	not_testable
3_-_108050577_108050602	3hr	3	3	0.9774011299435029	0.9793463217289471	0.001945191785444167	0.001945191785444167	0.03914239113150008	0.01793217628204229	0.9322033898305084	1.0	0.967741935483871	1.0	True	True	False	small
5_+_176093743_176093768	3hr	3	2	1.0	1.0	0.0	0.0	0.0	0.0	1.0	1.0	1.0	1.0	True	False	False	small
12_-_49559938_49559967	3hr	3	3	1.0	1.0	0.0	0.0	0.0	0.0	1.0	1.0	1.0	1.0	True	True	False	small
15_-_70064453_70064470	3hr	3	3	1.0	1.0	0.0	0.0	0.0	0.0	1.0	1.0	1.0	1.0	True	True	False	small
4_-_47879095_47879117	3hr	3	2	1.0	1.0	0.0	0.0	0.0	0.0	1.0	1.0	1.0	1.0	True	False	False	small
2_-_97542078_97542107	3hr	2	2	1.0	1.0	0.0	0.0	0.0	0.0	1.0	1.0	1.0	1.0	True	False	False	small
12_+_132548002_132548032	3hr	3	3	1.0	1.0	0.0	0.0	0.0	0.0	1.0	1.0	1.0	1.0	True	True	False	small
3_+_179757051_179757078	3hr	1	0	1.0						1.0	1.0			False	False	False	not_testable
2_+_97213418_97213447	3hr	3	2	0.8968253968253969	0.8888888888888888	-0.00793650793650802	0.00793650793650802	0.09014140231429006	0.15713484026367722	0.8333333333333334	1.0	0.7777777777777778	1.0	True	False	False	small
21_+_45494544_45494571	3hr	3	3	1.0	1.0	0.0	0.0	0.0	0.0	1.0	1.0	1.0	1.0	True	True	False	small
14_+_31080572_31080584	3hr	2	3	1.0	0.8343343343343342	-0.16566566566566576	0.16566566566566576	0.0	0.09710354663161436	1.0	1.0	0.7222222222222222	0.8918918918918919	True	False	True	exploratory
19_+_5648015_5648043	3hr	3	3	1.0	1.0	0.0	0.0	0.0	0.0	1.0	1.0	1.0	1.0	True	True	False	small
12_+_56154812_56154840	3hr	3	2	0.6120120120120119	0.5476190476190476	-0.06439296439296438	0.06439296439296438	0.1271558139978896	0.437732769305958	0.4666666666666667	0.7027027027027027	0.238095238095238	0.8571428571428571	True	False	False	small
6_+_43500743_43500772	3hr	3	3	0.8726425438596491	0.5757608617075111	-0.29688168215213806	0.29688168215213806	0.07525211789122284	0.08463207448555354	0.796875	0.9473684210526316	0.5057471264367817	0.6698113207547169	True	True	True	strong
1_-_1084480_1084506	3hr	3	2	0.4761904761904761	0.4285714285714285	-0.047619047619047616	0.047619047619047616	0.4364357804719847	0.0	0.0	0.8571428571428571	0.4285714285714285	0.4285714285714285	True	False	False	small
13_-_37026789_37026816	3hr	3	3	1.0	1.0	0.0	0.0	0.0	0.0	1.0	1.0	1.0	1.0	True	True	False	small
2_+_97215300_97215329	3hr	3	3	1.0	1.0	0.0	0.0	0.0	0.0	1.0	1.0	1.0	1.0	True	True	False	small
15_+_90961024_90961054	3hr	2	1	1.0	1.0			0.0		1.0	1.0	1.0	1.0	False	False	False	not_testable
4_+_41257114_41257126	3hr	0	0											False	False	False	not_testable
2_+_135753538_135753567	3hr	3	3	0.165079365079365	0.37244428996253814	0.20736492488317315	0.20736492488317315	0.06660640700616267	0.02930553649297672	0.0892857142857142	0.2142857142857142	0.3428571428571428	0.4014598540145985	True	True	True	strong
8_-_29126481_29126511	3hr	2	3	1.0	1.0	0.0	0.0	0.0	0.0	1.0	1.0	1.0	1.0	True	False	False	small
21_+_45482794_45482821	3hr	3	3	1.0	1.0	0.0	0.0	0.0	0.0	1.0	1.0	1.0	1.0	True	True	False	small
11_+_118308426_118308441	3hr	3	3	1.0	1.0	0.0	0.0	0.0	0.0	1.0	1.0	1.0	1.0	True	True	False	small
21_+_45989751_45989778	3hr	3	3	1.0	1.0	0.0	0.0	0.0	0.0	1.0	1.0	1.0	1.0	True	True	False	small
19_+_17217452_17217462	3hr	3	3	1.0	1.0	0.0	0.0	0.0	0.0	1.0	1.0	1.0	1.0	True	True	False	small
10_+_110244827_110244857	3hr	3	3	0.6665316824645965	0.868266429242039	0.20173474677744252	0.20173474677744252	0.07799170217777676	0.07150359292782796	0.6037735849056604	0.7538461538461538	0.8051948051948052	0.945945945945946	True	True	True	strong
5_-_177744393_177744418	3hr	3	2	1.0	1.0	0.0	0.0	0.0	0.0	1.0	1.0	1.0	1.0	True	False	False	small
3_-_52820290_52820317	3hr	2	3	1.0	1.0	0.0	0.0	0.0	0.0	1.0	1.0	1.0	1.0	True	False	False	small
12_+_53455346_53455370	3hr	3	3	0.5344642608879052	0.539493477680202	0.005029216792296731	0.005029216792296731	0.03227182405700138	0.0259100898202172	0.5035612535612536	0.5679497250589159	0.5244648318042814	0.5694117647058824	True	True	False	small
6_-_136601021_136601042	3hr	3	2	1.0	1.0	0.0	0.0	0.0	0.0	1.0	1.0	1.0	1.0	True	False	False	small
2_+_169504302_169504326	3hr	2	0	1.0				0.0		1.0	1.0			False	False	False	not_testable
11_-_5665655_5665682	3hr	2	3	1.0	0.9879518072289156	-0.012048192771084376	0.012048192771084376	0.0	0.02086808201890214	1.0	1.0	0.963855421686747	1.0	True	False	False	small
18_-_693881_693908	3hr	2	2	1.0	1.0	0.0	0.0	0.0	0.0	1.0	1.0	1.0	1.0	True	False	False	small
11_+_120406117_120406141	3hr	0	0											False	False	False	not_testable
2_-_95919891_95919920	3hr	1	1	1.0	1.0					1.0	1.0	1.0	1.0	False	False	False	not_testable
4_-_75491610_75491637	3hr	3	3	1.0	0.9577330606933732	-0.04226693930662684	0.04226693930662684	0.0	0.012431322439213197	1.0	1.0	0.9433962264150944	0.9655172413793104	True	True	True	small
4_-_154547037_154547064	3hr	3	3	0.0	0.0074138459965231	0.0074138459965231	0.0074138459965231	0.0	0.007914252497921524	0.0	0.0	0.0	0.0157480314960629	True	True	False	small
7_-_75190538_75190567	3hr	3	3	1.0	1.0	0.0	0.0	0.0	0.0	1.0	1.0	1.0	1.0	True	True	False	small
7_-_25158500_25158530	3hr	3	3	1.0	1.0	0.0	0.0	0.0	0.0	1.0	1.0	1.0	1.0	True	True	False	small
6_-_32580246_32580270	3hr	3	3	0.9407407407407407	0.9492753623188405	0.00853462157809981	0.00853462157809981	0.08413197549333735	0.08785764965929088	0.8444444444444444	1.0	0.8478260869565217	1.0	True	True	False	small
9_+_127478933_127478963	3hr	3	1	1.0	1.0			0.0		1.0	1.0	1.0	1.0	False	False	False	not_testable
13_+_45149769_45149788	3hr	3	3	1.0	1.0	0.0	0.0	0.0	0.0	1.0	1.0	1.0	1.0	True	True	False	small
1_+_236542760_236542787	3hr	3	3	1.0	0.9670781893004116	-0.03292181069958844	0.03292181069958844	0.0	0.05702224880885193	1.0	1.0	0.9012345679012346	1.0	True	True	False	small
17_-_64329699_64329722	3hr	3	3	1.0	1.0	0.0	0.0	0.0	0.0	1.0	1.0	1.0	1.0	True	True	False	small
9_-_136379836_136379864	3hr	3	3	1.0	1.0	0.0	0.0	0.0	0.0	1.0	1.0	1.0	1.0	True	True	False	small
12_+_56158683_56158711	3hr	3	3	0.4690283620091331	0.4964563451434687	0.027427983134335587	0.027427983134335587	0.026956363530335238	0.010112468519993353	0.4424860853432282	0.4963805584281282	0.4879494271039115	0.5076370170709793	True	True	False	small
7_+_139412550_139412580	3hr	3	3	1.0	1.0	0.0	0.0	0.0	0.0	1.0	1.0	1.0	1.0	True	True	False	small
6_-_28907235_28907262	3hr	3	3	1.0	1.0	0.0	0.0	0.0	0.0	1.0	1.0	1.0	1.0	True	True	False	small
21_+_46116376_46116403	3hr	3	3	1.0	1.0	0.0	0.0	0.0	0.0	1.0	1.0	1.0	1.0	True	True	False	small
5_-_170258865_170258878	3hr	3	3	1.0	1.0	0.0	0.0	0.0	0.0	1.0	1.0	1.0	1.0	True	True	False	small
1_+_150962129_150962158	3hr	3	3	1.0	0.9743589743589745	-0.02564102564102555	0.02564102564102555	0.0	0.04441155916843266	1.0	1.0	0.9230769230769232	1.0	True	True	False	small
1_-_160999395_160999408	3hr	3	3	1.0	1.0	0.0	0.0	0.0	0.0	1.0	1.0	1.0	1.0	True	True	False	small
6_+_43778888_43778918	3hr	0	1		1.0							1.0	1.0	False	False	False	not_testable
17_+_40141206_40141234	3hr	3	3	1.0	1.0	0.0	0.0	0.0	0.0	1.0	1.0	1.0	1.0	True	True	False	small
20_-_63215576_63215601	3hr	3	3	1.0	1.0	0.0	0.0	0.0	0.0	1.0	1.0	1.0	1.0	True	True	False	small
2_+_97205939_97205968	3hr	3	2	1.0	1.0	0.0	0.0	0.0	0.0	1.0	1.0	1.0	1.0	True	False	False	small
7_-_99903575_99903598	3hr	3	3	1.0	1.0	0.0	0.0	0.0	0.0	1.0	1.0	1.0	1.0	True	True	False	small
2_+_97194725_97194754	3hr	2	1	1.0	1.0			0.0		1.0	1.0	1.0	1.0	False	False	False	not_testable
15_+_44759639_44759662	3hr	0	1		1.0							1.0	1.0	False	False	False	not_testable
7_+_142801943_142801961	3hr	3	3	1.0	1.0	0.0	0.0	0.0	0.0	1.0	1.0	1.0	1.0	True	True	False	small
7_-_34942614_34942639	3hr	1	1	1.0	1.0					1.0	1.0	1.0	1.0	False	False	False	not_testable
5_-_81437429_81437458	3hr	3	2	1.0	1.0	0.0	0.0	0.0	0.0	1.0	1.0	1.0	1.0	True	False	False	small
9_+_113362368_113362394	3hr	0	2		1.0				0.0			1.0	1.0	False	False	False	not_testable
1_+_161218702_161218723	3hr	3	3	1.0	1.0	0.0	0.0	0.0	0.0	1.0	1.0	1.0	1.0	True	True	False	small
8_-_123023712_123023739	3hr	3	3	0.9795918367346937	1.0	0.020408163265306256	0.020408163265306256	0.035347975664671	0.0	0.9387755102040816	1.0	1.0	1.0	True	True	False	small
17_-_44195799_44195828	3hr	3	3	0.9473684210526315	0.9187693440567005	-0.028599076995931005	0.028599076995931005	0.09116056881941462	0.05070638739389369	0.8421052631578947	1.0	0.8648648648648649	0.9655172413793104	True	True	False	small
7_-_26854136_26854162	3hr	1	0	1.0						1.0	1.0			False	False	False	not_testable
8_+_27451484_27451509	3hr	3	3	1.0	1.0	0.0	0.0	0.0	0.0	1.0	1.0	1.0	1.0	True	True	False	small
14_-_77441065_77441093	3hr	2	3	1.0	1.0	0.0	0.0	0.0	0.0	1.0	1.0	1.0	1.0	True	False	False	small
17_-_29116443_29116455	3hr	3	2	1.0	1.0	0.0	0.0	0.0	0.0	1.0	1.0	1.0	1.0	True	False	False	small
1_-_236230223_236230250	3hr	3	3	1.0	1.0	0.0	0.0	0.0	0.0	1.0	1.0	1.0	1.0	True	True	False	small
6_-_166322856_166322886	3hr	3	3	0.29201680672268904	0.5542667209333875	0.26224991421069843	0.26224991421069843	0.13684519827299377	0.0818405698039449	0.1428571428571428	0.4117647058823529	0.4814814814814814	0.6428571428571429	True	True	True	strong
2_+_97219049_97219078	3hr	3	1	1.0	1.0			0.0		1.0	1.0	1.0	1.0	False	False	False	not_testable
20_+_62966702_62966732	3hr	3	3	1.0	1.0	0.0	0.0	0.0	0.0	1.0	1.0	1.0	1.0	True	True	False	small
5_+_178036011_178036036	3hr	1	2	1.0	1.0				0.0	1.0	1.0	1.0	1.0	False	False	False	not_testable
1_-_169696534_169696553	3hr	3	3	1.0	1.0	0.0	0.0	0.0	0.0	1.0	1.0	1.0	1.0	True	True	False	small
9_-_133779917_133779939	3hr	1	0	1.0						1.0	1.0			False	False	False	not_testable
20_-_33669686_33669712	3hr	3	2	0.33455882352941174	0.5166666666666667	0.18210784313725498	0.18210784313725498	0.29601867255000974	0.4478342947514801	0.0	0.5625	0.2	0.8333333333333334	True	False	False	exploratory
17_-_3953692_3953710	3hr	3	3	1.0	1.0	0.0	0.0	0.0	0.0	1.0	1.0	1.0	1.0	True	True	False	small
1_-_153952804_153952834	3hr	3	3	1.0	1.0	0.0	0.0	0.0	0.0	1.0	1.0	1.0	1.0	True	True	False	small
16_+_28985712_28985740	3hr	3	3	0.45613497108791196	0.4821900547052677	0.026055083617355757	0.026055083617355757	0.02384676639325918	0.017498092144092266	0.4299065420560747	0.4765100671140939	0.4621212121212121	0.4942528735632184	True	True	False	small
5_+_119475705_119475727	3hr	2	1	0.6272727272727272	1.0			0.2442732516826256		0.4545454545454545	0.8	1.0	1.0	False	False	False	not_testable
1_-_113833110_113833138	3hr	3	3	1.0	0.9924691667362677	-0.007530833263732273	0.007530833263732273	0.0	0.00669764620586	1.0	1.0	0.9871794871794872	1.0	True	True	False	small
6_+_30339907_30339930	3hr	2	3	1.0	1.0	0.0	0.0	0.0	0.0	1.0	1.0	1.0	1.0	True	False	False	small
4_+_112257771_112257797	3hr	2	0	1.0				0.0		1.0	1.0			False	False	False	not_testable
15_+_66532984_66533013	3hr	0	3		1.0				0.0			1.0	1.0	False	False	False	not_testable
12_-_55790566_55790592	3hr	3	3	1.0	1.0	0.0	0.0	0.0	0.0	1.0	1.0	1.0	1.0	True	True	False	small
21_-_39313071_39313101	3hr	3	3	1.0	1.0	0.0	0.0	0.0	0.0	1.0	1.0	1.0	1.0	True	True	False	small
2_+_238347454_238347475	3hr	2	1	1.0	1.0			0.0		1.0	1.0	1.0	1.0	False	False	False	not_testable
21_+_46398234_46398255	3hr	3	3	1.0	1.0	0.0	0.0	0.0	0.0	1.0	1.0	1.0	1.0	True	True	False	small
2_+_86131077_86131106	3hr	3	3	0.8386838996595095	0.7844058344058343	-0.05427806525367518	0.05427806525367518	0.05497043179740067	0.06223370987845268	0.7777777777777778	0.8846153846153846	0.7261904761904762	0.85	True	True	False	small
7_-_92577654_92577676	3hr	3	2	0.7471282593375617	0.7884615384615384	0.041333279123976774	0.041333279123976774	0.027073712830453664	0.2991605612712317	0.7209302325581395	0.775	0.5769230769230769	1.0	True	False	False	small
9_+_137206280_137206309	3hr	3	3	0.5444004524886877	0.25523973585989085	-0.2891607166287969	0.2891607166287969	0.32124642942280907	0.22139664185072014	0.1764705882352941	0.7692307692307693	0.0	0.3953488372093023	True	True	False	strong
12_-_79790466_79790483	3hr	3	3	1.0	1.0	0.0	0.0	0.0	0.0	1.0	1.0	1.0	1.0	True	True	False	small
1_+_206421249_206421274	3hr	0	0											False	False	False	not_testable
2_-_97507035_97507065	3hr	3	3	0.9583333333333334	0.8703703703703703	-0.08796296296296302	0.08796296296296302	0.07216878364870323	0.22452510468485443	0.875	1.0	0.6111111111111112	1.0	True	True	False	small
16_+_30666511_30666541	3hr	3	3	1.0	0.9965635738831615	-0.0034364261168384758	0.0034364261168384758	0.0	0.0059520646308208625	1.0	1.0	0.9896907216494846	1.0	True	True	False	small
16_+_69459092_69459121	3hr	3	3	1.0	1.0	0.0	0.0	0.0	0.0	1.0	1.0	1.0	1.0	True	True	False	small
2_-_27333973_27333999	3hr	3	3	1.0	1.0	0.0	0.0	0.0	0.0	1.0	1.0	1.0	1.0	True	True	False	small
11_-_2955743_2955766	3hr	3	3	1.0	1.0	0.0	0.0	0.0	0.0	1.0	1.0	1.0	1.0	True	True	False	small
11_+_828229_828259	3hr	1	0	1.0						1.0	1.0			False	False	False	not_testable
8_-_144426179_144426208	3hr	3	3	0.2755337525122876	0.2455532455532455	-0.029980506959042114	0.029980506959042114	0.03116476939760756	0.08507863967755507	0.2395543175487465	0.2941176470588235	0.1634615384615384	0.3333333333333333	True	True	False	small
9_-_129010669_129010693	3hr	3	3	1.0	1.0	0.0	0.0	0.0	0.0	1.0	1.0	1.0	1.0	True	True	False	small
11_+_48149989_48149998	3hr	3	0	1.0				0.0		1.0	1.0			False	False	False	not_testable
1_+_203862195_203862222	3hr	3	3	0.9327465163280503	0.943054216222008	0.010307699893957745	0.010307699893957745	0.04545429453240881	0.027297671049112182	0.8907563025210085	0.981012658227848	0.9215686274509804	0.9737704918032788	True	True	False	small
1_+_39741894_39741921	3hr	3	3	0.6512124271569513	0.5667488235983332	-0.08446360355861804	0.08446360355861804	0.09475983496705503	0.06837409061717037	0.5691056910569106	0.7549019607843137	0.4883720930232558	0.6141732283464567	True	True	False	small
21_+_46112803_46112824	3hr	3	3	1.0	1.0	0.0	0.0	0.0	0.0	1.0	1.0	1.0	1.0	True	True	False	small
13_+_75549975_75549987	3hr	3	3	1.0	1.0	0.0	0.0	0.0	0.0	1.0	1.0	1.0	1.0	True	True	False	small
21_-_44337648_44337667	3hr	3	3	1.0	1.0	0.0	0.0	0.0	0.0	1.0	1.0	1.0	1.0	True	True	False	small
17_-_7193843_7193871	3hr	3	2	1.0	1.0	0.0	0.0	0.0	0.0	1.0	1.0	1.0	1.0	True	False	False	small
19_+_17775055_17775080	3hr	3	3	0.9934640522875817	0.9866666666666667	-0.006797385620915031	0.006797385620915031	0.011320593513522033	0.023094010767585053	0.9803921568627452	1.0	0.96	1.0	True	True	False	small
19_+_19335717_19335735	3hr	3	3	0.9716312056737588	0.9012594083016617	-0.07037179737209709	0.07037179737209709	0.04913619312252135	0.05142999600645333	0.9148936170212766	1.0	0.8571428571428571	0.9577464788732394	True	True	False	small
2_-_106166055_106166083	3hr	3	3	1.0	1.0	0.0	0.0	0.0	0.0	1.0	1.0	1.0	1.0	True	True	False	small
5_+_176656894_176656924	3hr	3	2	0.34722222222222215	0.0	-0.34722222222222215	0.34722222222222215	0.3342002615421101	0.0	0.0	0.6666666666666666	0.0	0.0	True	False	False	strong
6_+_26411554_26411581	3hr	3	3	1.0	1.0	0.0	0.0	0.0	0.0	1.0	1.0	1.0	1.0	True	True	False	small
11_+_118312152_118312170	3hr	3	3	0.28128687436890426	0.24871784273033049	-0.032569031638573775	0.032569031638573775	0.05069163122209993	0.020298655734042957	0.2418397626112759	0.3384615384615385	0.2288329519450801	0.2694063926940639	True	True	False	small
6_-_43626921_43626948	3hr	3	3	1.0	1.0	0.0	0.0	0.0	0.0	1.0	1.0	1.0	1.0	True	True	False	small
17_-_42329746_42329776	3hr	3	3	1.0	0.9897237880575974	-0.01027621194240258	0.01027621194240258	0.0	0.006156406161665471	1.0	1.0	0.9826732673267328	0.9940357852882704	True	True	True	small
10_-_72072901_72072910	3hr	3	3	1.0	1.0	0.0	0.0	0.0	0.0	1.0	1.0	1.0	1.0	True	True	False	small
5_+_119492099_119492124	3hr	2	3	0.3904761904761904	0.5238095238095238	0.13333333333333341	0.13333333333333341	0.013468700594029546	0.5016977977548923	0.3809523809523809	0.4	0.0	1.0	True	False	False	exploratory
5_+_177365962_177365984	3hr	3	3	1.0	1.0	0.0	0.0	0.0	0.0	1.0	1.0	1.0	1.0	True	True	False	small
6_-_29629086_29629107	3hr	3	0	0.6487734487734488				0.2844341429610771		0.3333333333333333	0.8857142857142857			False	False	False	not_testable
3_-_123567761_123567780	3hr	3	2	1.0	1.0	0.0	0.0	0.0	0.0	1.0	1.0	1.0	1.0	True	False	False	small
X_-_136677935_136677956	3hr	3	2	1.0	1.0	0.0	0.0	0.0	0.0	1.0	1.0	1.0	1.0	True	False	False	small
1_+_198692346_198692373	3hr	3	3	1.0	1.0	0.0	0.0	0.0	0.0	1.0	1.0	1.0	1.0	True	True	False	small
1_-_151406606_151406631	3hr	3	3	0.5736659736659737	0.6000035608788036	0.02633758721282986	0.02633758721282986	0.10358132784209816	0.06237199247859223	0.4594594594594595	0.6615384615384615	0.5321100917431193	0.6547619047619048	True	True	False	small
17_+_78005057_78005079	3hr	3	3	1.0	1.0	0.0	0.0	0.0	0.0	1.0	1.0	1.0	1.0	True	True	False	small
22_-_19899048_19899068	3hr	2	3	1.0	1.0	0.0	0.0	0.0	0.0	1.0	1.0	1.0	1.0	True	False	False	small
3_+_48974957_48974979	3hr	3	3	1.0	1.0	0.0	0.0	0.0	0.0	1.0	1.0	1.0	1.0	True	True	False	small
X_-_153790563_153790575	3hr	2	3	1.0	1.0	0.0	0.0	0.0	0.0	1.0	1.0	1.0	1.0	True	False	False	small
12_+_122762186_122762206	3hr	3	3	1.0	1.0	0.0	0.0	0.0	0.0	1.0	1.0	1.0	1.0	True	True	False	small
22_-_50777951_50777981	3hr	3	3	0.9689922480620154	0.9833333333333334	0.014341085271317944	0.014341085271317944	0.053707001785081566	0.028867513459481315	0.9069767441860463	1.0	0.95	1.0	True	True	False	small
16_+_8748107_8748137	3hr	0	0											False	False	False	not_testable
19_+_17218363_17218391	3hr	3	3	1.0	1.0	0.0	0.0	0.0	0.0	1.0	1.0	1.0	1.0	True	True	False	small
14_-_52661292_52661304	3hr	3	3	1.0	1.0	0.0	0.0	0.0	0.0	1.0	1.0	1.0	1.0	True	True	False	small
1_-_1299344_1299356	3hr	3	3	1.0	1.0	0.0	0.0	0.0	0.0	1.0	1.0	1.0	1.0	True	True	False	small
8_+_27520882_27520909	3hr	3	3	1.0	1.0	0.0	0.0	0.0	0.0	1.0	1.0	1.0	1.0	True	True	False	small
5_-_177739112_177739137	3hr	3	2	1.0	1.0	0.0	0.0	0.0	0.0	1.0	1.0	1.0	1.0	True	False	False	small
17_+_62692111_62692138	3hr	3	2	1.0	1.0	0.0	0.0	0.0	0.0	1.0	1.0	1.0	1.0	True	False	False	small
19_+_7630822_7630846	3hr	3	3	0.9920634920634921	0.9814814814814815	-0.010582010582010581	0.010582010582010581	0.013746434980705392	0.03207501495497923	0.9761904761904762	1.0	0.9444444444444444	1.0	True	True	False	small
X_+_119575374_119575400	3hr	3	3	1.0	1.0	0.0	0.0	0.0	0.0	1.0	1.0	1.0	1.0	True	True	False	small
9_+_128598962_128598986	3hr	3	3	0.3463389739457427	0.5106522666046476	0.16431329265890487	0.16431329265890487	0.15383467947796514	0.07392061120559112	0.22	0.5176470588235295	0.4489795918367347	0.5925925925925926	True	True	False	exploratory
12_-_56350411_56350432	3hr	3	3	0.3702693706870687	0.1550127713920817	-0.21525659929498703	0.21525659929498703	0.12028393536729551	0.10461280176271895	0.297029702970297	0.509090909090909	0.0344827586206896	0.2222222222222222	True	True	True	strong
16_+_30661303_30661333	3hr	3	3	1.0	1.0	0.0	0.0	0.0	0.0	1.0	1.0	1.0	1.0	True	True	False	small
19_+_4310272_4310295	3hr	2	0	1.0				0.0		1.0	1.0			False	False	False	not_testable
2_-_152677450_152677475	3hr	3	3	1.0	1.0	0.0	0.0	0.0	0.0	1.0	1.0	1.0	1.0	True	True	False	small
4_-_2257981_2258011	3hr	3	3	1.0	1.0	0.0	0.0	0.0	0.0	1.0	1.0	1.0	1.0	True	True	False	small
21_+_45492686_45492713	3hr	3	3	1.0	1.0	0.0	0.0	0.0	0.0	1.0	1.0	1.0	1.0	True	True	False	small
2_+_231226773_231226798	3hr	0	0											False	False	False	not_testable
19_+_1429966_1429996	3hr	3	3	1.0	1.0	0.0	0.0	0.0	0.0	1.0	1.0	1.0	1.0	True	True	False	small
2_-_95921781_95921810	3hr	1	3	1.0	1.0				0.0	1.0	1.0	1.0	1.0	False	False	False	not_testable
6_-_24870865_24870889	3hr	3	3	1.0	1.0	0.0	0.0	0.0	0.0	1.0	1.0	1.0	1.0	True	True	False	small
7_+_843205_843232	3hr	3	3	1.0	0.9859154929577465	-0.014084507042253502	0.014084507042253502	0.0	0.024395081796744784	1.0	1.0	0.9577464788732394	1.0	True	True	False	small
1_+_46309100_46309127	3hr	3	3	1.0	0.9429889117849082	-0.05701108821509182	0.05701108821509182	0.0	0.05182407871651474	1.0	1.0	0.8987341772151899	1.0	True	True	False	small
17_-_56895925_56895952	3hr	3	2	0.8571428571428571	1.0	0.1428571428571429	0.1428571428571429	0.24743582965269675	0.0	0.5714285714285714	1.0	1.0	1.0	True	False	False	exploratory
12_+_110282603_110282621	3hr	3	3	1.0	1.0	0.0	0.0	0.0	0.0	1.0	1.0	1.0	1.0	True	True	False	small
14_-_57237337_57237366	3hr	3	3	1.0	1.0	0.0	0.0	0.0	0.0	1.0	1.0	1.0	1.0	True	True	False	small
19_+_19104912_19104938	3hr	3	1	1.0	1.0			0.0		1.0	1.0	1.0	1.0	False	False	False	not_testable
17_-_42574195_42574210	3hr	0	3		0.043859649122806994				0.07596714068284546			0.0	0.131578947368421	False	False	False	not_testable
5_-_150699241_150699271	3hr	3	3	1.0	1.0	0.0	0.0	0.0	0.0	1.0	1.0	1.0	1.0	True	True	False	small
2_-_190987038_190987068	3hr	3	3	1.0	1.0	0.0	0.0	0.0	0.0	1.0	1.0	1.0	1.0	True	True	False	small
19_+_19340845_19340873	3hr	3	3	1.0	1.0	0.0	0.0	0.0	0.0	1.0	1.0	1.0	1.0	True	True	False	small
2_+_97187197_97187226	3hr	2	2	1.0	1.0	0.0	0.0	0.0	0.0	1.0	1.0	1.0	1.0	True	False	False	small
2_+_97200333_97200362	3hr	3	1	1.0	1.0			0.0		1.0	1.0	1.0	1.0	False	False	False	not_testable
12_+_25089762_25089790	3hr	3	3	1.0	1.0	0.0	0.0	0.0	0.0	1.0	1.0	1.0	1.0	True	True	False	small
10_-_12170899_12170908	3hr	3	3	0.7619047619047619	0.37333333333333335	-0.3885714285714285	0.3885714285714285	0.25084889887744616	0.11015141094572205	0.5	1.0	0.3	0.5	True	True	False	strong
X_-_153913023_153913051	3hr	3	3	1.0	1.0	0.0	0.0	0.0	0.0	1.0	1.0	1.0	1.0	True	True	False	small
1_+_228369135_228369162	3hr	3	2	1.0	1.0	0.0	0.0	0.0	0.0	1.0	1.0	1.0	1.0	True	False	False	small
17_-_63698798_63698818	3hr	3	3	0.0015201379142599336	0.0028842374548814337	0.0013640995406215002	0.0013640995406215002	0.0015160867153116964	0.0005786474503247253	0.0	0.003032140691328	0.0022379709063782	0.0033542976939203	True	True	False	small
1_+_207339396_207339417	3hr	3	3	0.9797979797979798	0.98093255963295	0.0011345798349702285	0.0011345798349702285	0.03499092540543183	0.002601516560328729	0.9393939393939394	1.0	0.979245283018868	0.9839285714285714	True	True	False	small
21_+_43800861_43800881	3hr	2	3	1.0	1.0	0.0	0.0	0.0	0.0	1.0	1.0	1.0	1.0	True	False	False	small
12_+_118389926_118389946	3hr	3	3	1.0	1.0	0.0	0.0	0.0	0.0	1.0	1.0	1.0	1.0	True	True	False	small
20_-_45960863_45960882	3hr	3	3	1.0	1.0	0.0	0.0	0.0	0.0	1.0	1.0	1.0	1.0	True	True	False	small
21_+_34103496_34103519	3hr	3	3	0.47792580982236155	0.280493498212293	-0.19743231161006852	0.19743231161006852	0.2646421684607243	0.15190896466487117	0.1724137931034483	0.6363636363636364	0.1904761904761904	0.4558823529411764	True	True	False	exploratory
14_-_94129261_94129291	3hr	2	1	1.0	1.0			0.0		1.0	1.0	1.0	1.0	False	False	False	not_testable
21_+_45987498_45987519	3hr	3	3	1.0	1.0	0.0	0.0	0.0	0.0	1.0	1.0	1.0	1.0	True	True	False	small
6_+_26390686_26390707	3hr	0	3		1.0				0.0			1.0	1.0	False	False	False	not_testable
15_-_58901259_58901287	3hr	3	3	0.945562435500516	0.9750613091869459	0.029498873686429894	0.029498873686429894	0.01384802569692428	0.02709156668708363	0.9298245614035088	0.9558823529411764	0.946236559139785	1.0	True	True	False	small
6_+_73723250_73723279	3hr	0	3		1.0				0.0			1.0	1.0	False	False	False	not_testable
2_-_86153559_86153574	3hr	3	3	1.0	1.0	0.0	0.0	0.0	0.0	1.0	1.0	1.0	1.0	True	True	False	small
19_-_5612539_5612567	3hr	3	3	0.7889192932671194	0.9720671064124575	0.18314781314533812	0.18314781314533812	0.02895860093993111	0.016672703572387825	0.7636363636363637	0.8205128205128205	0.957983193277311	0.9904761904761904	True	True	True	exploratory
6_-_79077699_79077729	3hr	3	3	1.0	1.0	0.0	0.0	0.0	0.0	1.0	1.0	1.0	1.0	True	True	False	small
21_+_45492534_45492564	3hr	3	3	1.0	1.0	0.0	0.0	0.0	0.0	1.0	1.0	1.0	1.0	True	True	False	small
11_-_4601663_4601686	3hr	2	3	1.0	1.0	0.0	0.0	0.0	0.0	1.0	1.0	1.0	1.0	True	False	False	small
1_+_206419372_206419400	3hr	0	0											False	False	False	not_testable
17_+_48862275_48862304	3hr	3	3	1.0	1.0	0.0	0.0	0.0	0.0	1.0	1.0	1.0	1.0	True	True	False	small
2_-_43950572_43950600	3hr	3	3	1.0	1.0	0.0	0.0	0.0	0.0	1.0	1.0	1.0	1.0	True	True	False	small
1_+_52414620_52414647	3hr	3	3	1.0	1.0	0.0	0.0	0.0	0.0	1.0	1.0	1.0	1.0	True	True	False	small
11_-_4386967_4386990	3hr	3	3	1.0	1.0	0.0	0.0	0.0	0.0	1.0	1.0	1.0	1.0	True	True	False	small
X_-_81119787_81119817	3hr	0	1		1.0							1.0	1.0	False	False	False	not_testable
6_+_26410005_26410032	3hr	3	3	0.6289759146902004	0.647953216374269	0.018977301684068526	0.018977301684068526	0.08188073195641427	0.22334052257094605	0.5510204081632653	0.7142857142857143	0.4	0.8333333333333334	True	True	False	small
11_+_65205709_65205721	3hr	3	3	1.0	1.0	0.0	0.0	0.0	0.0	1.0	1.0	1.0	1.0	True	True	False	small
6_+_26373386_26373413	3hr	3	3	1.0	0.8015873015873015	-0.19841269841269848	0.19841269841269848	0.0	0.20001889555486288	1.0	1.0	0.5714285714285714	0.9333333333333332	True	True	True	exploratory
3_-_160535660_160535690	3hr	3	3	1.0	1.0	0.0	0.0	0.0	0.0	1.0	1.0	1.0	1.0	True	True	False	small
16_+_28986539_28986569	3hr	3	3	0.5708808478840307	0.35907495584914945	-0.21180589203488126	0.21180589203488126	0.055350999984467894	0.20977095785651642	0.5189873417721519	0.6291390728476821	0.1923076923076923	0.5945945945945946	True	True	False	strong
3_+_184189254_184189277	3hr	3	3	0.2801217691492255	0.30186013705646153	0.021738367907236045	0.021738367907236045	0.054235953762699615	0.07497741449845846	0.2413793103448276	0.3421052631578947	0.230392156862745	0.3799126637554585	True	True	False	small
5_-_170262841_170262861	3hr	3	3	1.0	1.0	0.0	0.0	0.0	0.0	1.0	1.0	1.0	1.0	True	True	False	small
7_+_74755508_74755537	3hr	3	3	0.8867910447761194	0.9714285714285715	0.08463752665245217	0.08463752665245217	0.034244462700745236	0.049487165930539305	0.86	0.9253731343283582	0.9142857142857144	1.0	True	True	False	small
4_+_53440581_53440608	3hr	3	3	0.26556225300387204	0.297588908981314	0.032026655977441976	0.032026655977441976	0.06865797061879263	0.027074295002635723	0.202127659574468	0.3384615384615385	0.2784810126582278	0.3285714285714285	True	True	False	small
8_+_63169386_63169411	3hr	3	3	1.0	1.0	0.0	0.0	0.0	0.0	1.0	1.0	1.0	1.0	True	True	False	small
5_-_170262966_170262992	3hr	3	3	1.0	1.0	0.0	0.0	0.0	0.0	1.0	1.0	1.0	1.0	True	True	False	small
18_+_10533535_10533553	3hr	1	3	1.0	1.0				0.0	1.0	1.0	1.0	1.0	False	False	False	not_testable
19_+_50419945_50419973	3hr	0	0											False	False	False	not_testable
17_+_43179393_43179412	3hr	3	3	1.0	1.0	0.0	0.0	0.0	0.0	1.0	1.0	1.0	1.0	True	True	False	small
7_+_142792521_142792539	3hr	3	3	1.0	1.0	0.0	0.0	0.0	0.0	1.0	1.0	1.0	1.0	True	True	False	small
19_+_39421282_39421299	3hr	3	3	1.0	1.0	0.0	0.0	0.0	0.0	1.0	1.0	1.0	1.0	True	True	False	small
6_-_28911695_28911718	3hr	3	3	0.9393939393939394	0.9770114942528737	0.037617554858934255	0.037617554858934255	0.10497277621629557	0.039817259944112074	0.8181818181818182	1.0	0.9310344827586208	1.0	True	True	False	small
7_+_35831491_35831496	3hr	3	3	0.903225806451613	0.917283950617284	0.014058144165670972	0.014058144165670972	0.1676178200873107	0.07557128860643401	0.7096774193548387	1.0	0.8518518518518519	1.0	True	True	False	small
2_-_121401867_121401870	3hr	1	3	1.0	0.8958333333333334				0.18042195912175804	1.0	1.0	0.6875	1.0	False	False	False	not_testable
2_-_25835537_25835540	3hr	3	1	1.0	1.0			0.0		1.0	1.0	1.0	1.0	False	False	False	not_testable
14_+_96874456_96874459	3hr	0	1		1.0							1.0	1.0	False	False	False	not_testable
19_+_48477716_48477719	3hr	3	3	0.5322510822510823	0.6462605462605463	0.11400946400946399	0.11400946400946399	0.09118773006223711	0.25506056742811317	0.4285714285714285	0.6	0.4324324324324324	0.9285714285714286	True	True	False	exploratory
17_-_78696006_78696009	3hr	3	3	0.9905880916243611	0.9932993906678117	0.002711299043450577	0.002711299043450577	0.009086975193024604	0.007881750728456658	0.9818652849740932	1.0	0.9842105263157894	0.9982517482517482	True	True	False	small
6_-_166370217_166370221	3hr	3	3	1.0	1.0	0.0	0.0	0.0	0.0	1.0	1.0	1.0	1.0	True	True	False	small
14_-_50438091_50438094	3hr	3	2	1.0	1.0	0.0	0.0	0.0	0.0	1.0	1.0	1.0	1.0	True	False	False	small
4_+_88676217_88676241	12hr	3	2	0.9761904761904763	0.7638888888888888	-0.21230158730158744	0.21230158730158744	0.041239304942116105	0.019641855032959663	0.9285714285714286	1.0	0.75	0.7777777777777778	True	False	True	strong
10_-_73439871_73439901	12hr	3	3	0.7770753460042963	0.9493176957716579	0.17224234976736164	0.17224234976736164	0.09392501507994556	0.040382781794173025	0.6923076923076923	0.8780487804878049	0.9041095890410958	0.9818181818181818	True	True	True	exploratory
14_-_93076594_93076619	12hr	3	3	1.0	0.9831791016001542	-0.016820898399845796	0.016820898399845796	0.0	0.02037280342435919	1.0	1.0	0.9605263157894736	1.0	True	True	False	small
5_+_57221375_57221396	12hr	3	3	0.7467343147410553	0.23439153439153435	-0.512342780349521	0.512342780349521	0.14307830943169886	0.04773354840749853	0.582089552238806	0.8409090909090909	0.2	0.2888888888888888	True	True	True	strong
11_-_75271700_75271724	12hr	3	3	0.3101851851851852	0.41335814722911496	0.10317296204392978	0.10317296204392978	0.07897556532051844	0.1479867715715638	0.2222222222222222	0.375	0.25	0.5384615384615384	True	True	False	exploratory
17_+_30510879_30510909	12hr	3	3	0.9393939393939394	1.0	0.06060606060606055	0.06060606060606055	0.10497277621629557	0.0	0.8181818181818182	1.0	1.0	1.0	True	True	False	small
8_-_54065787_54065813	12hr	3	3	0.0	0.12027027027027022	0.12027027027027022	0.12027027027027022	0.0	0.06122978788761721	0.0	0.0	0.05	0.1621621621621621	True	True	True	exploratory
X_-_154357250_154357274	12hr	3	3	0.7339657009313675	0.5620655721661795	-0.171900128765188	0.171900128765188	0.018876043114411663	0.008822235300618554	0.7166666666666667	0.7540983606557377	0.5521472392638037	0.5690376569037657	True	True	True	exploratory
9_+_133054943_133054964	12hr	3	3	0.3791035353535353	0.18941070404065238	-0.18969283131288292	0.18969283131288292	0.12707872306439813	0.07938748720116928	0.28125	0.5227272727272727	0.1224489795918367	0.2771084337349397	True	True	True	exploratory
20_+_44478623_44478647	12hr	0	3		0.2970521541950113				0.2094623256963593			0.0816326530612244	0.5	False	False	False	not_testable
4_-_142202739_142202766	12hr	3	3	0.4932191653577882	0.1026968200881244	-0.3905223452696638	0.3905223452696638	0.31919971567110417	0.069313975585125	0.1764705882352941	0.8148148148148148	0.0238095238095238	0.1538461538461538	True	True	True	strong
3_+_47819235_47819264	12hr	2	3	0.8125	0.5343434343434343	-0.27815656565656566	0.27815656565656566	0.2651650429449553	0.08991033863221683	0.625	1.0	0.4666666666666667	0.6363636363636364	True	False	False	strong
19_+_47780724_47780749	12hr	3	3	0.6376478988168094	0.7118506493506493	0.07420275053383996	0.07420275053383996	0.20568409861998962	0.13477692741564715	0.5116279069767442	0.875	0.5909090909090909	0.8571428571428571	True	True	False	small
17_+_7578226_7578244	12hr	3	3	0.0004960317460317333	0.004589748409194134	0.004093716663162401	0.004093716663162401	0.000859152186294064	0.002057899199168795	0.0	0.0014880952380952	0.0027264465313541	0.0067985166872682	True	True	True	small
3_-_146536539_146536565	12hr	3	3	1.0	0.9592803030303031	-0.040719696969696906	0.040719696969696906	0.0	0.04618844090248935	1.0	1.0	0.9090909090909092	1.0	True	True	False	small
17_-_35014739_35014763	12hr	3	3	1.0	0.9583333333333334	-0.04166666666666663	0.04166666666666663	0.0	0.07216878364870323	1.0	1.0	0.875	1.0	True	True	False	small
11_+_67416175_67416202	12hr	3	0	0.42372134038800696				0.18129455784052992		0.2321428571428571	0.5925925925925926			False	False	False	not_testable
12_-_57538518_57538524	12hr	3	3	0.20035810078182958	0.1491993769819481	-0.051158723799881484	0.051158723799881484	0.11354676953652378	0.01895220056429958	0.0972222222222222	0.3220338983050847	0.1278195488721804	0.1639344262295081	True	True	False	small
12_-_6965910_6965916	12hr	3	3	0.9943693693693693	1.0	0.00563063063063074	0.00563063063063074	0.009752538330905901	0.0	0.983108108108108	1.0	1.0	1.0	True	True	False	small
20_+_62304460_62304485	12hr	3	3	0.0	0.0	0.0	0.0	0.0	0.0	0.0	0.0	0.0	0.0	True	True	False	small
16_+_70550649_70550678	12hr	3	3	0.6234819734345352	0.09903401505576108	-0.5244479583787741	0.5244479583787741	0.06651772478906715	0.0206985926558702	0.5483870967741935	0.675	0.0754716981132075	0.1142857142857142	True	True	True	strong
14_+_94114850_94114880	12hr	0	0											False	False	False	not_testable
19_+_47205103_47205129	12hr	3	3	0.16801619433198378	0.2111934425435569	0.04317724821157312	0.04317724821157312	0.17329874271922663	0.018446767493479635	0.0	0.3461538461538461	0.1956521739130435	0.231578947368421	True	True	False	small
16_-_31093311_31093321	12hr	3	3	0.05471956224350203	0.036003409212758235	-0.018716153030743796	0.018716153030743796	0.05925145780494586	0.016708572472015557	0.0	0.1176470588235294	0.0167224080267558	0.0462427745664739	True	True	False	small
1_-_156476493_156476514	12hr	3	3	0.049851263443496434	0.23025583982202447	0.18040457637852803	0.18040457637852803	0.050517743804363115	0.052445718505567465	0.0	0.101010101010101	0.1935483870967742	0.2903225806451613	True	True	True	exploratory
19_+_41897314_41897326	12hr	3	3	0.8748691516407558	0.8153411857399587	-0.05952796590079712	0.05952796590079712	0.0414520173907069	0.058168134215036846	0.8431372549019608	0.9217687074829932	0.7619047619047619	0.8773006134969326	True	True	False	small
9_-_137023837_137023840	12hr	3	2	0.7754595443833464	0.9	0.12454045561665361	0.12454045561665361	0.11234811340795099	0.14142135623730948	0.6716417910447762	0.8947368421052632	0.8	1.0	True	False	False	exploratory
11_-_64015251_64015281	12hr	3	3	1.0	0.9733333333333333	-0.026666666666666727	0.026666666666666727	0.0	0.046188021535170036	1.0	1.0	0.92	1.0	True	True	False	small
13_+_75809153_75809183	12hr	3	2	1.0	0.8015873015873016	-0.19841269841269837	0.19841269841269837	0.0	0.12346308877860349	1.0	1.0	0.7142857142857143	0.8888888888888888	True	False	True	exploratory
18_-_50285324_50285351	12hr	3	3	0.9123152709359607	1.0	0.08768472906403935	0.08768472906403935	0.12322362490239934	0.0	0.7714285714285715	1.0	1.0	1.0	True	True	False	small
5_+_181233412_181233435	12hr	3	3	0.5079474216380181	0.4844354545503877	-0.02351196708763037	0.02351196708763037	0.19887804668746348	0.02722149473488054	0.3255813953488372	0.72	0.4590163934426229	0.5131578947368421	True	True	False	small
4_-_75918760_75918789	12hr	2	3	0.35185185185185186	0.7449506118236768	0.393098759971825	0.393098759971825	0.4975936608349779	0.13987332606366665	0.0	0.7037037037037037	0.5882352941176471	0.8571428571428571	True	False	False	strong
11_+_59145826_59145856	12hr	3	1	0.7109090909090909	0.3125			0.19115136142650568		0.5	0.8727272727272727	0.3125	0.3125	False	False	False	not_testable
12_+_27674191_27674221	12hr	1	2	1.0	0.75				0.3535533905932738	1.0	1.0	0.5	1.0	False	False	False	not_testable
12_-_122514711_122514728	12hr	3	3	0.3050934097200119	0.015384615384615366	-0.28970879433539654	0.28970879433539654	0.12278179444913952	0.02664693550105962	0.1764705882352941	0.4210526315789473	0.0	0.0461538461538461	True	True	True	strong
8_+_22539468_22539498	12hr	3	3	0.8673569023569024	0.6342592592592592	-0.23309764309764325	0.23309764309764325	0.05748442901303384	0.1105657914487258	0.8181818181818182	0.9305555555555556	0.5111111111111111	0.725	True	True	True	strong
16_+_85802753_85802757	12hr	3	3	0.9938967562441863	0.9919343786839151	-0.001962377560271178	0.001962377560271178	0.0008084107892508102	0.004218269511622516	0.9931647300068353	0.9947643979057592	0.9871794871794872	0.9952267303102624	True	True	False	small
17_-_37210466_37210490	12hr	0	3		0.6944444444444445				0.3367876570272817			0.3333333333333333	1.0	False	False	False	not_testable
16_-_89653903_89653923	12hr	3	3	0.7886904761904763	0.9658214448570126	0.17713096866653633	0.17713096866653633	0.1830538608890688	0.01571613677651775	0.6785714285714286	1.0	0.9476744186046512	0.975	True	True	False	exploratory
12_+_9650332_9650361	12hr	3	3	0.18088460444541263	0.05623805623805623	-0.1246465482073564	0.1246465482073564	0.12244311104242848	0.05418625615686856	0.081967213114754	0.3178294573643411	0.0	0.1081081081081081	True	True	False	exploratory
11_-_65662178_65662205	12hr	3	3	0.4825764834620368	0.5235947309745937	0.04101824751255695	0.04101824751255695	0.04523779938316267	0.02514276106265672	0.4447300771208226	0.5326797385620915	0.4945652173913043	0.5384615384615384	True	True	False	small
11_+_63906087_63906114	12hr	3	3	0.0182310914018231	0.24716049382716046	0.22892940242533735	0.22892940242533735	0.016062994149005208	0.09325785699923424	0.0	0.0303030303030303	0.1481481481481481	0.3333333333333333	True	True	True	strong
3_+_139351030_139351060	12hr	3	3	0.028132066938037065	0.028517993300039037	0.0003859263620019718	0.0003859263620019718	0.027313312630907388	0.03939518040850733	0.0	0.0545454545454545	0.0	0.073469387755102	True	True	False	small
20_+_2975214_2975241	12hr	3	3	0.31634669678147936	0.1898338220918866	-0.12651287468959277	0.12651287468959277	0.1857040726697684	0.08841597648659069	0.1136363636363636	0.4782608695652174	0.0967741935483871	0.2727272727272727	True	True	False	exploratory
6_+_29929018_29929045	12hr	3	3	1.0	0.9914529914529915	-0.008547008547008517	0.008547008547008517	0.0	0.014803853056144197	1.0	1.0	0.9743589743589745	1.0	True	True	False	small
22_-_41681539_41681559	12hr	3	3	0.24502804705750694	0.002624671916010467	-0.24240337514149649	0.24240337514149649	0.04304870151175994	0.004546065111729281	0.2011834319526627	0.2872340425531915	0.0	0.0078740157480314	True	True	True	strong
5_+_65655635_65655653	12hr	3	3	1.0	0.8158974358974359	-0.1841025641025641	0.1841025641025641	0.0	0.18014020399857147	1.0	1.0	0.64	1.0	True	True	False	exploratory
4_+_159344035_159344059	12hr	0	2		0.5075757575757576				0.46069078168214467			0.1818181818181818	0.8333333333333334	False	False	False	not_testable
5_+_146481446_146481476	12hr	3	3	0.4722738218094255	0.0	-0.4722738218094255	0.4722738218094255	0.2049056012667931	0.0	0.2666666666666666	0.6764705882352942	0.0	0.0	True	True	True	strong
8_-_140426614_140426641	12hr	3	3	0.821501014198783	0.8571428571428571	0.03564184294407413	0.03564184294407413	0.15681756594491258	0.24743582965269678	0.7058823529411765	1.0	0.5714285714285714	1.0	True	True	False	small
17_-_1543019_1543027	12hr	3	3	1.0	0.9888905619970219	-0.011109438002978145	0.011109438002978145	0.0	0.010922116016562433	1.0	1.0	0.9781659388646288	1.0	True	True	False	small
10_+_90895453_90895483	12hr	3	3	0.10897435897435896	0.4609727128628132	0.35199835388845424	0.35199835388845424	0.12804477150921909	0.02072664447759473	0.0	0.25	0.4403669724770642	0.4818181818181818	True	True	True	strong
3_-_112125225_112125254	12hr	2	1	1.0	1.0			0.0		1.0	1.0	1.0	1.0	False	False	False	not_testable
2_+_272036_272065	12hr	3	3	0.08057940844826088	0.024653918080642167	-0.05592549036761871	0.05592549036761871	0.04340210368837335	0.014742131651026268	0.0317460317460317	0.1147540983606557	0.009375	0.0387931034482758	True	True	False	small
19_-_39390259_39390289	12hr	3	3	0.32455296168054	0.6512355660530577	0.32668260437251767	0.32668260437251767	0.15830682675258917	0.009367444387715775	0.1836734693877551	0.4958677685950413	0.6414342629482072	0.6600985221674877	True	True	True	strong
14_+_105468337_105468349	12hr	3	3	0.08149058149058147	0.20456941231589118	0.12307883082530971	0.12307883082530971	0.07197311910015129	0.05278242985723059	0.0	0.1363636363636363	0.1486486486486486	0.2535211267605634	True	True	True	exploratory
19_+_39458293_39458305	12hr	3	3	0.9908743795341733	0.9829955683911766	-0.007878811142996711	0.007878811142996711	0.011631135345743143	0.02047710587271921	0.9777777777777776	1.0	0.9602649006622516	1.0	True	True	False	small
5_-_141588223_141588250	12hr	3	3	0.2622568559419411	0.1272797404071014	-0.13497711553483968	0.13497711553483968	0.12348752100411846	0.035460188046809026	0.1325301204819277	0.3783783783783784	0.0871559633027523	0.1544117647058823	True	True	False	exploratory
4_+_159243773_159243791	12hr	0	3		1.0				0.0			1.0	1.0	False	False	False	not_testable
6_-_32181605_32181632	12hr	3	3	0.44051932367149754	0.6803751803751803	0.23985585670368276	0.23985585670368276	0.24536960666275687	0.09163627256253114	0.25	0.717391304347826	0.6190476190476191	0.7857142857142857	True	True	False	strong
17_-_15993756_15993778	12hr	3	3	1.0	0.9941231054747913	-0.005876894525208676	0.005876894525208676	0.0	0.005126997975332711	1.0	1.0	0.9905660377358492	1.0	True	True	False	small
2_+_101868028_101868037	12hr	3	3	0.07086077674312963	0.47442680776014107	0.40356603101701144	0.40356603101701144	0.08299099693073872	0.12502157741409017	0.0	0.1621621621621621	0.3333333333333333	0.5714285714285714	True	True	True	strong
1_+_28457831_28457855	12hr	2	3	0.15625	0.24623015873015872	0.08998015873015872	0.08998015873015872	0.2209708691207961	0.21068429748046597	0.0	0.3125	0.0625	0.4761904761904761	True	False	False	small
11_+_5708576_5708603	12hr	3	3	1.0	0.9959839357429718	-0.004016064257028162	0.004016064257028162	0.0	0.0069560273396340674	1.0	1.0	0.9879518072289156	1.0	True	True	False	small
16_-_70679314_70679323	12hr	3	3	1.0	0.4444444444444444	-0.5555555555555556	0.5555555555555556	0.0	0.09622504486493764	1.0	1.0	0.3333333333333333	0.5	True	True	True	strong
19_+_1106241_1106266	12hr	3	3	0.9753585677185203	0.9839503798458962	0.00859181212737592	0.00859181212737592	0.02408565611234544	0.001993810721932755	0.947565543071161	0.990138067061144	0.9819639278557114	0.9859514687100894	True	True	False	small
14_+_55061679_55061701	12hr	3	3	0.8193214570056774	0.9834544201092433	0.16413296310356595	0.16413296310356595	0.09321132455409084	0.021214469315016533	0.7129629629629629	0.8867924528301887	0.9595375722543352	1.0	True	True	True	exploratory
14_+_103465423_103465450	12hr	3	3	0.46349206349206346	0.0	-0.46349206349206346	0.46349206349206346	0.08469410521875624	0.0	0.3666666666666666	0.5238095238095238	0.0	0.0	True	True	True	strong
5_-_132706450_132706459	12hr	1	1	1.0	0.8571428571428571					1.0	1.0	0.8571428571428571	0.8571428571428571	False	False	False	not_testable
12_-_57305639_57305663	12hr	3	3	0.1054673238408178	0.3649616368286445	0.2594943129878267	0.2594943129878267	0.09193593401562618	0.27393166922137907	0.0	0.1686746987951807	0.1	0.6470588235294118	True	True	False	strong
20_+_58659622_58659634	12hr	3	3	0.23215360304781696	0.1987463320632418	-0.03340727098457516	0.03340727098457516	0.07152758594902812	0.08037520919830299	0.1497175141242938	0.2777777777777778	0.1085271317829457	0.2627118644067797	True	True	False	small
19_+_45009813_45009822	12hr	3	3	0.9597701149425287	0.9443962778862728	-0.015373837056255946	0.015373837056255946	0.06968020490219623	0.009200419492408065	0.8793103448275862	1.0	0.9372384937238494	0.9547738693467336	True	True	False	small
2_+_69921735_69921765	12hr	3	2	1.0	1.0	0.0	0.0	0.0	0.0	1.0	1.0	1.0	1.0	True	False	False	small
3_+_56559568_56559594	12hr	3	3	0.5038594149705261	0.9533333333333333	0.44947391836280715	0.44947391836280715	0.09731792235333765	0.05033222956847165	0.4054054054054054	0.6	0.9	1.0	True	True	True	strong
10_+_6228195_6228218	12hr	3	3	0.027777777777777766	0.07985347985347983	0.05207570207570207	0.05207570207570207	0.048112522432468795	0.07709034665454001	0.0	0.0833333333333333	0.0	0.1538461538461538	True	True	False	small
22_-_29329711_29329720	12hr	3	3	0.5686783804430863	0.4311307549688359	-0.13754762547425037	0.13754762547425037	0.07677323841192839	0.030872141419552454	0.5194805194805194	0.6571428571428571	0.4057971014492754	0.4655172413793103	True	True	True	exploratory
1_-_173864674_173864704	12hr	3	3	0.0161533923198723	0.010812325873697968	-0.005341066446174334	0.005341066446174334	0.002349327868520693	0.003138853992098638	0.0134865134865134	0.0179171332586786	0.0072231139646869	0.0130434782608695	True	True	True	small
3_+_133587158_133587161	12hr	3	3	0.28362999452654625	0.19495054331587802	-0.08867945121066823	0.08867945121066823	0.17721988292126634	0.05191132901559796	0.1724137931034483	0.488	0.1595744680851064	0.2545454545454545	True	True	False	small
6_-_85538837_85538864	12hr	3	3	0.5695806100217865	0.6156156156156156	0.046035005593829115	0.046035005593829115	0.2779003998540212	0.12150339042469352	0.3823529411764705	0.8888888888888888	0.5135135135135135	0.75	True	True	False	small
17_-_29578961_29578988	12hr	3	3	0.03174603174603174	0.07535608011949707	0.043610048373465334	0.043610048373465334	0.05498573992282148	0.041498349701731246	0.0	0.0952380952380952	0.0298507462686567	0.1111111111111111	True	True	False	small
5_+_32586491_32586501	12hr	3	3	0.6422147722435079	0.1697712418300653	-0.47244353041344256	0.47244353041344256	0.2738668103741617	0.0480800480061719	0.396551724137931	0.9375	0.1372549019607843	0.225	True	True	True	strong
2_-_156326311_156326328	12hr	3	3	0.0014214641080312668	0.009213284784287732	0.007791820676256465	0.007791820676256465	0.002462048056245729	0.009441702158603576	0.0	0.0042643923240938	0.0	0.0188679245283018	True	True	False	small
16_+_31183486_31183489	12hr	3	3	0.06025641025641023	0.05079706152433424	-0.00945934873207599	0.00945934873207599	0.07922827977169423	0.015794116961296484	0.0	0.15	0.0330578512396694	0.0633333333333333	True	True	False	small
17_-_41896619_41896649	12hr	3	3	1.0	0.8620587789030364	-0.1379412210969636	0.1379412210969636	0.0	0.0604250858874601	1.0	1.0	0.8118811881188119	0.9291338582677166	True	True	True	exploratory
12_-_88130544_88130565	12hr	3	3	1.0	0.9166666666666666	-0.08333333333333337	0.08333333333333337	0.0	0.14433756729740646	1.0	1.0	0.75	1.0	True	True	False	small
2_-_121409023_121409047	12hr	3	3	0.7836257309941521	0.35555555555555557	-0.42807017543859655	0.42807017543859655	0.1875908179221689	0.03849001794597508	0.6666666666666666	1.0	0.3333333333333333	0.4	True	True	True	strong
1_-_1388491_1388510	12hr	3	3	0.0717115739529187	0.01705571117335823	-0.05465586277956047	0.05465586277956047	0.040113613370464755	0.0193575536244084	0.0333333333333333	0.1133603238866396	0.0	0.0380952380952381	True	True	False	small
12_-_110499534_110499546	12hr	2	3	0.5	0.9265407794819559	0.4265407794819559	0.4265407794819559	0.7071067811865476	0.05419701845517755	0.0	1.0	0.8823529411764706	0.987012987012987	True	False	False	strong
1_+_28737657_28737682	12hr	3	3	0.9693459693459694	0.9850872183999811	0.015741249054011752	0.015741249054011752	0.03261912063518879	0.008037388814543949	0.935064935064935	1.0	0.9781659388646288	0.9939024390243902	True	True	False	small
X_+_150712341_150712365	12hr	3	3	1.0	0.9581529581529581	-0.04184704184704191	0.04184704184704191	0.0	0.048657187013239137	1.0	1.0	0.9047619047619048	1.0	True	True	False	small
10_-_103105357_103105381	12hr	3	3	0.936936936936937	0.5334948320413436	-0.4034421048955934	0.4034421048955934	0.10922842930614539	0.08926603216637358	0.8108108108108109	1.0	0.4333333333333333	0.6046511627906976	True	True	True	strong
20_+_49096175_49096200	12hr	3	3	0.0	0.047756758715662796	0.047756758715662796	0.047756758715662796	0.0	0.022201749027312284	0.0	0.0	0.0273972602739726	0.0714285714285714	True	True	True	small
2_-_70289349_70289372	12hr	3	3	0.9891633211147961	0.9731522974376773	-0.01601102367711882	0.01601102367711882	0.00951183626932195	0.009049289336203482	0.9821958456973294	1.0	0.9627329192546584	0.979045401629802	True	True	True	small
1_+_172577538_172577559	12hr	3	3	1.0	1.0	0.0	0.0	0.0	0.0	1.0	1.0	1.0	1.0	True	True	False	small
7_-_43887789_43887816	12hr	2	3	1.0	0.8680555555555555	-0.13194444444444453	0.13194444444444453	0.0	0.16182194719070894	1.0	1.0	0.6875	1.0	True	False	False	exploratory
4_+_27007982_27008006	12hr	3	3	0.5048948670891573	0.18551587301587302	-0.3193789940732843	0.3193789940732843	0.16915544766542312	0.06549873349303202	0.3414634146341463	0.6792452830188679	0.119047619047619	0.25	True	True	True	strong
1_-_155203512_155203539	12hr	3	2	0.9655172413793104	1.0	0.03448275862068961	0.03448275862068961	0.05972588991616817	0.0	0.896551724137931	1.0	1.0	1.0	True	False	False	small
5_+_176099020_176099045	12hr	3	0	1.0				0.0		1.0	1.0			False	False	False	not_testable
X_-_23734340_23734367	12hr	3	3	1.0	0.9658119658119658	-0.03418803418803418	0.03418803418803418	0.0	0.059215412224576984	1.0	1.0	0.8974358974358975	1.0	True	True	False	small
1_-_205115857_205115883	12hr	1	3	1.0	0.9959349593495935				0.00704085694133697	1.0	1.0	0.9878048780487804	1.0	False	False	False	not_testable
17_+_45234831_45234849	12hr	3	3	0.13661794458895904	0.21490929705215414	0.0782913524631951	0.0782913524631951	0.05484641140618994	0.11380084387598233	0.0769230769230769	0.1847826086956521	0.125	0.3428571428571428	True	True	False	small
11_+_118364677_118364703	12hr	3	3	0.5074074074074074	0.12037037037037036	-0.38703703703703707	0.38703703703703707	0.4576285265504732	0.12525693757841375	0.0	0.8888888888888888	0.0	0.25	True	True	False	strong
15_+_40854059_40854086	12hr	0	3		1.0				0.0			1.0	1.0	False	False	False	not_testable
10_+_89013342_89013367	12hr	0	3		0.2009779521564723				0.03482411470284658			0.1647058823529411	0.2341463414634146	False	False	False	not_testable
1_+_78620943_78620971	12hr	2	3	0.2727272727272727	0.13095238095238093	-0.14177489177489178	0.14177489177489178	0.385694607919935	0.12542444943872308	0.0	0.5454545454545454	0.0	0.25	True	False	False	exploratory
4_-_82899712_82899737	12hr	3	3	0.6198879551820728	0.0	-0.6198879551820728	0.6198879551820728	0.1384549947141068	0.0	0.5	0.7714285714285715	0.0	0.0	True	True	True	strong
1_+_161339561_161339588	12hr	3	3	0.26809269162210336	0.0	-0.26809269162210336	0.26809269162210336	0.2503595363331791	0.0	0.0588235294117647	0.5454545454545454	0.0	0.0	True	True	True	strong
14_-_65101545_65101572	12hr	3	3	0.8998694885361552	0.7784084721319265	-0.12146101640422868	0.12146101640422868	0.08459637863670637	0.04468150034225311	0.8148148148148148	0.984	0.7300613496932515	0.8181818181818182	True	True	False	exploratory
14_-_21263310_21263336	12hr	3	3	0.2662915757673248	0.9155113022245005	0.6492197264571757	0.6492197264571757	0.035171353339094054	0.011393556449588072	0.2273901808785529	0.295843520782396	0.904688304997424	0.927400468384075	True	True	True	strong
5_-_177310667_177310697	12hr	2	2	1.0	1.0	0.0	0.0	0.0	0.0	1.0	1.0	1.0	1.0	True	False	False	small
3_+_37337142_37337163	12hr	3	3	0.9102564102564102	0.9467485919098823	0.03649218165347201	0.03649218165347201	0.15544045708951465	0.04860806671297825	0.7307692307692307	1.0	0.9047619047619048	1.0	True	True	False	small
1_+_39436481_39436490	12hr	3	3	0.8094325852946542	0.9895833333333334	0.18015074803867914	0.18015074803867914	0.10120870859981577	0.018042195912175808	0.6984126984126984	0.896551724137931	0.96875	1.0	True	True	True	exploratory
18_+_51049294_51049324	12hr	1	3	1.0	1.0				0.0	1.0	1.0	1.0	1.0	False	False	False	not_testable
12_-_68316580_68316610	12hr	1	3	0.8	0.9629629629629629				0.06415002990995845	0.8	0.8	0.8888888888888888	1.0	False	False	False	not_testable
8_+_144242601_144242628	12hr	3	2	0.8271873790166473	0.7083333333333333	-0.11885404568331404	0.11885404568331404	0.13423432668884475	0.09820927516479831	0.7142857142857143	0.975609756097561	0.6388888888888888	0.7777777777777778	True	False	False	exploratory
11_+_70350993_70351023	12hr	2	3	0.569327731092437	0.17193173565722583	-0.3973959954352111	0.3973959954352111	0.30601680026140504	0.06930778841960722	0.3529411764705882	0.7857142857142857	0.1176470588235294	0.25	True	False	True	strong
11_+_62141499_62141511	12hr	2	3	0.8529411764705883	0.7873677248677248	-0.06557345160286354	0.06557345160286354	0.2079725827019257	0.10070462520535438	0.7058823529411765	1.0	0.6875	0.8888888888888888	True	False	False	small
19_+_35009422_35009443	12hr	3	3	0.9722160916157826	0.9929078014184398	0.02069170980265722	0.02069170980265722	0.029060129900026068	0.012284048280630289	0.9420289855072465	1.0	0.9787234042553192	1.0	True	True	False	small
17_+_67553609_67553617	12hr	3	3	1.0	1.0	0.0	0.0	0.0	0.0	1.0	1.0	1.0	1.0	True	True	False	small
15_-_50346371_50346395	12hr	2	3	0.18039215686274504	0.3831597965102458	0.20276763964750075	0.20276763964750075	0.1608321306228226	0.015270116171062843	0.0666666666666666	0.2941176470588235	0.3658536585365853	0.3947368421052631	True	False	True	strong
17_+_42985650_42985656	12hr	3	3	0.3333333333333333	0.6357598978288633	0.30242656449553	0.30242656449553	0.5773502691896258	0.3303387158660506	0.0	1.0	0.3555555555555555	1.0	True	True	False	strong
16_+_19575097_19575122	12hr	2	3	1.0	1.0	0.0	0.0	0.0	0.0	1.0	1.0	1.0	1.0	True	False	False	small
10_+_78040203_78040225	12hr	3	3	0.7310387120489756	0.13796618132008379	-0.5930725307288919	0.5930725307288919	0.024080731496342628	0.01342280180705964	0.7057627118644068	0.7537128712871287	0.1232876712328767	0.1496156120638675	True	True	True	strong
5_-_151110626_151110644	12hr	3	3	0.8310847274689692	0.921590562513105	0.09050583504413579	0.09050583504413579	0.1652671893582627	0.03435264892053648	0.6697247706422018	1.0	0.8819444444444444	0.942528735632184	True	True	False	small
10_+_99750368_99750396	12hr	3	3	1.0	0.9057200057200058	-0.09427999427999423	0.09427999427999423	0.0	0.08579704341810354	1.0	1.0	0.8108108108108109	0.9777777777777776	True	True	True	small
8_-_27290155_27290178	12hr	2	3	0.6053639846743295	0.9841518634622083	0.3787878787878788	0.3787878787878788	0.07043975598026907	0.015199482078480434	0.5555555555555556	0.6551724137931034	0.9696969696969696	1.0	True	False	True	strong
11_-_5667688_5667711	12hr	1	3	1.0	0.9066666666666666				0.16165807537309523	1.0	1.0	0.72	1.0	False	False	False	not_testable
9_+_128162003_128162007	12hr	3	3	0.06151354446319637	0.17756410256410252	0.11605055810090614	0.11605055810090614	0.05359869777140832	0.08160686938508901	0.0038167938931297	0.1097560975609756	0.0833333333333333	0.225	True	True	False	exploratory
11_-_78441090_78441117	12hr	2	3	0.6958041958041958	0.5629214648822493	-0.13288273092194658	0.13288273092194658	0.2126265146225283	0.02631164497711705	0.5454545454545454	0.8461538461538461	0.5357142857142857	0.5882352941176471	True	False	False	exploratory
13_+_25319325_25319350	12hr	3	3	0.13015873015873014	1.0	0.8698412698412699	0.8698412698412699	0.11282130567566259	0.0	0.0	0.2	1.0	1.0	True	True	True	strong
10_-_26771074_26771089	12hr	3	3	0.08819603356216626	0.0272999694609864	-0.06089606410117987	0.06089606410117987	0.03620012960725869	0.014938310925455802	0.0526315789473684	0.125	0.0125	0.0423728813559322	True	True	True	small
2_+_237987962_237987992	12hr	3	3	1.0	0.9773247029026773	-0.022675297097322744	0.022675297097322744	0.0	0.011304040755097887	1.0	1.0	0.9672131147540984	0.9895287958115184	True	True	True	small
1_-_173865541_173865547	12hr	3	3	0.0014181770214416998	0.0022881965458867	0.0008700195244450003	0.0008700195244450003	0.0012370681299190979	0.002416586077416417	0.0	0.0022753128555176	0.0	0.0048154093097913	True	True	False	small
17_-_16151589_16151616	12hr	3	3	0.2159090909090909	0.28417508417508414	0.06826599326599322	0.06826599326599322	0.19384911487763615	0.07231457917122584	0.0	0.375	0.2222222222222222	0.3636363636363636	True	True	False	small
19_-_14152132_14152150	12hr	3	3	0.7839937071010797	0.7348484848484849	-0.04914522225259488	0.04914522225259488	0.1224276350731627	0.2513736367126827	0.6511627906976745	0.8923076923076924	0.5	1.0	True	True	False	small
12_-_6330266_6330295	12hr	3	3	0.557422969187675	0.5641039934346015	0.006681024246926515	0.006681024246926515	0.4292574286720566	0.05985928375313262	0.1428571428571428	1.0	0.5157894736842106	0.6310679611650486	True	True	False	small
3_-_180986997_180987022	12hr	3	3	0.08940825497526524	0.18213741343215462	0.09272915845688938	0.09272915845688938	0.07556649290794452	0.05296211157391385	0.0329670329670329	0.1752577319587628	0.12109375	0.2158590308370044	True	True	False	small
2_+_241324215_241324241	12hr	3	3	0.9535330261136713	0.9892262863277356	0.03569326021406427	0.03569326021406427	0.05496651515515226	0.010870833021035342	0.8928571428571429	1.0	0.9782608695652174	1.0	True	True	False	small
22_+_30023456_30023483	12hr	3	3	0.4352770885028949	0.12280701754385964	-0.3124700709590353	0.3124700709590353	0.2469857923495381	0.21270799391196737	0.2307692307692307	0.7096774193548387	0.0	0.3684210526315789	True	True	False	strong
1_-_58690225_58690249	12hr	3	3	0.4368131868131868	0.471286231884058	0.03447304507087118	0.03447304507087118	0.42374536890039666	0.16697619630923577	0.0	0.8461538461538461	0.2826086956521739	0.6	True	True	False	small
15_-_52348817_52348826	12hr	3	3	0.9509803921568628	0.6628787878787878	-0.28810160427807496	0.28810160427807496	0.08490445135141557	0.31986836565978555	0.8529411764705882	1.0	0.3636363636363636	1.0	True	True	False	strong
8_-_124580550_124580562	12hr	0	0											False	False	False	not_testable
12_+_62566013_62566031	12hr	2	3	0.7708333333333333	0.4021164021164021	-0.36871693121693117	0.36871693121693117	0.14731391274719743	0.06009426820952669	0.6666666666666666	0.875	0.3333333333333333	0.4444444444444444	True	False	True	strong
15_-_78294945_78294973	12hr	2	3	1.0	0.976960237829803	-0.023039762170196987	0.023039762170196987	0.0	0.02185554210707187	1.0	1.0	0.9565217391304348	1.0	True	False	False	small
19_+_2097928_2097955	12hr	2	0	0.6111111111111112				0.5499719409228703		0.2222222222222222	1.0			False	False	False	not_testable
20_-_50945736_50945762	12hr	3	3	0.6152293776910448	0.6599522317240175	0.044722854032972714	0.044722854032972714	0.0033742981634860398	0.04507570406708892	0.6113744075829384	0.6176470588235294	0.629080118694362	0.7116788321167883	True	True	True	small
12_-_42322417_42322446	12hr	3	3	0.4367955721679126	0.0	-0.4367955721679126	0.4367955721679126	0.1621819132510978	0.0	0.2553191489361702	0.5675675675675675	0.0	0.0	True	True	True	strong
17_-_75146665_75146684	12hr	3	3	1.0	1.0	0.0	0.0	0.0	0.0	1.0	1.0	1.0	1.0	True	True	False	small
1_+_222648828_222648850	12hr	3	3	0.9866666666666667	1.0	0.013333333333333308	0.013333333333333308	0.023094010767585053	0.0	0.96	1.0	1.0	1.0	True	True	False	small
20_+_32367726_32367729	12hr	3	3	0.9577352472089314	0.9494580122763484	-0.008277234932583033	0.008277234932583033	0.06215876989183132	0.0253723678831796	0.8863636363636364	1.0	0.9230769230769232	0.9736842105263158	True	True	False	small
17_-_10729030_10729060	12hr	1	3	1.0	0.8333333333333334				0.28867513459481287	1.0	1.0	0.5	1.0	False	False	False	not_testable
10_-_71823887_71823896	12hr	3	3	0.19583550931319374	0.06156117994516804	-0.1342743293680257	0.1342743293680257	0.09542104809326986	0.013127453207478152	0.0909090909090909	0.2774193548387096	0.0476190476190476	0.0736842105263157	True	True	True	exploratory
17_-_7676381_7676403	12hr	3	3	0.5188120337374068	0.5111669993604228	-0.00764503437698405	0.00764503437698405	0.1024513206137568	0.04129295077172714	0.4230769230769231	0.6268656716417911	0.4635083226632522	0.5362595419847328	True	True	False	small
6_+_31587943_31587966	12hr	3	1	0.6639249639249639	0.6			0.2525670136567699		0.3857142857142857	0.8787878787878788	0.6	0.6	False	False	False	not_testable
6_+_169766637_169766667	12hr	3	3	0.9871794871794872	1.0	0.012820512820512775	0.012820512820512775	0.02220577958421636	0.0	0.9615384615384616	1.0	1.0	1.0	True	True	False	small
11_+_64354003_64354028	12hr	3	3	0.06986598127251316	0.07829862207309977	0.008432640800586616	0.008432640800586616	0.036226656645639135	0.0192206832735503	0.0313199105145413	0.1032110091743119	0.0561056105610561	0.0895883777239709	True	True	False	small
12_+_105348601_105348626	12hr	1	1	1.0	1.0					1.0	1.0	1.0	1.0	False	False	False	not_testable
17_-_1515568_1515585	12hr	3	3	0.03993055555555553	0.0354609929078014	-0.004469562647754131	0.004469562647754131	0.048393610641549845	0.061420241403151644	0.0	0.09375	0.0	0.1063829787234042	True	True	False	small
9_+_128609650_128609665	12hr	3	3	0.466284348864994	0.08215088402756963	-0.38413346483742433	0.38413346483742433	0.05445907591878369	0.052718753583708075	0.4111111111111111	0.52	0.0212765957446808	0.1126760563380281	True	True	True	strong
22_+_17097061_17097086	12hr	3	3	1.0	1.0	0.0	0.0	0.0	0.0	1.0	1.0	1.0	1.0	True	True	False	small
16_-_67236410_67236434	12hr	2	3	0.6451612903225806	0.0817094017094017	-0.563451888613179	0.563451888613179	0.5018177156807757	0.1087389110576197	0.2903225806451613	1.0	0.0	0.2051282051282051	True	False	True	strong
11_-_47635544_47635571	12hr	3	3	1.0	0.9595036807224693	-0.04049631927753072	0.04049631927753072	0.0	0.0065856220135760875	1.0	1.0	0.9539748953974896	0.966789667896679	True	True	True	small
19_-_3017839_3017859	12hr	3	1	0.8690476190476191	1.0			0.2268161771816387		0.6071428571428571	1.0	1.0	1.0	False	False	False	not_testable
1_-_32634767_32634792	12hr	3	3	0.3947368421052631	0.4062238930659983	0.011487050960735212	0.011487050960735212	0.3540427380808871	0.06672368495285944	0.0	0.6842105263157895	0.3333333333333333	0.4642857142857143	True	True	False	small
19_+_10808568_10808580	12hr	3	3	0.9733333333333333	0.8989248826545447	-0.07440845067878854	0.07440845067878854	0.046188021535170036	0.023249876176554704	0.92	1.0	0.8787878787878788	0.9243697478991596	True	True	False	small
12_-_6549475_6549484	12hr	2	2	0.5	0.8605769230769231	0.36057692307692313	0.36057692307692313	0.7071067811865476	0.020397310995765798	0.0	1.0	0.8461538461538461	0.875	True	False	False	strong
16_-_28905866_28905878	12hr	3	3	0.9833333333333334	0.9861111111111112	0.002777777777777768	0.002777777777777768	0.028867513459481315	0.024056261216234387	0.95	1.0	0.9583333333333334	1.0	True	True	False	small
13_-_21425651_21425678	12hr	3	3	1.0	0.9957805907172995	-0.0042194092827004814	0.0042194092827004814	0.0	0.0073082312555648584	1.0	1.0	0.9873417721518988	1.0	True	True	False	small
14_+_55137369_55137391	12hr	1	1	1.0	1.0					1.0	1.0	1.0	1.0	False	False	False	not_testable
11_+_112230207_112230230	12hr	3	3	0.6334659593280283	0.49648908439231015	-0.13697687493571814	0.13697687493571814	0.23368054187580178	0.1366414996580842	0.45	0.896551724137931	0.3387096774193548	0.5757575757575758	True	True	False	exploratory
17_-_8589080_8589108	12hr	0	0											False	False	False	not_testable
19_+_18122106_18122127	12hr	3	3	0.2857142857142857	0.8666666666666667	0.580952380952381	0.580952380952381	0.49487165930539345	0.23094010767585033	0.0	0.8571428571428571	0.6	1.0	True	True	False	strong
10_-_31839304_31839319	12hr	3	3	0.9824561403508772	0.7222222222222222	-0.26023391812865504	0.26023391812865504	0.030386856273138165	0.2545875386086578	0.9473684210526316	1.0	0.5	1.0	True	True	False	strong
19_+_53563762_53563792	12hr	3	2	0.11946267432321574	0.12499999999999994	0.005537325676784208	0.005537325676784208	0.07910365285989793	0.025253813613805257	0.0377358490566037	0.1956521739130435	0.1071428571428571	0.1428571428571428	True	False	False	small
16_+_57062158_57062173	12hr	3	3	0.2836302552063663	0.1905913178775295	-0.09303893732883681	0.09303893732883681	0.031395068642548526	0.03850807150382264	0.2486187845303867	0.3092783505154639	0.1509433962264151	0.2278481012658227	True	True	True	small
20_-_63943652_63943669	12hr	3	3	1.0	0.9364279792533111	-0.06357202074668888	0.06357202074668888	0.0	0.05600229866267826	1.0	1.0	0.8737864077669902	0.981651376146789	True	True	True	small
6_-_34247466_34247492	12hr	2	3	1.0	0.9744318181818182	-0.025568181818181768	0.025568181818181768	0.0	0.02325384310191035	1.0	1.0	0.9545454545454546	1.0	True	False	False	small
14_+_39279336_39279358	12hr	3	3	1.0	0.990990990990991	-0.009009009009009028	0.009009009009009028	0.0	0.015604061329449314	1.0	1.0	0.972972972972973	1.0	True	True	False	small
3_+_184180644_184180650	12hr	3	3	0.20879508939301492	0.19536156779945713	-0.01343352159355779	0.01343352159355779	0.0772826637047588	0.025794760109753935	0.1272727272727272	0.2809917355371901	0.1658391261171797	0.2135416666666666	True	True	False	small
14_+_52004239_52004242	12hr	3	3	0.03009078668307877	0.005932153838964466	-0.024158632844114302	0.024158632844114302	0.04759843815683571	0.0026863254114576746	0.0	0.0849673202614379	0.0031796502384737	0.0085470085470085	True	True	False	small
X_-_48998153_48998180	12hr	3	3	0.9869791666666666	0.9780518364062042	-0.00892733026046244	0.00892733026046244	0.022552744890219755	0.011563227777383318	0.9609375	1.0	0.9647058823529412	0.9850746268656716	True	True	False	small
9_+_128627924_128627942	12hr	3	3	0.8596598520589435	0.6379209094124292	-0.22173894264651428	0.22173894264651428	0.042358047425289834	0.20367583004807457	0.8247422680412371	0.9067796610169492	0.4107142857142857	0.8041237113402062	True	True	True	strong
19_-_6479986_6479990	12hr	3	3	0.11399785896430187	0.06886873140351506	-0.04512912756078681	0.04512912756078681	0.027864377073949096	0.0641077955881023	0.087248322147651	0.1428571428571428	0.0298507462686567	0.1428571428571428	True	True	False	small
16_+_3067983_3068010	12hr	3	3	0.9691289294351525	0.979489523627786	0.010360594192633465	0.010360594192633465	0.018119802485144252	0.00843956786025485	0.950375939849624	0.9865410497981156	0.9698836413415468	0.9857142857142858	True	True	False	small
3_+_180915675_180915696	12hr	3	1	0.9242424242424243	0.4285714285714285			0.08436006610348516		0.8333333333333334	1.0	0.4285714285714285	0.4285714285714285	False	False	False	not_testable
9_+_131232283_131232308	12hr	3	3	0.9165362545644236	1.0	0.08346374543557644	0.08346374543557644	0.12099094800329437	0.0	0.7777777777777778	1.0	1.0	1.0	True	True	False	small
12_-_76049755_76049785	12hr	3	3	0.8327128499699885	0.9253331800970438	0.09262033012705528	0.09262033012705528	0.034194040046538546	0.011867492581530746	0.7985004686035614	0.8668885191347754	0.9174603174603174	0.9389830508474576	True	True	True	small
19_+_55343977_55343997	12hr	3	3	1.0	1.0	0.0	0.0	0.0	0.0	1.0	1.0	1.0	1.0	True	True	False	small
18_+_35972884_35972907	12hr	3	3	0.43948615177889055	0.7464638608014288	0.30697770902253824	0.30697770902253824	0.1873614725856069	0.0387466337066279	0.2231404958677686	0.5481481481481482	0.7142857142857143	0.7894736842105263	True	True	True	strong
5_+_176103755_176103780	12hr	3	2	1.0	1.0	0.0	0.0	0.0	0.0	1.0	1.0	1.0	1.0	True	False	False	small
16_+_31182397_31182422	12hr	3	3	1.0	1.0	0.0	0.0	0.0	0.0	1.0	1.0	1.0	1.0	True	True	False	small
2_+_169614463_169614493	12hr	3	3	0.9624413145539906	0.9537037037037036	-0.008737610850287014	0.008737610850287014	0.06505355145798598	0.04130289681480426	0.8873239436619719	1.0	0.9206349206349206	1.0	True	True	False	small
10_-_68073656_68073686	12hr	3	3	1.0	1.0	0.0	0.0	0.0	0.0	1.0	1.0	1.0	1.0	True	True	False	small
5_+_111094919_111094947	12hr	3	3	1.0	1.0	0.0	0.0	0.0	0.0	1.0	1.0	1.0	1.0	True	True	False	small
15_+_44716328_44716356	12hr	3	3	0.3969342655657592	0.40471942604886896	0.007785160483109732	0.007785160483109732	0.01690246658146208	0.03215387625726925	0.381940176193403	0.4152514922955902	0.382537966284956	0.4415950137048023	True	True	False	small
15_-_48166120_48166128	12hr	1	2	1.0	1.0				0.0	1.0	1.0	1.0	1.0	False	False	False	not_testable
22_-_27897129_27897137	12hr	3	3	1.0	1.0	0.0	0.0	0.0	0.0	1.0	1.0	1.0	1.0	True	True	False	small
2_-_95901177_95901206	12hr	1	0	1.0						1.0	1.0			False	False	False	not_testable
16_+_81693157_81693184	12hr	3	3	1.0	1.0	0.0	0.0	0.0	0.0	1.0	1.0	1.0	1.0	True	True	False	small
19_+_18433584_18433613	12hr	3	3	0.9131742961530196	0.9854761268705244	0.07230183071750484	0.07230183071750484	0.01541700987229811	0.00687653567520302	0.896969696969697	0.9276595744680852	0.9791666666666666	0.9928057553956836	True	True	True	small
16_-_23478882_23478911	12hr	3	3	1.0	1.0	0.0	0.0	0.0	0.0	1.0	1.0	1.0	1.0	True	True	False	small
1_+_43958241_43958268	12hr	0	3		1.0				0.0			1.0	1.0	False	False	False	not_testable
19_+_45070536_45070561	12hr	3	3	1.0	1.0	0.0	0.0	0.0	0.0	1.0	1.0	1.0	1.0	True	True	False	small
9_+_130200957_130200982	12hr	0	3		1.0				0.0			1.0	1.0	False	False	False	not_testable
8_+_2142374_2142397	12hr	0	0											False	False	False	not_testable
1_+_223757368_223757380	12hr	3	3	1.0	1.0	0.0	0.0	0.0	0.0	1.0	1.0	1.0	1.0	True	True	False	small
11_+_118349026_118349050	12hr	3	3	1.0	0.9891009187962654	-0.010899081203734617	0.010899081203734617	0.0	0.01154038721495581	1.0	1.0	0.9770114942528736	1.0	True	True	False	small
6_+_144846804_144846827	12hr	3	3	1.0	1.0	0.0	0.0	0.0	0.0	1.0	1.0	1.0	1.0	True	True	False	small
1_-_228397142_228397165	12hr	3	3	1.0	1.0	0.0	0.0	0.0	0.0	1.0	1.0	1.0	1.0	True	True	False	small
15_-_50578638_50578664	12hr	3	3	1.0	0.993939393939394	-0.006060606060605989	0.006060606060605989	0.0	0.010497277621629563	1.0	1.0	0.9818181818181818	1.0	True	True	False	small
20_+_45813436_45813464	12hr	0	2		1.0				0.0			1.0	1.0	False	False	False	not_testable
15_+_42402123_42402135	12hr	3	2	0.800358422939068	0.0	-0.800358422939068	0.800358422939068	0.28997656268461786	0.0	0.4677419354838709	1.0	0.0	0.0	True	False	True	strong
2_+_205766782_205766803	12hr	0	0											False	False	False	not_testable
14_-_75022994_75023018	12hr	1	3	1.0	1.0				0.0	1.0	1.0	1.0	1.0	False	False	False	not_testable
11_-_62852655_62852681	12hr	3	3	0.24504283865963813	0.0936799050006597	-0.15136293365897843	0.15136293365897843	0.025901167889486792	0.01830023916016033	0.2265625	0.2746478873239437	0.0769230769230769	0.1132075471698113	True	True	True	exploratory
22_+_31192683_31192702	12hr	2	3	1.0	1.0	0.0	0.0	0.0	0.0	1.0	1.0	1.0	1.0	True	False	False	small
22_-_41468123_41468147	12hr	3	3	0.9759744188056348	1.0	0.024025581194365153	0.024025581194365153	0.020864835157092018	0.0	0.962406015037594	1.0	1.0	1.0	True	True	False	small
19_+_17861292_17861307	12hr	3	3	0.032020298200669504	0.020140867363089534	-0.01187943083757997	0.01187943083757997	0.006031811128787793	0.024968407121876507	0.0275862068965517	0.0388888888888888	0.0	0.048076923076923	True	True	False	small
10_-_24666984_24667009	12hr	1	1	1.0	1.0					1.0	1.0	1.0	1.0	False	False	False	not_testable
11_+_118307287_118307308	12hr	3	3	1.0	1.0	0.0	0.0	0.0	0.0	1.0	1.0	1.0	1.0	True	True	False	small
10_-_114440081_114440089	12hr	3	3	1.0	1.0	0.0	0.0	0.0	0.0	1.0	1.0	1.0	1.0	True	True	False	small
2_+_97207810_97207839	12hr	2	0	1.0				0.0		1.0	1.0			False	False	False	not_testable
5_-_177740776_177740801	12hr	3	0	1.0				0.0		1.0	1.0			False	False	False	not_testable
22_+_17105590_17105602	12hr	3	3	1.0	1.0	0.0	0.0	0.0	0.0	1.0	1.0	1.0	1.0	True	True	False	small
22_+_20553144_20553174	12hr	3	3	0.9778590966215717	0.9911628954182147	0.013303798796643007	0.013303798796643007	0.02415665845411874	0.00808834848276889	0.9520958083832336	1.0	0.984126984126984	1.0	True	True	False	small
3_-_52409713_52409743	12hr	3	3	1.0	1.0	0.0	0.0	0.0	0.0	1.0	1.0	1.0	1.0	True	True	False	small
11_+_48110057_48110076	12hr	3	3	1.0	1.0	0.0	0.0	0.0	0.0	1.0	1.0	1.0	1.0	True	True	False	small
17_-_41620535_41620558	12hr	0	0											False	False	False	not_testable
6_+_26448616_26448637	12hr	3	3	1.0	1.0	0.0	0.0	0.0	0.0	1.0	1.0	1.0	1.0	True	True	False	small
1_-_183564004_183564030	12hr	0	0											False	False	False	not_testable
21_+_46000758_46000767	12hr	3	3	1.0	1.0	0.0	0.0	0.0	0.0	1.0	1.0	1.0	1.0	True	True	False	small
1_+_168239130_168239160	12hr	3	3	1.0	1.0	0.0	0.0	0.0	0.0	1.0	1.0	1.0	1.0	True	True	False	small
2_-_237359361_237359388	12hr	2	1	1.0	1.0			0.0		1.0	1.0	1.0	1.0	False	False	False	not_testable
4_-_152644414_152644442	12hr	1	3	1.0	1.0				0.0	1.0	1.0	1.0	1.0	False	False	False	not_testable
18_-_74260914_74260944	12hr	3	3	1.0	0.9487087912087911	-0.05129120879120885	0.05129120879120885	0.0	0.04065903437663078	1.0	1.0	0.91	0.9910714285714286	True	True	True	small
12_+_110636480_110636501	12hr	1	0	1.0						1.0	1.0			False	False	False	not_testable
1_+_42659227_42659251	12hr	3	3	0.728102304149776	0.9852692586331804	0.25716695448340443	0.25716695448340443	0.2214617038538123	0.012961832311344752	0.4893617021276595	0.926829268292683	0.975609756097561	1.0	True	True	True	strong
1_-_41160874_41160898	12hr	2	3	1.0	1.0	0.0	0.0	0.0	0.0	1.0	1.0	1.0	1.0	True	False	False	small
15_-_49028143_49028168	12hr	3	3	1.0	1.0	0.0	0.0	0.0	0.0	1.0	1.0	1.0	1.0	True	True	False	small
3_+_42630545_42630575	12hr	3	3	0.22160020226183183	0.6009752699407872	0.37937506767895535	0.37937506767895535	0.10181991799019743	0.10683403840341449	0.1571428571428571	0.3389830508474576	0.5333333333333333	0.7241379310344828	True	True	True	strong
19_-_38922237_38922267	12hr	3	3	0.521062271062271	0.8540863638902855	0.3330240928280145	0.3330240928280145	0.1994803154409984	0.0859946267906614	0.3846153846153846	0.75	0.7692307692307693	0.9411764705882352	True	True	True	strong
19_+_17275800_17275825	12hr	3	3	0.9841269841269842	0.9844380911526756	0.0003111070256913706	0.0003111070256913706	0.027492869961410715	0.006195252445302961	0.9523809523809524	1.0	0.9774011299435028	0.989071038251366	True	True	False	small
17_-_28350765_28350792	12hr	3	3	1.0	1.0	0.0	0.0	0.0	0.0	1.0	1.0	1.0	1.0	True	True	False	small
10_-_119161054_119161081	12hr	2	3	0.8361111111111111	0.8955280964989702	0.05941698538785911	0.05941698538785911	0.04321208107251124	0.032194820430951954	0.8055555555555556	0.8666666666666667	0.8712121212121212	0.9320388349514565	True	False	True	small
2_+_42264705_42264731	12hr	3	3	1.0	1.0	0.0	0.0	0.0	0.0	1.0	1.0	1.0	1.0	True	True	False	small
11_+_121306458_121306486	12hr	3	3	0.496937283685404	0.011904761904761899	-0.4850325217806421	0.4850325217806421	0.20854129709688826	0.020619652471058056	0.3673469387755102	0.7375	0.0	0.0357142857142857	True	True	True	strong
14_-_52658123_52658150	12hr	3	3	1.0	1.0	0.0	0.0	0.0	0.0	1.0	1.0	1.0	1.0	True	True	False	small
2_-_73023187_73023214	12hr	1	3	1.0	1.0				0.0	1.0	1.0	1.0	1.0	False	False	False	not_testable
17_-_64353490_64353518	12hr	3	3	1.0	1.0	0.0	0.0	0.0	0.0	1.0	1.0	1.0	1.0	True	True	False	small
17_+_27585656_27585661	12hr	1	3	1.0	1.0				0.0	1.0	1.0	1.0	1.0	False	False	False	not_testable
2_+_113632914_113632944	12hr	3	3	1.0	1.0	0.0	0.0	0.0	0.0	1.0	1.0	1.0	1.0	True	True	False	small
6_-_13652658_13652681	12hr	3	3	1.0	1.0	0.0	0.0	0.0	0.0	1.0	1.0	1.0	1.0	True	True	False	small
3_-_129159153_129159176	12hr	3	3	1.0	1.0	0.0	0.0	0.0	0.0	1.0	1.0	1.0	1.0	True	True	False	small
10_-_119159727_119159753	12hr	2	3	1.0	1.0	0.0	0.0	0.0	0.0	1.0	1.0	1.0	1.0	True	False	False	small
6_+_25973053_25973076	12hr	3	3	1.0	1.0	0.0	0.0	0.0	0.0	1.0	1.0	1.0	1.0	True	True	False	small
2_+_97250143_97250173	12hr	3	2	1.0	1.0	0.0	0.0	0.0	0.0	1.0	1.0	1.0	1.0	True	False	False	small
19_+_35148693_35148723	12hr	3	0	1.0				0.0		1.0	1.0			False	False	False	not_testable
2_-_95927380_95927409	12hr	3	2	1.0	1.0	0.0	0.0	0.0	0.0	1.0	1.0	1.0	1.0	True	False	False	small
19_+_41893273_41893303	12hr	3	3	1.0	0.9984971430672992	-0.0015028569327008023	0.0015028569327008023	0.0	0.0013268916471340664	1.0	1.0	0.9974874371859296	1.0	True	True	False	small
11_+_113323993_113324015	12hr	2	3	1.0	1.0	0.0	0.0	0.0	0.0	1.0	1.0	1.0	1.0	True	False	False	small
X_-_40729318_40729345	12hr	3	3	1.0	1.0	0.0	0.0	0.0	0.0	1.0	1.0	1.0	1.0	True	True	False	small
1_-_19770541_19770569	12hr	3	3	1.0	1.0	0.0	0.0	0.0	0.0	1.0	1.0	1.0	1.0	True	True	False	small
11_+_123584311_123584332	12hr	0	0											False	False	False	not_testable
6_+_26466061_26466088	12hr	3	3	1.0	1.0	0.0	0.0	0.0	0.0	1.0	1.0	1.0	1.0	True	True	False	small
6_-_135404950_135404977	12hr	1	3	1.0	1.0				0.0	1.0	1.0	1.0	1.0	False	False	False	not_testable
2_-_174380803_174380814	12hr	3	3	1.0	1.0	0.0	0.0	0.0	0.0	1.0	1.0	1.0	1.0	True	True	False	small
2_+_97217176_97217205	12hr	3	3	1.0	1.0	0.0	0.0	0.0	0.0	1.0	1.0	1.0	1.0	True	True	False	small
6_+_26411108_26411135	12hr	3	2	1.0	1.0	0.0	0.0	0.0	0.0	1.0	1.0	1.0	1.0	True	False	False	small
17_-_3881626_3881648	12hr	0	2		0.9722222222222222				0.039283710065919325			0.9444444444444444	1.0	False	False	False	not_testable
11_+_5706593_5706616	12hr	3	3	1.0	1.0	0.0	0.0	0.0	0.0	1.0	1.0	1.0	1.0	True	True	False	small
6_-_43568710_43568737	12hr	3	3	1.0	1.0	0.0	0.0	0.0	0.0	1.0	1.0	1.0	1.0	True	True	False	small
2_+_97189086_97189115	12hr	2	1	1.0	1.0			0.0		1.0	1.0	1.0	1.0	False	False	False	not_testable
2_-_168074981_168075011	12hr	3	3	1.0	1.0	0.0	0.0	0.0	0.0	1.0	1.0	1.0	1.0	True	True	False	small
1_+_246641748_246641770	12hr	3	3	1.0	1.0	0.0	0.0	0.0	0.0	1.0	1.0	1.0	1.0	True	True	False	small
2_+_97204067_97204096	12hr	3	0	1.0				0.0		1.0	1.0			False	False	False	not_testable
5_-_39139232_39139252	12hr	3	3	1.0	1.0	0.0	0.0	0.0	0.0	1.0	1.0	1.0	1.0	True	True	False	small
19_+_582305_582330	12hr	3	3	1.0	1.0	0.0	0.0	0.0	0.0	1.0	1.0	1.0	1.0	True	True	False	small
5_+_139276120_139276150	12hr	3	3	1.0	1.0	0.0	0.0	0.0	0.0	1.0	1.0	1.0	1.0	True	True	False	small
2_+_97202201_97202230	12hr	3	1	1.0	1.0			0.0		1.0	1.0	1.0	1.0	False	False	False	not_testable
5_+_176097354_176097379	12hr	3	0	1.0				0.0		1.0	1.0			False	False	False	not_testable
22_-_36327460_36327488	12hr	3	3	1.0	1.0	0.0	0.0	0.0	0.0	1.0	1.0	1.0	1.0	True	True	False	small
13_-_49732746_49732776	12hr	3	3	1.0	1.0	0.0	0.0	0.0	0.0	1.0	1.0	1.0	1.0	True	True	False	small
21_-_39348421_39348451	12hr	3	3	0.5452954787959999	0.5785441109551374	0.033248632159137426	0.033248632159137426	0.06958813569158363	0.027685788526195833	0.4910714285714285	0.6237623762376238	0.5480225988700564	0.6020408163265306	True	True	False	small
8_+_17184788_17184815	12hr	3	3	1.0	1.0	0.0	0.0	0.0	0.0	1.0	1.0	1.0	1.0	True	True	False	small
6_+_26409893_26409914	12hr	3	3	0.8085531415959721	0.7202861952861953	-0.08826694630977683	0.08826694630977683	0.0504478027050267	0.031068133001657564	0.7653631284916201	0.864	0.696969696969697	0.7555555555555555	True	True	True	small
13_-_75537663_75537675	12hr	3	3	1.0	1.0	0.0	0.0	0.0	0.0	1.0	1.0	1.0	1.0	True	True	False	small
6_-_136705109_136705133	12hr	3	2	1.0	1.0	0.0	0.0	0.0	0.0	1.0	1.0	1.0	1.0	True	False	False	small
12_+_123652706_123652735	12hr	3	3	1.0	1.0	0.0	0.0	0.0	0.0	1.0	1.0	1.0	1.0	True	True	False	small
22_+_40251178_40251200	12hr	3	2	1.0	1.0	0.0	0.0	0.0	0.0	1.0	1.0	1.0	1.0	True	False	False	small
22_-_41607839_41607861	12hr	3	3	1.0	1.0	0.0	0.0	0.0	0.0	1.0	1.0	1.0	1.0	True	True	False	small
17_-_48363788_48363814	12hr	3	3	1.0	1.0	0.0	0.0	0.0	0.0	1.0	1.0	1.0	1.0	True	True	False	small
17_-_75937565_75937593	12hr	0	1		1.0							1.0	1.0	False	False	False	not_testable
16_-_934243_934254	12hr	3	2	0.9779314888010541	0.9090909090909092	-0.0688405797101449	0.0688405797101449	0.021746615072785316	0.12856486930664496	0.9565217391304348	1.0	0.8181818181818182	1.0	True	False	False	small
X_-_80809012_80809042	12hr	3	3	1.0	1.0	0.0	0.0	0.0	0.0	1.0	1.0	1.0	1.0	True	True	False	small
2_-_11218454_11218466	12hr	2	1	0.2857142857142857	1.0			0.40406101782088427		0.0	0.5714285714285714	1.0	1.0	False	False	False	not_testable
19_+_6833710_6833733	12hr	3	3	1.0	1.0	0.0	0.0	0.0	0.0	1.0	1.0	1.0	1.0	True	True	False	small
11_-_62852810_62852839	12hr	3	3	0.2062848454264731	0.2951347429496885	0.0888498975232154	0.0888498975232154	0.007704840253308044	0.03077726137066795	0.2005988023952095	0.2150537634408602	0.2597137014314928	0.3153456998313659	True	True	True	small
19_-_3963642_3963669	12hr	3	3	1.0	1.0	0.0	0.0	0.0	0.0	1.0	1.0	1.0	1.0	True	True	False	small
11_-_2951779_2951809	12hr	3	3	1.0	1.0	0.0	0.0	0.0	0.0	1.0	1.0	1.0	1.0	True	True	False	small
11_+_5641166_5641189	12hr	0	1		1.0							1.0	1.0	False	False	False	not_testable
19_+_17776246_17776271	12hr	3	3	0.9080459770114943	0.9869281045751634	0.07888212756366919	0.07888212756366919	0.1592690397764485	0.02264118702704413	0.7241379310344828	1.0	0.9607843137254902	1.0	True	True	False	small
7_+_36426014_36426036	12hr	0	0											False	False	False	not_testable
5_-_39130589_39130612	12hr	3	3	1.0	1.0	0.0	0.0	0.0	0.0	1.0	1.0	1.0	1.0	True	True	False	small
3_-_12600387_12600415	12hr	3	3	0.6676124422026062	0.6249284623422554	-0.042683979860350774	0.042683979860350774	0.01783092779619079	0.06310516266505625	0.6502732240437158	0.6858974358974359	0.5594405594405595	0.6853448275862069	True	True	False	small
6_-_35870933_35870959	12hr	3	3	1.0	1.0	0.0	0.0	0.0	0.0	1.0	1.0	1.0	1.0	True	True	False	small
3_-_15695187_15695214	12hr	3	3	1.0	1.0	0.0	0.0	0.0	0.0	1.0	1.0	1.0	1.0	True	True	False	small
9_+_79654058_79654075	12hr	2	3	1.0	1.0	0.0	0.0	0.0	0.0	1.0	1.0	1.0	1.0	True	False	False	small
11_+_5642816_5642843	12hr	2	0	1.0				0.0		1.0	1.0			False	False	False	not_testable
21_-_46213024_46213052	12hr	3	3	1.0	1.0	0.0	0.0	0.0	0.0	1.0	1.0	1.0	1.0	True	True	False	small
22_+_44193800_44193823	12hr	3	3	1.0	1.0	0.0	0.0	0.0	0.0	1.0	1.0	1.0	1.0	True	True	False	small
11_+_35735425_35735445	12hr	3	3	1.0	1.0	0.0	0.0	0.0	0.0	1.0	1.0	1.0	1.0	True	True	False	small
22_-_50267256_50267286	12hr	2	2	1.0	1.0	0.0	0.0	0.0	0.0	1.0	1.0	1.0	1.0	True	False	False	small
17_-_64390488_64390515	12hr	3	3	1.0	1.0	0.0	0.0	0.0	0.0	1.0	1.0	1.0	1.0	True	True	False	small
9_-_127953574_127953604	12hr	3	3	1.0	1.0	0.0	0.0	0.0	0.0	1.0	1.0	1.0	1.0	True	True	False	small
16_-_67738012_67738035	12hr	3	3	1.0	1.0	0.0	0.0	0.0	0.0	1.0	1.0	1.0	1.0	True	True	False	small
1_-_40312455_40312479	12hr	3	1	0.32675438596491224	0.8			0.05747957202667174		0.2631578947368421	0.375	0.8	0.8	False	False	False	not_testable
6_+_32179540_32179559	12hr	2	3	1.0	1.0	0.0	0.0	0.0	0.0	1.0	1.0	1.0	1.0	True	False	False	small
12_-_96017556_96017580	12hr	3	3	1.0	1.0	0.0	0.0	0.0	0.0	1.0	1.0	1.0	1.0	True	True	False	small
21_+_46003119_46003149	12hr	3	3	1.0	1.0	0.0	0.0	0.0	0.0	1.0	1.0	1.0	1.0	True	True	False	small
4_+_112254746_112254773	12hr	2	3	1.0	1.0	0.0	0.0	0.0	0.0	1.0	1.0	1.0	1.0	True	False	False	small
1_+_51748368_51748398	12hr	2	3	1.0	1.0	0.0	0.0	0.0	0.0	1.0	1.0	1.0	1.0	True	False	False	small
11_-_62602758_62602779	12hr	3	3	0.013530716150962102	0.02239451250089547	0.008863796349933367	0.008863796349933367	0.01248151317593023	0.012775118368615484	0.0031948881789137	0.0273972602739726	0.0094562647754137	0.035	True	True	False	small
10_+_97452894_97452923	12hr	2	3	0.5	0.8961653015636634	0.39616530156366336	0.39616530156366336	0.7071067811865476	0.08515784516607622	0.0	1.0	0.8	0.9620253164556962	True	False	False	strong
2_-_95938986_95939015	12hr	1	0	1.0						1.0	1.0			False	False	False	not_testable
1_+_198704471_198704498	12hr	3	3	0.49827994584603696	0.5339616713847158	0.03568172553867888	0.03568172553867888	0.061858323386259524	0.013080296721855504	0.4392324093816631	0.562610229276896	0.5223642172523961	0.5481400437636762	True	True	False	small
22_+_44140123_44140143	12hr	0	2		1.0				0.0			1.0	1.0	False	False	False	not_testable
6_+_138788365_138788388	12hr	3	3	1.0	1.0	0.0	0.0	0.0	0.0	1.0	1.0	1.0	1.0	True	True	False	small
7_+_73202111_73202140	12hr	2	3	1.0	1.0	0.0	0.0	0.0	0.0	1.0	1.0	1.0	1.0	True	False	False	small
22_+_23697837_23697861	12hr	3	3	1.0	1.0	0.0	0.0	0.0	0.0	1.0	1.0	1.0	1.0	True	True	False	small
10_+_102862159_102862180	12hr	2	3	1.0	1.0	0.0	0.0	0.0	0.0	1.0	1.0	1.0	1.0	True	False	False	small
6_+_96524381_96524410	12hr	3	3	1.0	1.0	0.0	0.0	0.0	0.0	1.0	1.0	1.0	1.0	True	True	False	small
8_-_30712061_30712088	12hr	3	3	1.0	1.0	0.0	0.0	0.0	0.0	1.0	1.0	1.0	1.0	True	True	False	small
16_+_67539727_67539751	12hr	3	3	1.0	1.0	0.0	0.0	0.0	0.0	1.0	1.0	1.0	1.0	True	True	False	small
17_+_82889667_82889697	12hr	3	3	1.0	1.0	0.0	0.0	0.0	0.0	1.0	1.0	1.0	1.0	True	True	False	small
6_+_26448727_26448754	12hr	3	3	0.34245516388373526	0.36145344287949915	0.018998278995763895	0.018998278995763895	0.043659250294963974	0.03604689130571391	0.3163265306122449	0.3928571428571428	0.323943661971831	0.3958333333333333	True	True	False	small
1_-_21680807_21680834	12hr	3	3	1.0	1.0	0.0	0.0	0.0	0.0	1.0	1.0	1.0	1.0	True	True	False	small
11_-_65551547_65551564	12hr	3	3	1.0	1.0	0.0	0.0	0.0	0.0	1.0	1.0	1.0	1.0	True	True	False	small
14_-_70585755_70585783	12hr	3	3	1.0	1.0	0.0	0.0	0.0	0.0	1.0	1.0	1.0	1.0	True	True	False	small
13_+_75840084_75840110	12hr	3	2	0.5626811594202898	1.0	0.43731884057971016	0.43731884057971016	0.3036800386056203	0.0	0.375	0.9130434782608696	1.0	1.0	True	False	True	strong
6_-_32518053_32518077	12hr	2	3	1.0	1.0	0.0	0.0	0.0	0.0	1.0	1.0	1.0	1.0	True	False	False	small
1_-_54228448_54228477	12hr	3	0	1.0				0.0		1.0	1.0			False	False	False	not_testable
2_+_15596733_15596763	12hr	3	3	1.0	1.0	0.0	0.0	0.0	0.0	1.0	1.0	1.0	1.0	True	True	False	small
3_-_194437555_194437573	12hr	2	3	0.4888888888888889	0.4540797849106692	-0.03480910397821968	0.03480910397821968	0.2514157444218835	0.05214745215893682	0.3111111111111111	0.6666666666666666	0.4060150375939849	0.5095238095238095	True	False	False	small
6_+_33086218_33086242	12hr	3	3	1.0	1.0	0.0	0.0	0.0	0.0	1.0	1.0	1.0	1.0	True	True	False	small
3_-_12915103_12915133	12hr	3	3	1.0	1.0	0.0	0.0	0.0	0.0	1.0	1.0	1.0	1.0	True	True	False	small
7_-_105145282_105145308	12hr	3	3	1.0	1.0	0.0	0.0	0.0	0.0	1.0	1.0	1.0	1.0	True	True	False	small
15_+_75354249_75354277	12hr	1	0	0.6						0.6	0.6			False	False	False	not_testable
17_+_82909284_82909307	12hr	3	3	0.8142857142857144	0.9323853615520283	0.11809964726631395	0.11809964726631395	0.17899948694488096	0.05371397902151155	0.6428571428571429	1.0	0.8703703703703703	0.9642857142857144	True	True	False	exploratory
2_+_97196592_97196621	12hr	3	2	1.0	1.0	0.0	0.0	0.0	0.0	1.0	1.0	1.0	1.0	True	False	False	small
1_+_108606222_108606252	12hr	3	3	1.0	1.0	0.0	0.0	0.0	0.0	1.0	1.0	1.0	1.0	True	True	False	small
18_-_23377645_23377671	12hr	0	3		1.0				0.0			1.0	1.0	False	False	False	not_testable
20_+_41029430_41029455	12hr	3	3	1.0	1.0	0.0	0.0	0.0	0.0	1.0	1.0	1.0	1.0	True	True	False	small
5_-_141571427_141571436	12hr	3	3	1.0	1.0	0.0	0.0	0.0	0.0	1.0	1.0	1.0	1.0	True	True	False	small
12_+_132574318_132574348	12hr	3	3	0.5288239281065872	0.3464995227938343	-0.1823244053127529	0.1823244053127529	0.09696692388539273	0.04316371257621355	0.4310850439882698	0.625	0.2978723404255319	0.380281690140845	True	True	True	exploratory
6_+_37534932_37534957	12hr	3	1	1.0	1.0			0.0		1.0	1.0	1.0	1.0	False	False	False	not_testable
1_-_37943639_37943669	12hr	2	3	1.0	1.0	0.0	0.0	0.0	0.0	1.0	1.0	1.0	1.0	True	False	False	small
15_+_78890988_78891014	12hr	3	3	0.27165417389219176	0.19895104895104895	-0.07270312494114281	0.07270312494114281	0.024701802462310563	0.006185946158375561	0.2483660130718954	0.2975609756097561	0.1923076923076923	0.2045454545454545	True	True	True	small
4_-_67681562_67681591	12hr	2	3	1.0	1.0	0.0	0.0	0.0	0.0	1.0	1.0	1.0	1.0	True	False	False	small
14_-_35109818_35109847	12hr	3	3	0.26639863547758286	0.30042275526146495	0.03402411978388209	0.03402411978388209	0.1012962821120219	0.10570480253729748	0.1555555555555555	0.3541666666666667	0.188034188034188	0.3978494623655914	True	True	False	small
4_+_25388716_25388743	12hr	3	3	1.0	1.0	0.0	0.0	0.0	0.0	1.0	1.0	1.0	1.0	True	True	False	small
19_+_35752803_35752833	12hr	3	3	1.0	1.0	0.0	0.0	0.0	0.0	1.0	1.0	1.0	1.0	True	True	False	small
X_+_134490187_134490205	12hr	3	3	1.0	1.0	0.0	0.0	0.0	0.0	1.0	1.0	1.0	1.0	True	True	False	small
6_-_79208546_79208576	12hr	3	3	1.0	1.0	0.0	0.0	0.0	0.0	1.0	1.0	1.0	1.0	True	True	False	small
21_+_43685769_43685789	12hr	2	3	1.0	1.0	0.0	0.0	0.0	0.0	1.0	1.0	1.0	1.0	True	False	False	small
2_+_97144517_97144546	12hr	3	0	1.0				0.0		1.0	1.0			False	False	False	not_testable
6_+_26373275_26373296	12hr	3	3	1.0	0.78676525290923	-0.21323474709076995	0.21323474709076995	0.0	0.1172618235397408	1.0	1.0	0.6565656565656566	0.8840579710144928	True	True	True	strong
16_+_1758147_1758159	12hr	3	3	1.0	1.0	0.0	0.0	0.0	0.0	1.0	1.0	1.0	1.0	True	True	False	small
1_-_154947981_154948005	12hr	3	3	1.0	1.0	0.0	0.0	0.0	0.0	1.0	1.0	1.0	1.0	True	True	False	small
4_+_140527465_140527494	12hr	1	3	1.0	1.0				0.0	1.0	1.0	1.0	1.0	False	False	False	not_testable
6_+_36136018_36136048	12hr	0	0											False	False	False	not_testable
4_+_141224486_141224506	12hr	3	3	1.0	1.0	0.0	0.0	0.0	0.0	1.0	1.0	1.0	1.0	True	True	False	small
2_+_173190894_173190923	12hr	0	0											False	False	False	not_testable
X_+_47566883_47566911	12hr	3	3	1.0	1.0	0.0	0.0	0.0	0.0	1.0	1.0	1.0	1.0	True	True	False	small
1_+_66984571_66984592	12hr	3	3	0.0254237288135593	0.10740740740740735	0.08198367859384806	0.08198367859384806	0.04403519002293752	0.1177638007080344	0.0	0.0762711864406779	0.0	0.2333333333333333	True	True	False	small
2_-_191058201_191058219	12hr	3	3	1.0	1.0	0.0	0.0	0.0	0.0	1.0	1.0	1.0	1.0	True	True	False	small
2_+_27772673_27772692	12hr	3	3	1.0	1.0	0.0	0.0	0.0	0.0	1.0	1.0	1.0	1.0	True	True	False	small
5_-_177747768_177747793	12hr	2	0	0.9210526315789473				0.11164843913471806		0.8421052631578947	1.0			False	False	False	not_testable
18_+_58714082_58714109	12hr	3	3	1.0	1.0	0.0	0.0	0.0	0.0	1.0	1.0	1.0	1.0	True	True	False	small
21_+_45990257_45990284	12hr	3	3	1.0	1.0	0.0	0.0	0.0	0.0	1.0	1.0	1.0	1.0	True	True	False	small
7_+_74700605_74700634	12hr	3	3	1.0	1.0	0.0	0.0	0.0	0.0	1.0	1.0	1.0	1.0	True	True	False	small
11_+_3808293_3808315	12hr	3	3	1.0	1.0	0.0	0.0	0.0	0.0	1.0	1.0	1.0	1.0	True	True	False	small
2_-_95880594_95880623	12hr	2	2	1.0	1.0	0.0	0.0	0.0	0.0	1.0	1.0	1.0	1.0	True	False	False	small
7_-_32488624_32488652	12hr	3	3	0.9528301886792453	0.9957165722082285	0.04288638352898322	0.04288638352898322	0.08170050979098475	0.003960502281569485	0.8584905660377359	1.0	0.9921875	1.0	True	True	False	small
21_+_46116650_46116677	12hr	3	3	1.0	1.0	0.0	0.0	0.0	0.0	1.0	1.0	1.0	1.0	True	True	False	small
6_+_26374770_26374798	12hr	3	3	1.0	1.0	0.0	0.0	0.0	0.0	1.0	1.0	1.0	1.0	True	True	False	small
12_+_123652531_123652561	12hr	3	3	1.0	0.9946236559139785	-0.005376344086021501	0.005376344086021501	0.0	0.009312101115961634	1.0	1.0	0.9838709677419356	1.0	True	True	False	small
8_-_144401645_144401673	12hr	3	3	1.0	1.0	0.0	0.0	0.0	0.0	1.0	1.0	1.0	1.0	True	True	False	small
15_-_73563235_73563257	12hr	0	3		1.0				0.0			1.0	1.0	False	False	False	not_testable
22_+_46663837_46663863	12hr	2	3	1.0	1.0	0.0	0.0	0.0	0.0	1.0	1.0	1.0	1.0	True	False	False	small
3_+_108651136_108651162	12hr	1	1	1.0	1.0					1.0	1.0	1.0	1.0	False	False	False	not_testable
3_+_127674390_127674418	12hr	3	3	0.08509747168023425	0.09205653583464672	0.00695906415441247	0.00695906415441247	0.011343157197066401	0.04354904339087102	0.072	0.091743119266055	0.0512820512820512	0.1379310344827586	True	True	False	small
12_+_56117188_56117211	12hr	3	3	0.8164137449851735	0.8684168910072524	0.052003146022078894	0.052003146022078894	0.13961212420851865	0.071845772376336	0.717948717948718	0.9761904761904762	0.7916666666666666	0.934065934065934	True	True	False	small
6_-_30190012_30190035	12hr	3	3	1.0	1.0	0.0	0.0	0.0	0.0	1.0	1.0	1.0	1.0	True	True	False	small
1_+_209763362_209763392	12hr	3	3	1.0	1.0	0.0	0.0	0.0	0.0	1.0	1.0	1.0	1.0	True	True	False	small
17_-_39439164_39439193	12hr	3	3	1.0	1.0	0.0	0.0	0.0	0.0	1.0	1.0	1.0	1.0	True	True	False	small
12_-_76053090_76053110	12hr	3	3	1.0	1.0	0.0	0.0	0.0	0.0	1.0	1.0	1.0	1.0	True	True	False	small
2_+_189665421_189665451	12hr	3	3	0.2645442052221713	0.24252409768269587	-0.022020107539475448	0.022020107539475448	0.0993994755032156	0.10627157754964732	0.1949152542372881	0.3783783783783784	0.136986301369863	0.3495145631067961	True	True	False	small
4_+_2511955_2511965	12hr	3	3	1.0	1.0	0.0	0.0	0.0	0.0	1.0	1.0	1.0	1.0	True	True	False	small
8_+_22080617_22080625	12hr	3	1	1.0	1.0			0.0		1.0	1.0	1.0	1.0	False	False	False	not_testable
7_-_103277613_103277638	12hr	0	1		1.0							1.0	1.0	False	False	False	not_testable
10_-_93340152_93340164	12hr	0	0											False	False	False	not_testable
19_+_35614034_35614059	12hr	3	3	1.0	0.9633272616879175	-0.03667273831208251	0.03667273831208251	0.0	0.033470575230846636	1.0	1.0	0.9344262295081968	1.0	True	True	False	small
8_-_143839171_143839195	12hr	3	1	1.0	1.0			0.0		1.0	1.0	1.0	1.0	False	False	False	not_testable
16_-_190540_190570	12hr	3	3	1.0	1.0	0.0	0.0	0.0	0.0	1.0	1.0	1.0	1.0	True	True	False	small
1_+_209763067_209763092	12hr	3	3	1.0	1.0	0.0	0.0	0.0	0.0	1.0	1.0	1.0	1.0	True	True	False	small
1_+_32204597_32204620	12hr	3	3	1.0	1.0	0.0	0.0	0.0	0.0	1.0	1.0	1.0	1.0	True	True	False	small
2_+_97198462_97198491	12hr	3	1	1.0	1.0			0.0		1.0	1.0	1.0	1.0	False	False	False	not_testable
21_+_45987154_45987175	12hr	3	3	1.0	1.0	0.0	0.0	0.0	0.0	1.0	1.0	1.0	1.0	True	True	False	small
12_-_121255782_121255804	12hr	2	3	1.0	1.0	0.0	0.0	0.0	0.0	1.0	1.0	1.0	1.0	True	False	False	small
5_+_140659314_140659333	12hr	3	3	1.0	1.0	0.0	0.0	0.0	0.0	1.0	1.0	1.0	1.0	True	True	False	small
6_-_15593058_15593081	12hr	3	3	1.0	1.0	0.0	0.0	0.0	0.0	1.0	1.0	1.0	1.0	True	True	False	small
5_-_39124252_39124278	12hr	3	3	1.0	1.0	0.0	0.0	0.0	0.0	1.0	1.0	1.0	1.0	True	True	False	small
17_-_44196395_44196418	12hr	3	3	1.0	1.0	0.0	0.0	0.0	0.0	1.0	1.0	1.0	1.0	True	True	False	small
3_-_47126647_47126663	12hr	3	3	1.0	1.0	0.0	0.0	0.0	0.0	1.0	1.0	1.0	1.0	True	True	False	small
12_-_56664775_56664800	12hr	3	3	1.0	1.0	0.0	0.0	0.0	0.0	1.0	1.0	1.0	1.0	True	True	False	small
20_-_33672397_33672422	12hr	2	2	1.0	1.0	0.0	0.0	0.0	0.0	1.0	1.0	1.0	1.0	True	False	False	small
21_+_45488417_45488444	12hr	3	1	1.0	1.0			0.0		1.0	1.0	1.0	1.0	False	False	False	not_testable
6_+_36073690_36073720	12hr	3	3	1.0	1.0	0.0	0.0	0.0	0.0	1.0	1.0	1.0	1.0	True	True	False	small
10_+_12238456_12238485	12hr	3	3	1.0	1.0	0.0	0.0	0.0	0.0	1.0	1.0	1.0	1.0	True	True	False	small
22_-_50506637_50506666	12hr	3	3	1.0	1.0	0.0	0.0	0.0	0.0	1.0	1.0	1.0	1.0	True	True	False	small
19_-_45638844_45638873	12hr	3	3	1.0	1.0	0.0	0.0	0.0	0.0	1.0	1.0	1.0	1.0	True	True	False	small
2_-_152690961_152690978	12hr	3	3	1.0	1.0	0.0	0.0	0.0	0.0	1.0	1.0	1.0	1.0	True	True	False	small
17_+_75573951_75573980	12hr	3	3	1.0	1.0	0.0	0.0	0.0	0.0	1.0	1.0	1.0	1.0	True	True	False	small
1_+_66940027_66940052	12hr	3	3	1.0	1.0	0.0	0.0	0.0	0.0	1.0	1.0	1.0	1.0	True	True	False	small
6_+_26450106_26450133	12hr	3	2	1.0	1.0	0.0	0.0	0.0	0.0	1.0	1.0	1.0	1.0	True	False	False	small
12_+_75498693_75498720	12hr	1	3	1.0	1.0				0.0	1.0	1.0	1.0	1.0	False	False	False	not_testable
1_-_173864483_173864502	12hr	3	3	0.0070872951928997	0.009798050363042802	0.0027107551701431015	0.0027107551701431015	0.0039916589774195614	0.009434205395019189	0.0044642857142857	0.0116810563737938	0.0031055900621118	0.0205882352941176	True	True	False	small
17_+_43180794_43180817	12hr	3	3	1.0	1.0	0.0	0.0	0.0	0.0	1.0	1.0	1.0	1.0	True	True	False	small
12_+_19518086_19518113	12hr	3	3	1.0	1.0	0.0	0.0	0.0	0.0	1.0	1.0	1.0	1.0	True	True	False	small
10_-_103333924_103333952	12hr	0	2		1.0				0.0			1.0	1.0	False	False	False	not_testable
11_+_58584855_58584884	12hr	3	3	1.0	1.0	0.0	0.0	0.0	0.0	1.0	1.0	1.0	1.0	True	True	False	small
15_+_78541904_78541930	12hr	3	3	1.0	0.9992584352984798	-0.0007415647015202032	0.0007415647015202032	0.0	0.0012844277401326413	1.0	1.0	0.9977753058954394	1.0	True	True	False	small
2_+_97185315_97185344	12hr	2	0	1.0				0.0		1.0	1.0			False	False	False	not_testable
12_-_55794358_55794387	12hr	3	3	1.0	1.0	0.0	0.0	0.0	0.0	1.0	1.0	1.0	1.0	True	True	False	small
19_+_8463496_8463504	12hr	3	3	1.0	1.0	0.0	0.0	0.0	0.0	1.0	1.0	1.0	1.0	True	True	False	small
10_-_71752974_71753002	12hr	3	3	1.0	1.0	0.0	0.0	0.0	0.0	1.0	1.0	1.0	1.0	True	True	False	small
17_-_4676500_4676507	12hr	3	3	0.0	0.02600509101142277	0.02600509101142277	0.02600509101142277	0.0	0.02962364826812709	0.0	0.0	0.0	0.058252427184466	True	True	False	small
14_-_103913960_103913984	12hr	3	3	0.988795518207283	0.9945068413780809	0.005711323170797922	0.005711323170797922	0.019406731737466407	0.0048652356026320015	0.9663865546218487	1.0	0.9907407407407408	1.0	True	True	False	small
10_+_5720754_5720774	12hr	2	3	1.0	1.0	0.0	0.0	0.0	0.0	1.0	1.0	1.0	1.0	True	False	False	small
X_-_154511847_154511871	12hr	3	3	1.0	1.0	0.0	0.0	0.0	0.0	1.0	1.0	1.0	1.0	True	True	False	small
6_+_26390802_26390829	12hr	0	2		1.0				0.0			1.0	1.0	False	False	False	not_testable
3_-_108050577_108050602	12hr	3	3	0.9774011299435029	0.9258265709878614	-0.05157455895564156	0.05157455895564156	0.03914239113150008	0.008617994651921436	0.9322033898305084	1.0	0.918918918918919	0.935483870967742	True	True	False	small
5_+_176093743_176093768	12hr	3	0	1.0				0.0		1.0	1.0			False	False	False	not_testable
12_-_49559938_49559967	12hr	3	3	1.0	1.0	0.0	0.0	0.0	0.0	1.0	1.0	1.0	1.0	True	True	False	small
15_-_70064453_70064470	12hr	3	3	1.0	1.0	0.0	0.0	0.0	0.0	1.0	1.0	1.0	1.0	True	True	False	small
4_-_47879095_47879117	12hr	3	3	1.0	1.0	0.0	0.0	0.0	0.0	1.0	1.0	1.0	1.0	True	True	False	small
2_-_97542078_97542107	12hr	2	1	1.0	1.0			0.0		1.0	1.0	1.0	1.0	False	False	False	not_testable
12_+_132548002_132548032	12hr	3	3	1.0	1.0	0.0	0.0	0.0	0.0	1.0	1.0	1.0	1.0	True	True	False	small
3_+_179757051_179757078	12hr	1	2	1.0	1.0				0.0	1.0	1.0	1.0	1.0	False	False	False	not_testable
2_+_97213418_97213447	12hr	3	1	0.8968253968253969	1.0			0.09014140231429006		0.8333333333333334	1.0	1.0	1.0	False	False	False	not_testable
21_+_45494544_45494571	12hr	3	3	1.0	1.0	0.0	0.0	0.0	0.0	1.0	1.0	1.0	1.0	True	True	False	small
14_+_31080572_31080584	12hr	2	3	1.0	0.9042448779290885	-0.09575512207091152	0.09575512207091152	0.0	0.05986388921853443	1.0	1.0	0.8421052631578947	0.9615384615384616	True	False	True	small
19_+_5648015_5648043	12hr	3	3	1.0	1.0	0.0	0.0	0.0	0.0	1.0	1.0	1.0	1.0	True	True	False	small
12_+_56154812_56154840	12hr	3	3	0.6120120120120119	0.5680877093920572	-0.043924302619954725	0.043924302619954725	0.1271558139978896	0.12348626953983773	0.4666666666666667	0.7027027027027027	0.4347826086956521	0.6785714285714286	True	True	False	small
6_+_43500743_43500772	12hr	3	3	0.8726425438596491	0.5477702669241816	-0.3248722769354675	0.3248722769354675	0.07525211789122284	0.15006579735119996	0.796875	0.9473684210526316	0.375	0.6456692913385826	True	True	True	strong
1_-_1084480_1084506	12hr	3	1	0.4761904761904761	0.6			0.4364357804719847		0.0	0.8571428571428571	0.6	0.6	False	False	False	not_testable
13_-_37026789_37026816	12hr	3	3	1.0	1.0	0.0	0.0	0.0	0.0	1.0	1.0	1.0	1.0	True	True	False	small
2_+_97215300_97215329	12hr	3	1	1.0	1.0			0.0		1.0	1.0	1.0	1.0	False	False	False	not_testable
15_+_90961024_90961054	12hr	2	3	1.0	1.0	0.0	0.0	0.0	0.0	1.0	1.0	1.0	1.0	True	False	False	small
4_+_41257114_41257126	12hr	0	3		0.19113093026136505				0.13482309505963375			0.0434782608695652	0.3076923076923077	False	False	False	not_testable
2_+_135753538_135753567	12hr	3	3	0.165079365079365	0.4668123684636554	0.30173300338429043	0.30173300338429043	0.06660640700616267	0.07651168608964921	0.0892857142857142	0.2142857142857142	0.3793103448275862	0.5211267605633803	True	True	True	strong
8_-_29126481_29126511	12hr	2	2	1.0	1.0	0.0	0.0	0.0	0.0	1.0	1.0	1.0	1.0	True	False	False	small
21_+_45482794_45482821	12hr	3	1	1.0	1.0			0.0		1.0	1.0	1.0	1.0	False	False	False	not_testable
11_+_118308426_118308441	12hr	3	3	1.0	1.0	0.0	0.0	0.0	0.0	1.0	1.0	1.0	1.0	True	True	False	small
21_+_45989751_45989778	12hr	3	3	1.0	1.0	0.0	0.0	0.0	0.0	1.0	1.0	1.0	1.0	True	True	False	small
19_+_17217452_17217462	12hr	3	3	1.0	1.0	0.0	0.0	0.0	0.0	1.0	1.0	1.0	1.0	True	True	False	small
10_+_110244827_110244857	12hr	3	3	0.6665316824645965	0.9555555555555556	0.2890238730909591	0.2890238730909591	0.07799170217777676	0.07698003589195009	0.6037735849056604	0.7538461538461538	0.8666666666666667	1.0	True	True	True	strong
5_-_177744393_177744418	12hr	3	1	1.0	1.0			0.0		1.0	1.0	1.0	1.0	False	False	False	not_testable
3_-_52820290_52820317	12hr	2	1	1.0	1.0			0.0		1.0	1.0	1.0	1.0	False	False	False	not_testable
12_+_53455346_53455370	12hr	3	3	0.5344642608879052	0.5397350575308879	0.005270796642982689	0.005270796642982689	0.03227182405700138	0.02224436776989327	0.5035612535612536	0.5679497250589159	0.5152068126520681	0.558601134215501	True	True	False	small
6_-_136601021_136601042	12hr	3	2	1.0	1.0	0.0	0.0	0.0	0.0	1.0	1.0	1.0	1.0	True	False	False	small
2_+_169504302_169504326	12hr	2	2	1.0	1.0	0.0	0.0	0.0	0.0	1.0	1.0	1.0	1.0	True	False	False	small
11_-_5665655_5665682	12hr	2	3	1.0	0.9444444444444445	-0.05555555555555547	0.05555555555555547	0.0	0.0962250448649376	1.0	1.0	0.8333333333333334	1.0	True	False	False	small
18_-_693881_693908	12hr	2	3	1.0	1.0	0.0	0.0	0.0	0.0	1.0	1.0	1.0	1.0	True	False	False	small
11_+_120406117_120406141	12hr	0	3		1.0				0.0			1.0	1.0	False	False	False	not_testable
2_-_95919891_95919920	12hr	1	1	1.0	1.0					1.0	1.0	1.0	1.0	False	False	False	not_testable
4_-_75491610_75491637	12hr	3	3	1.0	0.9359703765227021	-0.0640296234772979	0.0640296234772979	0.0	0.032965943990973565	1.0	1.0	0.90625	0.9714285714285714	True	True	True	small
4_-_154547037_154547064	12hr	3	3	0.0	0.033512509744361166	0.033512509744361166	0.033512509744361166	0.0	0.03619140543436519	0.0	0.0	0.0050251256281407	0.074235807860262	True	True	True	small
7_-_75190538_75190567	12hr	3	3	1.0	1.0	0.0	0.0	0.0	0.0	1.0	1.0	1.0	1.0	True	True	False	small
7_-_25158500_25158530	12hr	3	3	1.0	1.0	0.0	0.0	0.0	0.0	1.0	1.0	1.0	1.0	True	True	False	small
6_-_32580246_32580270	12hr	3	3	0.9407407407407407	0.898953898953899	-0.041786841786841666	0.041786841786841666	0.08413197549333735	0.05014893312752005	0.8444444444444444	1.0	0.8461538461538461	0.945945945945946	True	True	False	small
9_+_127478933_127478963	12hr	3	3	1.0	1.0	0.0	0.0	0.0	0.0	1.0	1.0	1.0	1.0	True	True	False	small
13_+_45149769_45149788	12hr	3	3	1.0	1.0	0.0	0.0	0.0	0.0	1.0	1.0	1.0	1.0	True	True	False	small
1_+_236542760_236542787	12hr	3	3	1.0	1.0	0.0	0.0	0.0	0.0	1.0	1.0	1.0	1.0	True	True	False	small
17_-_64329699_64329722	12hr	3	3	1.0	1.0	0.0	0.0	0.0	0.0	1.0	1.0	1.0	1.0	True	True	False	small
9_-_136379836_136379864	12hr	3	3	1.0	1.0	0.0	0.0	0.0	0.0	1.0	1.0	1.0	1.0	True	True	False	small
12_+_56158683_56158711	12hr	3	3	0.4690283620091331	0.49285184244443886	0.023823480435305744	0.023823480435305744	0.026956363530335238	0.01632671351977643	0.4424860853432282	0.4963805584281282	0.4765415549597855	0.5091949325704945	True	True	False	small
7_+_139412550_139412580	12hr	3	3	1.0	1.0	0.0	0.0	0.0	0.0	1.0	1.0	1.0	1.0	True	True	False	small
6_-_28907235_28907262	12hr	3	3	1.0	1.0	0.0	0.0	0.0	0.0	1.0	1.0	1.0	1.0	True	True	False	small
21_+_46116376_46116403	12hr	3	3	1.0	1.0	0.0	0.0	0.0	0.0	1.0	1.0	1.0	1.0	True	True	False	small
5_-_170258865_170258878	12hr	3	3	1.0	1.0	0.0	0.0	0.0	0.0	1.0	1.0	1.0	1.0	True	True	False	small
1_+_150962129_150962158	12hr	3	3	1.0	0.9260951137939473	-0.07390488620605273	0.07390488620605273	0.0	0.06988592706592678	1.0	1.0	0.8461538461538461	0.975609756097561	True	True	True	small
1_-_160999395_160999408	12hr	3	3	1.0	1.0	0.0	0.0	0.0	0.0	1.0	1.0	1.0	1.0	True	True	False	small
6_+_43778888_43778918	12hr	0	3		1.0				0.0			1.0	1.0	False	False	False	not_testable
17_+_40141206_40141234	12hr	3	3	1.0	1.0	0.0	0.0	0.0	0.0	1.0	1.0	1.0	1.0	True	True	False	small
20_-_63215576_63215601	12hr	3	3	1.0	1.0	0.0	0.0	0.0	0.0	1.0	1.0	1.0	1.0	True	True	False	small
2_+_97205939_97205968	12hr	3	1	1.0	1.0			0.0		1.0	1.0	1.0	1.0	False	False	False	not_testable
7_-_99903575_99903598	12hr	3	3	1.0	1.0	0.0	0.0	0.0	0.0	1.0	1.0	1.0	1.0	True	True	False	small
2_+_97194725_97194754	12hr	2	3	1.0	1.0	0.0	0.0	0.0	0.0	1.0	1.0	1.0	1.0	True	False	False	small
15_+_44759639_44759662	12hr	0	3		1.0				0.0			1.0	1.0	False	False	False	not_testable
7_+_142801943_142801961	12hr	3	3	1.0	1.0	0.0	0.0	0.0	0.0	1.0	1.0	1.0	1.0	True	True	False	small
7_-_34942614_34942639	12hr	1	1	1.0	1.0					1.0	1.0	1.0	1.0	False	False	False	not_testable
5_-_81437429_81437458	12hr	3	0	1.0				0.0		1.0	1.0			False	False	False	not_testable
9_+_113362368_113362394	12hr	0	0											False	False	False	not_testable
1_+_161218702_161218723	12hr	3	3	1.0	1.0	0.0	0.0	0.0	0.0	1.0	1.0	1.0	1.0	True	True	False	small
8_-_123023712_123023739	12hr	3	3	0.9795918367346937	0.9974358974358974	0.0178440607012037	0.0178440607012037	0.035347975664671	0.0044411559168431956	0.9387755102040816	1.0	0.9923076923076924	1.0	True	True	False	small
17_-_44195799_44195828	12hr	3	3	0.9473684210526315	0.9724046706805328	0.025036249627901297	0.025036249627901297	0.09116056881941462	0.011320537235642742	0.8421052631578947	1.0	0.9603174603174603	0.9827586206896552	True	True	False	small
7_-_26854136_26854162	12hr	1	1	1.0	1.0					1.0	1.0	1.0	1.0	False	False	False	not_testable
8_+_27451484_27451509	12hr	3	3	1.0	1.0	0.0	0.0	0.0	0.0	1.0	1.0	1.0	1.0	True	True	False	small
14_-_77441065_77441093	12hr	2	3	1.0	1.0	0.0	0.0	0.0	0.0	1.0	1.0	1.0	1.0	True	False	False	small
17_-_29116443_29116455	12hr	3	2	1.0	1.0	0.0	0.0	0.0	0.0	1.0	1.0	1.0	1.0	True	False	False	small
1_-_236230223_236230250	12hr	3	1	1.0	1.0			0.0		1.0	1.0	1.0	1.0	False	False	False	not_testable
6_-_166322856_166322886	12hr	3	3	0.29201680672268904	0.5547201336675021	0.262703326944813	0.262703326944813	0.13684519827299377	0.047466742612339324	0.1428571428571428	0.4117647058823529	0.5	0.5847953216374269	True	True	True	strong
2_+_97219049_97219078	12hr	3	2	1.0	1.0	0.0	0.0	0.0	0.0	1.0	1.0	1.0	1.0	True	False	False	small
20_+_62966702_62966732	12hr	3	3	1.0	1.0	0.0	0.0	0.0	0.0	1.0	1.0	1.0	1.0	True	True	False	small
5_+_178036011_178036036	12hr	1	0	1.0						1.0	1.0			False	False	False	not_testable
1_-_169696534_169696553	12hr	3	3	1.0	1.0	0.0	0.0	0.0	0.0	1.0	1.0	1.0	1.0	True	True	False	small
9_-_133779917_133779939	12hr	1	0	1.0						1.0	1.0			False	False	False	not_testable
20_-_33669686_33669712	12hr	3	2	0.33455882352941174	0.75	0.41544117647058826	0.41544117647058826	0.29601867255000974	0.3535533905932738	0.0	0.5625	0.5	1.0	True	False	False	strong
17_-_3953692_3953710	12hr	3	3	1.0	1.0	0.0	0.0	0.0	0.0	1.0	1.0	1.0	1.0	True	True	False	small
1_-_153952804_153952834	12hr	3	3	1.0	1.0	0.0	0.0	0.0	0.0	1.0	1.0	1.0	1.0	True	True	False	small
16_+_28985712_28985740	12hr	3	3	0.45613497108791196	0.4280828883803712	-0.028052082707540782	0.028052082707540782	0.02384676639325918	0.0245750306078354	0.4299065420560747	0.4765100671140939	0.4	0.4456521739130434	True	True	False	small
5_+_119475705_119475727	12hr	2	3	0.6272727272727272	0.7119051553205553	0.08463242804782811	0.08463242804782811	0.2442732516826256	0.04243555691676217	0.4545454545454545	0.8	0.6629213483146067	0.7375	True	False	False	small
1_-_113833110_113833138	12hr	3	3	1.0	0.9826810616284302	-0.017318938371569836	0.017318938371569836	0.0	0.015002434678949397	1.0	1.0	0.9736842105263158	1.0	True	True	False	small
6_+_30339907_30339930	12hr	2	2	1.0	1.0	0.0	0.0	0.0	0.0	1.0	1.0	1.0	1.0	True	False	False	small
4_+_112257771_112257797	12hr	2	3	1.0	1.0	0.0	0.0	0.0	0.0	1.0	1.0	1.0	1.0	True	False	False	small
15_+_66532984_66533013	12hr	0	3		1.0				0.0			1.0	1.0	False	False	False	not_testable
12_-_55790566_55790592	12hr	3	3	1.0	1.0	0.0	0.0	0.0	0.0	1.0	1.0	1.0	1.0	True	True	False	small
21_-_39313071_39313101	12hr	3	2	1.0	1.0	0.0	0.0	0.0	0.0	1.0	1.0	1.0	1.0	True	False	False	small
2_+_238347454_238347475	12hr	2	3	1.0	1.0	0.0	0.0	0.0	0.0	1.0	1.0	1.0	1.0	True	False	False	small
21_+_46398234_46398255	12hr	3	3	1.0	1.0	0.0	0.0	0.0	0.0	1.0	1.0	1.0	1.0	True	True	False	small
2_+_86131077_86131106	12hr	3	3	0.8386838996595095	0.7260982866650881	-0.11258561299442138	0.11258561299442138	0.05497043179740067	0.01747554277577433	0.7777777777777778	0.8846153846153846	0.7120418848167539	0.7456647398843931	True	True	True	exploratory
7_-_92577654_92577676	12hr	3	2	0.7471282593375617	0.3598484848484848	-0.38727977448907686	0.38727977448907686	0.027073712830453664	0.3910514774743786	0.7209302325581395	0.775	0.0833333333333333	0.6363636363636364	True	False	True	strong
9_+_137206280_137206309	12hr	3	3	0.5444004524886877	0.20902800980064595	-0.3353724426880418	0.3353724426880418	0.32124642942280907	0.040298680416642745	0.1764705882352941	0.7692307692307693	0.1625	0.2328767123287671	True	True	False	strong
12_-_79790466_79790483	12hr	3	3	1.0	1.0	0.0	0.0	0.0	0.0	1.0	1.0	1.0	1.0	True	True	False	small
1_+_206421249_206421274	12hr	0	0											False	False	False	not_testable
2_-_97507035_97507065	12hr	3	3	0.9583333333333334	0.9047619047619048	-0.0535714285714286	0.0535714285714286	0.07216878364870323	0.1649572197684645	0.875	1.0	0.7142857142857143	1.0	True	True	False	small
16_+_30666511_30666541	12hr	3	3	1.0	0.9961904761904762	-0.003809523809523818	0.003809523809523818	0.0	0.006598288790738659	1.0	1.0	0.9885714285714284	1.0	True	True	False	small
16_+_69459092_69459121	12hr	3	3	1.0	1.0	0.0	0.0	0.0	0.0	1.0	1.0	1.0	1.0	True	True	False	small
2_-_27333973_27333999	12hr	3	3	1.0	1.0	0.0	0.0	0.0	0.0	1.0	1.0	1.0	1.0	True	True	False	small
11_-_2955743_2955766	12hr	3	3	1.0	1.0	0.0	0.0	0.0	0.0	1.0	1.0	1.0	1.0	True	True	False	small
11_+_828229_828259	12hr	1	0	1.0						1.0	1.0			False	False	False	not_testable
8_-_144426179_144426208	12hr	3	3	0.2755337525122876	0.24853289510795307	-0.027000857404334555	0.027000857404334555	0.03116476939760756	0.027777506519686784	0.2395543175487465	0.2941176470588235	0.2211155378486055	0.276657060518732	True	True	False	small
9_-_129010669_129010693	12hr	3	3	1.0	1.0	0.0	0.0	0.0	0.0	1.0	1.0	1.0	1.0	True	True	False	small
11_+_48149989_48149998	12hr	3	3	1.0	1.0	0.0	0.0	0.0	0.0	1.0	1.0	1.0	1.0	True	True	False	small
1_+_203862195_203862222	12hr	3	3	0.9327465163280503	0.9728860179443615	0.04013950161631119	0.04013950161631119	0.04545429453240881	0.021587379975558495	0.8907563025210085	0.981012658227848	0.9481927710843372	0.9881818181818182	True	True	False	small
1_+_39741894_39741921	12hr	3	3	0.6512124271569513	0.670599277346783	0.019386850189831772	0.019386850189831772	0.09475983496705503	0.040867944503996466	0.5691056910569106	0.7549019607843137	0.6273291925465838	0.7085427135678392	True	True	False	small
21_+_46112803_46112824	12hr	3	3	1.0	1.0	0.0	0.0	0.0	0.0	1.0	1.0	1.0	1.0	True	True	False	small
13_+_75549975_75549987	12hr	3	3	1.0	1.0	0.0	0.0	0.0	0.0	1.0	1.0	1.0	1.0	True	True	False	small
21_-_44337648_44337667	12hr	3	3	1.0	1.0	0.0	0.0	0.0	0.0	1.0	1.0	1.0	1.0	True	True	False	small
17_-_7193843_7193871	12hr	3	2	1.0	1.0	0.0	0.0	0.0	0.0	1.0	1.0	1.0	1.0	True	False	False	small
19_+_17775055_17775080	12hr	3	3	0.9934640522875817	0.9845725391196329	-0.008891513167948784	0.008891513167948784	0.011320593513522033	0.015269699541964143	0.9803921568627452	1.0	0.9694656488549618	1.0	True	True	False	small
19_+_19335717_19335735	12hr	3	3	0.9716312056737588	1.0	0.028368794326241176	0.028368794326241176	0.04913619312252135	0.0	0.9148936170212766	1.0	1.0	1.0	True	True	False	small
2_-_106166055_106166083	12hr	3	3	1.0	1.0	0.0	0.0	0.0	0.0	1.0	1.0	1.0	1.0	True	True	False	small
5_+_176656894_176656924	12hr	3	3	0.34722222222222215	0.10256410256410257	-0.24465811965811957	0.24465811965811957	0.3342002615421101	0.177646236673731	0.0	0.6666666666666666	0.0	0.3076923076923077	True	True	False	strong
6_+_26411554_26411581	12hr	3	3	1.0	1.0	0.0	0.0	0.0	0.0	1.0	1.0	1.0	1.0	True	True	False	small
11_+_118312152_118312170	12hr	3	3	0.28128687436890426	0.27631449518499857	-0.004972379183905695	0.004972379183905695	0.05069163122209993	0.022032921889712585	0.2418397626112759	0.3384615384615385	0.2511233150274588	0.291992775436484	True	True	False	small
6_-_43626921_43626948	12hr	3	3	1.0	1.0	0.0	0.0	0.0	0.0	1.0	1.0	1.0	1.0	True	True	False	small
17_-_42329746_42329776	12hr	3	3	1.0	0.9807197286996137	-0.019280271300386342	0.019280271300386342	0.0	0.005036104223802299	1.0	1.0	0.9776536312849162	0.9865319865319864	True	True	True	small
10_-_72072901_72072910	12hr	3	3	1.0	1.0	0.0	0.0	0.0	0.0	1.0	1.0	1.0	1.0	True	True	False	small
5_+_119492099_119492124	12hr	2	3	0.3904761904761904	0.5367901869960542	0.14631399651986376	0.14631399651986376	0.013468700594029546	0.09807633965464577	0.3809523809523809	0.4	0.4776119402985074	0.65	True	False	True	exploratory
5_+_177365962_177365984	12hr	3	3	1.0	1.0	0.0	0.0	0.0	0.0	1.0	1.0	1.0	1.0	True	True	False	small
6_-_29629086_29629107	12hr	3	0	0.6487734487734488				0.2844341429610771		0.3333333333333333	0.8857142857142857			False	False	False	not_testable
3_-_123567761_123567780	12hr	3	3	1.0	1.0	0.0	0.0	0.0	0.0	1.0	1.0	1.0	1.0	True	True	False	small
X_-_136677935_136677956	12hr	3	3	1.0	1.0	0.0	0.0	0.0	0.0	1.0	1.0	1.0	1.0	True	True	False	small
1_+_198692346_198692373	12hr	3	3	1.0	1.0	0.0	0.0	0.0	0.0	1.0	1.0	1.0	1.0	True	True	False	small
1_-_151406606_151406631	12hr	3	3	0.5736659736659737	0.6085943584130932	0.034928384747119456	0.034928384747119456	0.10358132784209816	0.007871325706138734	0.4594594594594595	0.6615384615384615	0.6019417475728155	0.6172839506172839	True	True	False	small
17_+_78005057_78005079	12hr	3	3	1.0	1.0	0.0	0.0	0.0	0.0	1.0	1.0	1.0	1.0	True	True	False	small
22_-_19899048_19899068	12hr	2	3	1.0	1.0	0.0	0.0	0.0	0.0	1.0	1.0	1.0	1.0	True	False	False	small
3_+_48974957_48974979	12hr	3	3	1.0	1.0	0.0	0.0	0.0	0.0	1.0	1.0	1.0	1.0	True	True	False	small
X_-_153790563_153790575	12hr	2	3	1.0	1.0	0.0	0.0	0.0	0.0	1.0	1.0	1.0	1.0	True	False	False	small
12_+_122762186_122762206	12hr	3	3	1.0	1.0	0.0	0.0	0.0	0.0	1.0	1.0	1.0	1.0	True	True	False	small
22_-_50777951_50777981	12hr	3	3	0.9689922480620154	0.9827201783723524	0.013727930310336922	0.013727930310336922	0.053707001785081566	0.016391656580303927	0.9069767441860463	1.0	0.967391304347826	1.0	True	True	False	small
16_+_8748107_8748137	12hr	0	1		1.0							1.0	1.0	False	False	False	not_testable
19_+_17218363_17218391	12hr	3	3	1.0	1.0	0.0	0.0	0.0	0.0	1.0	1.0	1.0	1.0	True	True	False	small
14_-_52661292_52661304	12hr	3	3	1.0	1.0	0.0	0.0	0.0	0.0	1.0	1.0	1.0	1.0	True	True	False	small
1_-_1299344_1299356	12hr	3	3	1.0	1.0	0.0	0.0	0.0	0.0	1.0	1.0	1.0	1.0	True	True	False	small
8_+_27520882_27520909	12hr	3	3	1.0	1.0	0.0	0.0	0.0	0.0	1.0	1.0	1.0	1.0	True	True	False	small
5_-_177739112_177739137	12hr	3	0	1.0				0.0		1.0	1.0			False	False	False	not_testable
17_+_62692111_62692138	12hr	3	2	1.0	1.0	0.0	0.0	0.0	0.0	1.0	1.0	1.0	1.0	True	False	False	small
19_+_7630822_7630846	12hr	3	3	0.9920634920634921	0.9951338199513383	0.003070327887846225	0.003070327887846225	0.013746434980705392	0.00842847108306022	0.9761904761904762	1.0	0.9854014598540146	1.0	True	True	False	small
X_+_119575374_119575400	12hr	3	3	1.0	1.0	0.0	0.0	0.0	0.0	1.0	1.0	1.0	1.0	True	True	False	small
9_+_128598962_128598986	12hr	3	3	0.3463389739457427	0.48374760514780374	0.13740863120206104	0.13740863120206104	0.15383467947796514	0.06483937852842625	0.22	0.5176470588235295	0.4245283018867924	0.553030303030303	True	True	False	exploratory
12_-_56350411_56350432	12hr	3	3	0.3702693706870687	0.2177442864520099	-0.1525250842350588	0.1525250842350588	0.12028393536729551	0.030946331924050215	0.297029702970297	0.509090909090909	0.1824817518248175	0.2403846153846154	True	True	True	exploratory
16_+_30661303_30661333	12hr	3	3	1.0	1.0	0.0	0.0	0.0	0.0	1.0	1.0	1.0	1.0	True	True	False	small
19_+_4310272_4310295	12hr	2	2	1.0	1.0	0.0	0.0	0.0	0.0	1.0	1.0	1.0	1.0	True	False	False	small
2_-_152677450_152677475	12hr	3	3	1.0	1.0	0.0	0.0	0.0	0.0	1.0	1.0	1.0	1.0	True	True	False	small
4_-_2257981_2258011	12hr	3	3	1.0	1.0	0.0	0.0	0.0	0.0	1.0	1.0	1.0	1.0	True	True	False	small
21_+_45492686_45492713	12hr	3	2	1.0	1.0	0.0	0.0	0.0	0.0	1.0	1.0	1.0	1.0	True	False	False	small
2_+_231226773_231226798	12hr	0	1		1.0							1.0	1.0	False	False	False	not_testable
19_+_1429966_1429996	12hr	3	3	1.0	1.0	0.0	0.0	0.0	0.0	1.0	1.0	1.0	1.0	True	True	False	small
2_-_95921781_95921810	12hr	1	0	1.0						1.0	1.0			False	False	False	not_testable
6_-_24870865_24870889	12hr	3	3	1.0	1.0	0.0	0.0	0.0	0.0	1.0	1.0	1.0	1.0	True	True	False	small
7_+_843205_843232	12hr	3	3	1.0	0.987012987012987	-0.012987012987012991	0.012987012987012991	0.0	0.012987012987012991	1.0	1.0	0.974025974025974	1.0	True	True	False	small
1_+_46309100_46309127	12hr	3	3	1.0	0.9337566137566138	-0.06624338624338622	0.06624338624338622	0.0	0.08255514710643432	1.0	1.0	0.8412698412698413	1.0	True	True	False	small
17_-_56895925_56895952	12hr	3	3	0.8571428571428571	0.9553436665505631	0.09820080940770604	0.09820080940770604	0.24743582965269675	0.05755156271305833	0.5714285714285714	1.0	0.8888888888888888	0.9886363636363636	True	True	False	small
12_+_110282603_110282621	12hr	3	3	1.0	1.0	0.0	0.0	0.0	0.0	1.0	1.0	1.0	1.0	True	True	False	small
14_-_57237337_57237366	12hr	3	3	1.0	1.0	0.0	0.0	0.0	0.0	1.0	1.0	1.0	1.0	True	True	False	small
19_+_19104912_19104938	12hr	3	3	1.0	1.0	0.0	0.0	0.0	0.0	1.0	1.0	1.0	1.0	True	True	False	small
17_-_42574195_42574210	12hr	0	3		0.049999999999999996				0.08660254037844387			0.0	0.15	False	False	False	not_testable
5_-_150699241_150699271	12hr	3	3	1.0	1.0	0.0	0.0	0.0	0.0	1.0	1.0	1.0	1.0	True	True	False	small
2_-_190987038_190987068	12hr	3	3	1.0	1.0	0.0	0.0	0.0	0.0	1.0	1.0	1.0	1.0	True	True	False	small
19_+_19340845_19340873	12hr	3	3	1.0	1.0	0.0	0.0	0.0	0.0	1.0	1.0	1.0	1.0	True	True	False	small
2_+_97187197_97187226	12hr	2	1	1.0	1.0			0.0		1.0	1.0	1.0	1.0	False	False	False	not_testable
2_+_97200333_97200362	12hr	3	1	1.0	1.0			0.0		1.0	1.0	1.0	1.0	False	False	False	not_testable
12_+_25089762_25089790	12hr	3	3	1.0	1.0	0.0	0.0	0.0	0.0	1.0	1.0	1.0	1.0	True	True	False	small
10_-_12170899_12170908	12hr	3	3	0.7619047619047619	0.4844944508576547	-0.27741031104710717	0.27741031104710717	0.25084889887744616	0.012262032675941573	0.5	1.0	0.4708029197080292	0.4944649446494465	True	True	True	strong
X_-_153913023_153913051	12hr	3	3	1.0	1.0	0.0	0.0	0.0	0.0	1.0	1.0	1.0	1.0	True	True	False	small
1_+_228369135_228369162	12hr	3	0	1.0				0.0		1.0	1.0			False	False	False	not_testable
17_-_63698798_63698818	12hr	3	3	0.0015201379142599336	0.010135412714138	0.008615274799878067	0.008615274799878067	0.0015160867153116964	0.0005666787175733648	0.0	0.003032140691328	0.0097481722177091	0.0107858243451463	True	True	True	small
1_+_207339396_207339417	12hr	3	3	0.9797979797979798	0.9830813927975942	0.0032834129996144323	0.0032834129996144323	0.03499092540543183	0.006676635569980592	0.9393939393939394	1.0	0.977198697068404	0.9903381642512076	True	True	False	small
21_+_43800861_43800881	12hr	2	3	1.0	1.0	0.0	0.0	0.0	0.0	1.0	1.0	1.0	1.0	True	False	False	small
12_+_118389926_118389946	12hr	3	3	1.0	1.0	0.0	0.0	0.0	0.0	1.0	1.0	1.0	1.0	True	True	False	small
20_-_45960863_45960882	12hr	3	3	1.0	1.0	0.0	0.0	0.0	0.0	1.0	1.0	1.0	1.0	True	True	False	small
21_+_34103496_34103519	12hr	3	3	0.47792580982236155	0.0583319225777326	-0.4195938872446289	0.4195938872446289	0.2646421684607243	0.011908661248479366	0.1724137931034483	0.6363636363636364	0.0446927374301676	0.0666666666666666	True	True	True	strong
14_-_94129261_94129291	12hr	2	3	1.0	1.0	0.0	0.0	0.0	0.0	1.0	1.0	1.0	1.0	True	False	False	small
21_+_45987498_45987519	12hr	3	3	1.0	1.0	0.0	0.0	0.0	0.0	1.0	1.0	1.0	1.0	True	True	False	small
6_+_26390686_26390707	12hr	0	3		1.0				0.0			1.0	1.0	False	False	False	not_testable
15_-_58901259_58901287	12hr	3	3	0.945562435500516	0.9712926509186351	0.02573021541811915	0.02573021541811915	0.01384802569692428	0.03155879783962166	0.9298245614035088	0.9558823529411764	0.9375	1.0	True	True	False	small
6_+_73723250_73723279	12hr	0	3		1.0				0.0			1.0	1.0	False	False	False	not_testable
2_-_86153559_86153574	12hr	3	3	1.0	1.0	0.0	0.0	0.0	0.0	1.0	1.0	1.0	1.0	True	True	False	small
19_-_5612539_5612567	12hr	3	3	0.7889192932671194	0.9950248756218905	0.20610558235477106	0.20610558235477106	0.02895860093993111	0.008617168196860111	0.7636363636363637	0.8205128205128205	0.9850746268656716	1.0	True	True	True	strong
6_-_79077699_79077729	12hr	3	3	1.0	1.0	0.0	0.0	0.0	0.0	1.0	1.0	1.0	1.0	True	True	False	small
21_+_45492534_45492564	12hr	3	1	1.0	1.0			0.0		1.0	1.0	1.0	1.0	False	False	False	not_testable
11_-_4601663_4601686	12hr	2	3	1.0	1.0	0.0	0.0	0.0	0.0	1.0	1.0	1.0	1.0	True	False	False	small
1_+_206419372_206419400	12hr	0	0											False	False	False	not_testable
17_+_48862275_48862304	12hr	3	3	1.0	1.0	0.0	0.0	0.0	0.0	1.0	1.0	1.0	1.0	True	True	False	small
2_-_43950572_43950600	12hr	3	3	1.0	1.0	0.0	0.0	0.0	0.0	1.0	1.0	1.0	1.0	True	True	False	small
1_+_52414620_52414647	12hr	3	3	1.0	1.0	0.0	0.0	0.0	0.0	1.0	1.0	1.0	1.0	True	True	False	small
11_-_4386967_4386990	12hr	3	3	1.0	1.0	0.0	0.0	0.0	0.0	1.0	1.0	1.0	1.0	True	True	False	small
X_-_81119787_81119817	12hr	0	0											False	False	False	not_testable
6_+_26410005_26410032	12hr	3	3	0.6289759146902004	0.6374521072796936	0.00847619258949317	0.00847619258949317	0.08188073195641427	0.0641637346987115	0.5510204081632653	0.7142857142857143	0.5833333333333334	0.7083333333333334	True	True	False	small
11_+_65205709_65205721	12hr	3	3	1.0	1.0	0.0	0.0	0.0	0.0	1.0	1.0	1.0	1.0	True	True	False	small
6_+_26373386_26373413	12hr	3	3	1.0	0.7052287581699347	-0.2947712418300653	0.2947712418300653	0.0	0.15429682411533105	1.0	1.0	0.6	0.8823529411764706	True	True	True	strong
3_-_160535660_160535690	12hr	3	3	1.0	1.0	0.0	0.0	0.0	0.0	1.0	1.0	1.0	1.0	True	True	False	small
16_+_28986539_28986569	12hr	3	3	0.5708808478840307	0.419993389348228	-0.1508874585358027	0.1508874585358027	0.055350999984467894	0.07138556333606344	0.5189873417721519	0.6291390728476821	0.3580645161290323	0.4980694980694981	True	True	True	exploratory
3_+_184189254_184189277	12hr	3	3	0.2801217691492255	0.38162104535925295	0.10149927621002747	0.10149927621002747	0.054235953762699615	0.012081287256443547	0.2413793103448276	0.3421052631578947	0.3697916666666667	0.3939393939393939	True	True	True	exploratory
5_-_170262841_170262861	12hr	3	3	1.0	1.0	0.0	0.0	0.0	0.0	1.0	1.0	1.0	1.0	True	True	False	small
7_+_74755508_74755537	12hr	3	3	0.8867910447761194	0.9869474890751486	0.10015644429902926	0.10015644429902926	0.034244462700745236	0.008864957326980248	0.86	0.9253731343283582	0.9772727272727272	0.9946808510638298	True	True	True	exploratory
4_+_53440581_53440608	12hr	3	3	0.26556225300387204	0.15607226745840605	-0.10948998554546599	0.10948998554546599	0.06865797061879263	0.05045234349120157	0.202127659574468	0.3384615384615385	0.1071428571428571	0.2079207920792079	True	True	False	exploratory
8_+_63169386_63169411	12hr	3	3	1.0	1.0	0.0	0.0	0.0	0.0	1.0	1.0	1.0	1.0	True	True	False	small
5_-_170262966_170262992	12hr	3	3	1.0	1.0	0.0	0.0	0.0	0.0	1.0	1.0	1.0	1.0	True	True	False	small
18_+_10533535_10533553	12hr	1	3	1.0	0.9341558950254604				0.030048805701940403	1.0	1.0	0.9	0.9565217391304348	False	False	False	not_testable
19_+_50419945_50419973	12hr	0	0											False	False	False	not_testable
17_+_43179393_43179412	12hr	3	3	1.0	1.0	0.0	0.0	0.0	0.0	1.0	1.0	1.0	1.0	True	True	False	small
7_+_142792521_142792539	12hr	3	3	1.0	1.0	0.0	0.0	0.0	0.0	1.0	1.0	1.0	1.0	True	True	False	small
19_+_39421282_39421299	12hr	3	2	1.0	1.0	0.0	0.0	0.0	0.0	1.0	1.0	1.0	1.0	True	False	False	small
6_-_28911695_28911718	12hr	3	3	0.9393939393939394	0.9639618424102401	0.02456790301630063	0.02456790301630063	0.10497277621629557	0.011015324226803885	0.8181818181818182	1.0	0.9541984732824428	0.9759036144578314	True	True	False	small
7_+_35831491_35831496	12hr	3	3	0.903225806451613	0.8931377264710597	-0.010088079980553277	0.010088079980553277	0.1676178200873107	0.09276463509673162	0.7096774193548387	1.0	0.7878787878787878	0.9629629629629628	True	True	False	small
2_-_121401867_121401870	12hr	1	3	1.0	1.0				0.0	1.0	1.0	1.0	1.0	False	False	False	not_testable
2_-_25835537_25835540	12hr	3	3	1.0	0.8997979797979797	-0.10020202020202029	0.10020202020202029	0.0	0.12480336538829251	1.0	1.0	0.76	1.0	True	True	False	exploratory
14_+_96874456_96874459	12hr	0	2		0.5357142857142857				0.05050762722761051			0.5	0.5714285714285714	False	False	False	not_testable
19_+_48477716_48477719	12hr	3	3	0.5322510822510823	0.5474124075859853	0.015161325334902997	0.015161325334902997	0.09118773006223711	0.03543575887549934	0.4285714285714285	0.6	0.5245901639344263	0.5882352941176471	True	True	False	small
17_-_78696006_78696009	12hr	3	3	0.9905880916243611	0.991407867494824	0.000819775870462891	0.000819775870462891	0.009086975193024604	0.009400931124726782	0.9818652849740932	1.0	0.9813664596273292	1.0	True	True	False	small
6_-_166370217_166370221	12hr	3	3	1.0	1.0	0.0	0.0	0.0	0.0	1.0	1.0	1.0	1.0	True	True	False	small
14_-_50438091_50438094	12hr	3	3	1.0	1.0	0.0	0.0	0.0	0.0	1.0	1.0	1.0	1.0	True	True	False	small
4_+_88676217_88676241	24hr	3	3	0.9761904761904763	0.8745098039215686	-0.10168067226890765	0.10168067226890765	0.041239304942116105	0.10931262639032434	0.9285714285714286	1.0	0.8	1.0	True	True	False	exploratory
10_-_73439871_73439901	24hr	3	3	0.7770753460042963	0.8979497931110835	0.12087444710678719	0.12087444710678719	0.09392501507994556	0.11365973078623466	0.6923076923076923	0.8780487804878049	0.7702702702702703	0.988095238095238	True	True	False	exploratory
14_-_93076594_93076619	24hr	3	3	1.0	0.9632755969987133	-0.036724403001286654	0.036724403001286654	0.0	0.007976019812479843	1.0	1.0	0.9583333333333334	0.9724770642201837	True	True	True	small
5_+_57221375_57221396	24hr	3	3	0.7467343147410553	0.2437694844247338	-0.5029648303163216	0.5029648303163216	0.14307830943169886	0.07519324128381494	0.582089552238806	0.8409090909090909	0.189873417721519	0.3296703296703296	True	True	True	strong
11_-_75271700_75271724	24hr	3	3	0.3101851851851852	0.3556636513625761	0.04547846617739093	0.04547846617739093	0.07897556532051844	0.04082409704933842	0.2222222222222222	0.375	0.3095238095238095	0.3870967741935484	True	True	False	small
17_+_30510879_30510909	24hr	3	3	0.9393939393939394	0.9871975569649988	0.04780361757105933	0.04780361757105933	0.10497277621629557	0.011804525637070486	0.8181818181818182	1.0	0.9767441860465116	1.0	True	True	False	small
8_-_54065787_54065813	24hr	3	3	0.0	0.0553170267821366	0.0553170267821366	0.0553170267821366	0.0	0.014823646352422247	0.0	0.0	0.0382165605095541	0.064516129032258	True	True	True	small
X_-_154357250_154357274	24hr	3	3	0.7339657009313675	0.4951533790096543	-0.2388123219217132	0.2388123219217132	0.018876043114411663	0.018454443695367594	0.7166666666666667	0.7540983606557377	0.4838056680161943	0.5164473684210527	True	True	True	strong
9_+_133054943_133054964	24hr	3	3	0.3791035353535353	0.2850045167118338	-0.0940990186417015	0.0940990186417015	0.12707872306439813	0.04515130707897711	0.28125	0.5227272727272727	0.2439024390243902	0.3333333333333333	True	True	False	small
20_+_44478623_44478647	24hr	0	3		0.18589235377026073				0.08616175288106813			0.1136363636363636	0.28125	False	False	False	not_testable
4_-_142202739_142202766	24hr	3	3	0.4932191653577882	0.16989039329464858	-0.3233287720631396	0.3233287720631396	0.31919971567110417	0.07070110966441026	0.1764705882352941	0.8148148148148148	0.0909090909090909	0.2272727272727272	True	True	False	strong
3_+_47819235_47819264	24hr	2	3	0.8125	0.5102707749766573	-0.3022292250233427	0.3022292250233427	0.2651650429449553	0.10402244054306582	0.625	1.0	0.4117647058823529	0.6190476190476191	True	False	True	strong
19_+_47780724_47780749	24hr	3	3	0.6376478988168094	0.6015217844486137	-0.03612611436819568	0.03612611436819568	0.20568409861998962	0.04754239048236701	0.5116279069767442	0.875	0.5609756097560976	0.6538461538461539	True	True	False	small
17_+_7578226_7578244	24hr	3	3	0.0004960317460317333	0.0023674516802090003	0.0018714199341772668	0.0018714199341772668	0.000859152186294064	0.00040476041465229226	0.0	0.0014880952380952	0.0019638648860958	0.0027733755942947	True	True	True	small
3_-_146536539_146536565	24hr	3	3	1.0	0.9534934524688623	-0.0465065475311377	0.0465065475311377	0.0	0.014069914886779823	1.0	1.0	0.9375	0.963963963963964	True	True	True	small
17_-_35014739_35014763	24hr	3	3	1.0	0.8982456140350877	-0.10175438596491226	0.10175438596491226	0.0	0.1000461573991807	1.0	1.0	0.8	1.0	True	True	False	exploratory
11_+_67416175_67416202	24hr	3	2	0.42372134038800696	0.8	0.3762786596119931	0.3762786596119931	0.18129455784052992	0.28284271247461906	0.2321428571428571	0.5925925925925926	0.6	1.0	True	False	True	strong
12_-_57538518_57538524	24hr	3	3	0.20035810078182958	0.1193521947543927	-0.08100590602743689	0.08100590602743689	0.11354676953652378	0.057520583745039	0.0972222222222222	0.3220338983050847	0.0530973451327433	0.1565217391304348	True	True	False	small
12_-_6965910_6965916	24hr	3	3	0.9943693693693693	0.9993527508090615	0.004983381439692236	0.004983381439692236	0.009752538330905901	0.0011210684838634018	0.983108108108108	1.0	0.9980582524271844	1.0	True	True	False	small
20_+_62304460_62304485	24hr	3	3	0.0	0.0005541701302299667	0.0005541701302299667	0.0005541701302299667	0.0	0.0009598508215953637	0.0	0.0	0.0	0.0016625103906899	True	True	False	small
16_+_70550649_70550678	24hr	3	3	0.6234819734345352	0.08715659050448173	-0.5363253829300534	0.5363253829300534	0.06651772478906715	0.031476131275883744	0.5483870967741935	0.675	0.0523560209424083	0.1136363636363636	True	True	True	strong
14_+_94114850_94114880	24hr	0	0											False	False	False	not_testable
19_+_47205103_47205129	24hr	3	3	0.16801619433198378	0.20993628036638787	0.041920086034404086	0.041920086034404086	0.17329874271922663	0.0543002647476266	0.0	0.3461538461538461	0.1612903225806451	0.2685185185185185	True	True	False	small
16_-_31093311_31093321	24hr	3	3	0.05471956224350203	0.0275539162680294	-0.027165645975472632	0.027165645975472632	0.05925145780494586	0.016906190169890194	0.0	0.1176470588235294	0.0108695652173913	0.0446735395189003	True	True	False	small
1_-_156476493_156476514	24hr	3	3	0.049851263443496434	0.19248366013071894	0.1426323966872225	0.1426323966872225	0.050517743804363115	0.10559298391443617	0.0	0.101010101010101	0.0833333333333333	0.2941176470588235	True	True	False	exploratory
19_+_41897314_41897326	24hr	3	3	0.8748691516407558	0.818001443001443	-0.0568677086393129	0.0568677086393129	0.0414520173907069	0.0487743960007749	0.8431372549019608	0.9217687074829932	0.7662337662337663	0.8630952380952381	True	True	False	small
9_-_137023837_137023840	24hr	3	3	0.7754595443833464	0.9027777777777778	0.12731823339443138	0.12731823339443138	0.11234811340795099	0.08673608331108884	0.6716417910447762	0.8947368421052632	0.8333333333333334	1.0	True	True	False	exploratory
11_-_64015251_64015281	24hr	3	3	1.0	0.9761904761904763	-0.023809523809523725	0.023809523809523725	0.0	0.041239304942116105	1.0	1.0	0.9285714285714286	1.0	True	True	False	small
13_+_75809153_75809183	24hr	3	1	1.0	0.8888888888888888			0.0		1.0	1.0	0.8888888888888888	0.8888888888888888	False	False	False	not_testable
18_-_50285324_50285351	24hr	3	3	0.9123152709359607	0.9740852130325814	0.06176994209662079	0.06176994209662079	0.12322362490239934	0.025716630651262243	0.7714285714285715	1.0	0.9485714285714286	1.0	True	True	False	small
5_+_181233412_181233435	24hr	3	3	0.5079474216380181	0.41040570895584166	-0.09754171268217643	0.09754171268217643	0.19887804668746348	0.057137990055069234	0.3255813953488372	0.72	0.3559322033898305	0.4698795180722891	True	True	False	small
4_-_75918760_75918789	24hr	2	3	0.35185185185185186	0.6282096171802053	0.27635776532835343	0.27635776532835343	0.4975936608349779	0.2858339955193526	0.0	0.7037037037037037	0.3809523809523809	0.9411764705882352	True	False	False	strong
11_+_59145826_59145856	24hr	3	3	0.7109090909090909	0.6697790227201992	-0.041130068188891755	0.041130068188891755	0.19115136142650568	0.18426540984166395	0.5	0.8727272727272727	0.5555555555555556	0.8823529411764706	True	True	False	small
12_+_27674191_27674221	24hr	1	3	1.0	0.9166666666666666				0.14433756729740646	1.0	1.0	0.75	1.0	False	False	False	not_testable
12_-_122514711_122514728	24hr	3	3	0.3050934097200119	0.014184397163120567	-0.29090901255689133	0.29090901255689133	0.12278179444913952	0.024568096561260667	0.1764705882352941	0.4210526315789473	0.0	0.0425531914893617	True	True	True	strong
8_+_22539468_22539498	24hr	3	3	0.8673569023569024	0.557602554654876	-0.3097543477020265	0.3097543477020265	0.05748442901303384	0.06653769863873296	0.8181818181818182	0.9305555555555556	0.5	0.6304347826086957	True	True	True	strong
16_+_85802753_85802757	24hr	3	3	0.9938967562441863	0.9958832245630508	0.0019864683188645094	0.0019864683188645094	0.0008084107892508102	0.003574555321860562	0.9931647300068353	0.9947643979057592	0.993566833452466	1.0	True	True	False	small
17_-_37210466_37210490	24hr	0	3		0.8841269841269841				0.10820461566447152			0.7857142857142857	1.0	False	False	False	not_testable
16_-_89653903_89653923	24hr	3	3	0.7886904761904763	0.9300401555742384	0.14134967938376208	0.14134967938376208	0.1830538608890688	0.021629690413768103	0.6785714285714286	1.0	0.9064327485380116	0.948905109489051	True	True	False	exploratory
12_+_9650332_9650361	24hr	3	3	0.18088460444541263	0.081776052481117	-0.09910855196429563	0.09910855196429563	0.12244311104242848	0.008098108681497487	0.081967213114754	0.3178294573643411	0.0754716981132075	0.0909090909090909	True	True	False	small
11_-_65662178_65662205	24hr	3	3	0.4825764834620368	0.5308674138251805	0.04829093036314375	0.04829093036314375	0.04523779938316267	0.02847032000292567	0.4447300771208226	0.5326797385620915	0.5068119891008175	0.5623003194888179	True	True	False	small
11_+_63906087_63906114	24hr	3	3	0.0182310914018231	0.23029439696106357	0.21206330555924047	0.21206330555924047	0.016062994149005208	0.13737640434083798	0.0	0.0303030303030303	0.1481481481481481	0.3888888888888889	True	True	True	strong
3_+_139351030_139351060	24hr	3	3	0.028132066938037065	0.023666246137337532	-0.004465820800699533	0.004465820800699533	0.027313312630907388	0.018547280939694693	0.0	0.0545454545454545	0.0063091482649842	0.0432098765432098	True	True	False	small
20_+_2975214_2975241	24hr	3	3	0.31634669678147936	0.337037037037037	0.02069034025555766	0.02069034025555766	0.1857040726697684	0.09318330092895648	0.1136363636363636	0.4782608695652174	0.2777777777777778	0.4444444444444444	True	True	False	small
6_+_29929018_29929045	24hr	3	3	1.0	1.0	0.0	0.0	0.0	0.0	1.0	1.0	1.0	1.0	True	True	False	small
22_-_41681539_41681559	24hr	3	3	0.24502804705750694	0.0011695906432748332	-0.24385845641423212	0.24385845641423212	0.04304870151175994	0.0020257904182091778	0.2011834319526627	0.2872340425531915	0.0	0.0035087719298245	True	True	True	strong
5_+_65655635_65655653	24hr	3	3	1.0	0.844142785319256	-0.15585721468074398	0.15585721468074398	0.0	0.1367179370479205	1.0	1.0	0.6862745098039216	0.9230769230769232	True	True	True	exploratory
4_+_159344035_159344059	24hr	0	3		0.6698924731182796				0.15390624243442638			0.5	0.8	False	False	False	not_testable
5_+_146481446_146481476	24hr	3	3	0.4722738218094255	0.0	-0.4722738218094255	0.4722738218094255	0.2049056012667931	0.0	0.2666666666666666	0.6764705882352942	0.0	0.0	True	True	True	strong
8_-_140426614_140426641	24hr	3	3	0.821501014198783	0.7744047619047619	-0.047096252294021035	0.047096252294021035	0.15681756594491258	0.16903399509151595	0.7058823529411765	1.0	0.6	0.9375	True	True	False	small
17_-_1543019_1543027	24hr	3	3	1.0	0.9777898158179849	-0.022210184182015147	0.022210184182015147	0.0	0.01991113320638038	1.0	1.0	0.9615384615384616	1.0	True	True	False	small
10_+_90895453_90895483	24hr	3	3	0.10897435897435896	0.4962650731706712	0.3872907141963122	0.3872907141963122	0.12804477150921909	0.08927277347942901	0.0	0.25	0.3932038834951456	0.549645390070922	True	True	True	strong
3_-_112125225_112125254	24hr	2	0	1.0				0.0		1.0	1.0			False	False	False	not_testable
2_+_272036_272065	24hr	3	3	0.08057940844826088	0.0092366703556505	-0.07134273809261038	0.07134273809261038	0.04340210368837335	0.005649077076332723	0.0317460317460317	0.1147540983606557	0.0028328611898017	0.0135135135135135	True	True	True	small
19_-_39390259_39390289	24hr	3	3	0.32455296168054	0.6700053704379231	0.3454524087573831	0.3454524087573831	0.15830682675258917	0.09401489995296614	0.1836734693877551	0.4958677685950413	0.5982142857142857	0.7764227642276422	True	True	True	strong
14_+_105468337_105468349	24hr	3	3	0.08149058149058147	0.15230824996375233	0.07081766847317086	0.07081766847317086	0.07197311910015129	0.03289197881401186	0.0	0.1363636363636363	0.13	0.1900826446280991	True	True	False	small
19_+_39458293_39458305	24hr	3	3	0.9908743795341733	0.9729859581373003	-0.017888421396873078	0.017888421396873078	0.011631135345743143	0.00960833421098216	0.9777777777777776	1.0	0.96218487394958	0.9805825242718448	True	True	False	small
5_-_141588223_141588250	24hr	3	3	0.2622568559419411	0.15941123030408744	-0.10284562563785365	0.10284562563785365	0.12348752100411846	0.010359085996266521	0.1325301204819277	0.3783783783783784	0.1476923076923077	0.1673469387755102	True	True	False	exploratory
4_+_159243773_159243791	24hr	0	3		1.0				0.0			1.0	1.0	False	False	False	not_testable
6_-_32181605_32181632	24hr	3	3	0.44051932367149754	0.3723355040745881	-0.06818381959690945	0.06818381959690945	0.24536960666275687	0.06833934250647639	0.25	0.717391304347826	0.3157894736842105	0.4482758620689655	True	True	False	small
17_-_15993756_15993778	24hr	3	3	1.0	1.0	0.0	0.0	0.0	0.0	1.0	1.0	1.0	1.0	True	True	False	small
2_+_101868028_101868037	24hr	3	3	0.07086077674312963	0.4002760524499654	0.32941527570683576	0.32941527570683576	0.08299099693073872	0.26201998572872953	0.0	0.1621621621621621	0.1428571428571428	0.6666666666666666	True	True	False	strong
1_+_28457831_28457855	24hr	2	3	0.15625	0.33809523809523806	0.18184523809523806	0.18184523809523806	0.2209708691207961	0.07867957924694428	0.0	0.3125	0.2857142857142857	0.4285714285714285	True	False	False	exploratory
11_+_5708576_5708603	24hr	3	3	1.0	1.0	0.0	0.0	0.0	0.0	1.0	1.0	1.0	1.0	True	True	False	small
16_-_70679314_70679323	24hr	3	2	1.0	0.46753246753246747	-0.5324675324675325	0.5324675324675325	0.0	0.1469312792075943	1.0	1.0	0.3636363636363636	0.5714285714285714	True	False	True	strong
19_+_1106241_1106266	24hr	3	3	0.9753585677185203	0.9826934365463093	0.007334868827788998	0.007334868827788998	0.02408565611234544	0.0031522144935699605	0.947565543071161	0.990138067061144	0.980744544287548	0.9863301787592008	True	True	False	small
14_+_55061679_55061701	24hr	3	3	0.8193214570056774	0.9742802448870229	0.15495878788134554	0.15495878788134554	0.09321132455409084	0.01523546197372029	0.7129629629629629	0.8867924528301887	0.9652173913043478	0.991869918699187	True	True	True	exploratory
14_+_103465423_103465450	24hr	3	3	0.46349206349206346	0.0	-0.46349206349206346	0.46349206349206346	0.08469410521875624	0.0	0.3666666666666666	0.5238095238095238	0.0	0.0	True	True	True	strong
5_-_132706450_132706459	24hr	1	3	1.0	0.7222222222222222				0.2545875386086578	1.0	1.0	0.5	1.0	False	False	False	not_testable
12_-_57305639_57305663	24hr	3	3	0.1054673238408178	0.4608225108225108	0.355355186981693	0.355355186981693	0.09193593401562618	0.09659428917170301	0.0	0.1686746987951807	0.3809523809523809	0.5681818181818182	True	True	True	strong
20_+_58659622_58659634	24hr	3	3	0.23215360304781696	0.17499963943552646	-0.0571539636122905	0.0571539636122905	0.07152758594902812	0.06365479238195253	0.1497175141242938	0.2777777777777778	0.1101694915254237	0.237410071942446	True	True	False	small
19_+_45009813_45009822	24hr	3	3	0.9597701149425287	0.9316854232642274	-0.0280846916783013	0.0280846916783013	0.06968020490219623	0.03345794806536705	0.8793103448275862	1.0	0.8934426229508197	0.9555555555555556	True	True	False	small
2_+_69921735_69921765	24hr	3	2	1.0	1.0	0.0	0.0	0.0	0.0	1.0	1.0	1.0	1.0	True	False	False	small
3_+_56559568_56559594	24hr	3	3	0.5038594149705261	0.8680961663417803	0.3642367513712542	0.3642367513712542	0.09731792235333765	0.11493262907189307	0.4054054054054054	0.6	0.7894736842105263	1.0	True	True	True	strong
10_+_6228195_6228218	24hr	3	3	0.027777777777777766	0.031937734836285536	0.00415995705850777	0.00415995705850777	0.048112522432468795	0.03807559272403539	0.0	0.0833333333333333	0.0	0.074074074074074	True	True	False	small
22_-_29329711_29329720	24hr	3	3	0.5686783804430863	0.4040429505135387	-0.16463542992954755	0.16463542992954755	0.07677323841192839	0.046380975162535996	0.5194805194805194	0.6571428571428571	0.3542857142857142	0.446078431372549	True	True	True	exploratory
1_-_173864674_173864704	24hr	3	3	0.0161533923198723	0.0182556604422372	0.0021022681223649003	0.0021022681223649003	0.002349327868520693	0.0028074480905816226	0.0134865134865134	0.0179171332586786	0.0160528800755429	0.0214168039538715	True	True	False	small
3_+_133587158_133587161	24hr	3	3	0.28362999452654625	0.10077819426815994	-0.18285180025838632	0.18285180025838632	0.17721988292126634	0.03400195811367542	0.1724137931034483	0.488	0.0616740088105726	0.1233766233766233	True	True	True	exploratory
6_-_85538837_85538864	24hr	3	3	0.5695806100217865	0.20912698412698408	-0.36045362589480245	0.36045362589480245	0.2779003998540212	0.06645729594581266	0.3823529411764705	0.8888888888888888	0.1666666666666666	0.2857142857142857	True	True	True	strong
17_-_29578961_29578988	24hr	3	3	0.03174603174603174	0.08849607182940515	0.056750040083373414	0.056750040083373414	0.05498573992282148	0.03245900101094108	0.0	0.0952380952380952	0.0518518518518518	0.1136363636363636	True	True	False	small
5_+_32586491_32586501	24hr	3	3	0.6422147722435079	0.0896851286728167	-0.5525296435706912	0.5525296435706912	0.2738668103741617	0.03562394123912025	0.396551724137931	0.9375	0.0490196078431372	0.1153846153846153	True	True	True	strong
2_-_156326311_156326328	24hr	3	3	0.0014214641080312668	0.029978354978354934	0.02855689087032367	0.02855689087032367	0.002462048056245729	0.027350564044875417	0.0	0.0042643923240938	0.0	0.0535714285714285	True	True	False	small
16_+_31183486_31183489	24hr	3	3	0.06025641025641023	0.04675489315424194	-0.013501517102168292	0.013501517102168292	0.07922827977169423	0.013176883157380694	0.0	0.15	0.037037037037037	0.0617529880478087	True	True	False	small
17_-_41896619_41896649	24hr	3	3	1.0	0.824162217552678	-0.17583778244732196	0.17583778244732196	0.0	0.0364384430018679	1.0	1.0	0.7843866171003717	0.8559322033898306	True	True	True	exploratory
12_-_88130544_88130565	24hr	3	3	1.0	1.0	0.0	0.0	0.0	0.0	1.0	1.0	1.0	1.0	True	True	False	small
2_-_121409023_121409047	24hr	3	3	0.7836257309941521	0.4194266381766381	-0.364199092817514	0.364199092817514	0.1875908179221689	0.272942425115486	0.6666666666666666	1.0	0.1923076923076923	0.7222222222222222	True	True	False	strong
1_-_1388491_1388510	24hr	3	3	0.0717115739529187	0.0	-0.0717115739529187	0.0717115739529187	0.040113613370464755	0.0	0.0333333333333333	0.1133603238866396	0.0	0.0	True	True	True	small
12_-_110499534_110499546	24hr	2	3	0.5	0.9027288165709776	0.4027288165709776	0.4027288165709776	0.7071067811865476	0.049605537697231195	0.0	1.0	0.8454545454545455	0.9320388349514565	True	False	False	strong
1_+_28737657_28737682	24hr	3	3	0.9693459693459694	0.9901315789473685	0.02078560960139908	0.02078560960139908	0.03261912063518879	0.012499141473688016	0.935064935064935	1.0	0.9760765550239234	1.0	True	True	False	small
X_+_150712341_150712365	24hr	3	3	1.0	0.8585417258690917	-0.14145827413090828	0.14145827413090828	0.0	0.048663827194076706	1.0	1.0	0.8194444444444444	0.9130434782608696	True	True	True	exploratory
10_-_103105357_103105381	24hr	3	3	0.936936936936937	0.33173726615972354	-0.6051996707772135	0.6051996707772135	0.10922842930614539	0.14896939385711047	0.8108108108108109	1.0	0.1951219512195122	0.490566037735849	True	True	True	strong
20_+_49096175_49096200	24hr	3	3	0.0	0.0374561539717235	0.0374561539717235	0.0374561539717235	0.0	0.024867517028067443	0.0	0.0	0.0169491525423728	0.0651162790697674	True	True	True	small
2_-_70289349_70289372	24hr	3	3	0.9891633211147961	0.9712762309185247	-0.017887090196271438	0.017887090196271438	0.00951183626932195	0.01006282392079752	0.9821958456973294	1.0	0.9598214285714286	0.9786921381337252	True	True	True	small
1_+_172577538_172577559	24hr	3	3	1.0	0.9487179487179488	-0.05128205128205121	0.05128205128205121	0.0	0.0888231183368655	1.0	1.0	0.8461538461538461	1.0	True	True	False	small
7_-_43887789_43887816	24hr	2	3	1.0	0.9333333333333332	-0.06666666666666676	0.06666666666666676	0.0	0.11547005383792512	1.0	1.0	0.8	1.0	True	False	False	small
4_+_27007982_27008006	24hr	3	3	0.5048948670891573	0.14603174603174598	-0.35886312105741136	0.35886312105741136	0.16915544766542312	0.0667233319269324	0.3414634146341463	0.6792452830188679	0.0714285714285714	0.2	True	True	True	strong
1_-_155203512_155203539	24hr	3	2	0.9655172413793104	1.0	0.03448275862068961	0.03448275862068961	0.05972588991616817	0.0	0.896551724137931	1.0	1.0	1.0	True	False	False	small
5_+_176099020_176099045	24hr	3	1	1.0	1.0			0.0		1.0	1.0	1.0	1.0	False	False	False	not_testable
X_-_23734340_23734367	24hr	3	3	1.0	0.9391078270388616	-0.06089217296113836	0.06089217296113836	0.0	0.019542701981950225	1.0	1.0	0.9166666666666666	0.9523809523809524	True	True	True	small
1_-_205115857_205115883	24hr	1	3	1.0	1.0				0.0	1.0	1.0	1.0	1.0	False	False	False	not_testable
17_+_45234831_45234849	24hr	3	3	0.13661794458895904	0.14414309371965084	0.0075251491306917995	0.0075251491306917995	0.05484641140618994	0.026073662029592416	0.0769230769230769	0.1847826086956521	0.1275167785234899	0.1741935483870967	True	True	False	small
11_+_118364677_118364703	24hr	3	3	0.5074074074074074	0.06349206349206347	-0.44391534391534393	0.44391534391534393	0.4576285265504732	0.10997147984564296	0.0	0.8888888888888888	0.0	0.1904761904761904	True	True	False	strong
15_+_40854059_40854086	24hr	0	3		1.0				0.0			1.0	1.0	False	False	False	not_testable
10_+_89013342_89013367	24hr	0	3		0.25810428119273693				0.05032018064080713			0.2	0.2873563218390804	False	False	False	not_testable
1_+_78620943_78620971	24hr	2	2	0.2727272727272727	0.21428571428571425	-0.05844155844155846	0.05844155844155846	0.385694607919935	0.3030457633656632	0.0	0.5454545454545454	0.0	0.4285714285714285	True	False	False	small
4_-_82899712_82899737	24hr	3	3	0.6198879551820728	0.0	-0.6198879551820728	0.6198879551820728	0.1384549947141068	0.0	0.5	0.7714285714285715	0.0	0.0	True	True	True	strong
1_+_161339561_161339588	24hr	3	3	0.26809269162210336	0.005578800557880033	-0.26251389106422335	0.26251389106422335	0.2503595363331791	0.009662766011541816	0.0588235294117647	0.5454545454545454	0.0	0.0167364016736401	True	True	True	strong
14_-_65101545_65101572	24hr	3	3	0.8998694885361552	0.8098658696665342	-0.09000361886962105	0.09000361886962105	0.08459637863670637	0.031081507314434837	0.8148148148148148	0.984	0.7760617760617761	0.8372093023255814	True	True	False	small
14_-_21263310_21263336	24hr	3	3	0.2662915757673248	0.9222332079142245	0.6559416321468996	0.6559416321468996	0.035171353339094054	0.0060701045151810105	0.2273901808785529	0.295843520782396	0.9170476812540824	0.9289099526066352	True	True	True	strong
5_-_177310667_177310697	24hr	2	3	1.0	1.0	0.0	0.0	0.0	0.0	1.0	1.0	1.0	1.0	True	False	False	small
3_+_37337142_37337163	24hr	3	3	0.9102564102564102	0.9493797519007603	0.03912334164435005	0.03912334164435005	0.15544045708951465	0.06392016877836956	0.7307692307692307	1.0	0.8775510204081632	1.0	True	True	False	small
1_+_39436481_39436490	24hr	3	3	0.8094325852946542	0.9937106918238993	0.18427810652924503	0.18427810652924503	0.10120870859981577	0.0108934013054647	0.6984126984126984	0.896551724137931	0.981132075471698	1.0	True	True	True	exploratory
18_+_51049294_51049324	24hr	1	3	1.0	1.0				0.0	1.0	1.0	1.0	1.0	False	False	False	not_testable
12_-_68316580_68316610	24hr	1	2	0.8	0.75				0.3535533905932738	0.8	0.8	0.5	1.0	False	False	False	not_testable
8_+_144242601_144242628	24hr	3	3	0.8271873790166473	0.6917402438558269	-0.1354471351608204	0.1354471351608204	0.13423432668884475	0.1566896591105759	0.7142857142857143	0.975609756097561	0.5294117647058824	0.8421052631578947	True	True	False	exploratory
11_+_70350993_70351023	24hr	2	3	0.569327731092437	0.15822423775705197	-0.411103493335385	0.411103493335385	0.30601680026140504	0.11673115399689246	0.3529411764705882	0.7857142857142857	0.0689655172413793	0.2903225806451613	True	False	True	strong
11_+_62141499_62141511	24hr	2	3	0.8529411764705883	0.5385964912280702	-0.31434468524251813	0.31434468524251813	0.2079725827019257	0.24440177024746026	0.7058823529411765	1.0	0.3157894736842105	0.8	True	False	False	strong
19_+_35009422_35009443	24hr	3	3	0.9722160916157826	1.0	0.027783908384217404	0.027783908384217404	0.029060129900026068	0.0	0.9420289855072465	1.0	1.0	1.0	True	True	False	small
17_+_67553609_67553617	24hr	3	3	1.0	1.0	0.0	0.0	0.0	0.0	1.0	1.0	1.0	1.0	True	True	False	small
15_-_50346371_50346395	24hr	2	3	0.18039215686274504	0.4212171311604472	0.24082497429770214	0.24082497429770214	0.1608321306228226	0.11642203378170245	0.0666666666666666	0.2941176470588235	0.293103448275862	0.5205479452054794	True	False	False	strong
17_+_42985650_42985656	24hr	3	3	0.3333333333333333	0.3618903971845148	0.028557063851181508	0.028557063851181508	0.5773502691896258	0.19684045760908842	0.0	1.0	0.2307692307692307	0.5882352941176471	True	True	False	small
16_+_19575097_19575122	24hr	2	3	1.0	1.0	0.0	0.0	0.0	0.0	1.0	1.0	1.0	1.0	True	False	False	small
10_+_78040203_78040225	24hr	3	3	0.7310387120489756	0.07154170214987267	-0.659497009899103	0.659497009899103	0.024080731496342628	0.008935784795189226	0.7057627118644068	0.7537128712871287	0.0614406779661017	0.0784157363104731	True	True	True	strong
5_-_151110626_151110644	24hr	3	3	0.8310847274689692	0.9076309436566947	0.0765462161877255	0.0765462161877255	0.1652671893582627	0.039766204118869906	0.6697247706422018	1.0	0.8814432989690721	0.9533898305084746	True	True	False	small
10_+_99750368_99750396	24hr	3	3	1.0	0.8644911171333937	-0.13550888286660634	0.13550888286660634	0.0	0.05588561853975068	1.0	1.0	0.8148148148148148	0.925	True	True	True	exploratory
8_-_27290155_27290178	24hr	2	3	0.6053639846743295	0.9714285714285715	0.366064586754242	0.366064586754242	0.07043975598026907	0.049487165930539305	0.5555555555555556	0.6551724137931034	0.9142857142857144	1.0	True	False	True	strong
11_-_5667688_5667711	24hr	1	3	1.0	0.9259259259259259				0.12830005981991682	1.0	1.0	0.7777777777777778	1.0	False	False	False	not_testable
9_+_128162003_128162007	24hr	3	3	0.06151354446319637	0.1885284421048797	0.12701489764168333	0.12701489764168333	0.05359869777140832	0.09718018094393731	0.0038167938931297	0.1097560975609756	0.1129032258064516	0.2981366459627329	True	True	True	exploratory
11_-_78441090_78441117	24hr	2	3	0.6958041958041958	0.5365614347812491	-0.15924276102294677	0.15924276102294677	0.2126265146225283	0.02807442135310432	0.5454545454545454	0.8461538461538461	0.5098039215686274	0.5657894736842105	True	False	False	exploratory
13_+_25319325_25319350	24hr	3	3	0.13015873015873014	0.9869791666666666	0.8568204365079365	0.8568204365079365	0.11282130567566259	0.022552744890219755	0.0	0.2	0.9609375	1.0	True	True	True	strong
10_-_26771074_26771089	24hr	3	3	0.08819603356216626	0.007018321513002333	-0.08117771204916394	0.08117771204916394	0.03620012960725869	0.006079054839589426	0.0526315789473684	0.125	0.0	0.0106382978723404	True	True	True	small
2_+_237987962_237987992	24hr	3	3	1.0	0.9872430972740048	-0.012756902725995167	0.012756902725995167	0.0	0.008732973524501033	1.0	1.0	0.9809160305343512	0.9972067039106144	True	True	True	small
1_-_173865541_173865547	24hr	3	3	0.0014181770214416998	0.0019690819906616665	0.0005509049692199667	0.0005509049692199667	0.0012370681299190979	0.0010336360350357533	0.0	0.0022753128555176	0.0008410428931875	0.0028708133971291	True	True	False	small
17_-_16151589_16151616	24hr	3	3	0.2159090909090909	0.3407193958664547	0.12481030495736381	0.12481030495736381	0.19384911487763615	0.1810751171758186	0.0	0.375	0.1875	0.5405405405405406	True	True	False	exploratory
19_-_14152132_14152150	24hr	3	3	0.7839937071010797	0.5613819999065901	-0.22261170719448964	0.22261170719448964	0.1224276350731627	0.04723145495630658	0.6511627906976745	0.8923076923076924	0.5277777777777778	0.6153846153846154	True	True	True	strong
12_-_6330266_6330295	24hr	3	3	0.557422969187675	0.5810799872433378	0.023657018055662782	0.023657018055662782	0.4292574286720566	0.03351840324608796	0.1428571428571428	1.0	0.5447154471544715	0.610738255033557	True	True	False	small
3_-_180986997_180987022	24hr	3	3	0.08940825497526524	0.15502831974585998	0.06562006477059475	0.06562006477059475	0.07556649290794452	0.020652397181256967	0.0329670329670329	0.1752577319587628	0.1322751322751322	0.1725888324873096	True	True	False	small
2_+_241324215_241324241	24hr	3	3	0.9535330261136713	0.9800986773912683	0.026565651277597024	0.026565651277597024	0.05496651515515226	0.022908742969429664	0.8928571428571429	1.0	0.9550561797752808	1.0	True	True	False	small
22_+_30023456_30023483	24hr	3	3	0.4352770885028949	0.3078703703703704	-0.12740671813252452	0.12740671813252452	0.2469857923495381	0.028065638085606793	0.2307692307692307	0.7096774193548387	0.2777777777777778	0.3333333333333333	True	True	False	exploratory
1_-_58690225_58690249	24hr	3	3	0.4368131868131868	0.4195090439276486	-0.01730414288553822	0.01730414288553822	0.42374536890039666	0.02107448614576674	0.0	0.8461538461538461	0.4	0.4418604651162791	True	True	False	small
15_-_52348817_52348826	24hr	3	3	0.9509803921568628	0.6868686868686869	-0.26411170528817596	0.26411170528817596	0.08490445135141557	0.3351648489502436	0.8529411764705882	1.0	0.3333333333333333	1.0	True	True	False	strong
8_-_124580550_124580562	24hr	0	0											False	False	False	not_testable
12_+_62566013_62566031	24hr	2	3	0.7708333333333333	0.2835249042145594	-0.48730842911877387	0.48730842911877387	0.14731391274719743	0.26219328905633144	0.6666666666666666	0.875	0.0	0.5172413793103449	True	False	True	strong
15_-_78294945_78294973	24hr	2	3	1.0	0.9929078014184398	-0.007092198581560183	0.007092198581560183	0.0	0.012284048280630289	1.0	1.0	0.9787234042553192	1.0	True	False	False	small
19_+_2097928_2097955	24hr	2	2	0.6111111111111112	0.7222222222222222	0.11111111111111105	0.11111111111111105	0.5499719409228703	0.3928371006591931	0.2222222222222222	1.0	0.4444444444444444	1.0	True	False	False	exploratory
20_-_50945736_50945762	24hr	3	3	0.6152293776910448	0.6487581699346405	0.03352879224359573	0.03352879224359573	0.0033742981634860398	0.044585895627879346	0.6113744075829384	0.6176470588235294	0.6188235294117647	0.7	True	True	True	small
12_-_42322417_42322446	24hr	3	3	0.4367955721679126	0.008872532237818068	-0.4279230399300945	0.4279230399300945	0.1621819132510978	0.008061713809195577	0.2553191489361702	0.5675675675675675	0.0	0.0157480314960629	True	True	True	strong
17_-_75146665_75146684	24hr	3	3	1.0	1.0	0.0	0.0	0.0	0.0	1.0	1.0	1.0	1.0	True	True	False	small
1_+_222648828_222648850	24hr	3	3	0.9866666666666667	1.0	0.013333333333333308	0.013333333333333308	0.023094010767585053	0.0	0.96	1.0	1.0	1.0	True	True	False	small
20_+_32367726_32367729	24hr	3	3	0.9577352472089314	0.8919753086419754	-0.06575993856695606	0.06575993856695606	0.06215876989183132	0.036756972208993224	0.8863636363636364	1.0	0.8529411764705882	0.925925925925926	True	True	False	small
17_-_10729030_10729060	24hr	1	2	1.0	1.0				0.0	1.0	1.0	1.0	1.0	False	False	False	not_testable
10_-_71823887_71823896	24hr	3	3	0.19583550931319374	0.05656952753806987	-0.13926598177512386	0.13926598177512386	0.09542104809326986	0.02862192227451843	0.0909090909090909	0.2774193548387096	0.0301204819277108	0.0869565217391304	True	True	True	exploratory
17_-_7676381_7676403	24hr	3	3	0.5188120337374068	0.5514118646788981	0.032599830941491326	0.032599830941491326	0.1024513206137568	0.0381652017696784	0.4230769230769231	0.6268656716417911	0.5262321144674086	0.5953237410071942	True	True	False	small
6_+_31587943_31587966	24hr	3	3	0.6639249639249639	0.5324074074074073	-0.1315175565175566	0.1315175565175566	0.2525670136567699	0.21531511026358308	0.3857142857142857	0.8787878787878788	0.375	0.7777777777777778	True	True	False	exploratory
6_+_169766637_169766667	24hr	3	3	0.9871794871794872	0.9722222222222222	-0.014957264957265015	0.014957264957265015	0.02220577958421636	0.048112522432468836	0.9615384615384616	1.0	0.9166666666666666	1.0	True	True	False	small
11_+_64354003_64354028	24hr	3	3	0.06986598127251316	0.1108936420093029	0.04102766073678975	0.04102766073678975	0.036226656645639135	0.011062437480641606	0.0313199105145413	0.1032110091743119	0.0981595092024539	0.1181318681318681	True	True	False	small
12_+_105348601_105348626	24hr	1	2	1.0	1.0				0.0	1.0	1.0	1.0	1.0	False	False	False	not_testable
17_-_1515568_1515585	24hr	3	3	0.03993055555555553	0.09214865550481988	0.052218099949264345	0.052218099949264345	0.048393610641549845	0.06535815803718432	0.0	0.09375	0.025	0.1555555555555555	True	True	False	small
9_+_128609650_128609665	24hr	3	3	0.466284348864994	0.04771687467267457	-0.41856747419231943	0.41856747419231943	0.05445907591878369	0.028974721137076546	0.4111111111111111	0.52	0.0142857142857142	0.0655737704918032	True	True	True	strong
22_+_17097061_17097086	24hr	3	3	1.0	1.0	0.0	0.0	0.0	0.0	1.0	1.0	1.0	1.0	True	True	False	small
16_-_67236410_67236434	24hr	2	3	0.6451612903225806	0.13733503618561083	-0.5078262541369698	0.5078262541369698	0.5018177156807757	0.04815091463901464	0.2903225806451613	1.0	0.0888888888888888	0.1851851851851851	True	False	True	strong
11_-_47635544_47635571	24hr	3	3	1.0	0.9537181915984698	-0.04628180840153018	0.04628180840153018	0.0	0.012585122165348038	1.0	1.0	0.9391891891891893	0.9612403100775194	True	True	True	small
19_-_3017839_3017859	24hr	3	2	0.8690476190476191	1.0	0.13095238095238093	0.13095238095238093	0.2268161771816387	0.0	0.6071428571428571	1.0	1.0	1.0	True	False	False	exploratory
1_-_32634767_32634792	24hr	3	3	0.3947368421052631	0.30778050778050775	-0.08695633432475536	0.08695633432475536	0.3540427380808871	0.20885086148024642	0.0	0.6842105263157895	0.0666666666666666	0.4324324324324324	True	True	False	small
19_+_10808568_10808580	24hr	3	3	0.9733333333333333	0.8831842507192668	-0.09014908261406651	0.09014908261406651	0.046188021535170036	0.05953167141813915	0.92	1.0	0.848314606741573	0.9519230769230768	True	True	False	small
12_-_6549475_6549484	24hr	2	3	0.5	0.6416666666666667	0.14166666666666672	0.14166666666666672	0.7071067811865476	0.3412599204907212	0.0	1.0	0.25	0.875	True	False	False	exploratory
16_-_28905866_28905878	24hr	3	3	0.9833333333333334	1.0	0.016666666666666607	0.016666666666666607	0.028867513459481315	0.0	0.95	1.0	1.0	1.0	True	True	False	small
13_-_21425651_21425678	24hr	3	3	1.0	0.9909090909090909	-0.00909090909090915	0.00909090909090915	0.0	0.01574591643244431	1.0	1.0	0.9727272727272728	1.0	True	True	False	small
14_+_55137369_55137391	24hr	1	3	1.0	1.0				0.0	1.0	1.0	1.0	1.0	False	False	False	not_testable
11_+_112230207_112230230	24hr	3	3	0.6334659593280283	0.5544420085603926	-0.07902395076763569	0.07902395076763569	0.23368054187580178	0.06829200642102949	0.45	0.896551724137931	0.5	0.6310679611650486	True	True	False	small
17_-_8589080_8589108	24hr	0	0											False	False	False	not_testable
19_+_18122106_18122127	24hr	3	3	0.2857142857142857	0.8518518518518517	0.566137566137566	0.566137566137566	0.49487165930539345	0.25660011963983365	0.0	0.8571428571428571	0.5555555555555556	1.0	True	True	False	strong
10_-_31839304_31839319	24hr	3	2	0.9824561403508772	0.0	-0.9824561403508772	0.9824561403508772	0.030386856273138165	0.0	0.9473684210526316	1.0	0.0	0.0	True	False	True	strong
19_+_53563762_53563792	24hr	3	3	0.11946267432321574	0.06388888888888887	-0.05557378543432687	0.05557378543432687	0.07910365285989793	0.06254627916220945	0.0377358490566037	0.1956521739130435	0.0	0.125	True	True	False	small
16_+_57062158_57062173	24hr	3	3	0.2836302552063663	0.10960626674912387	-0.17402398845724243	0.17402398845724243	0.031395068642548526	0.039536992772214154	0.2486187845303867	0.3092783505154639	0.0757575757575757	0.1530612244897959	True	True	True	exploratory
20_-_63943652_63943669	24hr	3	3	1.0	0.996031746031746	-0.003968253968253954	0.003968253968253954	0.0	0.006873217490352727	1.0	1.0	0.988095238095238	1.0	True	True	False	small
6_-_34247466_34247492	24hr	2	3	1.0	0.9503424112119765	-0.04965758878802351	0.04965758878802351	0.0	0.024761028749291484	1.0	1.0	0.9230769230769232	0.9714285714285714	True	False	True	small
14_+_39279336_39279358	24hr	3	3	1.0	1.0	0.0	0.0	0.0	0.0	1.0	1.0	1.0	1.0	True	True	False	small
3_+_184180644_184180650	24hr	3	3	0.20879508939301492	0.18683200993449756	-0.02196307945851736	0.02196307945851736	0.0772826637047588	0.010332295725267619	0.1272727272727272	0.2809917355371901	0.1805714285714285	0.1987577639751552	True	True	False	small
14_+_52004239_52004242	24hr	3	3	0.03009078668307877	0.0058801607257066004	-0.024210625957372167	0.024210625957372167	0.04759843815683571	0.00787336229378296	0.0	0.0849673202614379	0.0011933174224343	0.0149700598802395	True	True	False	small
X_-_48998153_48998180	24hr	3	3	0.9869791666666666	0.9856546303119625	-0.0013245363547040867	0.0013245363547040867	0.022552744890219755	0.01323695920542843	0.9609375	1.0	0.9739130434782608	1.0	True	True	False	small
9_+_128627924_128627942	24hr	3	3	0.8596598520589435	0.6515228895311242	-0.2081369625278192	0.2081369625278192	0.042358047425289834	0.025327532154293893	0.8247422680412371	0.9067796610169492	0.6293103448275862	0.6791044776119403	True	True	True	strong
19_-_6479986_6479990	24hr	3	3	0.11399785896430187	0.11747157491838339	0.0034737159540815243	0.0034737159540815243	0.027864377073949096	0.01855182894181851	0.087248322147651	0.1428571428571428	0.1063829787234042	0.1388888888888889	True	True	False	small
16_+_3067983_3068010	24hr	3	3	0.9691289294351525	0.9864946977515875	0.017365768316434993	0.017365768316434993	0.018119802485144252	0.0031951758503157486	0.950375939849624	0.9865410497981156	0.9843436370935368	0.9901661580196676	True	True	False	small
3_+_180915675_180915696	24hr	3	0	0.9242424242424243				0.08436006610348516		0.8333333333333334	1.0			False	False	False	not_testable
9_+_131232283_131232308	24hr	3	3	0.9165362545644236	0.9965986394557822	0.08006238489135864	0.08006238489135864	0.12099094800329437	0.0058913292774452316	0.7777777777777778	1.0	0.9897959183673468	1.0	True	True	False	small
12_-_76049755_76049785	24hr	3	3	0.8327128499699885	0.9163896854210334	0.08367683545104487	0.08367683545104487	0.034194040046538546	0.00812879190211911	0.7985004686035614	0.8668885191347754	0.907312925170068	0.9229984701682816	True	True	True	small
19_+_55343977_55343997	24hr	3	2	1.0	1.0	0.0	0.0	0.0	0.0	1.0	1.0	1.0	1.0	True	False	False	small
18_+_35972884_35972907	24hr	3	3	0.43948615177889055	0.841726518130188	0.4022403663512974	0.4022403663512974	0.1873614725856069	0.016691762655999618	0.2231404958677686	0.5481481481481482	0.824	0.8571428571428571	True	True	True	strong
5_+_176103755_176103780	24hr	3	2	1.0	1.0	0.0	0.0	0.0	0.0	1.0	1.0	1.0	1.0	True	False	False	small
16_+_31182397_31182422	24hr	3	3	1.0	1.0	0.0	0.0	0.0	0.0	1.0	1.0	1.0	1.0	True	True	False	small
2_+_169614463_169614493	24hr	3	3	0.9624413145539906	0.9688123076054111	0.006370993051420526	0.006370993051420526	0.06505355145798598	0.02219877467771067	0.8873239436619719	1.0	0.9448275862068966	0.9886363636363636	True	True	False	small
10_-_68073656_68073686	24hr	3	3	1.0	1.0	0.0	0.0	0.0	0.0	1.0	1.0	1.0	1.0	True	True	False	small
5_+_111094919_111094947	24hr	3	3	1.0	1.0	0.0	0.0	0.0	0.0	1.0	1.0	1.0	1.0	True	True	False	small
15_+_44716328_44716356	24hr	3	3	0.3969342655657592	0.3949213703139998	-0.0020128952517594056	0.0020128952517594056	0.01690246658146208	0.013262277346059002	0.381940176193403	0.4152514922955902	0.3841818293205906	0.4097454887439017	True	True	False	small
15_-_48166120_48166128	24hr	1	0	1.0						1.0	1.0			False	False	False	not_testable
22_-_27897129_27897137	24hr	3	3	1.0	0.9984848484848485	-0.0015151515151514694	0.0015151515151514694	0.0	0.0026243194054073105	1.0	1.0	0.9954545454545456	1.0	True	True	False	small
2_-_95901177_95901206	24hr	1	0	1.0						1.0	1.0			False	False	False	not_testable
16_+_81693157_81693184	24hr	3	3	1.0	1.0	0.0	0.0	0.0	0.0	1.0	1.0	1.0	1.0	True	True	False	small
19_+_18433584_18433613	24hr	3	3	0.9131742961530196	0.9860455670741142	0.07287127092109458	0.07287127092109458	0.01541700987229811	0.021858724717612465	0.896969696969697	0.9276595744680852	0.9608540925266904	1.0	True	True	True	small
16_-_23478882_23478911	24hr	3	3	1.0	1.0	0.0	0.0	0.0	0.0	1.0	1.0	1.0	1.0	True	True	False	small
1_+_43958241_43958268	24hr	0	3		1.0				0.0			1.0	1.0	False	False	False	not_testable
19_+_45070536_45070561	24hr	3	3	1.0	1.0	0.0	0.0	0.0	0.0	1.0	1.0	1.0	1.0	True	True	False	small
9_+_130200957_130200982	24hr	0	3		1.0				0.0			1.0	1.0	False	False	False	not_testable
8_+_2142374_2142397	24hr	0	1		0.0							0.0	0.0	False	False	False	not_testable
1_+_223757368_223757380	24hr	3	3	1.0	1.0	0.0	0.0	0.0	0.0	1.0	1.0	1.0	1.0	True	True	False	small
11_+_118349026_118349050	24hr	3	3	1.0	0.9919840924625615	-0.008015907537438527	0.008015907537438527	0.0	0.008275668233256966	1.0	1.0	0.9834710743801652	1.0	True	True	False	small
6_+_144846804_144846827	24hr	3	3	1.0	1.0	0.0	0.0	0.0	0.0	1.0	1.0	1.0	1.0	True	True	False	small
1_-_228397142_228397165	24hr	3	3	1.0	1.0	0.0	0.0	0.0	0.0	1.0	1.0	1.0	1.0	True	True	False	small
15_-_50578638_50578664	24hr	3	3	1.0	0.9862765586903518	-0.013723441309648199	0.013723441309648199	0.0	0.012125415142259715	1.0	1.0	0.9770114942528736	1.0	True	True	False	small
20_+_45813436_45813464	24hr	0	3		1.0				0.0			1.0	1.0	False	False	False	not_testable
15_+_42402123_42402135	24hr	3	3	0.800358422939068	0.1238095238095238	-0.6765488991295442	0.6765488991295442	0.28997656268461786	0.15670935878004127	0.4677419354838709	1.0	0.0	0.3	True	True	True	strong
2_+_205766782_205766803	24hr	0	0											False	False	False	not_testable
14_-_75022994_75023018	24hr	1	3	1.0	1.0				0.0	1.0	1.0	1.0	1.0	False	False	False	not_testable
11_-_62852655_62852681	24hr	3	3	0.24504283865963813	0.0222222222222222	-0.22282061643741594	0.22282061643741594	0.025901167889486792	0.020971762320196496	0.2265625	0.2746478873239437	0.0	0.0416666666666666	True	True	True	strong
22_+_31192683_31192702	24hr	2	3	1.0	1.0	0.0	0.0	0.0	0.0	1.0	1.0	1.0	1.0	True	False	False	small
22_-_41468123_41468147	24hr	3	3	0.9759744188056348	0.9982683982683982	0.022293979462763347	0.022293979462763347	0.020864835157092018	0.0029992221776084464	0.962406015037594	1.0	0.9948051948051948	1.0	True	True	False	small
19_+_17861292_17861307	24hr	3	3	0.032020298200669504	0.0089285714285714	-0.023091726772098104	0.023091726772098104	0.006031811128787793	0.015464739353293499	0.0275862068965517	0.0388888888888888	0.0	0.0267857142857142	True	True	True	small
10_-_24666984_24667009	24hr	1	2	1.0	1.0				0.0	1.0	1.0	1.0	1.0	False	False	False	not_testable
11_+_118307287_118307308	24hr	3	3	1.0	1.0	0.0	0.0	0.0	0.0	1.0	1.0	1.0	1.0	True	True	False	small
10_-_114440081_114440089	24hr	3	3	1.0	1.0	0.0	0.0	0.0	0.0	1.0	1.0	1.0	1.0	True	True	False	small
2_+_97207810_97207839	24hr	2	0	1.0				0.0		1.0	1.0			False	False	False	not_testable
5_-_177740776_177740801	24hr	3	0	1.0				0.0		1.0	1.0			False	False	False	not_testable
22_+_17105590_17105602	24hr	3	3	1.0	1.0	0.0	0.0	0.0	0.0	1.0	1.0	1.0	1.0	True	True	False	small
22_+_20553144_20553174	24hr	3	3	0.9778590966215717	0.9958333333333332	0.01797423671176157	0.01797423671176157	0.02415665845411874	0.007216878364870297	0.9520958083832336	1.0	0.9875	1.0	True	True	False	small
3_-_52409713_52409743	24hr	3	3	1.0	1.0	0.0	0.0	0.0	0.0	1.0	1.0	1.0	1.0	True	True	False	small
11_+_48110057_48110076	24hr	3	3	1.0	1.0	0.0	0.0	0.0	0.0	1.0	1.0	1.0	1.0	True	True	False	small
17_-_41620535_41620558	24hr	0	0											False	False	False	not_testable
6_+_26448616_26448637	24hr	3	3	1.0	1.0	0.0	0.0	0.0	0.0	1.0	1.0	1.0	1.0	True	True	False	small
1_-_183564004_183564030	24hr	0	0											False	False	False	not_testable
21_+_46000758_46000767	24hr	3	3	1.0	1.0	0.0	0.0	0.0	0.0	1.0	1.0	1.0	1.0	True	True	False	small
1_+_168239130_168239160	24hr	3	3	1.0	1.0	0.0	0.0	0.0	0.0	1.0	1.0	1.0	1.0	True	True	False	small
2_-_237359361_237359388	24hr	2	3	1.0	1.0	0.0	0.0	0.0	0.0	1.0	1.0	1.0	1.0	True	False	False	small
4_-_152644414_152644442	24hr	1	3	1.0	1.0				0.0	1.0	1.0	1.0	1.0	False	False	False	not_testable
18_-_74260914_74260944	24hr	3	3	1.0	0.9627892175542129	-0.03721078244578713	0.03721078244578713	0.0	0.02756455872058069	1.0	1.0	0.9424083769633508	0.9941520467836256	True	True	True	small
12_+_110636480_110636501	24hr	1	2	1.0	1.0				0.0	1.0	1.0	1.0	1.0	False	False	False	not_testable
1_+_42659227_42659251	24hr	3	3	0.728102304149776	0.9408717007285162	0.21276939657874028	0.21276939657874028	0.2214617038538123	0.012891644793533387	0.4893617021276595	0.926829268292683	0.9320388349514565	0.955665024630542	True	True	True	strong
1_-_41160874_41160898	24hr	2	3	1.0	1.0	0.0	0.0	0.0	0.0	1.0	1.0	1.0	1.0	True	False	False	small
15_-_49028143_49028168	24hr	3	3	1.0	1.0	0.0	0.0	0.0	0.0	1.0	1.0	1.0	1.0	True	True	False	small
3_+_42630545_42630575	24hr	3	3	0.22160020226183183	0.7878787878787877	0.5662785856169559	0.5662785856169559	0.10181991799019743	0.04008714107673625	0.1571428571428571	0.3389830508474576	0.7575757575757576	0.8333333333333334	True	True	True	strong
19_-_38922237_38922267	24hr	3	3	0.521062271062271	0.9484684684684684	0.42740619740619745	0.42740619740619745	0.1994803154409984	0.04786251717450735	0.3846153846153846	0.75	0.9054054054054054	1.0	True	True	True	strong
19_+_17275800_17275825	24hr	3	3	0.9841269841269842	0.9570689773300414	-0.027058006796942813	0.027058006796942813	0.027492869961410715	0.019512674416615305	0.9523809523809524	1.0	0.945273631840796	0.979591836734694	True	True	False	small
17_-_28350765_28350792	24hr	3	3	1.0	1.0	0.0	0.0	0.0	0.0	1.0	1.0	1.0	1.0	True	True	False	small
10_-_119161054_119161081	24hr	2	3	0.8361111111111111	0.8397657952069716	0.00365468409586045	0.00365468409586045	0.04321208107251124	0.07173504157413002	0.8055555555555556	0.8666666666666667	0.7569444444444444	0.8823529411764706	True	False	False	small
2_+_42264705_42264731	24hr	3	3	1.0	1.0	0.0	0.0	0.0	0.0	1.0	1.0	1.0	1.0	True	True	False	small
11_+_121306458_121306486	24hr	3	3	0.496937283685404	0.0	-0.496937283685404	0.496937283685404	0.20854129709688826	0.0	0.3673469387755102	0.7375	0.0	0.0	True	True	True	strong
14_-_52658123_52658150	24hr	3	3	1.0	1.0	0.0	0.0	0.0	0.0	1.0	1.0	1.0	1.0	True	True	False	small
2_-_73023187_73023214	24hr	1	3	1.0	1.0				0.0	1.0	1.0	1.0	1.0	False	False	False	not_testable
17_-_64353490_64353518	24hr	3	3	1.0	1.0	0.0	0.0	0.0	0.0	1.0	1.0	1.0	1.0	True	True	False	small
17_+_27585656_27585661	24hr	1	2	1.0	1.0				0.0	1.0	1.0	1.0	1.0	False	False	False	not_testable
2_+_113632914_113632944	24hr	3	3	1.0	1.0	0.0	0.0	0.0	0.0	1.0	1.0	1.0	1.0	True	True	False	small
6_-_13652658_13652681	24hr	3	3	1.0	1.0	0.0	0.0	0.0	0.0	1.0	1.0	1.0	1.0	True	True	False	small
3_-_129159153_129159176	24hr	3	3	1.0	1.0	0.0	0.0	0.0	0.0	1.0	1.0	1.0	1.0	True	True	False	small
10_-_119159727_119159753	24hr	2	3	1.0	1.0	0.0	0.0	0.0	0.0	1.0	1.0	1.0	1.0	True	False	False	small
6_+_25973053_25973076	24hr	3	3	1.0	1.0	0.0	0.0	0.0	0.0	1.0	1.0	1.0	1.0	True	True	False	small
2_+_97250143_97250173	24hr	3	2	1.0	1.0	0.0	0.0	0.0	0.0	1.0	1.0	1.0	1.0	True	False	False	small
19_+_35148693_35148723	24hr	3	0	1.0				0.0		1.0	1.0			False	False	False	not_testable
2_-_95927380_95927409	24hr	3	1	1.0	1.0			0.0		1.0	1.0	1.0	1.0	False	False	False	not_testable
19_+_41893273_41893303	24hr	3	3	1.0	0.9914073107680413	-0.008592689231958661	0.008592689231958661	0.0	0.008515705219798837	1.0	1.0	0.9817351598173516	0.9977777777777778	True	True	True	small
11_+_113323993_113324015	24hr	2	3	1.0	1.0	0.0	0.0	0.0	0.0	1.0	1.0	1.0	1.0	True	False	False	small
X_-_40729318_40729345	24hr	3	3	1.0	1.0	0.0	0.0	0.0	0.0	1.0	1.0	1.0	1.0	True	True	False	small
1_-_19770541_19770569	24hr	3	3	1.0	1.0	0.0	0.0	0.0	0.0	1.0	1.0	1.0	1.0	True	True	False	small
11_+_123584311_123584332	24hr	0	1		1.0							1.0	1.0	False	False	False	not_testable
6_+_26466061_26466088	24hr	3	3	1.0	1.0	0.0	0.0	0.0	0.0	1.0	1.0	1.0	1.0	True	True	False	small
6_-_135404950_135404977	24hr	1	3	1.0	1.0				0.0	1.0	1.0	1.0	1.0	False	False	False	not_testable
2_-_174380803_174380814	24hr	3	3	1.0	1.0	0.0	0.0	0.0	0.0	1.0	1.0	1.0	1.0	True	True	False	small
2_+_97217176_97217205	24hr	3	2	1.0	1.0	0.0	0.0	0.0	0.0	1.0	1.0	1.0	1.0	True	False	False	small
6_+_26411108_26411135	24hr	3	1	1.0	1.0			0.0		1.0	1.0	1.0	1.0	False	False	False	not_testable
17_-_3881626_3881648	24hr	0	3		1.0				0.0			1.0	1.0	False	False	False	not_testable
11_+_5706593_5706616	24hr	3	3	1.0	1.0	0.0	0.0	0.0	0.0	1.0	1.0	1.0	1.0	True	True	False	small
6_-_43568710_43568737	24hr	3	3	1.0	1.0	0.0	0.0	0.0	0.0	1.0	1.0	1.0	1.0	True	True	False	small
2_+_97189086_97189115	24hr	2	2	1.0	1.0	0.0	0.0	0.0	0.0	1.0	1.0	1.0	1.0	True	False	False	small
2_-_168074981_168075011	24hr	3	3	1.0	1.0	0.0	0.0	0.0	0.0	1.0	1.0	1.0	1.0	True	True	False	small
1_+_246641748_246641770	24hr	3	3	1.0	1.0	0.0	0.0	0.0	0.0	1.0	1.0	1.0	1.0	True	True	False	small
2_+_97204067_97204096	24hr	3	2	1.0	1.0	0.0	0.0	0.0	0.0	1.0	1.0	1.0	1.0	True	False	False	small
5_-_39139232_39139252	24hr	3	3	1.0	1.0	0.0	0.0	0.0	0.0	1.0	1.0	1.0	1.0	True	True	False	small
19_+_582305_582330	24hr	3	3	1.0	1.0	0.0	0.0	0.0	0.0	1.0	1.0	1.0	1.0	True	True	False	small
5_+_139276120_139276150	24hr	3	3	1.0	1.0	0.0	0.0	0.0	0.0	1.0	1.0	1.0	1.0	True	True	False	small
2_+_97202201_97202230	24hr	3	2	1.0	1.0	0.0	0.0	0.0	0.0	1.0	1.0	1.0	1.0	True	False	False	small
5_+_176097354_176097379	24hr	3	1	1.0	1.0			0.0		1.0	1.0	1.0	1.0	False	False	False	not_testable
22_-_36327460_36327488	24hr	3	3	1.0	1.0	0.0	0.0	0.0	0.0	1.0	1.0	1.0	1.0	True	True	False	small
13_-_49732746_49732776	24hr	3	3	1.0	1.0	0.0	0.0	0.0	0.0	1.0	1.0	1.0	1.0	True	True	False	small
21_-_39348421_39348451	24hr	3	3	0.5452954787959999	0.6044142683053262	0.05911878950932625	0.05911878950932625	0.06958813569158363	0.01903438806645551	0.4910714285714285	0.6237623762376238	0.5838150289017341	0.6213517665130568	True	True	False	small
8_+_17184788_17184815	24hr	3	3	1.0	1.0	0.0	0.0	0.0	0.0	1.0	1.0	1.0	1.0	True	True	False	small
6_+_26409893_26409914	24hr	3	3	0.8085531415959721	0.7187134502923976	-0.0898396913035745	0.0898396913035745	0.0504478027050267	0.06350618714652137	0.7653631284916201	0.864	0.6666666666666666	0.7894736842105263	True	True	False	small
13_-_75537663_75537675	24hr	3	3	1.0	1.0	0.0	0.0	0.0	0.0	1.0	1.0	1.0	1.0	True	True	False	small
6_-_136705109_136705133	24hr	3	2	1.0	1.0	0.0	0.0	0.0	0.0	1.0	1.0	1.0	1.0	True	False	False	small
12_+_123652706_123652735	24hr	3	3	1.0	1.0	0.0	0.0	0.0	0.0	1.0	1.0	1.0	1.0	True	True	False	small
22_+_40251178_40251200	24hr	3	1	1.0	1.0			0.0		1.0	1.0	1.0	1.0	False	False	False	not_testable
22_-_41607839_41607861	24hr	3	3	1.0	1.0	0.0	0.0	0.0	0.0	1.0	1.0	1.0	1.0	True	True	False	small
17_-_48363788_48363814	24hr	3	3	1.0	1.0	0.0	0.0	0.0	0.0	1.0	1.0	1.0	1.0	True	True	False	small
17_-_75937565_75937593	24hr	0	3		1.0				0.0			1.0	1.0	False	False	False	not_testable
16_-_934243_934254	24hr	3	2	0.9779314888010541	1.0	0.022068511198945928	0.022068511198945928	0.021746615072785316	0.0	0.9565217391304348	1.0	1.0	1.0	True	False	False	small
X_-_80809012_80809042	24hr	3	3	1.0	1.0	0.0	0.0	0.0	0.0	1.0	1.0	1.0	1.0	True	True	False	small
2_-_11218454_11218466	24hr	2	3	0.2857142857142857	1.0	0.7142857142857143	0.7142857142857143	0.40406101782088427	0.0	0.0	0.5714285714285714	1.0	1.0	True	False	True	strong
19_+_6833710_6833733	24hr	3	3	1.0	1.0	0.0	0.0	0.0	0.0	1.0	1.0	1.0	1.0	True	True	False	small
11_-_62852810_62852839	24hr	3	3	0.2062848454264731	0.26617732566316227	0.059892480236689166	0.059892480236689166	0.007704840253308044	0.024242753158055453	0.2005988023952095	0.2150537634408602	0.2495948136142625	0.294	True	True	True	small
19_-_3963642_3963669	24hr	3	3	1.0	1.0	0.0	0.0	0.0	0.0	1.0	1.0	1.0	1.0	True	True	False	small
11_-_2951779_2951809	24hr	3	3	1.0	1.0	0.0	0.0	0.0	0.0	1.0	1.0	1.0	1.0	True	True	False	small
11_+_5641166_5641189	24hr	0	2		1.0				0.0			1.0	1.0	False	False	False	not_testable
19_+_17776246_17776271	24hr	3	3	0.9080459770114943	1.0	0.09195402298850575	0.09195402298850575	0.1592690397764485	0.0	0.7241379310344828	1.0	1.0	1.0	True	True	False	small
7_+_36426014_36426036	24hr	0	1		1.0							1.0	1.0	False	False	False	not_testable
5_-_39130589_39130612	24hr	3	3	1.0	1.0	0.0	0.0	0.0	0.0	1.0	1.0	1.0	1.0	True	True	False	small
3_-_12600387_12600415	24hr	3	3	0.6676124422026062	0.5532617556939079	-0.11435068650869828	0.11435068650869828	0.01783092779619079	0.05486139144724464	0.6502732240437158	0.6858974358974359	0.4900990099009901	0.589041095890411	True	True	True	exploratory
6_-_35870933_35870959	24hr	3	3	1.0	1.0	0.0	0.0	0.0	0.0	1.0	1.0	1.0	1.0	True	True	False	small
3_-_15695187_15695214	24hr	3	3	1.0	1.0	0.0	0.0	0.0	0.0	1.0	1.0	1.0	1.0	True	True	False	small
9_+_79654058_79654075	24hr	2	3	1.0	1.0	0.0	0.0	0.0	0.0	1.0	1.0	1.0	1.0	True	False	False	small
11_+_5642816_5642843	24hr	2	2	1.0	0.875	-0.125	0.125	0.0	0.1767766952966369	1.0	1.0	0.75	1.0	True	False	False	exploratory
21_-_46213024_46213052	24hr	3	3	1.0	1.0	0.0	0.0	0.0	0.0	1.0	1.0	1.0	1.0	True	True	False	small
22_+_44193800_44193823	24hr	3	3	1.0	1.0	0.0	0.0	0.0	0.0	1.0	1.0	1.0	1.0	True	True	False	small
11_+_35735425_35735445	24hr	3	3	1.0	1.0	0.0	0.0	0.0	0.0	1.0	1.0	1.0	1.0	True	True	False	small
22_-_50267256_50267286	24hr	2	3	1.0	1.0	0.0	0.0	0.0	0.0	1.0	1.0	1.0	1.0	True	False	False	small
17_-_64390488_64390515	24hr	3	3	1.0	1.0	0.0	0.0	0.0	0.0	1.0	1.0	1.0	1.0	True	True	False	small
9_-_127953574_127953604	24hr	3	3	1.0	1.0	0.0	0.0	0.0	0.0	1.0	1.0	1.0	1.0	True	True	False	small
16_-_67738012_67738035	24hr	3	3	1.0	1.0	0.0	0.0	0.0	0.0	1.0	1.0	1.0	1.0	True	True	False	small
1_-_40312455_40312479	24hr	3	3	0.32675438596491224	0.35714285714285704	0.030388471177944798	0.030388471177944798	0.05747957202667174	0.20342866060279838	0.2631578947368421	0.375	0.1666666666666666	0.5714285714285714	True	True	False	small
6_+_32179540_32179559	24hr	2	3	1.0	1.0	0.0	0.0	0.0	0.0	1.0	1.0	1.0	1.0	True	False	False	small
12_-_96017556_96017580	24hr	3	3	1.0	1.0	0.0	0.0	0.0	0.0	1.0	1.0	1.0	1.0	True	True	False	small
21_+_46003119_46003149	24hr	3	3	1.0	1.0	0.0	0.0	0.0	0.0	1.0	1.0	1.0	1.0	True	True	False	small
4_+_112254746_112254773	24hr	2	3	1.0	1.0	0.0	0.0	0.0	0.0	1.0	1.0	1.0	1.0	True	False	False	small
1_+_51748368_51748398	24hr	2	3	1.0	1.0	0.0	0.0	0.0	0.0	1.0	1.0	1.0	1.0	True	False	False	small
11_-_62602758_62602779	24hr	3	3	0.013530716150962102	0.040757209914188935	0.027226493763226833	0.027226493763226833	0.01248151317593023	0.014314728084007767	0.0031948881789137	0.0273972602739726	0.0247787610619469	0.0524109014675052	True	True	False	small
10_+_97452894_97452923	24hr	2	3	0.5	0.9322128851540615	0.43221288515406153	0.43221288515406153	0.7071067811865476	0.01947937103721417	0.0	1.0	0.9142857142857144	0.9529411764705882	True	False	False	strong
2_-_95938986_95939015	24hr	1	1	1.0	1.0					1.0	1.0	1.0	1.0	False	False	False	not_testable
1_+_198704471_198704498	24hr	3	3	0.49827994584603696	0.5655871459784182	0.06730720013238123	0.06730720013238123	0.061858323386259524	0.002995957903366061	0.4392324093816631	0.562610229276896	0.5634266886326195	0.5690072639225182	True	True	True	small
22_+_44140123_44140143	24hr	0	3		1.0				0.0			1.0	1.0	False	False	False	not_testable
6_+_138788365_138788388	24hr	3	3	1.0	1.0	0.0	0.0	0.0	0.0	1.0	1.0	1.0	1.0	True	True	False	small
7_+_73202111_73202140	24hr	2	3	1.0	1.0	0.0	0.0	0.0	0.0	1.0	1.0	1.0	1.0	True	False	False	small
22_+_23697837_23697861	24hr	3	3	1.0	1.0	0.0	0.0	0.0	0.0	1.0	1.0	1.0	1.0	True	True	False	small
10_+_102862159_102862180	24hr	2	2	1.0	1.0	0.0	0.0	0.0	0.0	1.0	1.0	1.0	1.0	True	False	False	small
6_+_96524381_96524410	24hr	3	3	1.0	1.0	0.0	0.0	0.0	0.0	1.0	1.0	1.0	1.0	True	True	False	small
8_-_30712061_30712088	24hr	3	3	1.0	1.0	0.0	0.0	0.0	0.0	1.0	1.0	1.0	1.0	True	True	False	small
16_+_67539727_67539751	24hr	3	3	1.0	1.0	0.0	0.0	0.0	0.0	1.0	1.0	1.0	1.0	True	True	False	small
17_+_82889667_82889697	24hr	3	3	1.0	0.996031746031746	-0.003968253968253954	0.003968253968253954	0.0	0.006873217490352728	1.0	1.0	0.988095238095238	1.0	True	True	False	small
6_+_26448727_26448754	24hr	3	3	0.34245516388373526	0.3849446105554983	0.04248944667176302	0.04248944667176302	0.043659250294963974	0.1498972386095309	0.3163265306122449	0.3928571428571428	0.2131147540983606	0.4888888888888889	True	True	False	small
1_-_21680807_21680834	24hr	3	3	1.0	1.0	0.0	0.0	0.0	0.0	1.0	1.0	1.0	1.0	True	True	False	small
11_-_65551547_65551564	24hr	3	3	1.0	1.0	0.0	0.0	0.0	0.0	1.0	1.0	1.0	1.0	True	True	False	small
14_-_70585755_70585783	24hr	3	3	1.0	1.0	0.0	0.0	0.0	0.0	1.0	1.0	1.0	1.0	True	True	False	small
13_+_75840084_75840110	24hr	3	1	0.5626811594202898	1.0			0.3036800386056203		0.375	0.9130434782608696	1.0	1.0	False	False	False	not_testable
6_-_32518053_32518077	24hr	2	3	1.0	1.0	0.0	0.0	0.0	0.0	1.0	1.0	1.0	1.0	True	False	False	small
1_-_54228448_54228477	24hr	3	2	1.0	1.0	0.0	0.0	0.0	0.0	1.0	1.0	1.0	1.0	True	False	False	small
2_+_15596733_15596763	24hr	3	3	1.0	1.0	0.0	0.0	0.0	0.0	1.0	1.0	1.0	1.0	True	True	False	small
3_-_194437555_194437573	24hr	2	3	0.4888888888888889	0.49622089595836744	0.007332007069478563	0.007332007069478563	0.2514157444218835	0.06852203337512437	0.3111111111111111	0.6666666666666666	0.4229508196721311	0.5587188612099644	True	False	False	small
6_+_33086218_33086242	24hr	3	3	1.0	1.0	0.0	0.0	0.0	0.0	1.0	1.0	1.0	1.0	True	True	False	small
3_-_12915103_12915133	24hr	3	3	1.0	1.0	0.0	0.0	0.0	0.0	1.0	1.0	1.0	1.0	True	True	False	small
7_-_105145282_105145308	24hr	3	3	1.0	1.0	0.0	0.0	0.0	0.0	1.0	1.0	1.0	1.0	True	True	False	small
15_+_75354249_75354277	24hr	1	2	0.6	0.5				0.23570226039551584	0.6	0.6	0.3333333333333333	0.6666666666666666	False	False	False	not_testable
17_+_82909284_82909307	24hr	3	3	0.8142857142857144	0.9155998103366524	0.101314096050938	0.101314096050938	0.17899948694488096	0.05301622799384145	0.6428571428571429	1.0	0.868421052631579	0.972972972972973	True	True	False	exploratory
2_+_97196592_97196621	24hr	3	2	1.0	1.0	0.0	0.0	0.0	0.0	1.0	1.0	1.0	1.0	True	False	False	small
1_+_108606222_108606252	24hr	3	3	1.0	1.0	0.0	0.0	0.0	0.0	1.0	1.0	1.0	1.0	True	True	False	small
18_-_23377645_23377671	24hr	0	3		1.0				0.0			1.0	1.0	False	False	False	not_testable
20_+_41029430_41029455	24hr	3	3	1.0	1.0	0.0	0.0	0.0	0.0	1.0	1.0	1.0	1.0	True	True	False	small
5_-_141571427_141571436	24hr	3	3	1.0	1.0	0.0	0.0	0.0	0.0	1.0	1.0	1.0	1.0	True	True	False	small
12_+_132574318_132574348	24hr	3	3	0.5288239281065872	0.42689785049037177	-0.10192607761621542	0.10192607761621542	0.09696692388539273	0.013475132263198318	0.4310850439882698	0.625	0.4186046511627907	0.4424460431654676	True	True	False	exploratory
6_+_37534932_37534957	24hr	3	2	1.0	1.0	0.0	0.0	0.0	0.0	1.0	1.0	1.0	1.0	True	False	False	small
1_-_37943639_37943669	24hr	2	2	1.0	1.0	0.0	0.0	0.0	0.0	1.0	1.0	1.0	1.0	True	False	False	small
15_+_78890988_78891014	24hr	3	3	0.27165417389219176	0.2632057808716117	-0.008448393020580036	0.008448393020580036	0.024701802462310563	0.05371063333605585	0.2483660130718954	0.2975609756097561	0.2307692307692307	0.3252032520325203	True	True	False	small
4_-_67681562_67681591	24hr	2	3	1.0	1.0	0.0	0.0	0.0	0.0	1.0	1.0	1.0	1.0	True	False	False	small
14_-_35109818_35109847	24hr	3	3	0.26639863547758286	0.34093892391036335	0.07454028843278049	0.07454028843278049	0.1012962821120219	0.028753660948098548	0.1555555555555555	0.3541666666666667	0.3119266055045872	0.3694267515923566	True	True	False	small
4_+_25388716_25388743	24hr	3	3	1.0	1.0	0.0	0.0	0.0	0.0	1.0	1.0	1.0	1.0	True	True	False	small
19_+_35752803_35752833	24hr	3	3	1.0	1.0	0.0	0.0	0.0	0.0	1.0	1.0	1.0	1.0	True	True	False	small
X_+_134490187_134490205	24hr	3	3	1.0	1.0	0.0	0.0	0.0	0.0	1.0	1.0	1.0	1.0	True	True	False	small
6_-_79208546_79208576	24hr	3	3	1.0	1.0	0.0	0.0	0.0	0.0	1.0	1.0	1.0	1.0	True	True	False	small
21_+_43685769_43685789	24hr	2	3	1.0	1.0	0.0	0.0	0.0	0.0	1.0	1.0	1.0	1.0	True	False	False	small
2_+_97144517_97144546	24hr	3	1	1.0	1.0			0.0		1.0	1.0	1.0	1.0	False	False	False	not_testable
6_+_26373275_26373296	24hr	3	3	1.0	0.8507507507507507	-0.14924924924924932	0.14924924924924932	0.0	0.06134290620218869	1.0	1.0	0.8	0.918918918918919	True	True	True	exploratory
16_+_1758147_1758159	24hr	3	3	1.0	1.0	0.0	0.0	0.0	0.0	1.0	1.0	1.0	1.0	True	True	False	small
1_-_154947981_154948005	24hr	3	3	1.0	1.0	0.0	0.0	0.0	0.0	1.0	1.0	1.0	1.0	True	True	False	small
4_+_140527465_140527494	24hr	1	3	1.0	1.0				0.0	1.0	1.0	1.0	1.0	False	False	False	not_testable
6_+_36136018_36136048	24hr	0	1		1.0							1.0	1.0	False	False	False	not_testable
4_+_141224486_141224506	24hr	3	3	1.0	1.0	0.0	0.0	0.0	0.0	1.0	1.0	1.0	1.0	True	True	False	small
2_+_173190894_173190923	24hr	0	2		1.0				0.0			1.0	1.0	False	False	False	not_testable
X_+_47566883_47566911	24hr	3	3	1.0	1.0	0.0	0.0	0.0	0.0	1.0	1.0	1.0	1.0	True	True	False	small
1_+_66984571_66984592	24hr	3	3	0.0254237288135593	0.22368019820850008	0.19825646939494077	0.19825646939494077	0.04403519002293752	0.19710202410399696	0.0	0.0762711864406779	0.0166666666666666	0.4090909090909091	True	True	False	exploratory
2_-_191058201_191058219	24hr	3	3	1.0	1.0	0.0	0.0	0.0	0.0	1.0	1.0	1.0	1.0	True	True	False	small
2_+_27772673_27772692	24hr	3	3	1.0	1.0	0.0	0.0	0.0	0.0	1.0	1.0	1.0	1.0	True	True	False	small
5_-_177747768_177747793	24hr	2	0	0.9210526315789473				0.11164843913471806		0.8421052631578947	1.0			False	False	False	not_testable
18_+_58714082_58714109	24hr	3	3	1.0	1.0	0.0	0.0	0.0	0.0	1.0	1.0	1.0	1.0	True	True	False	small
21_+_45990257_45990284	24hr	3	3	1.0	1.0	0.0	0.0	0.0	0.0	1.0	1.0	1.0	1.0	True	True	False	small
7_+_74700605_74700634	24hr	3	3	1.0	1.0	0.0	0.0	0.0	0.0	1.0	1.0	1.0	1.0	True	True	False	small
11_+_3808293_3808315	24hr	3	3	1.0	0.9931972789115647	-0.006802721088435271	0.006802721088435271	0.0	0.01178265855489027	1.0	1.0	0.979591836734694	1.0	True	True	False	small
2_-_95880594_95880623	24hr	2	1	1.0	1.0			0.0		1.0	1.0	1.0	1.0	False	False	False	not_testable
7_-_32488624_32488652	24hr	3	3	0.9528301886792453	0.9942966117675521	0.041466423088306836	0.041466423088306836	0.08170050979098475	0.0051407180508230964	0.8584905660377359	1.0	0.9900199600798404	1.0	True	True	False	small
21_+_46116650_46116677	24hr	3	3	1.0	1.0	0.0	0.0	0.0	0.0	1.0	1.0	1.0	1.0	True	True	False	small
6_+_26374770_26374798	24hr	3	3	1.0	1.0	0.0	0.0	0.0	0.0	1.0	1.0	1.0	1.0	True	True	False	small
12_+_123652531_123652561	24hr	3	3	1.0	0.9957264957264957	-0.004273504273504258	0.004273504273504258	0.0	0.007401926528072099	1.0	1.0	0.9871794871794872	1.0	True	True	False	small
8_-_144401645_144401673	24hr	3	3	1.0	1.0	0.0	0.0	0.0	0.0	1.0	1.0	1.0	1.0	True	True	False	small
15_-_73563235_73563257	24hr	0	3		1.0				0.0			1.0	1.0	False	False	False	not_testable
22_+_46663837_46663863	24hr	2	3	1.0	1.0	0.0	0.0	0.0	0.0	1.0	1.0	1.0	1.0	True	False	False	small
3_+_108651136_108651162	24hr	1	1	1.0	1.0					1.0	1.0	1.0	1.0	False	False	False	not_testable
3_+_127674390_127674418	24hr	3	3	0.08509747168023425	0.0787037037037037	-0.0063937679765305455	0.0063937679765305455	0.011343157197066401	0.06851226197661454	0.072	0.091743119266055	0.0	0.125	True	True	False	small
12_+_56117188_56117211	24hr	3	3	0.8164137449851735	0.9011453522323087	0.08473160724713524	0.08473160724713524	0.13961212420851865	0.07265165254391241	0.717948717948718	0.9761904761904762	0.8173076923076923	0.9456521739130436	True	True	False	small
6_-_30190012_30190035	24hr	3	3	1.0	1.0	0.0	0.0	0.0	0.0	1.0	1.0	1.0	1.0	True	True	False	small
1_+_209763362_209763392	24hr	3	3	1.0	1.0	0.0	0.0	0.0	0.0	1.0	1.0	1.0	1.0	True	True	False	small
17_-_39439164_39439193	24hr	3	3	1.0	1.0	0.0	0.0	0.0	0.0	1.0	1.0	1.0	1.0	True	True	False	small
12_-_76053090_76053110	24hr	3	3	1.0	1.0	0.0	0.0	0.0	0.0	1.0	1.0	1.0	1.0	True	True	False	small
2_+_189665421_189665451	24hr	3	3	0.2645442052221713	0.28932338078658815	0.024779175564416833	0.024779175564416833	0.0993994755032156	0.0529084086222673	0.1949152542372881	0.3783783783783784	0.2283464566929134	0.3230769230769231	True	True	False	small
4_+_2511955_2511965	24hr	3	3	1.0	1.0	0.0	0.0	0.0	0.0	1.0	1.0	1.0	1.0	True	True	False	small
8_+_22080617_22080625	24hr	3	3	1.0	1.0	0.0	0.0	0.0	0.0	1.0	1.0	1.0	1.0	True	True	False	small
7_-_103277613_103277638	24hr	0	1		1.0							1.0	1.0	False	False	False	not_testable
10_-_93340152_93340164	24hr	0	3		1.0				0.0			1.0	1.0	False	False	False	not_testable
19_+_35614034_35614059	24hr	3	3	1.0	0.9849430824443837	-0.015056917555616334	0.015056917555616334	0.0	0.008865311517730864	1.0	1.0	0.9747899159663864	0.991150442477876	True	True	True	small
8_-_143839171_143839195	24hr	3	1	1.0	1.0			0.0		1.0	1.0	1.0	1.0	False	False	False	not_testable
16_-_190540_190570	24hr	3	3	1.0	1.0	0.0	0.0	0.0	0.0	1.0	1.0	1.0	1.0	True	True	False	small
1_+_209763067_209763092	24hr	3	3	1.0	1.0	0.0	0.0	0.0	0.0	1.0	1.0	1.0	1.0	True	True	False	small
1_+_32204597_32204620	24hr	3	3	1.0	1.0	0.0	0.0	0.0	0.0	1.0	1.0	1.0	1.0	True	True	False	small
2_+_97198462_97198491	24hr	3	1	1.0	1.0			0.0		1.0	1.0	1.0	1.0	False	False	False	not_testable
21_+_45987154_45987175	24hr	3	3	1.0	1.0	0.0	0.0	0.0	0.0	1.0	1.0	1.0	1.0	True	True	False	small
12_-_121255782_121255804	24hr	2	3	1.0	1.0	0.0	0.0	0.0	0.0	1.0	1.0	1.0	1.0	True	False	False	small
5_+_140659314_140659333	24hr	3	3	1.0	1.0	0.0	0.0	0.0	0.0	1.0	1.0	1.0	1.0	True	True	False	small
6_-_15593058_15593081	24hr	3	3	1.0	1.0	0.0	0.0	0.0	0.0	1.0	1.0	1.0	1.0	True	True	False	small
5_-_39124252_39124278	24hr	3	3	1.0	1.0	0.0	0.0	0.0	0.0	1.0	1.0	1.0	1.0	True	True	False	small
17_-_44196395_44196418	24hr	3	3	1.0	1.0	0.0	0.0	0.0	0.0	1.0	1.0	1.0	1.0	True	True	False	small
3_-_47126647_47126663	24hr	3	3	1.0	1.0	0.0	0.0	0.0	0.0	1.0	1.0	1.0	1.0	True	True	False	small
12_-_56664775_56664800	24hr	3	3	1.0	1.0	0.0	0.0	0.0	0.0	1.0	1.0	1.0	1.0	True	True	False	small
20_-_33672397_33672422	24hr	2	3	1.0	0.8888888888888888	-0.11111111111111116	0.11111111111111116	0.0	0.1924500897298753	1.0	1.0	0.6666666666666666	1.0	True	False	False	exploratory
21_+_45488417_45488444	24hr	3	2	1.0	1.0	0.0	0.0	0.0	0.0	1.0	1.0	1.0	1.0	True	False	False	small
6_+_36073690_36073720	24hr	3	3	1.0	1.0	0.0	0.0	0.0	0.0	1.0	1.0	1.0	1.0	True	True	False	small
10_+_12238456_12238485	24hr	3	3	1.0	1.0	0.0	0.0	0.0	0.0	1.0	1.0	1.0	1.0	True	True	False	small
22_-_50506637_50506666	24hr	3	3	1.0	1.0	0.0	0.0	0.0	0.0	1.0	1.0	1.0	1.0	True	True	False	small
19_-_45638844_45638873	24hr	3	3	1.0	1.0	0.0	0.0	0.0	0.0	1.0	1.0	1.0	1.0	True	True	False	small
2_-_152690961_152690978	24hr	3	3	1.0	1.0	0.0	0.0	0.0	0.0	1.0	1.0	1.0	1.0	True	True	False	small
17_+_75573951_75573980	24hr	3	3	1.0	1.0	0.0	0.0	0.0	0.0	1.0	1.0	1.0	1.0	True	True	False	small
1_+_66940027_66940052	24hr	3	3	1.0	1.0	0.0	0.0	0.0	0.0	1.0	1.0	1.0	1.0	True	True	False	small
6_+_26450106_26450133	24hr	3	2	1.0	1.0	0.0	0.0	0.0	0.0	1.0	1.0	1.0	1.0	True	False	False	small
12_+_75498693_75498720	24hr	1	2	1.0	1.0				0.0	1.0	1.0	1.0	1.0	False	False	False	not_testable
1_-_173864483_173864502	24hr	3	3	0.0070872951928997	0.007676532591867233	0.0005892373989675329	0.0005892373989675329	0.0039916589774195614	0.003918521859438307	0.0044642857142857	0.0116810563737938	0.0033670033670033	0.0110253583241455	True	True	False	small
17_+_43180794_43180817	24hr	3	3	1.0	1.0	0.0	0.0	0.0	0.0	1.0	1.0	1.0	1.0	True	True	False	small
12_+_19518086_19518113	24hr	3	3	1.0	1.0	0.0	0.0	0.0	0.0	1.0	1.0	1.0	1.0	True	True	False	small
10_-_103333924_103333952	24hr	0	3		1.0				0.0			1.0	1.0	False	False	False	not_testable
11_+_58584855_58584884	24hr	3	3	1.0	1.0	0.0	0.0	0.0	0.0	1.0	1.0	1.0	1.0	True	True	False	small
15_+_78541904_78541930	24hr	3	3	1.0	1.0	0.0	0.0	0.0	0.0	1.0	1.0	1.0	1.0	True	True	False	small
2_+_97185315_97185344	24hr	2	2	1.0	1.0	0.0	0.0	0.0	0.0	1.0	1.0	1.0	1.0	True	False	False	small
12_-_55794358_55794387	24hr	3	3	1.0	1.0	0.0	0.0	0.0	0.0	1.0	1.0	1.0	1.0	True	True	False	small
19_+_8463496_8463504	24hr	3	3	1.0	1.0	0.0	0.0	0.0	0.0	1.0	1.0	1.0	1.0	True	True	False	small
10_-_71752974_71753002	24hr	3	3	1.0	1.0	0.0	0.0	0.0	0.0	1.0	1.0	1.0	1.0	True	True	False	small
17_-_4676500_4676507	24hr	3	3	0.0	0.03556897105718307	0.03556897105718307	0.03556897105718307	0.0	0.003192796625779612	0.0	0.0	0.0323741007194244	0.0387596899224806	True	True	True	small
14_-_103913960_103913984	24hr	3	3	0.988795518207283	0.99853638425067	0.009740866043387086	0.009740866043387086	0.019406731737466407	0.0015177786134157986	0.9663865546218487	1.0	0.996969696969697	1.0	True	True	False	small
10_+_5720754_5720774	24hr	2	3	1.0	1.0	0.0	0.0	0.0	0.0	1.0	1.0	1.0	1.0	True	False	False	small
X_-_154511847_154511871	24hr	3	3	1.0	1.0	0.0	0.0	0.0	0.0	1.0	1.0	1.0	1.0	True	True	False	small
6_+_26390802_26390829	24hr	0	2		1.0				0.0			1.0	1.0	False	False	False	not_testable
3_-_108050577_108050602	24hr	3	3	0.9774011299435029	0.9495726495726496	-0.02782848037085328	0.02782848037085328	0.03914239113150008	0.016683095124737826	0.9322033898305084	1.0	0.9333333333333332	0.9666666666666668	True	True	False	small
5_+_176093743_176093768	24hr	3	1	1.0	1.0			0.0		1.0	1.0	1.0	1.0	False	False	False	not_testable
12_-_49559938_49559967	24hr	3	3	1.0	1.0	0.0	0.0	0.0	0.0	1.0	1.0	1.0	1.0	True	True	False	small
15_-_70064453_70064470	24hr	3	3	1.0	1.0	0.0	0.0	0.0	0.0	1.0	1.0	1.0	1.0	True	True	False	small
4_-_47879095_47879117	24hr	3	3	1.0	1.0	0.0	0.0	0.0	0.0	1.0	1.0	1.0	1.0	True	True	False	small
2_-_97542078_97542107	24hr	2	0	1.0				0.0		1.0	1.0			False	False	False	not_testable
12_+_132548002_132548032	24hr	3	3	1.0	1.0	0.0	0.0	0.0	0.0	1.0	1.0	1.0	1.0	True	True	False	small
3_+_179757051_179757078	24hr	1	1	1.0	1.0					1.0	1.0	1.0	1.0	False	False	False	not_testable
2_+_97213418_97213447	24hr	3	1	0.8968253968253969	1.0			0.09014140231429006		0.8333333333333334	1.0	1.0	1.0	False	False	False	not_testable
21_+_45494544_45494571	24hr	3	3	1.0	1.0	0.0	0.0	0.0	0.0	1.0	1.0	1.0	1.0	True	True	False	small
14_+_31080572_31080584	24hr	2	3	1.0	0.9490527393753201	-0.05094726062467991	0.05094726062467991	0.0	0.06866347992123238	1.0	1.0	0.8709677419354839	1.0	True	False	False	small
19_+_5648015_5648043	24hr	3	3	1.0	1.0	0.0	0.0	0.0	0.0	1.0	1.0	1.0	1.0	True	True	False	small
12_+_56154812_56154840	24hr	3	3	0.6120120120120119	0.5710767789672214	-0.04093523304479052	0.04093523304479052	0.1271558139978896	0.07553912868508815	0.4666666666666667	0.7027027027027027	0.524390243902439	0.6582278481012658	True	True	False	small
6_+_43500743_43500772	24hr	3	3	0.8726425438596491	0.5251059704184704	-0.3475365734411787	0.3475365734411787	0.07525211789122284	0.03187205344687375	0.796875	0.9473684210526316	0.4886363636363636	0.5476190476190477	True	True	True	strong
1_-_1084480_1084506	24hr	3	2	0.4761904761904761	0.7222222222222223	0.2460317460317462	0.2460317460317462	0.4364357804719847	0.15713484026367722	0.0	0.8571428571428571	0.6111111111111112	0.8333333333333334	True	False	False	strong
13_-_37026789_37026816	24hr	3	3	1.0	1.0	0.0	0.0	0.0	0.0	1.0	1.0	1.0	1.0	True	True	False	small
2_+_97215300_97215329	24hr	3	2	1.0	1.0	0.0	0.0	0.0	0.0	1.0	1.0	1.0	1.0	True	False	False	small
15_+_90961024_90961054	24hr	2	3	1.0	1.0	0.0	0.0	0.0	0.0	1.0	1.0	1.0	1.0	True	False	False	small
4_+_41257114_41257126	24hr	0	3		0.36909817173940435				0.1757259808469658			0.1724137931034483	0.5106382978723404	False	False	False	not_testable
2_+_135753538_135753567	24hr	3	3	0.165079365079365	0.5327304173571857	0.36765105227782074	0.36765105227782074	0.06660640700616267	0.0559006542392954	0.0892857142857142	0.2142857142857142	0.4745762711864407	0.5860655737704918	True	True	True	strong
8_-_29126481_29126511	24hr	2	2	1.0	1.0	0.0	0.0	0.0	0.0	1.0	1.0	1.0	1.0	True	False	False	small
21_+_45482794_45482821	24hr	3	2	1.0	1.0	0.0	0.0	0.0	0.0	1.0	1.0	1.0	1.0	True	False	False	small
11_+_118308426_118308441	24hr	3	3	1.0	1.0	0.0	0.0	0.0	0.0	1.0	1.0	1.0	1.0	True	True	False	small
21_+_45989751_45989778	24hr	3	3	1.0	1.0	0.0	0.0	0.0	0.0	1.0	1.0	1.0	1.0	True	True	False	small
19_+_17217452_17217462	24hr	3	3	1.0	1.0	0.0	0.0	0.0	0.0	1.0	1.0	1.0	1.0	True	True	False	small
10_+_110244827_110244857	24hr	3	2	0.6665316824645965	1.0	0.3334683175354035	0.3334683175354035	0.07799170217777676	0.0	0.6037735849056604	0.7538461538461538	1.0	1.0	True	False	True	strong
5_-_177744393_177744418	24hr	3	0	1.0				0.0		1.0	1.0			False	False	False	not_testable
3_-_52820290_52820317	24hr	2	3	1.0	1.0	0.0	0.0	0.0	0.0	1.0	1.0	1.0	1.0	True	False	False	small
12_+_53455346_53455370	24hr	3	3	0.5344642608879052	0.5393452221883143	0.004880961300409048	0.004880961300409048	0.03227182405700138	0.01129225042022462	0.5035612535612536	0.5679497250589159	0.531271015467384	0.5522491349480969	True	True	False	small
6_-_136601021_136601042	24hr	3	1	1.0	1.0			0.0		1.0	1.0	1.0	1.0	False	False	False	not_testable
2_+_169504302_169504326	24hr	2	3	1.0	1.0	0.0	0.0	0.0	0.0	1.0	1.0	1.0	1.0	True	False	False	small
11_-_5665655_5665682	24hr	2	2	1.0	1.0	0.0	0.0	0.0	0.0	1.0	1.0	1.0	1.0	True	False	False	small
18_-_693881_693908	24hr	2	3	1.0	1.0	0.0	0.0	0.0	0.0	1.0	1.0	1.0	1.0	True	False	False	small
11_+_120406117_120406141	24hr	0	3		1.0				0.0			1.0	1.0	False	False	False	not_testable
2_-_95919891_95919920	24hr	1	0	1.0						1.0	1.0			False	False	False	not_testable
4_-_75491610_75491637	24hr	3	3	1.0	0.898654937209154	-0.10134506279084599	0.10134506279084599	0.0	0.03689617014499861	1.0	1.0	0.8571428571428571	0.927710843373494	True	True	True	exploratory
4_-_154547037_154547064	24hr	3	3	0.0	0.03644874175023024	0.03644874175023024	0.03644874175023024	0.0	0.009945433813933684	0.0	0.0	0.0295358649789029	0.0478468899521531	True	True	True	small
7_-_75190538_75190567	24hr	3	3	1.0	1.0	0.0	0.0	0.0	0.0	1.0	1.0	1.0	1.0	True	True	False	small
7_-_25158500_25158530	24hr	3	3	1.0	1.0	0.0	0.0	0.0	0.0	1.0	1.0	1.0	1.0	True	True	False	small
6_-_32580246_32580270	24hr	3	3	0.9407407407407407	0.803752191933684	-0.1369885488070567	0.1369885488070567	0.08413197549333735	0.05480637286631799	0.8444444444444444	1.0	0.7450980392156863	0.8536585365853658	True	True	False	exploratory
9_+_127478933_127478963	24hr	3	3	1.0	1.0	0.0	0.0	0.0	0.0	1.0	1.0	1.0	1.0	True	True	False	small
13_+_45149769_45149788	24hr	3	3	1.0	1.0	0.0	0.0	0.0	0.0	1.0	1.0	1.0	1.0	True	True	False	small
1_+_236542760_236542787	24hr	3	3	1.0	1.0	0.0	0.0	0.0	0.0	1.0	1.0	1.0	1.0	True	True	False	small
17_-_64329699_64329722	24hr	3	3	1.0	1.0	0.0	0.0	0.0	0.0	1.0	1.0	1.0	1.0	True	True	False	small
9_-_136379836_136379864	24hr	3	3	1.0	1.0	0.0	0.0	0.0	0.0	1.0	1.0	1.0	1.0	True	True	False	small
12_+_56158683_56158711	24hr	3	3	0.4690283620091331	0.487626146486183	0.018597784477049906	0.018597784477049906	0.026956363530335238	0.016636742019822855	0.4424860853432282	0.4963805584281282	0.4718464926077382	0.5050045495905369	True	True	False	small
7_+_139412550_139412580	24hr	3	3	1.0	1.0	0.0	0.0	0.0	0.0	1.0	1.0	1.0	1.0	True	True	False	small
6_-_28907235_28907262	24hr	3	3	1.0	1.0	0.0	0.0	0.0	0.0	1.0	1.0	1.0	1.0	True	True	False	small
21_+_46116376_46116403	24hr	3	3	1.0	1.0	0.0	0.0	0.0	0.0	1.0	1.0	1.0	1.0	True	True	False	small
5_-_170258865_170258878	24hr	3	3	1.0	1.0	0.0	0.0	0.0	0.0	1.0	1.0	1.0	1.0	True	True	False	small
1_+_150962129_150962158	24hr	3	3	1.0	0.9907407407407408	-0.00925925925925919	0.00925925925925919	0.0	0.016037507477489613	1.0	1.0	0.9722222222222222	1.0	True	True	False	small
1_-_160999395_160999408	24hr	3	3	1.0	1.0	0.0	0.0	0.0	0.0	1.0	1.0	1.0	1.0	True	True	False	small
6_+_43778888_43778918	24hr	0	3		1.0				0.0			1.0	1.0	False	False	False	not_testable
17_+_40141206_40141234	24hr	3	3	1.0	1.0	0.0	0.0	0.0	0.0	1.0	1.0	1.0	1.0	True	True	False	small
20_-_63215576_63215601	24hr	3	3	1.0	1.0	0.0	0.0	0.0	0.0	1.0	1.0	1.0	1.0	True	True	False	small
2_+_97205939_97205968	24hr	3	1	1.0	1.0			0.0		1.0	1.0	1.0	1.0	False	False	False	not_testable
7_-_99903575_99903598	24hr	3	3	1.0	1.0	0.0	0.0	0.0	0.0	1.0	1.0	1.0	1.0	True	True	False	small
2_+_97194725_97194754	24hr	2	0	1.0				0.0		1.0	1.0			False	False	False	not_testable
15_+_44759639_44759662	24hr	0	0											False	False	False	not_testable
7_+_142801943_142801961	24hr	3	3	1.0	1.0	0.0	0.0	0.0	0.0	1.0	1.0	1.0	1.0	True	True	False	small
7_-_34942614_34942639	24hr	1	2	1.0	1.0				0.0	1.0	1.0	1.0	1.0	False	False	False	not_testable
5_-_81437429_81437458	24hr	3	1	1.0	1.0			0.0		1.0	1.0	1.0	1.0	False	False	False	not_testable
9_+_113362368_113362394	24hr	0	1		1.0							1.0	1.0	False	False	False	not_testable
1_+_161218702_161218723	24hr	3	3	1.0	1.0	0.0	0.0	0.0	0.0	1.0	1.0	1.0	1.0	True	True	False	small
8_-_123023712_123023739	24hr	3	3	0.9795918367346937	1.0	0.020408163265306256	0.020408163265306256	0.035347975664671	0.0	0.9387755102040816	1.0	1.0	1.0	True	True	False	small
17_-_44195799_44195828	24hr	3	3	0.9473684210526315	0.9696311736436801	0.022262752591048596	0.022262752591048596	0.09116056881941462	0.0219374047807097	0.8421052631578947	1.0	0.9473684210526316	0.9912280701754386	True	True	False	small
7_-_26854136_26854162	24hr	1	3	1.0	1.0				0.0	1.0	1.0	1.0	1.0	False	False	False	not_testable
8_+_27451484_27451509	24hr	3	3	1.0	1.0	0.0	0.0	0.0	0.0	1.0	1.0	1.0	1.0	True	True	False	small
14_-_77441065_77441093	24hr	2	3	1.0	1.0	0.0	0.0	0.0	0.0	1.0	1.0	1.0	1.0	True	False	False	small
17_-_29116443_29116455	24hr	3	3	1.0	1.0	0.0	0.0	0.0	0.0	1.0	1.0	1.0	1.0	True	True	False	small
1_-_236230223_236230250	24hr	3	0	1.0				0.0		1.0	1.0			False	False	False	not_testable
6_-_166322856_166322886	24hr	3	3	0.29201680672268904	0.6380914739809642	0.3460746672582752	0.3460746672582752	0.13684519827299377	0.03551197060024474	0.1428571428571428	0.4117647058823529	0.61328125	0.6787709497206704	True	True	True	strong
2_+_97219049_97219078	24hr	3	3	1.0	1.0	0.0	0.0	0.0	0.0	1.0	1.0	1.0	1.0	True	True	False	small
20_+_62966702_62966732	24hr	3	3	1.0	1.0	0.0	0.0	0.0	0.0	1.0	1.0	1.0	1.0	True	True	False	small
5_+_178036011_178036036	24hr	1	0	1.0						1.0	1.0			False	False	False	not_testable
1_-_169696534_169696553	24hr	3	3	1.0	1.0	0.0	0.0	0.0	0.0	1.0	1.0	1.0	1.0	True	True	False	small
9_-_133779917_133779939	24hr	1	3	1.0	1.0				0.0	1.0	1.0	1.0	1.0	False	False	False	not_testable
20_-_33669686_33669712	24hr	3	3	0.33455882352941174	0.4797979797979797	0.14523915626856798	0.14523915626856798	0.29601867255000974	0.22693577715819163	0.0	0.5625	0.2272727272727272	0.6666666666666666	True	True	False	exploratory
17_-_3953692_3953710	24hr	3	3	1.0	1.0	0.0	0.0	0.0	0.0	1.0	1.0	1.0	1.0	True	True	False	small
1_-_153952804_153952834	24hr	3	3	1.0	1.0	0.0	0.0	0.0	0.0	1.0	1.0	1.0	1.0	True	True	False	small
16_+_28985712_28985740	24hr	3	3	0.45613497108791196	0.40581178763719344	-0.05032318345071851	0.05032318345071851	0.02384676639325918	0.003236184724209102	0.4299065420560747	0.4765100671140939	0.4020979020979021	0.4080267558528428	True	True	True	small
5_+_119475705_119475727	24hr	2	3	0.6272727272727272	0.6973529764043599	0.07008024913163269	0.07008024913163269	0.2442732516826256	0.04211953146983941	0.4545454545454545	0.8	0.6521739130434783	0.7355371900826446	True	False	False	small
1_-_113833110_113833138	24hr	3	3	1.0	1.0	0.0	0.0	0.0	0.0	1.0	1.0	1.0	1.0	True	True	False	small
6_+_30339907_30339930	24hr	2	3	1.0	1.0	0.0	0.0	0.0	0.0	1.0	1.0	1.0	1.0	True	False	False	small
4_+_112257771_112257797	24hr	2	3	1.0	1.0	0.0	0.0	0.0	0.0	1.0	1.0	1.0	1.0	True	False	False	small
15_+_66532984_66533013	24hr	0	3		1.0				0.0			1.0	1.0	False	False	False	not_testable
12_-_55790566_55790592	24hr	3	3	1.0	1.0	0.0	0.0	0.0	0.0	1.0	1.0	1.0	1.0	True	True	False	small
21_-_39313071_39313101	24hr	3	1	1.0	1.0			0.0		1.0	1.0	1.0	1.0	False	False	False	not_testable
2_+_238347454_238347475	24hr	2	3	1.0	1.0	0.0	0.0	0.0	0.0	1.0	1.0	1.0	1.0	True	False	False	small
21_+_46398234_46398255	24hr	3	3	1.0	1.0	0.0	0.0	0.0	0.0	1.0	1.0	1.0	1.0	True	True	False	small
2_+_86131077_86131106	24hr	3	3	0.8386838996595095	0.7259028199847313	-0.11278107967477824	0.11278107967477824	0.05497043179740067	0.028577402262374048	0.7777777777777778	0.8846153846153846	0.6951219512195121	0.7515923566878981	True	True	True	exploratory
7_-_92577654_92577676	24hr	3	3	0.7471282593375617	0.572463768115942	-0.17466449122161964	0.17466449122161964	0.027073712830453664	0.3185934483620379	0.7209302325581395	0.775	0.217391304347826	0.8333333333333334	True	True	False	exploratory
9_+_137206280_137206309	24hr	3	3	0.5444004524886877	0.21184169249165527	-0.33255875999703244	0.33255875999703244	0.32124642942280907	0.01646816824269839	0.1764705882352941	0.7692307692307693	0.1984126984126984	0.2302158273381295	True	True	False	strong
12_-_79790466_79790483	24hr	3	3	1.0	1.0	0.0	0.0	0.0	0.0	1.0	1.0	1.0	1.0	True	True	False	small
1_+_206421249_206421274	24hr	0	2		1.0				0.0			1.0	1.0	False	False	False	not_testable
2_-_97507035_97507065	24hr	3	1	0.9583333333333334	1.0			0.07216878364870323		0.875	1.0	1.0	1.0	False	False	False	not_testable
16_+_30666511_30666541	24hr	3	3	1.0	0.9976275207591933	-0.0023724792408067463	0.0023724792408067463	0.0	0.004109254584979594	1.0	1.0	0.99288256227758	1.0	True	True	False	small
16_+_69459092_69459121	24hr	3	3	1.0	0.9978070175438596	-0.002192982456140413	0.002192982456140413	0.0	0.0037983570341422546	1.0	1.0	0.993421052631579	1.0	True	True	False	small
2_-_27333973_27333999	24hr	3	3	1.0	1.0	0.0	0.0	0.0	0.0	1.0	1.0	1.0	1.0	True	True	False	small
11_-_2955743_2955766	24hr	3	3	1.0	1.0	0.0	0.0	0.0	0.0	1.0	1.0	1.0	1.0	True	True	False	small
11_+_828229_828259	24hr	1	0	1.0						1.0	1.0			False	False	False	not_testable
8_-_144426179_144426208	24hr	3	3	0.2755337525122876	0.2643659812313719	-0.011167771280915728	0.011167771280915728	0.03116476939760756	0.020792781638078156	0.2395543175487465	0.2941176470588235	0.2444821731748726	0.2859618717504332	True	True	False	small
9_-_129010669_129010693	24hr	3	3	1.0	1.0	0.0	0.0	0.0	0.0	1.0	1.0	1.0	1.0	True	True	False	small
11_+_48149989_48149998	24hr	3	3	1.0	1.0	0.0	0.0	0.0	0.0	1.0	1.0	1.0	1.0	True	True	False	small
1_+_203862195_203862222	24hr	3	3	0.9327465163280503	0.9579847301651814	0.025238213837131096	0.025238213837131096	0.04545429453240881	0.00919403474863057	0.8907563025210085	0.981012658227848	0.9473684210526316	0.9633204633204632	True	True	False	small
1_+_39741894_39741921	24hr	3	3	0.6512124271569513	0.6689485137851635	0.017736086628212244	0.017736086628212244	0.09475983496705503	0.06064756531284874	0.5691056910569106	0.7549019607843137	0.6026200873362445	0.7215686274509804	True	True	False	small
21_+_46112803_46112824	24hr	3	3	1.0	1.0	0.0	0.0	0.0	0.0	1.0	1.0	1.0	1.0	True	True	False	small
13_+_75549975_75549987	24hr	3	3	1.0	1.0	0.0	0.0	0.0	0.0	1.0	1.0	1.0	1.0	True	True	False	small
21_-_44337648_44337667	24hr	3	3	1.0	1.0	0.0	0.0	0.0	0.0	1.0	1.0	1.0	1.0	True	True	False	small
17_-_7193843_7193871	24hr	3	3	1.0	1.0	0.0	0.0	0.0	0.0	1.0	1.0	1.0	1.0	True	True	False	small
19_+_17775055_17775080	24hr	3	3	0.9934640522875817	0.9648809523809524	-0.028583099906629328	0.028583099906629328	0.011320593513522033	0.031960461330139994	0.9803921568627452	1.0	0.9375	1.0	True	True	False	small
19_+_19335717_19335735	24hr	3	3	0.9716312056737588	0.9841269841269842	0.012495778453225359	0.012495778453225359	0.04913619312252135	0.027492869961410718	0.9148936170212766	1.0	0.9523809523809524	1.0	True	True	False	small
2_-_106166055_106166083	24hr	3	3	1.0	1.0	0.0	0.0	0.0	0.0	1.0	1.0	1.0	1.0	True	True	False	small
5_+_176656894_176656924	24hr	3	3	0.34722222222222215	0.1514590347923681	-0.19576318742985405	0.19576318742985405	0.3342002615421101	0.07762026066752506	0.0	0.6666666666666666	0.1	0.2407407407407407	True	True	False	exploratory
6_+_26411554_26411581	24hr	3	3	1.0	1.0	0.0	0.0	0.0	0.0	1.0	1.0	1.0	1.0	True	True	False	small
11_+_118312152_118312170	24hr	3	3	0.28128687436890426	0.29327160616451203	0.011984731795607773	0.011984731795607773	0.05069163122209993	0.003244779149605832	0.2418397626112759	0.3384615384615385	0.2895401718039413	0.2954303931987247	True	True	False	small
6_-_43626921_43626948	24hr	3	3	1.0	1.0	0.0	0.0	0.0	0.0	1.0	1.0	1.0	1.0	True	True	False	small
17_-_42329746_42329776	24hr	3	3	1.0	0.9803731900283625	-0.01962680997163746	0.01962680997163746	0.0	0.022600058406517694	1.0	1.0	0.955665024630542	1.0	True	True	False	small
10_-_72072901_72072910	24hr	3	3	1.0	1.0	0.0	0.0	0.0	0.0	1.0	1.0	1.0	1.0	True	True	False	small
5_+_119492099_119492124	24hr	2	3	0.3904761904761904	0.5123308162531464	0.12185462577695594	0.12185462577695594	0.013468700594029546	0.03780447555670454	0.3809523809523809	0.4	0.4854368932038835	0.5555555555555556	True	False	True	exploratory
5_+_177365962_177365984	24hr	3	3	1.0	1.0	0.0	0.0	0.0	0.0	1.0	1.0	1.0	1.0	True	True	False	small
6_-_29629086_29629107	24hr	3	0	0.6487734487734488				0.2844341429610771		0.3333333333333333	0.8857142857142857			False	False	False	not_testable
3_-_123567761_123567780	24hr	3	3	1.0	1.0	0.0	0.0	0.0	0.0	1.0	1.0	1.0	1.0	True	True	False	small
X_-_136677935_136677956	24hr	3	3	1.0	1.0	0.0	0.0	0.0	0.0	1.0	1.0	1.0	1.0	True	True	False	small
1_+_198692346_198692373	24hr	3	3	1.0	1.0	0.0	0.0	0.0	0.0	1.0	1.0	1.0	1.0	True	True	False	small
1_-_151406606_151406631	24hr	3	3	0.5736659736659737	0.5987669394419491	0.025100965775975426	0.025100965775975426	0.10358132784209816	0.08531244662027225	0.4594594594594595	0.6615384615384615	0.5368421052631579	0.696078431372549	True	True	False	small
17_+_78005057_78005079	24hr	3	2	1.0	1.0	0.0	0.0	0.0	0.0	1.0	1.0	1.0	1.0	True	False	False	small
22_-_19899048_19899068	24hr	2	3	1.0	1.0	0.0	0.0	0.0	0.0	1.0	1.0	1.0	1.0	True	False	False	small
3_+_48974957_48974979	24hr	3	3	1.0	1.0	0.0	0.0	0.0	0.0	1.0	1.0	1.0	1.0	True	True	False	small
X_-_153790563_153790575	24hr	2	3	1.0	1.0	0.0	0.0	0.0	0.0	1.0	1.0	1.0	1.0	True	False	False	small
12_+_122762186_122762206	24hr	3	3	1.0	1.0	0.0	0.0	0.0	0.0	1.0	1.0	1.0	1.0	True	True	False	small
22_-_50777951_50777981	24hr	3	3	0.9689922480620154	0.9967637540453075	0.027771505983292033	0.027771505983292033	0.053707001785081566	0.005605342419316688	0.9069767441860463	1.0	0.9902912621359224	1.0	True	True	False	small
16_+_8748107_8748137	24hr	0	3		1.0				0.0			1.0	1.0	False	False	False	not_testable
19_+_17218363_17218391	24hr	3	3	1.0	1.0	0.0	0.0	0.0	0.0	1.0	1.0	1.0	1.0	True	True	False	small
14_-_52661292_52661304	24hr	3	3	1.0	1.0	0.0	0.0	0.0	0.0	1.0	1.0	1.0	1.0	True	True	False	small
1_-_1299344_1299356	24hr	3	3	1.0	1.0	0.0	0.0	0.0	0.0	1.0	1.0	1.0	1.0	True	True	False	small
8_+_27520882_27520909	24hr	3	3	1.0	1.0	0.0	0.0	0.0	0.0	1.0	1.0	1.0	1.0	True	True	False	small
5_-_177739112_177739137	24hr	3	1	1.0	1.0			0.0		1.0	1.0	1.0	1.0	False	False	False	not_testable
17_+_62692111_62692138	24hr	3	3	1.0	1.0	0.0	0.0	0.0	0.0	1.0	1.0	1.0	1.0	True	True	False	small
19_+_7630822_7630846	24hr	3	3	0.9920634920634921	1.0	0.007936507936507908	0.007936507936507908	0.013746434980705392	0.0	0.9761904761904762	1.0	1.0	1.0	True	True	False	small
X_+_119575374_119575400	24hr	3	3	1.0	1.0	0.0	0.0	0.0	0.0	1.0	1.0	1.0	1.0	True	True	False	small
9_+_128598962_128598986	24hr	3	3	0.3463389739457427	0.5621747050659265	0.21583573112018378	0.21583573112018378	0.15383467947796514	0.08574370507766069	0.22	0.5176470588235295	0.4961832061068702	0.6590909090909091	True	True	False	strong
12_-_56350411_56350432	24hr	3	3	0.3702693706870687	0.2339165014679775	-0.13635286921909123	0.13635286921909123	0.12028393536729551	0.05133847965862857	0.297029702970297	0.509090909090909	0.2014388489208633	0.293103448275862	True	True	True	exploratory
16_+_30661303_30661333	24hr	3	3	1.0	1.0	0.0	0.0	0.0	0.0	1.0	1.0	1.0	1.0	True	True	False	small
19_+_4310272_4310295	24hr	2	3	1.0	1.0	0.0	0.0	0.0	0.0	1.0	1.0	1.0	1.0	True	False	False	small
2_-_152677450_152677475	24hr	3	3	1.0	1.0	0.0	0.0	0.0	0.0	1.0	1.0	1.0	1.0	True	True	False	small
4_-_2257981_2258011	24hr	3	3	1.0	1.0	0.0	0.0	0.0	0.0	1.0	1.0	1.0	1.0	True	True	False	small
21_+_45492686_45492713	24hr	3	3	1.0	1.0	0.0	0.0	0.0	0.0	1.0	1.0	1.0	1.0	True	True	False	small
2_+_231226773_231226798	24hr	0	1		1.0							1.0	1.0	False	False	False	not_testable
19_+_1429966_1429996	24hr	3	3	1.0	1.0	0.0	0.0	0.0	0.0	1.0	1.0	1.0	1.0	True	True	False	small
2_-_95921781_95921810	24hr	1	2	1.0	1.0				0.0	1.0	1.0	1.0	1.0	False	False	False	not_testable
6_-_24870865_24870889	24hr	3	3	1.0	1.0	0.0	0.0	0.0	0.0	1.0	1.0	1.0	1.0	True	True	False	small
7_+_843205_843232	24hr	3	3	1.0	0.975609756097561	-0.024390243902439046	0.024390243902439046	0.0	0.04224514164802137	1.0	1.0	0.926829268292683	1.0	True	True	False	small
1_+_46309100_46309127	24hr	3	3	1.0	0.9013859786973982	-0.09861402130260177	0.09861402130260177	0.0	0.012916729843642361	1.0	1.0	0.8875	0.9130434782608696	True	True	True	small
17_-_56895925_56895952	24hr	3	3	0.8571428571428571	0.9568843843843844	0.0997415272415273	0.0997415272415273	0.24743582965269675	0.026042662711249387	0.5714285714285714	1.0	0.9375	0.9864864864864864	True	True	False	small
12_+_110282603_110282621	24hr	3	3	1.0	1.0	0.0	0.0	0.0	0.0	1.0	1.0	1.0	1.0	True	True	False	small
14_-_57237337_57237366	24hr	3	3	1.0	1.0	0.0	0.0	0.0	0.0	1.0	1.0	1.0	1.0	True	True	False	small
19_+_19104912_19104938	24hr	3	3	1.0	1.0	0.0	0.0	0.0	0.0	1.0	1.0	1.0	1.0	True	True	False	small
17_-_42574195_42574210	24hr	0	3		0.06654738296913933				0.022678423385115026			0.0404040404040404	0.0809248554913294	False	False	False	not_testable
5_-_150699241_150699271	24hr	3	3	1.0	1.0	0.0	0.0	0.0	0.0	1.0	1.0	1.0	1.0	True	True	False	small
2_-_190987038_190987068	24hr	3	3	1.0	1.0	0.0	0.0	0.0	0.0	1.0	1.0	1.0	1.0	True	True	False	small
19_+_19340845_19340873	24hr	3	3	1.0	1.0	0.0	0.0	0.0	0.0	1.0	1.0	1.0	1.0	True	True	False	small
2_+_97187197_97187226	24hr	2	2	1.0	1.0	0.0	0.0	0.0	0.0	1.0	1.0	1.0	1.0	True	False	False	small
2_+_97200333_97200362	24hr	3	2	1.0	1.0	0.0	0.0	0.0	0.0	1.0	1.0	1.0	1.0	True	False	False	small
12_+_25089762_25089790	24hr	3	3	1.0	1.0	0.0	0.0	0.0	0.0	1.0	1.0	1.0	1.0	True	True	False	small
10_-_12170899_12170908	24hr	3	3	0.7619047619047619	0.43886419003132277	-0.3230405718734391	0.3230405718734391	0.25084889887744616	0.05534332140847099	0.5	1.0	0.4012738853503185	0.5024154589371981	True	True	False	strong
X_-_153913023_153913051	24hr	3	3	1.0	1.0	0.0	0.0	0.0	0.0	1.0	1.0	1.0	1.0	True	True	False	small
1_+_228369135_228369162	24hr	3	0	1.0				0.0		1.0	1.0			False	False	False	not_testable
17_-_63698798_63698818	24hr	3	3	0.0015201379142599336	0.009518778943729033	0.0079986410294691	0.0079986410294691	0.0015160867153116964	0.001301929014359859	0.0	0.003032140691328	0.0080515297906602	0.010535959688502	True	True	True	small
1_+_207339396_207339417	24hr	3	3	0.9797979797979798	0.9607467675349443	-0.019051212263035522	0.019051212263035522	0.03499092540543183	0.007213509757738055	0.9393939393939394	1.0	0.9526184538653366	0.9663865546218487	True	True	False	small
21_+_43800861_43800881	24hr	2	3	1.0	1.0	0.0	0.0	0.0	0.0	1.0	1.0	1.0	1.0	True	False	False	small
12_+_118389926_118389946	24hr	3	3	1.0	1.0	0.0	0.0	0.0	0.0	1.0	1.0	1.0	1.0	True	True	False	small
20_-_45960863_45960882	24hr	3	3	1.0	1.0	0.0	0.0	0.0	0.0	1.0	1.0	1.0	1.0	True	True	False	small
21_+_34103496_34103519	24hr	3	3	0.47792580982236155	0.09050024533659373	-0.3874255644857678	0.3874255644857678	0.2646421684607243	0.02560847146670723	0.1724137931034483	0.6363636363636364	0.0610687022900763	0.1076923076923077	True	True	True	strong
14_-_94129261_94129291	24hr	2	3	1.0	1.0	0.0	0.0	0.0	0.0	1.0	1.0	1.0	1.0	True	False	False	small
21_+_45987498_45987519	24hr	3	3	1.0	1.0	0.0	0.0	0.0	0.0	1.0	1.0	1.0	1.0	True	True	False	small
6_+_26390686_26390707	24hr	0	1		1.0							1.0	1.0	False	False	False	not_testable
15_-_58901259_58901287	24hr	3	3	0.945562435500516	1.0	0.054437564499484004	0.054437564499484004	0.01384802569692428	0.0	0.9298245614035088	0.9558823529411764	1.0	1.0	True	True	True	small
6_+_73723250_73723279	24hr	0	3		1.0				0.0			1.0	1.0	False	False	False	not_testable
2_-_86153559_86153574	24hr	3	3	1.0	1.0	0.0	0.0	0.0	0.0	1.0	1.0	1.0	1.0	True	True	False	small
19_-_5612539_5612567	24hr	3	3	0.7889192932671194	0.9966329966329966	0.20771370336587724	0.20771370336587724	0.02895860093993111	0.005831820900905284	0.7636363636363637	0.8205128205128205	0.98989898989899	1.0	True	True	True	strong
6_-_79077699_79077729	24hr	3	3	1.0	1.0	0.0	0.0	0.0	0.0	1.0	1.0	1.0	1.0	True	True	False	small
21_+_45492534_45492564	24hr	3	2	1.0	1.0	0.0	0.0	0.0	0.0	1.0	1.0	1.0	1.0	True	False	False	small
11_-_4601663_4601686	24hr	2	3	1.0	1.0	0.0	0.0	0.0	0.0	1.0	1.0	1.0	1.0	True	False	False	small
1_+_206419372_206419400	24hr	0	2		1.0				0.0			1.0	1.0	False	False	False	not_testable
17_+_48862275_48862304	24hr	3	3	1.0	1.0	0.0	0.0	0.0	0.0	1.0	1.0	1.0	1.0	True	True	False	small
2_-_43950572_43950600	24hr	3	3	1.0	1.0	0.0	0.0	0.0	0.0	1.0	1.0	1.0	1.0	True	True	False	small
1_+_52414620_52414647	24hr	3	3	1.0	1.0	0.0	0.0	0.0	0.0	1.0	1.0	1.0	1.0	True	True	False	small
11_-_4386967_4386990	24hr	3	3	1.0	1.0	0.0	0.0	0.0	0.0	1.0	1.0	1.0	1.0	True	True	False	small
X_-_81119787_81119817	24hr	0	2		1.0				0.0			1.0	1.0	False	False	False	not_testable
6_+_26410005_26410032	24hr	3	3	0.6289759146902004	0.3874034462269756	-0.24157246846322483	0.24157246846322483	0.08188073195641427	0.23728652828641092	0.5510204081632653	0.7142857142857143	0.1818181818181818	0.6470588235294118	True	True	False	strong
11_+_65205709_65205721	24hr	3	3	1.0	1.0	0.0	0.0	0.0	0.0	1.0	1.0	1.0	1.0	True	True	False	small
6_+_26373386_26373413	24hr	3	3	1.0	0.8103069017703165	-0.1896930982296835	0.1896930982296835	0.0	0.07240267402185839	1.0	1.0	0.7575757575757576	0.8928571428571429	True	True	True	exploratory
3_-_160535660_160535690	24hr	3	3	1.0	1.0	0.0	0.0	0.0	0.0	1.0	1.0	1.0	1.0	True	True	False	small
16_+_28986539_28986569	24hr	3	3	0.5708808478840307	0.42371001469096753	-0.14717083319306318	0.14717083319306318	0.055350999984467894	0.06900447751464794	0.5189873417721519	0.6291390728476821	0.3440366972477064	0.4644067796610169	True	True	True	exploratory
3_+_184189254_184189277	24hr	3	3	0.2801217691492255	0.32012476667649076	0.04000299752726527	0.04000299752726527	0.054235953762699615	0.022972679328002645	0.2413793103448276	0.3421052631578947	0.3026819923371647	0.3461538461538461	True	True	False	small
5_-_170262841_170262861	24hr	3	3	1.0	1.0	0.0	0.0	0.0	0.0	1.0	1.0	1.0	1.0	True	True	False	small
7_+_74755508_74755537	24hr	3	3	0.8867910447761194	0.9904261630650973	0.10363511828897798	0.10363511828897798	0.034244462700745236	0.007978618440393602	0.86	0.9253731343283582	0.9812206572769951	0.9953488372093025	True	True	True	exploratory
4_+_53440581_53440608	24hr	3	3	0.26556225300387204	0.15543359064953746	-0.11012866235433458	0.11012866235433458	0.06865797061879263	0.05923796359018834	0.202127659574468	0.3384615384615385	0.0930232558139534	0.2108843537414966	True	True	False	exploratory
8_+_63169386_63169411	24hr	3	3	1.0	1.0	0.0	0.0	0.0	0.0	1.0	1.0	1.0	1.0	True	True	False	small
5_-_170262966_170262992	24hr	3	3	1.0	1.0	0.0	0.0	0.0	0.0	1.0	1.0	1.0	1.0	True	True	False	small
18_+_10533535_10533553	24hr	1	3	1.0	0.9276190476190477				0.08108113010968673	1.0	1.0	0.84	1.0	False	False	False	not_testable
19_+_50419945_50419973	24hr	0	0											False	False	False	not_testable
17_+_43179393_43179412	24hr	3	3	1.0	1.0	0.0	0.0	0.0	0.0	1.0	1.0	1.0	1.0	True	True	False	small
7_+_142792521_142792539	24hr	3	3	1.0	1.0	0.0	0.0	0.0	0.0	1.0	1.0	1.0	1.0	True	True	False	small
19_+_39421282_39421299	24hr	3	3	1.0	1.0	0.0	0.0	0.0	0.0	1.0	1.0	1.0	1.0	True	True	False	small
6_-_28911695_28911718	24hr	3	3	0.9393939393939394	0.9947454436376425	0.055351504243703054	0.055351504243703054	0.10497277621629557	0.004557345540596243	0.8181818181818182	1.0	0.991869918699187	1.0	True	True	False	small
7_+_35831491_35831496	24hr	3	3	0.903225806451613	0.9040404040404041	0.0008145975887910994	0.0008145975887910994	0.1676178200873107	0.05818765407684841	0.7096774193548387	1.0	0.8627450980392157	0.9705882352941176	True	True	False	small
2_-_121401867_121401870	24hr	1	3	1.0	1.0				0.0	1.0	1.0	1.0	1.0	False	False	False	not_testable
2_-_25835537_25835540	24hr	3	3	1.0	1.0	0.0	0.0	0.0	0.0	1.0	1.0	1.0	1.0	True	True	False	small
14_+_96874456_96874459	24hr	0	3		0.7111111111111111				0.07698003589195015			0.6666666666666666	0.8	False	False	False	not_testable
19_+_48477716_48477719	24hr	3	3	0.5322510822510823	0.3524884844399505	-0.1797625978111318	0.1797625978111318	0.09118773006223711	0.20063315680570604	0.4285714285714285	0.6	0.1666666666666666	0.5652173913043478	True	True	False	exploratory
17_-_78696006_78696009	24hr	3	3	0.9905880916243611	1.0	0.009411908375638878	0.009411908375638878	0.009086975193024604	0.0	0.9818652849740932	1.0	1.0	1.0	True	True	False	small
6_-_166370217_166370221	24hr	3	3	1.0	1.0	0.0	0.0	0.0	0.0	1.0	1.0	1.0	1.0	True	True	False	small
14_-_50438091_50438094	24hr	3	3	1.0	1.0	0.0	0.0	0.0	0.0	1.0	1.0	1.0	1.0	True	True	False	small
4_+_88676217_88676241	48hr	3	2	0.9761904761904763	0.75	-0.22619047619047628	0.22619047619047628	0.041239304942116105	0.3535533905932738	0.9285714285714286	1.0	0.5	1.0	True	False	False	strong
10_-_73439871_73439901	48hr	3	3	0.7770753460042963	0.932970208264804	0.15589486226050775	0.15589486226050775	0.09392501507994556	0.03961539685187278	0.6923076923076923	0.8780487804878049	0.9047619047619048	0.9782608695652174	True	True	True	exploratory
14_-_93076594_93076619	48hr	3	3	1.0	0.9836065573770493	-0.016393442622950727	0.016393442622950727	0.0	0.028394275533915988	1.0	1.0	0.9508196721311476	1.0	True	True	False	small
5_+_57221375_57221396	48hr	3	3	0.7467343147410553	0.1966078575611037	-0.5501264571799517	0.5501264571799517	0.14307830943169886	0.0382762653290782	0.582089552238806	0.8409090909090909	0.1702127659574468	0.240506329113924	True	True	True	strong
11_-_75271700_75271724	48hr	3	3	0.3101851851851852	0.1037037037037037	-0.2064814814814815	0.2064814814814815	0.07897556532051844	0.10020555006273099	0.2222222222222222	0.375	0.0	0.2	True	True	True	strong
17_+_30510879_30510909	48hr	3	3	0.9393939393939394	0.9665401044138585	0.027146165019919066	0.027146165019919066	0.10497277621629557	0.034970785260982885	0.8181818181818182	1.0	0.9302325581395348	1.0	True	True	False	small
8_-_54065787_54065813	48hr	3	3	0.0	0.049329795196298536	0.049329795196298536	0.049329795196298536	0.0	0.04464393049646032	0.0	0.0	0.0	0.0869565217391304	True	True	False	small
X_-_154357250_154357274	48hr	3	3	0.7339657009313675	0.5303536851645861	-0.20361201576678134	0.20361201576678134	0.018876043114411663	0.03152067391939705	0.7166666666666667	0.7540983606557377	0.5100574712643678	0.5666666666666667	True	True	True	strong
9_+_133054943_133054964	48hr	3	3	0.3791035353535353	0.24735982237428233	-0.13174371297925297	0.13174371297925297	0.12707872306439813	0.013444204436661026	0.28125	0.5227272727272727	0.2358490566037736	0.2621359223300971	True	True	True	exploratory
20_+_44478623_44478647	48hr	0	3		0.21553065670712723				0.1445635782323236			0.1269841269841269	0.3823529411764705	False	False	False	not_testable
4_-_142202739_142202766	48hr	3	3	0.4932191653577882	0.17472133150099248	-0.31849783385679575	0.31849783385679575	0.31919971567110417	0.06700135567922628	0.1764705882352941	0.8148148148148148	0.1216216216216216	0.25	True	True	False	strong
3_+_47819235_47819264	48hr	2	3	0.8125	0.5099493264120628	-0.3025506735879372	0.3025506735879372	0.2651650429449553	0.14544234087230976	0.625	1.0	0.3793103448275862	0.6666666666666666	True	False	False	strong
19_+_47780724_47780749	48hr	3	3	0.6376478988168094	0.6551007147498376	0.017452815933028165	0.017452815933028165	0.20568409861998962	0.1582698757943072	0.5116279069767442	0.875	0.5111111111111111	0.8245614035087719	True	True	False	small
17_+_7578226_7578244	48hr	3	3	0.0004960317460317333	0.0023089882380746	0.0018129564920428666	0.0018129564920428666	0.000859152186294064	0.0009224273308036902	0.0	0.0014880952380952	0.0013574660633484	0.003199268738574	True	True	False	small
3_-_146536539_146536565	48hr	3	3	1.0	0.8836668142232998	-0.11633318577670015	0.11633318577670015	0.0	0.058356855200011465	1.0	1.0	0.8165137614678899	0.922077922077922	True	True	True	exploratory
17_-_35014739_35014763	48hr	3	3	1.0	0.9696969696969697	-0.030303030303030276	0.030303030303030276	0.0	0.05248638810814775	1.0	1.0	0.9090909090909092	1.0	True	True	False	small
11_+_67416175_67416202	48hr	3	0	0.42372134038800696				0.18129455784052992		0.2321428571428571	0.5925925925925926			False	False	False	not_testable
12_-_57538518_57538524	48hr	3	3	0.20035810078182958	0.08699414725239683	-0.11336395352943275	0.11336395352943275	0.11354676953652378	0.04941020535445645	0.0972222222222222	0.3220338983050847	0.0490196078431372	0.1428571428571428	True	True	False	exploratory
12_-_6965910_6965916	48hr	3	3	0.9943693693693693	0.9992361794921686	0.0048668101227993255	0.0048668101227993255	0.009752538330905901	0.0008029341789892398	0.983108108108108	1.0	0.9983991462113126	1.0	True	True	False	small
20_+_62304460_62304485	48hr	3	3	0.0	0.007996092632704366	0.007996092632704366	0.007996092632704366	0.0	0.0093736035276713	0.0	0.0	0.0009643201542912	0.0186379928315412	True	True	True	small
16_+_70550649_70550678	48hr	3	3	0.6234819734345352	0.14460526286454464	-0.4788767105699905	0.4788767105699905	0.06651772478906715	0.028653826098890618	0.5483870967741935	0.675	0.1245283018867924	0.1774193548387097	True	True	True	strong
14_+_94114850_94114880	48hr	0	0											False	False	False	not_testable
19_+_47205103_47205129	48hr	3	3	0.16801619433198378	0.16371068171775194	-0.004305512614231843	0.004305512614231843	0.17329874271922663	0.015241520308060428	0.0	0.3461538461538461	0.1477272727272727	0.1780821917808219	True	True	False	small
16_-_31093311_31093321	48hr	3	3	0.05471956224350203	0.033067310300847606	-0.021652251942654424	0.021652251942654424	0.05925145780494586	0.016759497929643253	0.0	0.1176470588235294	0.0199501246882793	0.0519480519480519	True	True	False	small
1_-_156476493_156476514	48hr	3	3	0.049851263443496434	0.1386554621848739	0.08880419874137746	0.08880419874137746	0.050517743804363115	0.07015394838301506	0.0	0.101010101010101	0.0588235294117647	0.1904761904761904	True	True	False	small
19_+_41897314_41897326	48hr	3	3	0.8748691516407558	0.6850556280586694	-0.18981352358208647	0.18981352358208647	0.0414520173907069	0.07256618292090049	0.8431372549019608	0.9217687074829932	0.6424870466321243	0.7688442211055276	True	True	True	exploratory
9_-_137023837_137023840	48hr	3	0	0.7754595443833464				0.11234811340795099		0.6716417910447762	0.8947368421052632			False	False	False	not_testable
11_-_64015251_64015281	48hr	3	3	1.0	0.9243474243474245	-0.07565257565257555	0.07565257565257555	0.0	0.051792626648970656	1.0	1.0	0.8648648648648649	0.9594594594594594	True	True	True	small
13_+_75809153_75809183	48hr	3	1	1.0	1.0			0.0		1.0	1.0	1.0	1.0	False	False	False	not_testable
18_-_50285324_50285351	48hr	3	3	0.9123152709359607	0.9916950599009832	0.07937978896502251	0.07937978896502251	0.12322362490239934	0.0014555062456945498	0.7714285714285715	1.0	0.9902912621359224	0.9931972789115646	True	True	False	small
5_+_181233412_181233435	48hr	3	3	0.5079474216380181	0.49669708822251196	-0.01125033341550613	0.01125033341550613	0.19887804668746348	0.1103946330029207	0.3255813953488372	0.72	0.3692307692307692	0.5615384615384615	True	True	False	small
4_-_75918760_75918789	48hr	2	3	0.35185185185185186	0.5675	0.21564814814814814	0.21564814814814814	0.4975936608349779	0.0701338006955277	0.0	0.7037037037037037	0.5	0.64	True	False	False	strong
11_+_59145826_59145856	48hr	3	3	0.7109090909090909	0.8565626650733034	0.14565357416421243	0.14565357416421243	0.19115136142650568	0.1311636012515578	0.5	0.8727272727272727	0.717948717948718	0.9787234042553192	True	True	False	exploratory
12_+_27674191_27674221	48hr	1	2	1.0	0.7333333333333333				0.28284271247461895	1.0	1.0	0.5333333333333333	0.9333333333333332	False	False	False	not_testable
12_-_122514711_122514728	48hr	3	3	0.3050934097200119	0.012820512820512801	-0.29227289689949915	0.29227289689949915	0.12278179444913952	0.02220577958421634	0.1764705882352941	0.4210526315789473	0.0	0.0384615384615384	True	True	True	strong
8_+_22539468_22539498	48hr	3	3	0.8673569023569024	0.7153735632183907	-0.1519833391385117	0.1519833391385117	0.05748442901303384	0.037971014718851406	0.8181818181818182	0.9305555555555556	0.6875	0.7586206896551724	True	True	True	exploratory
16_+_85802753_85802757	48hr	3	3	0.9938967562441863	0.9923540941688893	-0.0015426620752969633	0.0015426620752969633	0.0008084107892508102	0.003745156630614817	0.9931647300068353	0.9947643979057592	0.9884169884169884	0.9958720330237358	True	True	False	small
17_-_37210466_37210490	48hr	0	3		0.8666666666666667				0.23094010767585033			0.6	1.0	False	False	False	not_testable
16_-_89653903_89653923	48hr	3	3	0.7886904761904763	0.9231094547217156	0.1344189785312393	0.1344189785312393	0.1830538608890688	0.025688518306996987	0.6785714285714286	1.0	0.8942731277533039	0.9435483870967742	True	True	False	exploratory
12_+_9650332_9650361	48hr	3	3	0.18088460444541263	0.05614529284742046	-0.12473931159799218	0.12473931159799218	0.12244311104242848	0.03994008389158208	0.081967213114754	0.3178294573643411	0.0158730158730158	0.0957446808510638	True	True	False	exploratory
11_-_65662178_65662205	48hr	3	3	0.4825764834620368	0.48340898796790843	0.000832504505871634	0.000832504505871634	0.04523779938316267	0.01675636268484749	0.4447300771208226	0.5326797385620915	0.4686192468619247	0.5016077170418006	True	True	False	small
11_+_63906087_63906114	48hr	3	3	0.0182310914018231	0.2168642951251647	0.1986332037233416	0.1986332037233416	0.016062994149005208	0.13910872390192133	0.0	0.0303030303030303	0.0869565217391304	0.3636363636363636	True	True	True	exploratory
3_+_139351030_139351060	48hr	3	3	0.028132066938037065	0.024116771465094795	-0.004015295472942271	0.004015295472942271	0.027313312630907388	0.006970830721678468	0.0	0.0545454545454545	0.0161943319838056	0.0293103448275862	True	True	False	small
20_+_2975214_2975241	48hr	3	3	0.31634669678147936	0.13840996168582373	-0.17793673509565563	0.17793673509565563	0.1857040726697684	0.06286364242616604	0.1136363636363636	0.4782608695652174	0.0833333333333333	0.2068965517241379	True	True	False	exploratory
6_+_29929018_29929045	48hr	3	2	1.0	1.0	0.0	0.0	0.0	0.0	1.0	1.0	1.0	1.0	True	False	False	small
22_-_41681539_41681559	48hr	3	3	0.24502804705750694	0.0020242914979757003	-0.24300375555953124	0.24300375555953124	0.04304870151175994	0.0035061757238236233	0.2011834319526627	0.2872340425531915	0.0	0.0060728744939271	True	True	True	strong
5_+_65655635_65655653	48hr	3	3	1.0	0.7337873470925276	-0.2662126529074724	0.2662126529074724	0.0	0.16379459120773468	1.0	1.0	0.5581395348837209	0.8823529411764706	True	True	True	strong
4_+_159344035_159344059	48hr	0	3		0.5833333333333334				0.33291640592396965			0.2	0.8	False	False	False	not_testable
5_+_146481446_146481476	48hr	3	3	0.4722738218094255	0.0	-0.4722738218094255	0.4722738218094255	0.2049056012667931	0.0	0.2666666666666666	0.6764705882352942	0.0	0.0	True	True	True	strong
8_-_140426614_140426641	48hr	3	2	0.821501014198783	0.4128205128205128	-0.40868050137827017	0.40868050137827017	0.15681756594491258	0.3952545597401727	0.7058823529411765	1.0	0.1333333333333333	0.6923076923076923	True	False	True	strong
17_-_1543019_1543027	48hr	3	3	1.0	0.9934640522875817	-0.006535947712418277	0.006535947712418277	0.0	0.011320593513522033	1.0	1.0	0.9803921568627452	1.0	True	True	False	small
10_+_90895453_90895483	48hr	3	3	0.10897435897435896	0.5362356621123695	0.42726130313801053	0.42726130313801053	0.12804477150921909	0.047811116696067094	0.0	0.25	0.4882506527415143	0.5838709677419355	True	True	True	strong
3_-_112125225_112125254	48hr	2	1	1.0	1.0			0.0		1.0	1.0	1.0	1.0	False	False	False	not_testable
2_+_272036_272065	48hr	3	3	0.08057940844826088	0.024932663053661	-0.05564674539459988	0.05564674539459988	0.04340210368837335	0.010371133385248947	0.0317460317460317	0.1147540983606557	0.0146842878120411	0.0354223433242506	True	True	False	small
19_-_39390259_39390289	48hr	3	3	0.32455296168054	0.6810648945770778	0.35651193289653776	0.35651193289653776	0.15830682675258917	0.03926025068032415	0.1836734693877551	0.4958677685950413	0.6411764705882353	0.7196652719665272	True	True	True	strong
14_+_105468337_105468349	48hr	3	3	0.08149058149058147	0.1370175662863656	0.055526984795784134	0.055526984795784134	0.07197311910015129	0.06429549325127087	0.0	0.1363636363636363	0.0769230769230769	0.2048192771084337	True	True	False	small
19_+_39458293_39458305	48hr	3	3	0.9908743795341733	0.9397169157765574	-0.051157463757615984	0.051157463757615984	0.011631135345743143	0.028484493370768683	0.9777777777777776	1.0	0.9106382978723404	0.9675675675675676	True	True	True	small
5_-_141588223_141588250	48hr	3	3	0.2622568559419411	0.1365801927725582	-0.1256766631693829	0.1256766631693829	0.12348752100411846	0.02237685808627582	0.1325301204819277	0.3783783783783784	0.1206434316353887	0.1621621621621621	True	True	False	exploratory
4_+_159243773_159243791	48hr	0	0											False	False	False	not_testable
6_-_32181605_32181632	48hr	3	2	0.44051932367149754	0.744360902255639	0.30384157858414146	0.30384157858414146	0.24536960666275687	0.1594977701924543	0.25	0.717391304347826	0.631578947368421	0.8571428571428571	True	False	False	strong
17_-_15993756_15993778	48hr	3	3	1.0	0.9941520467836257	-0.005847953216374324	0.005847953216374324	0.0	0.010128952091046034	1.0	1.0	0.9824561403508772	1.0	True	True	False	small
2_+_101868028_101868037	48hr	3	3	0.07086077674312963	0.3317230273752012	0.2608622506320716	0.2608622506320716	0.08299099693073872	0.10073104137219592	0.0	0.1621621621621621	0.217391304347826	0.4074074074074074	True	True	True	strong
1_+_28457831_28457855	48hr	2	2	0.15625	0.5	0.34375	0.34375	0.2209708691207961	0.7071067811865476	0.0	0.3125	0.0	1.0	True	False	False	strong
11_+_5708576_5708603	48hr	3	3	1.0	1.0	0.0	0.0	0.0	0.0	1.0	1.0	1.0	1.0	True	True	False	small
16_-_70679314_70679323	48hr	3	3	1.0	0.26519607843137255	-0.7348039215686275	0.7348039215686275	0.0	0.1817847726723772	1.0	1.0	0.125	0.4705882352941176	True	True	True	strong
19_+_1106241_1106266	48hr	3	3	0.9753585677185203	0.9846534277482878	0.009294860029767538	0.009294860029767538	0.02408565611234544	0.00957612620432961	0.947565543071161	0.990138067061144	0.9736024844720496	0.9905100830367736	True	True	False	small
14_+_55061679_55061701	48hr	3	3	0.8193214570056774	0.9568495673680492	0.13752811036237178	0.13752811036237178	0.09321132455409084	0.04381605662180339	0.7129629629629629	0.8867924528301887	0.9080459770114944	0.9928057553956836	True	True	True	exploratory
14_+_103465423_103465450	48hr	3	3	0.46349206349206346	0.0	-0.46349206349206346	0.46349206349206346	0.08469410521875624	0.0	0.3666666666666666	0.5238095238095238	0.0	0.0	True	True	True	strong
5_-_132706450_132706459	48hr	1	1	1.0	0.4444444444444444					1.0	1.0	0.4444444444444444	0.4444444444444444	False	False	False	not_testable
12_-_57305639_57305663	48hr	3	2	0.1054673238408178	0.16041666666666665	0.054949342825848846	0.054949342825848846	0.09193593401562618	0.03830161731427135	0.0	0.1686746987951807	0.1333333333333333	0.1875	True	False	False	small
20_+_58659622_58659634	48hr	3	3	0.23215360304781696	0.10473038288572267	-0.1274232201620943	0.1274232201620943	0.07152758594902812	0.0715679930645915	0.1497175141242938	0.2777777777777778	0.029126213592233	0.1714285714285714	True	True	False	exploratory
19_+_45009813_45009822	48hr	3	3	0.9597701149425287	0.9072110205263507	-0.05255909441617801	0.05255909441617801	0.06968020490219623	0.052838140535754106	0.8793103448275862	1.0	0.8554216867469879	0.961038961038961	True	True	False	small
2_+_69921735_69921765	48hr	3	2	1.0	1.0	0.0	0.0	0.0	0.0	1.0	1.0	1.0	1.0	True	False	False	small
3_+_56559568_56559594	48hr	3	3	0.5038594149705261	0.8541666666666666	0.3503072516961405	0.3503072516961405	0.09731792235333765	0.1301041249666333	0.4054054054054054	0.6	0.75	1.0	True	True	True	strong
10_+_6228195_6228218	48hr	3	3	0.027777777777777766	0.0	-0.027777777777777766	0.027777777777777766	0.048112522432468795	0.0	0.0	0.0833333333333333	0.0	0.0	True	True	False	small
22_-_29329711_29329720	48hr	3	3	0.5686783804430863	0.4208525821227074	-0.1478257983203789	0.1478257983203789	0.07677323841192839	0.045211029874097586	0.5194805194805194	0.6571428571428571	0.3687707641196013	0.45	True	True	True	exploratory
1_-_173864674_173864704	48hr	3	3	0.0161533923198723	0.030560106214862867	0.014406713894990566	0.014406713894990566	0.002349327868520693	0.009193468964962356	0.0134865134865134	0.0179171332586786	0.0205850487540628	0.0386930352536543	True	True	True	small
3_+_133587158_133587161	48hr	3	3	0.28362999452654625	0.12829730291011587	-0.15533269161643037	0.15533269161643037	0.17721988292126634	0.027202324531597086	0.1724137931034483	0.488	0.097165991902834	0.1474820143884892	True	True	True	exploratory
6_-_85538837_85538864	48hr	3	3	0.5695806100217865	0.1152882205513784	-0.4542923894704081	0.4542923894704081	0.2779003998540212	0.08673815779785565	0.3823529411764705	0.8888888888888888	0.0526315789473684	0.2142857142857142	True	True	True	strong
17_-_29578961_29578988	48hr	3	3	0.03174603174603174	0.09909571475404987	0.06734968300801814	0.06734968300801814	0.05498573992282148	0.03735545309133697	0.0	0.0952380952380952	0.0677966101694915	0.1404494382022472	True	True	False	small
5_+_32586491_32586501	48hr	3	3	0.6422147722435079	0.020447268234878798	-0.6217675040086291	0.6217675040086291	0.2738668103741617	0.022313670630778996	0.396551724137931	0.9375	0.0	0.0442477876106194	True	True	True	strong
2_-_156326311_156326328	48hr	3	3	0.0014214641080312668	0.02598339253071727	0.024561928422686004	0.024561928422686004	0.002462048056245729	0.030789809128760684	0.0	0.0042643923240938	0.0061349693251533	0.0614525139664804	True	True	True	small
16_+_31183486_31183489	48hr	3	3	0.06025641025641023	0.060651206055218565	0.0003947957988083353	0.0003947957988083353	0.07922827977169423	0.012718805280322725	0.0	0.15	0.0460405156537753	0.0692464358452138	True	True	False	small
17_-_41896619_41896649	48hr	3	3	1.0	0.8768589118968436	-0.12314108810315638	0.12314108810315638	0.0	0.033054737307533916	1.0	1.0	0.8519736842105263	0.914364640883978	True	True	True	exploratory
12_-_88130544_88130565	48hr	3	3	1.0	1.0	0.0	0.0	0.0	0.0	1.0	1.0	1.0	1.0	True	True	False	small
2_-_121409023_121409047	48hr	3	3	0.7836257309941521	0.6407407407407407	-0.1428849902534114	0.1428849902534114	0.1875908179221689	0.21554791891779942	0.6666666666666666	1.0	0.5	0.8888888888888888	True	True	False	exploratory
1_-_1388491_1388510	48hr	3	3	0.0717115739529187	0.0063955201886236	-0.0653160537642951	0.0653160537642951	0.040113613370464755	0.0058558266412725365	0.0333333333333333	0.1133603238866396	0.0	0.0114942528735632	True	True	True	small
12_-_110499534_110499546	48hr	2	3	0.5	0.8288328939764567	0.32883289397645665	0.32883289397645665	0.7071067811865476	0.05093123502192491	0.0	1.0	0.7848101265822784	0.8846153846153846	True	False	False	strong
1_+_28737657_28737682	48hr	3	3	0.9693459693459694	0.9925727513227512	0.023226781976781852	0.023226781976781852	0.03261912063518879	0.006815016485193409	0.935064935064935	1.0	0.9866071428571428	1.0	True	True	False	small
X_+_150712341_150712365	48hr	3	3	1.0	0.7646464646464647	-0.23535353535353531	0.23535353535353531	0.0	0.03640569957765678	1.0	1.0	0.7272727272727273	0.8	True	True	True	strong
10_-_103105357_103105381	48hr	3	3	0.936936936936937	0.45979532163742687	-0.47714161529951016	0.47714161529951016	0.10922842930614539	0.07093657043250368	0.8108108108108109	1.0	0.4166666666666667	0.5416666666666666	True	True	True	strong
20_+_49096175_49096200	48hr	3	3	0.0	0.0385112663897145	0.0385112663897145	0.0385112663897145	0.0	0.026943005534398413	0.0	0.0	0.0209973753280839	0.0695364238410596	True	True	True	small
2_-_70289349_70289372	48hr	3	3	0.9891633211147961	0.9605796595834315	-0.0285836615313646	0.0285836615313646	0.00951183626932195	0.010484735671645692	0.9821958456973294	1.0	0.948479427549195	0.9669732441471572	True	True	True	small
1_+_172577538_172577559	48hr	3	3	1.0	1.0	0.0	0.0	0.0	0.0	1.0	1.0	1.0	1.0	True	True	False	small
7_-_43887789_43887816	48hr	2	3	1.0	0.9523809523809524	-0.04761904761904756	0.04761904761904756	0.0	0.08247860988423228	1.0	1.0	0.8571428571428571	1.0	True	False	False	small
4_+_27007982_27008006	48hr	3	3	0.5048948670891573	0.08932461873638343	-0.4155702483527739	0.4155702483527739	0.16915544766542312	0.08066888270838178	0.3414634146341463	0.6792452830188679	0.0	0.1568627450980392	True	True	True	strong
1_-_155203512_155203539	48hr	3	0	0.9655172413793104				0.05972588991616817		0.896551724137931	1.0			False	False	False	not_testable
5_+_176099020_176099045	48hr	3	0	1.0				0.0		1.0	1.0			False	False	False	not_testable
X_-_23734340_23734367	48hr	3	3	1.0	0.9075778388278389	-0.09242216117216107	0.09242216117216107	0.0	0.007234830691025293	1.0	1.0	0.9010989010989012	0.9153846153846154	True	True	True	small
1_-_205115857_205115883	48hr	1	3	1.0	0.98				0.034641016151377574	1.0	1.0	0.94	1.0	False	False	False	not_testable
17_+_45234831_45234849	48hr	3	3	0.13661794458895904	0.19868149279913982	0.062063548210180786	0.062063548210180786	0.05484641140618994	0.032228547505634	0.0769230769230769	0.1847826086956521	0.1746031746031746	0.2352941176470588	True	True	False	small
11_+_118364677_118364703	48hr	3	3	0.5074074074074074	0.2151970836181362	-0.29221032378927125	0.29221032378927125	0.4576285265504732	0.14615987996307336	0.0	0.8888888888888888	0.0714285714285714	0.3636363636363636	True	True	False	strong
15_+_40854059_40854086	48hr	0	3		1.0				0.0			1.0	1.0	False	False	False	not_testable
10_+_89013342_89013367	48hr	0	3		0.10809107626190621				0.03974011017592052			0.0821917808219178	0.1538461538461538	False	False	False	not_testable
1_+_78620943_78620971	48hr	2	0	0.2727272727272727				0.385694607919935		0.0	0.5454545454545454			False	False	False	not_testable
4_-_82899712_82899737	48hr	3	3	0.6198879551820728	0.1111111111111111	-0.5087768440709617	0.5087768440709617	0.1384549947141068	0.19245008972987526	0.5	0.7714285714285715	0.0	0.3333333333333333	True	True	True	strong
1_+_161339561_161339588	48hr	3	3	0.26809269162210336	0.006293706293706233	-0.2617989853283971	0.2617989853283971	0.2503595363331791	0.008064729087182344	0.0588235294117647	0.5454545454545454	0.0	0.0153846153846153	True	True	True	strong
14_-_65101545_65101572	48hr	3	3	0.8998694885361552	0.6736714975845409	-0.2261979909516143	0.2261979909516143	0.08459637863670637	0.05655115052940105	0.8148148148148148	0.984	0.6231884057971014	0.7347826086956522	True	True	True	strong
14_-_21263310_21263336	48hr	3	3	0.2662915757673248	0.9553807628334945	0.6890891870661697	0.6890891870661697	0.035171353339094054	0.001995618391890323	0.2273901808785529	0.295843520782396	0.9535714285714286	0.95752123938031	True	True	True	strong
5_-_177310667_177310697	48hr	2	2	1.0	0.85	-0.15000000000000002	0.15000000000000002	0.0	0.21213203435596428	1.0	1.0	0.7	1.0	True	False	False	exploratory
3_+_37337142_37337163	48hr	3	3	0.9102564102564102	0.9672764227642277	0.05702001250781741	0.05702001250781741	0.15544045708951465	0.03719178980142993	0.7307692307692307	1.0	0.926829268292683	1.0	True	True	False	small
1_+_39436481_39436490	48hr	3	3	0.8094325852946542	0.9916666666666667	0.18223408137201247	0.18223408137201247	0.10120870859981577	0.014433756729740658	0.6984126984126984	0.896551724137931	0.975	1.0	True	True	True	exploratory
18_+_51049294_51049324	48hr	1	3	1.0	1.0				0.0	1.0	1.0	1.0	1.0	False	False	False	not_testable
12_-_68316580_68316610	48hr	1	3	0.8	0.5238095238095238				0.06918887211969324	0.8	0.8	0.4444444444444444	0.5714285714285714	False	False	False	not_testable
8_+_144242601_144242628	48hr	3	3	0.8271873790166473	0.746031746031746	-0.08115563298490125	0.08115563298490125	0.13423432668884475	0.22503883934536234	0.7142857142857143	0.975609756097561	0.5714285714285714	1.0	True	True	False	small
11_+_70350993_70351023	48hr	2	3	0.569327731092437	0.10348583877995639	-0.4658418923124806	0.4658418923124806	0.30601680026140504	0.1340400553580922	0.3529411764705882	0.7857142857142857	0.0	0.2549019607843137	True	False	True	strong
11_+_62141499_62141511	48hr	2	3	0.8529411764705883	0.6411657559198543	-0.21177542055073406	0.21177542055073406	0.2079725827019257	0.11956825815866162	0.7058823529411765	1.0	0.5555555555555556	0.7777777777777778	True	False	False	strong
19_+_35009422_35009443	48hr	3	3	0.9722160916157826	0.990774938864997	0.018558847249214416	0.018558847249214416	0.029060129900026068	0.010660239222011288	0.9420289855072465	1.0	0.9791044776119404	1.0	True	True	False	small
17_+_67553609_67553617	48hr	3	3	1.0	1.0	0.0	0.0	0.0	0.0	1.0	1.0	1.0	1.0	True	True	False	small
15_-_50346371_50346395	48hr	2	3	0.18039215686274504	0.4551033591731266	0.2747112023103816	0.2747112023103816	0.1608321306228226	0.05424722129874822	0.0666666666666666	0.2941176470588235	0.4069767441860465	0.5138888888888888	True	False	True	strong
17_+_42985650_42985656	48hr	3	3	0.3333333333333333	0.3564102564102564	0.023076923076923106	0.023076923076923106	0.5773502691896258	0.04885271508527601	0.0	1.0	0.3	0.3846153846153846	True	True	False	small
16_+_19575097_19575122	48hr	2	3	1.0	1.0	0.0	0.0	0.0	0.0	1.0	1.0	1.0	1.0	True	False	False	small
10_+_78040203_78040225	48hr	3	3	0.7310387120489756	0.017489994079511368	-0.7135487179694643	0.7135487179694643	0.024080731496342628	0.0018883297741902254	0.7057627118644068	0.7537128712871287	0.0153266331658291	0.0188076650106458	True	True	True	strong
5_-_151110626_151110644	48hr	3	3	0.8310847274689692	0.8980315054014848	0.06694677793251558	0.06694677793251558	0.1652671893582627	0.044317240338612764	0.6697247706422018	1.0	0.8657534246575342	0.948559670781893	True	True	False	small
10_+_99750368_99750396	48hr	3	3	1.0	0.7960340545689597	-0.2039659454310403	0.2039659454310403	0.0	0.10666564449300223	1.0	1.0	0.704225352112676	0.9130434782608696	True	True	True	strong
8_-_27290155_27290178	48hr	2	3	0.6053639846743295	0.9702021653731915	0.364838180698862	0.364838180698862	0.07043975598026907	0.030644727604628785	0.5555555555555556	0.6551724137931034	0.9387755102040816	1.0	True	False	True	strong
11_-_5667688_5667711	48hr	1	2	1.0	1.0				0.0	1.0	1.0	1.0	1.0	False	False	False	not_testable
9_+_128162003_128162007	48hr	3	3	0.06151354446319637	0.21309542512029564	0.15158188065709927	0.15158188065709927	0.05359869777140832	0.05491256321969202	0.0038167938931297	0.1097560975609756	0.1627906976744186	0.2716763005780346	True	True	True	exploratory
11_-_78441090_78441117	48hr	2	3	0.6958041958041958	0.5893668631785802	-0.10643733262561561	0.10643733262561561	0.2126265146225283	0.02814953634748957	0.5454545454545454	0.8461538461538461	0.5625	0.6186440677966102	True	False	False	exploratory
13_+_25319325_25319350	48hr	3	3	0.13015873015873014	0.9816883219151115	0.8515295917563813	0.8515295917563813	0.11282130567566259	0.005102252849370305	0.0	0.2	0.976470588235294	0.9866666666666668	True	True	True	strong
10_-_26771074_26771089	48hr	3	3	0.08819603356216626	0.029239766081871333	-0.058956267480294935	0.058956267480294935	0.03620012960725869	0.050644760455230316	0.0526315789473684	0.125	0.0	0.087719298245614	True	True	False	small
2_+_237987962_237987992	48hr	3	3	1.0	0.9726435147966366	-0.027356485203363423	0.027356485203363423	0.0	0.027876948985744495	1.0	1.0	0.9413489736070382	0.9948186528497408	True	True	True	small
1_-_173865541_173865547	48hr	3	3	0.0014181770214416998	0.017582883947171335	0.016164706925729636	0.016164706925729636	0.0012370681299190979	0.0032785561565137084	0.0	0.0022753128555176	0.0140845070422535	0.0205850487540628	True	True	True	small
17_-_16151589_16151616	48hr	3	3	0.2159090909090909	0.4813492063492064	0.2654401154401155	0.2654401154401155	0.19384911487763615	0.04183780048602811	0.0	0.375	0.4375	0.5208333333333334	True	True	True	strong
19_-_14152132_14152150	48hr	3	3	0.7839937071010797	0.9019607843137255	0.11796707721264577	0.11796707721264577	0.1224276350731627	0.089854425391291	0.6511627906976745	0.8923076923076924	0.8235294117647058	1.0	True	True	False	exploratory
12_-_6330266_6330295	48hr	3	3	0.557422969187675	0.5097289946865263	-0.04769397450114865	0.04769397450114865	0.4292574286720566	0.0387843702192387	0.1428571428571428	1.0	0.4671532846715328	0.543046357615894	True	True	False	small
3_-_180986997_180987022	48hr	3	3	0.08940825497526524	0.08276426206287353	-0.006643992912391705	0.006643992912391705	0.07556649290794452	0.04290663728824076	0.0329670329670329	0.1752577319587628	0.0510204081632653	0.131578947368421	True	True	False	small
2_+_241324215_241324241	48hr	3	3	0.9535330261136713	0.9923747276688454	0.03884170155517408	0.03884170155517408	0.05496651515515226	0.013207359099109039	0.8928571428571429	1.0	0.977124183006536	1.0	True	True	False	small
22_+_30023456_30023483	48hr	3	2	0.4352770885028949	0.0	-0.4352770885028949	0.4352770885028949	0.2469857923495381	0.0	0.2307692307692307	0.7096774193548387	0.0	0.0	True	False	True	strong
1_-_58690225_58690249	48hr	3	3	0.4368131868131868	0.49673202614379086	0.059918839330604046	0.059918839330604046	0.42374536890039666	0.18841222621437353	0.0	0.8461538461538461	0.2941176470588235	0.6666666666666666	True	True	False	small
15_-_52348817_52348826	48hr	3	3	0.9509803921568628	0.3421717171717171	-0.6088086749851457	0.6088086749851457	0.08490445135141557	0.02942217221649254	0.8529411764705882	1.0	0.3181818181818182	0.375	True	True	True	strong
8_-_124580550_124580562	48hr	0	3		0.1621212121212121				0.07824697777985065			0.1	0.25	False	False	False	not_testable
12_+_62566013_62566031	48hr	2	3	0.7708333333333333	0.638558201058201	-0.1322751322751322	0.1322751322751322	0.14731391274719743	0.2955622269562864	0.6666666666666666	0.875	0.3125	0.8888888888888888	True	False	False	exploratory
15_-_78294945_78294973	48hr	2	3	1.0	1.0	0.0	0.0	0.0	0.0	1.0	1.0	1.0	1.0	True	False	False	small
19_+_2097928_2097955	48hr	2	1	0.6111111111111112	0.5			0.5499719409228703		0.2222222222222222	1.0	0.5	0.5	False	False	False	not_testable
20_-_50945736_50945762	48hr	3	3	0.6152293776910448	0.6506561186316481	0.035426740940603274	0.035426740940603274	0.0033742981634860398	0.04021795332085696	0.6113744075829384	0.6176470588235294	0.6077519379844961	0.6875	True	True	False	small
12_-_42322417_42322446	48hr	3	3	0.4367955721679126	0.01587301587301587	-0.4209225562948967	0.4209225562948967	0.1621819132510978	0.02749286996141074	0.2553191489361702	0.5675675675675675	0.0	0.0476190476190476	True	True	True	strong
17_-_75146665_75146684	48hr	3	3	1.0	1.0	0.0	0.0	0.0	0.0	1.0	1.0	1.0	1.0	True	True	False	small
1_+_222648828_222648850	48hr	3	3	0.9866666666666667	1.0	0.013333333333333308	0.013333333333333308	0.023094010767585053	0.0	0.96	1.0	1.0	1.0	True	True	False	small
20_+_32367726_32367729	48hr	3	3	0.9577352472089314	0.9271807140228193	-0.03055453318611212	0.03055453318611212	0.06215876989183132	0.013178751701642727	0.8863636363636364	1.0	0.9181818181818182	0.9423076923076924	True	True	False	small
17_-_10729030_10729060	48hr	1	1	1.0	1.0					1.0	1.0	1.0	1.0	False	False	False	not_testable
10_-_71823887_71823896	48hr	3	3	0.19583550931319374	0.004926108374384233	-0.1909094009388095	0.1909094009388095	0.09542104809326986	0.00853226998802402	0.0909090909090909	0.2774193548387096	0.0	0.0147783251231527	True	True	True	exploratory
17_-_7676381_7676403	48hr	3	3	0.5188120337374068	0.48394694769608276	-0.034865086041324045	0.034865086041324045	0.1024513206137568	0.013760717814519105	0.4230769230769231	0.6268656716417911	0.4685430463576159	0.4950248756218905	True	True	False	small
6_+_31587943_31587966	48hr	3	3	0.6639249639249639	0.504644142575177	-0.15928082134978694	0.15928082134978694	0.2525670136567699	0.09225637370598846	0.3857142857142857	0.8787878787878788	0.4482758620689655	0.6111111111111112	True	True	False	exploratory
6_+_169766637_169766667	48hr	3	3	0.9871794871794872	1.0	0.012820512820512775	0.012820512820512775	0.02220577958421636	0.0	0.9615384615384616	1.0	1.0	1.0	True	True	False	small
11_+_64354003_64354028	48hr	3	3	0.06986598127251316	0.10156786881236383	0.031701887539850676	0.031701887539850676	0.036226656645639135	0.06319693195715025	0.0313199105145413	0.1032110091743119	0.0301507537688442	0.1502590673575129	True	True	False	small
12_+_105348601_105348626	48hr	1	3	1.0	1.0				0.0	1.0	1.0	1.0	1.0	False	False	False	not_testable
17_-_1515568_1515585	48hr	3	3	0.03993055555555553	0.010928961748633866	-0.029001593806921667	0.029001593806921667	0.048393610641549845	0.01892951702261066	0.0	0.09375	0.0	0.0327868852459016	True	True	False	small
9_+_128609650_128609665	48hr	3	3	0.466284348864994	0.1022263450834879	-0.3640580037815061	0.3640580037815061	0.05445907591878369	0.04215913932217939	0.4111111111111111	0.52	0.0612244897959183	0.1454545454545454	True	True	True	strong
22_+_17097061_17097086	48hr	3	3	1.0	1.0	0.0	0.0	0.0	0.0	1.0	1.0	1.0	1.0	True	True	False	small
16_-_67236410_67236434	48hr	2	3	0.6451612903225806	0.0971993867756843	-0.5479619035468963	0.5479619035468963	0.5018177156807757	0.021623192996293047	0.2903225806451613	1.0	0.078125	0.1206896551724138	True	False	True	strong
11_-_47635544_47635571	48hr	3	3	1.0	0.9363441036161735	-0.06365589638382652	0.06365589638382652	0.0	0.017549071964517434	1.0	1.0	0.9213483146067416	0.9556451612903226	True	True	True	small
19_-_3017839_3017859	48hr	3	0	0.8690476190476191				0.2268161771816387		0.6071428571428571	1.0			False	False	False	not_testable
1_-_32634767_32634792	48hr	3	3	0.3947368421052631	0.5327486942070275	0.13801185210176442	0.13801185210176442	0.3540427380808871	0.027191763098849034	0.0	0.6842105263157895	0.515625	0.5641025641025641	True	True	False	exploratory
19_+_10808568_10808580	48hr	3	3	0.9733333333333333	0.8401415124959429	-0.13319182083739034	0.13319182083739034	0.046188021535170036	0.1511209066667809	0.92	1.0	0.6708860759493671	0.9615384615384616	True	True	False	exploratory
12_-_6549475_6549484	48hr	2	1	0.5	0.6			0.7071067811865476		0.0	1.0	0.6	0.6	False	False	False	not_testable
16_-_28905866_28905878	48hr	3	3	0.9833333333333334	1.0	0.016666666666666607	0.016666666666666607	0.028867513459481315	0.0	0.95	1.0	1.0	1.0	True	True	False	small
13_-_21425651_21425678	48hr	3	3	1.0	0.9592592592592591	-0.040740740740740855	0.040740740740740855	0.0	0.052509062513917834	1.0	1.0	0.9	1.0	True	True	False	small
14_+_55137369_55137391	48hr	1	0	1.0						1.0	1.0			False	False	False	not_testable
11_+_112230207_112230230	48hr	3	3	0.6334659593280283	0.6288463598974688	-0.004619599430559451	0.004619599430559451	0.23368054187580178	0.10084078641139568	0.45	0.896551724137931	0.5307692307692308	0.73224043715847	True	True	False	small
17_-_8589080_8589108	48hr	0	0											False	False	False	not_testable
19_+_18122106_18122127	48hr	3	3	0.2857142857142857	0.7057109557109557	0.41999666999666996	0.41999666999666996	0.49487165930539345	0.06082140780018244	0.0	0.8571428571428571	0.6363636363636364	0.75	True	True	False	strong
10_-_31839304_31839319	48hr	3	0	0.9824561403508772				0.030386856273138165		0.9473684210526316	1.0			False	False	False	not_testable
19_+_53563762_53563792	48hr	3	3	0.11946267432321574	0.13472222222222222	0.015259547899006479	0.015259547899006479	0.07910365285989793	0.052097220370864054	0.0377358490566037	0.1956521739130435	0.0833333333333333	0.1875	True	True	False	small
16_+_57062158_57062173	48hr	3	3	0.2836302552063663	0.038430904022301864	-0.24519935118406444	0.24519935118406444	0.031395068642548526	0.051368165789461795	0.2486187845303867	0.3092783505154639	0.0	0.0967741935483871	True	True	True	strong
20_-_63943652_63943669	48hr	3	3	1.0	0.9812696650620746	-0.01873033493792542	0.01873033493792542	0.0	0.010371219426295474	1.0	1.0	0.9693877551020408	0.9885057471264368	True	True	True	small
6_-_34247466_34247492	48hr	2	3	1.0	0.9500891265597148	-0.04991087344028522	0.04991087344028522	0.0	0.0461052305040198	1.0	1.0	0.9090909090909092	1.0	True	False	False	small
14_+_39279336_39279358	48hr	3	3	1.0	1.0	0.0	0.0	0.0	0.0	1.0	1.0	1.0	1.0	True	True	False	small
3_+_184180644_184180650	48hr	3	3	0.20879508939301492	0.19004457249349502	-0.018750516899519898	0.018750516899519898	0.0772826637047588	0.03947643369057832	0.1272727272727272	0.2809917355371901	0.15005359056806	0.2289855072463768	True	True	False	small
14_+_52004239_52004242	48hr	3	3	0.03009078668307877	0.006060884881897999	-0.02402990180118077	0.02402990180118077	0.04759843815683571	0.00042896936899777685	0.0	0.0849673202614379	0.0055710306406685	0.0063694267515923	True	True	False	small
X_-_48998153_48998180	48hr	3	3	0.9869791666666666	0.9702989392478303	-0.016680227418836346	0.016680227418836346	0.022552744890219755	0.03321967463034923	0.9609375	1.0	0.9344262295081968	1.0	True	True	False	small
9_+_128627924_128627942	48hr	3	3	0.8596598520589435	0.7309719822339988	-0.12868786982494462	0.12868786982494462	0.042358047425289834	0.07142446577022929	0.8247422680412371	0.9067796610169492	0.6513761467889908	0.7894736842105263	True	True	True	exploratory
19_-_6479986_6479990	48hr	3	3	0.11399785896430187	0.04248599820580403	-0.07151186075849783	0.07151186075849783	0.027864377073949096	0.01273589876018178	0.087248322147651	0.1428571428571428	0.02803738317757	0.0520833333333333	True	True	True	small
16_+_3067983_3068010	48hr	3	3	0.9691289294351525	0.9826123916254396	0.013483462190287065	0.013483462190287065	0.018119802485144252	0.003703137160307547	0.950375939849624	0.9865410497981156	0.9800204918032788	0.9868536371603857	True	True	False	small
3_+_180915675_180915696	48hr	3	0	0.9242424242424243				0.08436006610348516		0.8333333333333334	1.0			False	False	False	not_testable
9_+_131232283_131232308	48hr	3	3	0.9165362545644236	1.0	0.08346374543557644	0.08346374543557644	0.12099094800329437	0.0	0.7777777777777778	1.0	1.0	1.0	True	True	False	small
12_-_76049755_76049785	48hr	3	3	0.8327128499699885	0.897391328130428	0.06467847816043948	0.06467847816043948	0.034194040046538546	0.01676675391743439	0.7985004686035614	0.8668885191347754	0.8785301122830895	0.9106054449410808	True	True	True	small
19_+_55343977_55343997	48hr	3	3	1.0	1.0	0.0	0.0	0.0	0.0	1.0	1.0	1.0	1.0	True	True	False	small
18_+_35972884_35972907	48hr	3	3	0.43948615177889055	0.9057311523797811	0.4662450006008905	0.4662450006008905	0.1873614725856069	0.043832900875639215	0.2231404958677686	0.5481481481481482	0.8554913294797688	0.9361702127659576	True	True	True	strong
5_+_176103755_176103780	48hr	3	1	1.0	1.0			0.0		1.0	1.0	1.0	1.0	False	False	False	not_testable
16_+_31182397_31182422	48hr	3	3	1.0	1.0	0.0	0.0	0.0	0.0	1.0	1.0	1.0	1.0	True	True	False	small
2_+_169614463_169614493	48hr	3	3	0.9624413145539906	0.9849693709846109	0.02252805643062028	0.02252805643062028	0.06505355145798598	0.01786549274423303	0.8873239436619719	1.0	0.9652173913043478	1.0	True	True	False	small
10_-_68073656_68073686	48hr	3	3	1.0	1.0	0.0	0.0	0.0	0.0	1.0	1.0	1.0	1.0	True	True	False	small
5_+_111094919_111094947	48hr	3	3	1.0	1.0	0.0	0.0	0.0	0.0	1.0	1.0	1.0	1.0	True	True	False	small
15_+_44716328_44716356	48hr	3	3	0.3969342655657592	0.4020789436780472	0.00514467811228797	0.00514467811228797	0.01690246658146208	0.008004600186176972	0.381940176193403	0.4152514922955902	0.3956764772986539	0.411053385883196	True	True	False	small
15_-_48166120_48166128	48hr	1	3	1.0	1.0				0.0	1.0	1.0	1.0	1.0	False	False	False	not_testable
22_-_27897129_27897137	48hr	3	3	1.0	1.0	0.0	0.0	0.0	0.0	1.0	1.0	1.0	1.0	True	True	False	small
2_-_95901177_95901206	48hr	1	0	1.0						1.0	1.0			False	False	False	not_testable
16_+_81693157_81693184	48hr	3	3	1.0	1.0	0.0	0.0	0.0	0.0	1.0	1.0	1.0	1.0	True	True	False	small
19_+_18433584_18433613	48hr	3	3	0.9131742961530196	0.976308158776118	0.06313386262309839	0.06313386262309839	0.01541700987229811	0.020455457008205623	0.896969696969697	0.9276595744680852	0.9527027027027029	0.988826815642458	True	True	True	small
16_-_23478882_23478911	48hr	3	3	1.0	1.0	0.0	0.0	0.0	0.0	1.0	1.0	1.0	1.0	True	True	False	small
1_+_43958241_43958268	48hr	0	3		1.0				0.0			1.0	1.0	False	False	False	not_testable
19_+_45070536_45070561	48hr	3	3	1.0	1.0	0.0	0.0	0.0	0.0	1.0	1.0	1.0	1.0	True	True	False	small
9_+_130200957_130200982	48hr	0	3		1.0				0.0			1.0	1.0	False	False	False	not_testable
8_+_2142374_2142397	48hr	0	0											False	False	False	not_testable
1_+_223757368_223757380	48hr	3	3	1.0	1.0	0.0	0.0	0.0	0.0	1.0	1.0	1.0	1.0	True	True	False	small
11_+_118349026_118349050	48hr	3	3	1.0	0.9978632478632479	-0.002136752136752129	0.002136752136752129	0.0	0.0037009632640360494	1.0	1.0	0.9935897435897436	1.0	True	True	False	small
6_+_144846804_144846827	48hr	3	3	1.0	1.0	0.0	0.0	0.0	0.0	1.0	1.0	1.0	1.0	True	True	False	small
1_-_228397142_228397165	48hr	3	3	1.0	1.0	0.0	0.0	0.0	0.0	1.0	1.0	1.0	1.0	True	True	False	small
15_-_50578638_50578664	48hr	3	3	1.0	1.0	0.0	0.0	0.0	0.0	1.0	1.0	1.0	1.0	True	True	False	small
20_+_45813436_45813464	48hr	0	3		1.0				0.0			1.0	1.0	False	False	False	not_testable
15_+_42402123_42402135	48hr	3	0	0.800358422939068				0.28997656268461786		0.4677419354838709	1.0			False	False	False	not_testable
2_+_205766782_205766803	48hr	0	1		1.0							1.0	1.0	False	False	False	not_testable
14_-_75022994_75023018	48hr	1	3	1.0	1.0				0.0	1.0	1.0	1.0	1.0	False	False	False	not_testable
11_-_62852655_62852681	48hr	3	3	0.24504283865963813	0.024358130348913733	-0.2206847083107244	0.2206847083107244	0.025901167889486792	0.021524401216947726	0.2265625	0.2746478873239437	0.0	0.0408163265306122	True	True	True	strong
22_+_31192683_31192702	48hr	2	3	1.0	1.0	0.0	0.0	0.0	0.0	1.0	1.0	1.0	1.0	True	False	False	small
22_-_41468123_41468147	48hr	3	3	0.9759744188056348	0.9992211838006231	0.023246764994988234	0.023246764994988234	0.020864835157092018	0.001348949227078517	0.962406015037594	1.0	0.9976635514018692	1.0	True	True	False	small
19_+_17861292_17861307	48hr	3	3	0.032020298200669504	0.006145567827810766	-0.02587473037285874	0.02587473037285874	0.006031811128787793	0.005323743473713944	0.0275862068965517	0.0388888888888888	0.0	0.0093457943925233	True	True	True	small
10_-_24666984_24667009	48hr	1	1	1.0	1.0					1.0	1.0	1.0	1.0	False	False	False	not_testable
11_+_118307287_118307308	48hr	3	3	1.0	1.0	0.0	0.0	0.0	0.0	1.0	1.0	1.0	1.0	True	True	False	small
10_-_114440081_114440089	48hr	3	3	1.0	1.0	0.0	0.0	0.0	0.0	1.0	1.0	1.0	1.0	True	True	False	small
2_+_97207810_97207839	48hr	2	1	1.0	1.0			0.0		1.0	1.0	1.0	1.0	False	False	False	not_testable
5_-_177740776_177740801	48hr	3	0	1.0				0.0		1.0	1.0			False	False	False	not_testable
22_+_17105590_17105602	48hr	3	3	1.0	1.0	0.0	0.0	0.0	0.0	1.0	1.0	1.0	1.0	True	True	False	small
22_+_20553144_20553174	48hr	3	3	0.9778590966215717	1.0	0.022140903378428334	0.022140903378428334	0.02415665845411874	0.0	0.9520958083832336	1.0	1.0	1.0	True	True	False	small
3_-_52409713_52409743	48hr	3	3	1.0	1.0	0.0	0.0	0.0	0.0	1.0	1.0	1.0	1.0	True	True	False	small
11_+_48110057_48110076	48hr	3	3	1.0	1.0	0.0	0.0	0.0	0.0	1.0	1.0	1.0	1.0	True	True	False	small
17_-_41620535_41620558	48hr	0	0											False	False	False	not_testable
6_+_26448616_26448637	48hr	3	2	1.0	1.0	0.0	0.0	0.0	0.0	1.0	1.0	1.0	1.0	True	False	False	small
1_-_183564004_183564030	48hr	0	2		1.0				0.0			1.0	1.0	False	False	False	not_testable
21_+_46000758_46000767	48hr	3	3	1.0	1.0	0.0	0.0	0.0	0.0	1.0	1.0	1.0	1.0	True	True	False	small
1_+_168239130_168239160	48hr	3	3	1.0	1.0	0.0	0.0	0.0	0.0	1.0	1.0	1.0	1.0	True	True	False	small
2_-_237359361_237359388	48hr	2	2	1.0	1.0	0.0	0.0	0.0	0.0	1.0	1.0	1.0	1.0	True	False	False	small
4_-_152644414_152644442	48hr	1	3	1.0	1.0				0.0	1.0	1.0	1.0	1.0	False	False	False	not_testable
18_-_74260914_74260944	48hr	3	3	1.0	0.9919541737723555	-0.008045826227644493	0.008045826227644493	0.0	0.00793876625758598	1.0	1.0	0.984126984126984	1.0	True	True	False	small
12_+_110636480_110636501	48hr	1	2	1.0	0.9444444444444444				0.07856742013183865	1.0	1.0	0.8888888888888888	1.0	False	False	False	not_testable
1_+_42659227_42659251	48hr	3	3	0.728102304149776	0.9531545223034583	0.22505221815368237	0.22505221815368237	0.2214617038538123	0.041849044396984586	0.4893617021276595	0.926829268292683	0.9073359073359072	0.9893617021276596	True	True	False	strong
1_-_41160874_41160898	48hr	2	3	1.0	1.0	0.0	0.0	0.0	0.0	1.0	1.0	1.0	1.0	True	False	False	small
15_-_49028143_49028168	48hr	3	3	1.0	1.0	0.0	0.0	0.0	0.0	1.0	1.0	1.0	1.0	True	True	False	small
3_+_42630545_42630575	48hr	3	3	0.22160020226183183	0.9487179487179488	0.7271177464561169	0.7271177464561169	0.10181991799019743	0.0888231183368655	0.1571428571428571	0.3389830508474576	0.8461538461538461	1.0	True	True	True	strong
19_-_38922237_38922267	48hr	3	3	0.521062271062271	0.9226190476190476	0.4015567765567766	0.4015567765567766	0.1994803154409984	0.13402774106187737	0.3846153846153846	0.75	0.7678571428571429	1.0	True	True	True	strong
19_+_17275800_17275825	48hr	3	3	0.9841269841269842	0.9447477622151119	-0.039379221911872264	0.039379221911872264	0.027492869961410715	0.028175157754224977	0.9523809523809524	1.0	0.9145299145299144	0.9702970297029704	True	True	False	small
17_-_28350765_28350792	48hr	3	3	1.0	1.0	0.0	0.0	0.0	0.0	1.0	1.0	1.0	1.0	True	True	False	small
10_-_119161054_119161081	48hr	2	3	0.8361111111111111	0.8041839740757107	-0.0319271370354004	0.0319271370354004	0.04321208107251124	0.05390965496679813	0.8055555555555556	0.8666666666666667	0.7419354838709677	0.8356164383561644	True	False	False	small
2_+_42264705_42264731	48hr	3	3	1.0	1.0	0.0	0.0	0.0	0.0	1.0	1.0	1.0	1.0	True	True	False	small
11_+_121306458_121306486	48hr	3	3	0.496937283685404	0.0	-0.496937283685404	0.496937283685404	0.20854129709688826	0.0	0.3673469387755102	0.7375	0.0	0.0	True	True	True	strong
14_-_52658123_52658150	48hr	3	3	1.0	1.0	0.0	0.0	0.0	0.0	1.0	1.0	1.0	1.0	True	True	False	small
2_-_73023187_73023214	48hr	1	3	1.0	1.0				0.0	1.0	1.0	1.0	1.0	False	False	False	not_testable
17_-_64353490_64353518	48hr	3	3	1.0	1.0	0.0	0.0	0.0	0.0	1.0	1.0	1.0	1.0	True	True	False	small
17_+_27585656_27585661	48hr	1	3	1.0	1.0				0.0	1.0	1.0	1.0	1.0	False	False	False	not_testable
2_+_113632914_113632944	48hr	3	3	1.0	1.0	0.0	0.0	0.0	0.0	1.0	1.0	1.0	1.0	True	True	False	small
6_-_13652658_13652681	48hr	3	3	1.0	1.0	0.0	0.0	0.0	0.0	1.0	1.0	1.0	1.0	True	True	False	small
3_-_129159153_129159176	48hr	3	3	1.0	1.0	0.0	0.0	0.0	0.0	1.0	1.0	1.0	1.0	True	True	False	small
10_-_119159727_119159753	48hr	2	3	1.0	1.0	0.0	0.0	0.0	0.0	1.0	1.0	1.0	1.0	True	False	False	small
6_+_25973053_25973076	48hr	3	3	1.0	1.0	0.0	0.0	0.0	0.0	1.0	1.0	1.0	1.0	True	True	False	small
2_+_97250143_97250173	48hr	3	2	1.0	1.0	0.0	0.0	0.0	0.0	1.0	1.0	1.0	1.0	True	False	False	small
19_+_35148693_35148723	48hr	3	0	1.0				0.0		1.0	1.0			False	False	False	not_testable
2_-_95927380_95927409	48hr	3	0	1.0				0.0		1.0	1.0			False	False	False	not_testable
19_+_41893273_41893303	48hr	3	3	1.0	1.0	0.0	0.0	0.0	0.0	1.0	1.0	1.0	1.0	True	True	False	small
11_+_113323993_113324015	48hr	2	3	1.0	1.0	0.0	0.0	0.0	0.0	1.0	1.0	1.0	1.0	True	False	False	small
X_-_40729318_40729345	48hr	3	3	1.0	1.0	0.0	0.0	0.0	0.0	1.0	1.0	1.0	1.0	True	True	False	small
1_-_19770541_19770569	48hr	3	3	1.0	1.0	0.0	0.0	0.0	0.0	1.0	1.0	1.0	1.0	True	True	False	small
11_+_123584311_123584332	48hr	0	3		1.0				0.0			1.0	1.0	False	False	False	not_testable
6_+_26466061_26466088	48hr	3	3	1.0	1.0	0.0	0.0	0.0	0.0	1.0	1.0	1.0	1.0	True	True	False	small
6_-_135404950_135404977	48hr	1	3	1.0	1.0				0.0	1.0	1.0	1.0	1.0	False	False	False	not_testable
2_-_174380803_174380814	48hr	3	3	1.0	1.0	0.0	0.0	0.0	0.0	1.0	1.0	1.0	1.0	True	True	False	small
2_+_97217176_97217205	48hr	3	2	1.0	1.0	0.0	0.0	0.0	0.0	1.0	1.0	1.0	1.0	True	False	False	small
6_+_26411108_26411135	48hr	3	0	1.0				0.0		1.0	1.0			False	False	False	not_testable
17_-_3881626_3881648	48hr	0	1		1.0							1.0	1.0	False	False	False	not_testable
11_+_5706593_5706616	48hr	3	3	1.0	1.0	0.0	0.0	0.0	0.0	1.0	1.0	1.0	1.0	True	True	False	small
6_-_43568710_43568737	48hr	3	3	1.0	1.0	0.0	0.0	0.0	0.0	1.0	1.0	1.0	1.0	True	True	False	small
2_+_97189086_97189115	48hr	2	1	1.0	1.0			0.0		1.0	1.0	1.0	1.0	False	False	False	not_testable
2_-_168074981_168075011	48hr	3	3	1.0	1.0	0.0	0.0	0.0	0.0	1.0	1.0	1.0	1.0	True	True	False	small
1_+_246641748_246641770	48hr	3	3	1.0	1.0	0.0	0.0	0.0	0.0	1.0	1.0	1.0	1.0	True	True	False	small
2_+_97204067_97204096	48hr	3	1	1.0	1.0			0.0		1.0	1.0	1.0	1.0	False	False	False	not_testable
5_-_39139232_39139252	48hr	3	3	1.0	1.0	0.0	0.0	0.0	0.0	1.0	1.0	1.0	1.0	True	True	False	small
19_+_582305_582330	48hr	3	3	1.0	1.0	0.0	0.0	0.0	0.0	1.0	1.0	1.0	1.0	True	True	False	small
5_+_139276120_139276150	48hr	3	3	1.0	1.0	0.0	0.0	0.0	0.0	1.0	1.0	1.0	1.0	True	True	False	small
2_+_97202201_97202230	48hr	3	0	1.0				0.0		1.0	1.0			False	False	False	not_testable
5_+_176097354_176097379	48hr	3	0	1.0				0.0		1.0	1.0			False	False	False	not_testable
22_-_36327460_36327488	48hr	3	3	1.0	1.0	0.0	0.0	0.0	0.0	1.0	1.0	1.0	1.0	True	True	False	small
13_-_49732746_49732776	48hr	3	3	1.0	1.0	0.0	0.0	0.0	0.0	1.0	1.0	1.0	1.0	True	True	False	small
21_-_39348421_39348451	48hr	3	3	0.5452954787959999	0.5802629858186937	0.0349675070226938	0.0349675070226938	0.06958813569158363	0.008490126204429904	0.4910714285714285	0.6237623762376238	0.5710321864594895	0.587737843551797	True	True	False	small
8_+_17184788_17184815	48hr	3	3	1.0	1.0	0.0	0.0	0.0	0.0	1.0	1.0	1.0	1.0	True	True	False	small
6_+_26409893_26409914	48hr	3	2	0.8085531415959721	0.4636363636363636	-0.3449167779596085	0.3449167779596085	0.0504478027050267	0.3728381209892705	0.7653631284916201	0.864	0.2	0.7272727272727273	True	False	True	strong
13_-_75537663_75537675	48hr	3	3	1.0	1.0	0.0	0.0	0.0	0.0	1.0	1.0	1.0	1.0	True	True	False	small
6_-_136705109_136705133	48hr	3	2	1.0	1.0	0.0	0.0	0.0	0.0	1.0	1.0	1.0	1.0	True	False	False	small
12_+_123652706_123652735	48hr	3	3	1.0	1.0	0.0	0.0	0.0	0.0	1.0	1.0	1.0	1.0	True	True	False	small
22_+_40251178_40251200	48hr	3	0	1.0				0.0		1.0	1.0			False	False	False	not_testable
22_-_41607839_41607861	48hr	3	3	1.0	1.0	0.0	0.0	0.0	0.0	1.0	1.0	1.0	1.0	True	True	False	small
17_-_48363788_48363814	48hr	3	3	1.0	1.0	0.0	0.0	0.0	0.0	1.0	1.0	1.0	1.0	True	True	False	small
17_-_75937565_75937593	48hr	0	3		1.0				0.0			1.0	1.0	False	False	False	not_testable
16_-_934243_934254	48hr	3	2	0.9779314888010541	1.0	0.022068511198945928	0.022068511198945928	0.021746615072785316	0.0	0.9565217391304348	1.0	1.0	1.0	True	False	False	small
X_-_80809012_80809042	48hr	3	2	1.0	1.0	0.0	0.0	0.0	0.0	1.0	1.0	1.0	1.0	True	False	False	small
2_-_11218454_11218466	48hr	2	1	0.2857142857142857	1.0			0.40406101782088427		0.0	0.5714285714285714	1.0	1.0	False	False	False	not_testable
19_+_6833710_6833733	48hr	3	3	1.0	1.0	0.0	0.0	0.0	0.0	1.0	1.0	1.0	1.0	True	True	False	small
11_-_62852810_62852839	48hr	3	3	0.2062848454264731	0.31312008012624354	0.10683523469977044	0.10683523469977044	0.007704840253308044	0.030280289805712367	0.2005988023952095	0.2150537634408602	0.2785714285714286	0.3350515463917525	True	True	True	exploratory
19_-_3963642_3963669	48hr	3	3	1.0	1.0	0.0	0.0	0.0	0.0	1.0	1.0	1.0	1.0	True	True	False	small
11_-_2951779_2951809	48hr	3	3	1.0	1.0	0.0	0.0	0.0	0.0	1.0	1.0	1.0	1.0	True	True	False	small
11_+_5641166_5641189	48hr	0	2		1.0				0.0			1.0	1.0	False	False	False	not_testable
19_+_17776246_17776271	48hr	3	3	0.9080459770114943	1.0	0.09195402298850575	0.09195402298850575	0.1592690397764485	0.0	0.7241379310344828	1.0	1.0	1.0	True	True	False	small
7_+_36426014_36426036	48hr	0	3		1.0				0.0			1.0	1.0	False	False	False	not_testable
5_-_39130589_39130612	48hr	3	3	1.0	1.0	0.0	0.0	0.0	0.0	1.0	1.0	1.0	1.0	True	True	False	small
3_-_12600387_12600415	48hr	3	3	0.6676124422026062	0.541165839420873	-0.12644660278173314	0.12644660278173314	0.01783092779619079	0.0677169529396864	0.6502732240437158	0.6858974358974359	0.4756756756756757	0.610909090909091	True	True	True	exploratory
6_-_35870933_35870959	48hr	3	3	1.0	1.0	0.0	0.0	0.0	0.0	1.0	1.0	1.0	1.0	True	True	False	small
3_-_15695187_15695214	48hr	3	3	1.0	1.0	0.0	0.0	0.0	0.0	1.0	1.0	1.0	1.0	True	True	False	small
9_+_79654058_79654075	48hr	2	3	1.0	1.0	0.0	0.0	0.0	0.0	1.0	1.0	1.0	1.0	True	False	False	small
11_+_5642816_5642843	48hr	2	2	1.0	0.9285714285714286	-0.0714285714285714	0.0714285714285714	0.0	0.10101525445522111	1.0	1.0	0.8571428571428571	1.0	True	False	False	small
21_-_46213024_46213052	48hr	3	3	1.0	1.0	0.0	0.0	0.0	0.0	1.0	1.0	1.0	1.0	True	True	False	small
22_+_44193800_44193823	48hr	3	3	1.0	1.0	0.0	0.0	0.0	0.0	1.0	1.0	1.0	1.0	True	True	False	small
11_+_35735425_35735445	48hr	3	3	1.0	1.0	0.0	0.0	0.0	0.0	1.0	1.0	1.0	1.0	True	True	False	small
22_-_50267256_50267286	48hr	2	1	1.0	1.0			0.0		1.0	1.0	1.0	1.0	False	False	False	not_testable
17_-_64390488_64390515	48hr	3	3	1.0	1.0	0.0	0.0	0.0	0.0	1.0	1.0	1.0	1.0	True	True	False	small
9_-_127953574_127953604	48hr	3	3	1.0	1.0	0.0	0.0	0.0	0.0	1.0	1.0	1.0	1.0	True	True	False	small
16_-_67738012_67738035	48hr	3	3	1.0	1.0	0.0	0.0	0.0	0.0	1.0	1.0	1.0	1.0	True	True	False	small
1_-_40312455_40312479	48hr	3	1	0.32675438596491224	0.0			0.05747957202667174		0.2631578947368421	0.375	0.0	0.0	False	False	False	not_testable
6_+_32179540_32179559	48hr	2	3	1.0	1.0	0.0	0.0	0.0	0.0	1.0	1.0	1.0	1.0	True	False	False	small
12_-_96017556_96017580	48hr	3	3	1.0	1.0	0.0	0.0	0.0	0.0	1.0	1.0	1.0	1.0	True	True	False	small
21_+_46003119_46003149	48hr	3	3	1.0	1.0	0.0	0.0	0.0	0.0	1.0	1.0	1.0	1.0	True	True	False	small
4_+_112254746_112254773	48hr	2	3	1.0	1.0	0.0	0.0	0.0	0.0	1.0	1.0	1.0	1.0	True	False	False	small
1_+_51748368_51748398	48hr	2	3	1.0	1.0	0.0	0.0	0.0	0.0	1.0	1.0	1.0	1.0	True	False	False	small
11_-_62602758_62602779	48hr	3	3	0.013530716150962102	0.04141851820862046	0.02788780205765836	0.02788780205765836	0.01248151317593023	0.029495970394949795	0.0031948881789137	0.0273972602739726	0.0173160173160173	0.0743099787685774	True	True	False	small
10_+_97452894_97452923	48hr	2	3	0.5	0.8960848697014995	0.3960848697014995	0.3960848697014995	0.7071067811865476	0.047759493426704394	0.0	1.0	0.8674698795180723	0.951219512195122	True	False	False	strong
2_-_95938986_95939015	48hr	1	0	1.0						1.0	1.0			False	False	False	not_testable
1_+_198704471_198704498	48hr	3	3	0.49827994584603696	0.5710858863615255	0.0728059405154885	0.0728059405154885	0.061858323386259524	0.047760393174937146	0.4392324093816631	0.562610229276896	0.5235294117647059	0.6190476190476191	True	True	False	small
22_+_44140123_44140143	48hr	0	3		1.0				0.0			1.0	1.0	False	False	False	not_testable
6_+_138788365_138788388	48hr	3	3	1.0	1.0	0.0	0.0	0.0	0.0	1.0	1.0	1.0	1.0	True	True	False	small
7_+_73202111_73202140	48hr	2	3	1.0	1.0	0.0	0.0	0.0	0.0	1.0	1.0	1.0	1.0	True	False	False	small
22_+_23697837_23697861	48hr	3	3	1.0	1.0	0.0	0.0	0.0	0.0	1.0	1.0	1.0	1.0	True	True	False	small
10_+_102862159_102862180	48hr	2	2	1.0	1.0	0.0	0.0	0.0	0.0	1.0	1.0	1.0	1.0	True	False	False	small
6_+_96524381_96524410	48hr	3	3	1.0	1.0	0.0	0.0	0.0	0.0	1.0	1.0	1.0	1.0	True	True	False	small
8_-_30712061_30712088	48hr	3	3	1.0	1.0	0.0	0.0	0.0	0.0	1.0	1.0	1.0	1.0	True	True	False	small
16_+_67539727_67539751	48hr	3	2	1.0	1.0	0.0	0.0	0.0	0.0	1.0	1.0	1.0	1.0	True	False	False	small
17_+_82889667_82889697	48hr	3	3	1.0	1.0	0.0	0.0	0.0	0.0	1.0	1.0	1.0	1.0	True	True	False	small
6_+_26448727_26448754	48hr	3	3	0.34245516388373526	0.5832772166105499	0.24082205272681462	0.24082205272681462	0.043659250294963974	0.15625447274110082	0.3163265306122449	0.3928571428571428	0.4090909090909091	0.7111111111111111	True	True	True	strong
1_-_21680807_21680834	48hr	3	3	1.0	1.0	0.0	0.0	0.0	0.0	1.0	1.0	1.0	1.0	True	True	False	small
11_-_65551547_65551564	48hr	3	3	1.0	1.0	0.0	0.0	0.0	0.0	1.0	1.0	1.0	1.0	True	True	False	small
14_-_70585755_70585783	48hr	3	3	1.0	1.0	0.0	0.0	0.0	0.0	1.0	1.0	1.0	1.0	True	True	False	small
13_+_75840084_75840110	48hr	3	0	0.5626811594202898				0.3036800386056203		0.375	0.9130434782608696			False	False	False	not_testable
6_-_32518053_32518077	48hr	2	2	1.0	1.0	0.0	0.0	0.0	0.0	1.0	1.0	1.0	1.0	True	False	False	small
1_-_54228448_54228477	48hr	3	2	1.0	1.0	0.0	0.0	0.0	0.0	1.0	1.0	1.0	1.0	True	False	False	small
2_+_15596733_15596763	48hr	3	3	1.0	1.0	0.0	0.0	0.0	0.0	1.0	1.0	1.0	1.0	True	True	False	small
3_-_194437555_194437573	48hr	2	3	0.4888888888888889	0.518209687147615	0.029320798258726077	0.029320798258726077	0.2514157444218835	0.031748937254515344	0.3111111111111111	0.6666666666666666	0.4842105263157895	0.547085201793722	True	False	False	small
6_+_33086218_33086242	48hr	3	1	1.0	1.0			0.0		1.0	1.0	1.0	1.0	False	False	False	not_testable
3_-_12915103_12915133	48hr	3	2	1.0	1.0	0.0	0.0	0.0	0.0	1.0	1.0	1.0	1.0	True	False	False	small
7_-_105145282_105145308	48hr	3	3	1.0	1.0	0.0	0.0	0.0	0.0	1.0	1.0	1.0	1.0	True	True	False	small
15_+_75354249_75354277	48hr	1	0	0.6						0.6	0.6			False	False	False	not_testable
17_+_82909284_82909307	48hr	3	3	0.8142857142857144	0.9464085297418631	0.13212281545614868	0.13212281545614868	0.17899948694488096	0.047989642009031594	0.6428571428571429	1.0	0.9074074074074074	1.0	True	True	False	exploratory
2_+_97196592_97196621	48hr	3	2	1.0	1.0	0.0	0.0	0.0	0.0	1.0	1.0	1.0	1.0	True	False	False	small
1_+_108606222_108606252	48hr	3	2	1.0	1.0	0.0	0.0	0.0	0.0	1.0	1.0	1.0	1.0	True	False	False	small
18_-_23377645_23377671	48hr	0	3		1.0				0.0			1.0	1.0	False	False	False	not_testable
20_+_41029430_41029455	48hr	3	3	1.0	1.0	0.0	0.0	0.0	0.0	1.0	1.0	1.0	1.0	True	True	False	small
5_-_141571427_141571436	48hr	3	3	1.0	1.0	0.0	0.0	0.0	0.0	1.0	1.0	1.0	1.0	True	True	False	small
12_+_132574318_132574348	48hr	3	3	0.5288239281065872	0.4358483401613173	-0.09297558794526989	0.09297558794526989	0.09696692388539273	0.03369125445844506	0.4310850439882698	0.625	0.3969465648854962	0.4555984555984556	True	True	False	small
6_+_37534932_37534957	48hr	3	2	1.0	1.0	0.0	0.0	0.0	0.0	1.0	1.0	1.0	1.0	True	False	False	small
1_-_37943639_37943669	48hr	2	3	1.0	1.0	0.0	0.0	0.0	0.0	1.0	1.0	1.0	1.0	True	False	False	small
15_+_78890988_78891014	48hr	3	3	0.27165417389219176	0.22370370370370363	-0.04795047018848814	0.04795047018848814	0.024701802462310563	0.042405748778490654	0.2483660130718954	0.2975609756097561	0.1798941798941798	0.2645502645502645	True	True	False	small
4_-_67681562_67681591	48hr	2	3	1.0	1.0	0.0	0.0	0.0	0.0	1.0	1.0	1.0	1.0	True	False	False	small
14_-_35109818_35109847	48hr	3	3	0.26639863547758286	0.3523337901218085	0.08593515464422563	0.08593515464422563	0.1012962821120219	0.04893457424520557	0.1555555555555555	0.3541666666666667	0.3197278911564626	0.4086021505376344	True	True	False	small
4_+_25388716_25388743	48hr	3	3	1.0	1.0	0.0	0.0	0.0	0.0	1.0	1.0	1.0	1.0	True	True	False	small
19_+_35752803_35752833	48hr	3	3	1.0	1.0	0.0	0.0	0.0	0.0	1.0	1.0	1.0	1.0	True	True	False	small
X_+_134490187_134490205	48hr	3	3	1.0	1.0	0.0	0.0	0.0	0.0	1.0	1.0	1.0	1.0	True	True	False	small
6_-_79208546_79208576	48hr	3	3	1.0	1.0	0.0	0.0	0.0	0.0	1.0	1.0	1.0	1.0	True	True	False	small
21_+_43685769_43685789	48hr	2	3	1.0	1.0	0.0	0.0	0.0	0.0	1.0	1.0	1.0	1.0	True	False	False	small
2_+_97144517_97144546	48hr	3	0	1.0				0.0		1.0	1.0			False	False	False	not_testable
6_+_26373275_26373296	48hr	3	3	1.0	0.8199404761904763	-0.18005952380952372	0.18005952380952372	0.0	0.16417002267021044	1.0	1.0	0.6785714285714286	1.0	True	True	False	exploratory
16_+_1758147_1758159	48hr	3	3	1.0	1.0	0.0	0.0	0.0	0.0	1.0	1.0	1.0	1.0	True	True	False	small
1_-_154947981_154948005	48hr	3	2	1.0	1.0	0.0	0.0	0.0	0.0	1.0	1.0	1.0	1.0	True	False	False	small
4_+_140527465_140527494	48hr	1	3	1.0	1.0				0.0	1.0	1.0	1.0	1.0	False	False	False	not_testable
6_+_36136018_36136048	48hr	0	2		1.0				0.0			1.0	1.0	False	False	False	not_testable
4_+_141224486_141224506	48hr	3	3	1.0	1.0	0.0	0.0	0.0	0.0	1.0	1.0	1.0	1.0	True	True	False	small
2_+_173190894_173190923	48hr	0	3		1.0				0.0			1.0	1.0	False	False	False	not_testable
X_+_47566883_47566911	48hr	3	3	1.0	1.0	0.0	0.0	0.0	0.0	1.0	1.0	1.0	1.0	True	True	False	small
1_+_66984571_66984592	48hr	3	3	0.0254237288135593	0.17509712509712508	0.14967339628356577	0.14967339628356577	0.04403519002293752	0.08781386784614696	0.0	0.0762711864406779	0.1025641025641025	0.2727272727272727	True	True	True	exploratory
2_-_191058201_191058219	48hr	3	3	1.0	1.0	0.0	0.0	0.0	0.0	1.0	1.0	1.0	1.0	True	True	False	small
2_+_27772673_27772692	48hr	3	3	1.0	1.0	0.0	0.0	0.0	0.0	1.0	1.0	1.0	1.0	True	True	False	small
5_-_177747768_177747793	48hr	2	0	0.9210526315789473				0.11164843913471806		0.8421052631578947	1.0			False	False	False	not_testable
18_+_58714082_58714109	48hr	3	3	1.0	1.0	0.0	0.0	0.0	0.0	1.0	1.0	1.0	1.0	True	True	False	small
21_+_45990257_45990284	48hr	3	3	1.0	1.0	0.0	0.0	0.0	0.0	1.0	1.0	1.0	1.0	True	True	False	small
7_+_74700605_74700634	48hr	3	3	1.0	1.0	0.0	0.0	0.0	0.0	1.0	1.0	1.0	1.0	True	True	False	small
11_+_3808293_3808315	48hr	3	3	1.0	1.0	0.0	0.0	0.0	0.0	1.0	1.0	1.0	1.0	True	True	False	small
2_-_95880594_95880623	48hr	2	0	1.0				0.0		1.0	1.0			False	False	False	not_testable
7_-_32488624_32488652	48hr	3	3	0.9528301886792453	0.9972981820200388	0.044467993340793543	0.044467993340793543	0.08170050979098475	0.0019193811549949632	0.8584905660377359	1.0	0.995268138801262	0.999083409715857	True	True	False	small
21_+_46116650_46116677	48hr	3	3	1.0	1.0	0.0	0.0	0.0	0.0	1.0	1.0	1.0	1.0	True	True	False	small
6_+_26374770_26374798	48hr	3	3	1.0	1.0	0.0	0.0	0.0	0.0	1.0	1.0	1.0	1.0	True	True	False	small
12_+_123652531_123652561	48hr	3	3	1.0	0.9603518174946747	-0.03964818250532531	0.03964818250532531	0.0	0.0601373881796385	1.0	1.0	0.891156462585034	1.0	True	True	False	small
8_-_144401645_144401673	48hr	3	3	1.0	1.0	0.0	0.0	0.0	0.0	1.0	1.0	1.0	1.0	True	True	False	small
15_-_73563235_73563257	48hr	0	3		1.0				0.0			1.0	1.0	False	False	False	not_testable
22_+_46663837_46663863	48hr	2	3	1.0	1.0	0.0	0.0	0.0	0.0	1.0	1.0	1.0	1.0	True	False	False	small
3_+_108651136_108651162	48hr	1	1	1.0	1.0					1.0	1.0	1.0	1.0	False	False	False	not_testable
3_+_127674390_127674418	48hr	3	1	0.08509747168023425	0.0			0.011343157197066401		0.072	0.091743119266055	0.0	0.0	False	False	False	not_testable
12_+_56117188_56117211	48hr	3	3	0.8164137449851735	0.9284283094976163	0.11201456451244285	0.11201456451244285	0.13961212420851865	0.03634991091660203	0.717948717948718	0.9761904761904762	0.8888888888888888	0.9603960396039604	True	True	False	exploratory
6_-_30190012_30190035	48hr	3	3	1.0	1.0	0.0	0.0	0.0	0.0	1.0	1.0	1.0	1.0	True	True	False	small
1_+_209763362_209763392	48hr	3	3	1.0	1.0	0.0	0.0	0.0	0.0	1.0	1.0	1.0	1.0	True	True	False	small
17_-_39439164_39439193	48hr	3	3	1.0	1.0	0.0	0.0	0.0	0.0	1.0	1.0	1.0	1.0	True	True	False	small
12_-_76053090_76053110	48hr	3	3	1.0	1.0	0.0	0.0	0.0	0.0	1.0	1.0	1.0	1.0	True	True	False	small
2_+_189665421_189665451	48hr	3	3	0.2645442052221713	0.2548326515977805	-0.0097115536243908	0.0097115536243908	0.0993994755032156	0.034953790383086034	0.1949152542372881	0.3783783783783784	0.2252747252747252	0.2934131736526946	True	True	False	small
4_+_2511955_2511965	48hr	3	3	1.0	1.0	0.0	0.0	0.0	0.0	1.0	1.0	1.0	1.0	True	True	False	small
8_+_22080617_22080625	48hr	3	2	1.0	1.0	0.0	0.0	0.0	0.0	1.0	1.0	1.0	1.0	True	False	False	small
7_-_103277613_103277638	48hr	0	3		1.0				0.0			1.0	1.0	False	False	False	not_testable
10_-_93340152_93340164	48hr	0	3		1.0				0.0			1.0	1.0	False	False	False	not_testable
19_+_35614034_35614059	48hr	3	3	1.0	0.9926961926961928	-0.007303807303807197	0.007303807303807197	0.0	0.006594443634100595	1.0	1.0	0.9871794871794872	1.0	True	True	False	small
8_-_143839171_143839195	48hr	3	1	1.0	1.0			0.0		1.0	1.0	1.0	1.0	False	False	False	not_testable
16_-_190540_190570	48hr	3	3	1.0	1.0	0.0	0.0	0.0	0.0	1.0	1.0	1.0	1.0	True	True	False	small
1_+_209763067_209763092	48hr	3	3	1.0	1.0	0.0	0.0	0.0	0.0	1.0	1.0	1.0	1.0	True	True	False	small
1_+_32204597_32204620	48hr	3	3	1.0	1.0	0.0	0.0	0.0	0.0	1.0	1.0	1.0	1.0	True	True	False	small
2_+_97198462_97198491	48hr	3	0	1.0				0.0		1.0	1.0			False	False	False	not_testable
21_+_45987154_45987175	48hr	3	3	1.0	1.0	0.0	0.0	0.0	0.0	1.0	1.0	1.0	1.0	True	True	False	small
12_-_121255782_121255804	48hr	2	3	1.0	1.0	0.0	0.0	0.0	0.0	1.0	1.0	1.0	1.0	True	False	False	small
5_+_140659314_140659333	48hr	3	3	1.0	1.0	0.0	0.0	0.0	0.0	1.0	1.0	1.0	1.0	True	True	False	small
6_-_15593058_15593081	48hr	3	3	1.0	1.0	0.0	0.0	0.0	0.0	1.0	1.0	1.0	1.0	True	True	False	small
5_-_39124252_39124278	48hr	3	3	1.0	1.0	0.0	0.0	0.0	0.0	1.0	1.0	1.0	1.0	True	True	False	small
17_-_44196395_44196418	48hr	3	3	1.0	1.0	0.0	0.0	0.0	0.0	1.0	1.0	1.0	1.0	True	True	False	small
3_-_47126647_47126663	48hr	3	3	1.0	1.0	0.0	0.0	0.0	0.0	1.0	1.0	1.0	1.0	True	True	False	small
12_-_56664775_56664800	48hr	3	3	1.0	1.0	0.0	0.0	0.0	0.0	1.0	1.0	1.0	1.0	True	True	False	small
20_-_33672397_33672422	48hr	2	3	1.0	1.0	0.0	0.0	0.0	0.0	1.0	1.0	1.0	1.0	True	False	False	small
21_+_45488417_45488444	48hr	3	0	1.0				0.0		1.0	1.0			False	False	False	not_testable
6_+_36073690_36073720	48hr	3	3	1.0	1.0	0.0	0.0	0.0	0.0	1.0	1.0	1.0	1.0	True	True	False	small
10_+_12238456_12238485	48hr	3	3	1.0	1.0	0.0	0.0	0.0	0.0	1.0	1.0	1.0	1.0	True	True	False	small
22_-_50506637_50506666	48hr	3	3	1.0	1.0	0.0	0.0	0.0	0.0	1.0	1.0	1.0	1.0	True	True	False	small
19_-_45638844_45638873	48hr	3	3	1.0	1.0	0.0	0.0	0.0	0.0	1.0	1.0	1.0	1.0	True	True	False	small
2_-_152690961_152690978	48hr	3	3	1.0	1.0	0.0	0.0	0.0	0.0	1.0	1.0	1.0	1.0	True	True	False	small
17_+_75573951_75573980	48hr	3	1	1.0	1.0			0.0		1.0	1.0	1.0	1.0	False	False	False	not_testable
1_+_66940027_66940052	48hr	3	3	1.0	1.0	0.0	0.0	0.0	0.0	1.0	1.0	1.0	1.0	True	True	False	small
6_+_26450106_26450133	48hr	3	2	1.0	1.0	0.0	0.0	0.0	0.0	1.0	1.0	1.0	1.0	True	False	False	small
12_+_75498693_75498720	48hr	1	3	1.0	1.0				0.0	1.0	1.0	1.0	1.0	False	False	False	not_testable
1_-_173864483_173864502	48hr	3	3	0.0070872951928997	0.011415960138619466	0.004328664945719766	0.004328664945719766	0.0039916589774195614	0.008190533302485927	0.0044642857142857	0.0116810563737938	0.0045045045045045	0.0204626334519572	True	True	False	small
17_+_43180794_43180817	48hr	3	3	1.0	1.0	0.0	0.0	0.0	0.0	1.0	1.0	1.0	1.0	True	True	False	small
12_+_19518086_19518113	48hr	3	3	1.0	1.0	0.0	0.0	0.0	0.0	1.0	1.0	1.0	1.0	True	True	False	small
10_-_103333924_103333952	48hr	0	3		1.0				0.0			1.0	1.0	False	False	False	not_testable
11_+_58584855_58584884	48hr	3	3	1.0	1.0	0.0	0.0	0.0	0.0	1.0	1.0	1.0	1.0	True	True	False	small
15_+_78541904_78541930	48hr	3	3	1.0	1.0	0.0	0.0	0.0	0.0	1.0	1.0	1.0	1.0	True	True	False	small
2_+_97185315_97185344	48hr	2	1	1.0	1.0			0.0		1.0	1.0	1.0	1.0	False	False	False	not_testable
12_-_55794358_55794387	48hr	3	3	1.0	1.0	0.0	0.0	0.0	0.0	1.0	1.0	1.0	1.0	True	True	False	small
19_+_8463496_8463504	48hr	3	3	1.0	1.0	0.0	0.0	0.0	0.0	1.0	1.0	1.0	1.0	True	True	False	small
10_-_71752974_71753002	48hr	3	3	1.0	1.0	0.0	0.0	0.0	0.0	1.0	1.0	1.0	1.0	True	True	False	small
17_-_4676500_4676507	48hr	3	3	0.0	0.0295800551487277	0.0295800551487277	0.0295800551487277	0.0	0.0446042080107837	0.0	0.0	0.0033112582781456	0.081081081081081	True	True	True	small
14_-_103913960_103913984	48hr	3	3	0.988795518207283	0.9965721126612931	0.007776594454010133	0.007776594454010133	0.019406731737466407	0.001968266051409295	0.9663865546218487	1.0	0.9949849548645938	0.9987745098039216	True	True	False	small
10_+_5720754_5720774	48hr	2	3	1.0	1.0	0.0	0.0	0.0	0.0	1.0	1.0	1.0	1.0	True	False	False	small
X_-_154511847_154511871	48hr	3	3	1.0	1.0	0.0	0.0	0.0	0.0	1.0	1.0	1.0	1.0	True	True	False	small
6_+_26390802_26390829	48hr	0	2		1.0				0.0			1.0	1.0	False	False	False	not_testable
3_-_108050577_108050602	48hr	3	3	0.9774011299435029	1.0	0.022598870056497078	0.022598870056497078	0.03914239113150008	0.0	0.9322033898305084	1.0	1.0	1.0	True	True	False	small
5_+_176093743_176093768	48hr	3	0	1.0				0.0		1.0	1.0			False	False	False	not_testable
12_-_49559938_49559967	48hr	3	3	1.0	1.0	0.0	0.0	0.0	0.0	1.0	1.0	1.0	1.0	True	True	False	small
15_-_70064453_70064470	48hr	3	3	1.0	1.0	0.0	0.0	0.0	0.0	1.0	1.0	1.0	1.0	True	True	False	small
4_-_47879095_47879117	48hr	3	3	1.0	1.0	0.0	0.0	0.0	0.0	1.0	1.0	1.0	1.0	True	True	False	small
2_-_97542078_97542107	48hr	2	1	1.0	1.0			0.0		1.0	1.0	1.0	1.0	False	False	False	not_testable
12_+_132548002_132548032	48hr	3	3	1.0	1.0	0.0	0.0	0.0	0.0	1.0	1.0	1.0	1.0	True	True	False	small
3_+_179757051_179757078	48hr	1	3	1.0	1.0				0.0	1.0	1.0	1.0	1.0	False	False	False	not_testable
2_+_97213418_97213447	48hr	3	2	0.8968253968253969	0.875	-0.02182539682539686	0.02182539682539686	0.09014140231429006	0.1767766952966369	0.8333333333333334	1.0	0.75	1.0	True	False	False	small
21_+_45494544_45494571	48hr	3	0	1.0				0.0		1.0	1.0			False	False	False	not_testable
14_+_31080572_31080584	48hr	2	3	1.0	0.9259259259259259	-0.07407407407407407	0.07407407407407407	0.0	0.12830005981991682	1.0	1.0	0.7777777777777778	1.0	True	False	False	small
19_+_5648015_5648043	48hr	3	3	1.0	1.0	0.0	0.0	0.0	0.0	1.0	1.0	1.0	1.0	True	True	False	small
12_+_56154812_56154840	48hr	3	3	0.6120120120120119	0.613846132224579	0.0018341202125670142	0.0018341202125670142	0.1271558139978896	0.04506016713109318	0.4666666666666667	0.7027027027027027	0.5621468926553672	0.6447761194029851	True	True	False	small
6_+_43500743_43500772	48hr	3	3	0.8726425438596491	0.5211056644880174	-0.3515368793716317	0.3515368793716317	0.07525211789122284	0.05671537400686956	0.796875	0.9473684210526316	0.4558823529411764	0.5588235294117647	True	True	True	strong
1_-_1084480_1084506	48hr	3	2	0.4761904761904761	0.8174603174603174	0.34126984126984133	0.34126984126984133	0.4364357804719847	0.05611958580845611	0.0	0.8571428571428571	0.7777777777777778	0.8571428571428571	True	False	False	strong
13_-_37026789_37026816	48hr	3	3	1.0	1.0	0.0	0.0	0.0	0.0	1.0	1.0	1.0	1.0	True	True	False	small
2_+_97215300_97215329	48hr	3	1	1.0	1.0			0.0		1.0	1.0	1.0	1.0	False	False	False	not_testable
15_+_90961024_90961054	48hr	2	3	1.0	1.0	0.0	0.0	0.0	0.0	1.0	1.0	1.0	1.0	True	False	False	small
4_+_41257114_41257126	48hr	0	3		0.4341688995734522				0.09593316937292337			0.3627450980392157	0.5432098765432098	False	False	False	not_testable
2_+_135753538_135753567	48hr	3	3	0.165079365079365	0.5393638037028824	0.3742844386235174	0.3742844386235174	0.06660640700616267	0.07459047749498654	0.0892857142857142	0.2142857142857142	0.4816753926701571	0.6235955056179775	True	True	True	strong
8_-_29126481_29126511	48hr	2	3	1.0	1.0	0.0	0.0	0.0	0.0	1.0	1.0	1.0	1.0	True	False	False	small
21_+_45482794_45482821	48hr	3	0	1.0				0.0		1.0	1.0			False	False	False	not_testable
11_+_118308426_118308441	48hr	3	3	1.0	1.0	0.0	0.0	0.0	0.0	1.0	1.0	1.0	1.0	True	True	False	small
21_+_45989751_45989778	48hr	3	3	1.0	1.0	0.0	0.0	0.0	0.0	1.0	1.0	1.0	1.0	True	True	False	small
19_+_17217452_17217462	48hr	3	3	1.0	1.0	0.0	0.0	0.0	0.0	1.0	1.0	1.0	1.0	True	True	False	small
10_+_110244827_110244857	48hr	3	3	0.6665316824645965	1.0	0.3334683175354035	0.3334683175354035	0.07799170217777676	0.0	0.6037735849056604	0.7538461538461538	1.0	1.0	True	True	True	strong
5_-_177744393_177744418	48hr	3	0	1.0				0.0		1.0	1.0			False	False	False	not_testable
3_-_52820290_52820317	48hr	2	1	1.0	1.0			0.0		1.0	1.0	1.0	1.0	False	False	False	not_testable
12_+_53455346_53455370	48hr	3	3	0.5344642608879052	0.5452316837741261	0.010767422886220901	0.010767422886220901	0.03227182405700138	0.01872633224464758	0.5035612535612536	0.5679497250589159	0.5293440736478712	0.5658783783783784	True	True	False	small
6_-_136601021_136601042	48hr	3	1	1.0	1.0			0.0		1.0	1.0	1.0	1.0	False	False	False	not_testable
2_+_169504302_169504326	48hr	2	3	1.0	1.0	0.0	0.0	0.0	0.0	1.0	1.0	1.0	1.0	True	False	False	small
11_-_5665655_5665682	48hr	2	3	1.0	1.0	0.0	0.0	0.0	0.0	1.0	1.0	1.0	1.0	True	False	False	small
18_-_693881_693908	48hr	2	3	1.0	1.0	0.0	0.0	0.0	0.0	1.0	1.0	1.0	1.0	True	False	False	small
11_+_120406117_120406141	48hr	0	3		1.0				0.0			1.0	1.0	False	False	False	not_testable
2_-_95919891_95919920	48hr	1	0	1.0						1.0	1.0			False	False	False	not_testable
4_-_75491610_75491637	48hr	3	3	1.0	0.9737227535108124	-0.02627724648918761	0.02627724648918761	0.0	0.02281869259545526	1.0	1.0	0.958904109589041	1.0	True	True	False	small
4_-_154547037_154547064	48hr	3	3	0.0	0.05351738199735853	0.05351738199735853	0.05351738199735853	0.0	0.004633194650616899	0.0	0.0	0.0483383685800604	0.0572687224669603	True	True	True	small
7_-_75190538_75190567	48hr	3	3	1.0	1.0	0.0	0.0	0.0	0.0	1.0	1.0	1.0	1.0	True	True	False	small
7_-_25158500_25158530	48hr	3	1	1.0	1.0			0.0		1.0	1.0	1.0	1.0	False	False	False	not_testable
6_-_32580246_32580270	48hr	3	3	0.9407407407407407	0.8925925925925925	-0.04814814814814816	0.04814814814814816	0.08413197549333735	0.11129614223197569	0.8444444444444444	1.0	0.7777777777777778	1.0	True	True	False	small
9_+_127478933_127478963	48hr	3	3	1.0	1.0	0.0	0.0	0.0	0.0	1.0	1.0	1.0	1.0	True	True	False	small
13_+_45149769_45149788	48hr	3	3	1.0	1.0	0.0	0.0	0.0	0.0	1.0	1.0	1.0	1.0	True	True	False	small
1_+_236542760_236542787	48hr	3	3	1.0	0.9940476190476191	-0.005952380952380931	0.005952380952380931	0.0	0.010309826235528995	1.0	1.0	0.9821428571428572	1.0	True	True	False	small
17_-_64329699_64329722	48hr	3	3	1.0	1.0	0.0	0.0	0.0	0.0	1.0	1.0	1.0	1.0	True	True	False	small
9_-_136379836_136379864	48hr	3	3	1.0	1.0	0.0	0.0	0.0	0.0	1.0	1.0	1.0	1.0	True	True	False	small
12_+_56158683_56158711	48hr	3	3	0.4690283620091331	0.49533812788616016	0.026309765877027047	0.026309765877027047	0.026956363530335238	0.009200058700875053	0.4424860853432282	0.4963805584281282	0.4887218045112781	0.5058441558441559	True	True	False	small
7_+_139412550_139412580	48hr	3	3	1.0	1.0	0.0	0.0	0.0	0.0	1.0	1.0	1.0	1.0	True	True	False	small
6_-_28907235_28907262	48hr	3	3	1.0	1.0	0.0	0.0	0.0	0.0	1.0	1.0	1.0	1.0	True	True	False	small
21_+_46116376_46116403	48hr	3	3	1.0	1.0	0.0	0.0	0.0	0.0	1.0	1.0	1.0	1.0	True	True	False	small
5_-_170258865_170258878	48hr	3	3	1.0	1.0	0.0	0.0	0.0	0.0	1.0	1.0	1.0	1.0	True	True	False	small
1_+_150962129_150962158	48hr	3	3	1.0	0.9384941675503713	-0.061505832449628706	0.061505832449628706	0.0	0.0535288630503667	1.0	1.0	0.902439024390244	1.0	True	True	False	small
1_-_160999395_160999408	48hr	3	3	1.0	1.0	0.0	0.0	0.0	0.0	1.0	1.0	1.0	1.0	True	True	False	small
6_+_43778888_43778918	48hr	0	3		1.0				0.0			1.0	1.0	False	False	False	not_testable
17_+_40141206_40141234	48hr	3	3	1.0	1.0	0.0	0.0	0.0	0.0	1.0	1.0	1.0	1.0	True	True	False	small
20_-_63215576_63215601	48hr	3	3	1.0	1.0	0.0	0.0	0.0	0.0	1.0	1.0	1.0	1.0	True	True	False	small
2_+_97205939_97205968	48hr	3	0	1.0				0.0		1.0	1.0			False	False	False	not_testable
7_-_99903575_99903598	48hr	3	3	1.0	1.0	0.0	0.0	0.0	0.0	1.0	1.0	1.0	1.0	True	True	False	small
2_+_97194725_97194754	48hr	2	0	1.0				0.0		1.0	1.0			False	False	False	not_testable
15_+_44759639_44759662	48hr	0	2		1.0				0.0			1.0	1.0	False	False	False	not_testable
7_+_142801943_142801961	48hr	3	3	1.0	1.0	0.0	0.0	0.0	0.0	1.0	1.0	1.0	1.0	True	True	False	small
7_-_34942614_34942639	48hr	1	3	1.0	1.0				0.0	1.0	1.0	1.0	1.0	False	False	False	not_testable
5_-_81437429_81437458	48hr	3	2	1.0	1.0	0.0	0.0	0.0	0.0	1.0	1.0	1.0	1.0	True	False	False	small
9_+_113362368_113362394	48hr	0	3		1.0				0.0			1.0	1.0	False	False	False	not_testable
1_+_161218702_161218723	48hr	3	3	1.0	1.0	0.0	0.0	0.0	0.0	1.0	1.0	1.0	1.0	True	True	False	small
8_-_123023712_123023739	48hr	3	3	0.9795918367346937	1.0	0.020408163265306256	0.020408163265306256	0.035347975664671	0.0	0.9387755102040816	1.0	1.0	1.0	True	True	False	small
17_-_44195799_44195828	48hr	3	3	0.9473684210526315	0.9900428921568628	0.04267447110423128	0.04267447110423128	0.09116056881941462	0.011184696284480294	0.8421052631578947	1.0	0.9779411764705882	1.0	True	True	False	small
7_-_26854136_26854162	48hr	1	1	1.0	1.0					1.0	1.0	1.0	1.0	False	False	False	not_testable
8_+_27451484_27451509	48hr	3	3	1.0	1.0	0.0	0.0	0.0	0.0	1.0	1.0	1.0	1.0	True	True	False	small
14_-_77441065_77441093	48hr	2	3	1.0	1.0	0.0	0.0	0.0	0.0	1.0	1.0	1.0	1.0	True	False	False	small
17_-_29116443_29116455	48hr	3	3	1.0	1.0	0.0	0.0	0.0	0.0	1.0	1.0	1.0	1.0	True	True	False	small
1_-_236230223_236230250	48hr	3	1	1.0	1.0			0.0		1.0	1.0	1.0	1.0	False	False	False	not_testable
6_-_166322856_166322886	48hr	3	3	0.29201680672268904	0.6222336693515199	0.3302168626288309	0.3302168626288309	0.13684519827299377	0.027247463239161135	0.1428571428571428	0.4117647058823529	0.5907859078590786	0.6387959866220736	True	True	True	strong
2_+_97219049_97219078	48hr	3	1	1.0	1.0			0.0		1.0	1.0	1.0	1.0	False	False	False	not_testable
20_+_62966702_62966732	48hr	3	3	1.0	1.0	0.0	0.0	0.0	0.0	1.0	1.0	1.0	1.0	True	True	False	small
5_+_178036011_178036036	48hr	1	0	1.0						1.0	1.0			False	False	False	not_testable
1_-_169696534_169696553	48hr	3	3	1.0	1.0	0.0	0.0	0.0	0.0	1.0	1.0	1.0	1.0	True	True	False	small
9_-_133779917_133779939	48hr	1	2	1.0	1.0				0.0	1.0	1.0	1.0	1.0	False	False	False	not_testable
20_-_33669686_33669712	48hr	3	3	0.33455882352941174	0.6711270410195143	0.3365682174901025	0.3365682174901025	0.29601867255000974	0.061670197768564784	0.0	0.5625	0.6	0.7096774193548387	True	True	True	strong
17_-_3953692_3953710	48hr	3	3	1.0	1.0	0.0	0.0	0.0	0.0	1.0	1.0	1.0	1.0	True	True	False	small
1_-_153952804_153952834	48hr	3	3	1.0	1.0	0.0	0.0	0.0	0.0	1.0	1.0	1.0	1.0	True	True	False	small
16_+_28985712_28985740	48hr	3	3	0.45613497108791196	0.4554269951095348	-0.0007079759783771289	0.0007079759783771289	0.02384676639325918	0.022385520712362456	0.4299065420560747	0.4765100671140939	0.4336734693877551	0.4783950617283951	True	True	False	small
5_+_119475705_119475727	48hr	2	3	0.6272727272727272	0.7363439495833862	0.10907122231065902	0.10907122231065902	0.2442732516826256	0.023638216048672563	0.4545454545454545	0.8	0.7133333333333334	0.7605633802816901	True	False	False	exploratory
1_-_113833110_113833138	48hr	3	3	1.0	1.0	0.0	0.0	0.0	0.0	1.0	1.0	1.0	1.0	True	True	False	small
6_+_30339907_30339930	48hr	2	2	1.0	1.0	0.0	0.0	0.0	0.0	1.0	1.0	1.0	1.0	True	False	False	small
4_+_112257771_112257797	48hr	2	3	1.0	1.0	0.0	0.0	0.0	0.0	1.0	1.0	1.0	1.0	True	False	False	small
15_+_66532984_66533013	48hr	0	3		1.0				0.0			1.0	1.0	False	False	False	not_testable
12_-_55790566_55790592	48hr	3	3	1.0	1.0	0.0	0.0	0.0	0.0	1.0	1.0	1.0	1.0	True	True	False	small
21_-_39313071_39313101	48hr	3	3	1.0	1.0	0.0	0.0	0.0	0.0	1.0	1.0	1.0	1.0	True	True	False	small
2_+_238347454_238347475	48hr	2	3	1.0	1.0	0.0	0.0	0.0	0.0	1.0	1.0	1.0	1.0	True	False	False	small
21_+_46398234_46398255	48hr	3	3	1.0	1.0	0.0	0.0	0.0	0.0	1.0	1.0	1.0	1.0	True	True	False	small
2_+_86131077_86131106	48hr	3	3	0.8386838996595095	0.6529007523774376	-0.1857831472820719	0.1857831472820719	0.05497043179740067	0.020992946284965987	0.7777777777777778	0.8846153846153846	0.6352459016393442	0.6761133603238867	True	True	True	exploratory
7_-_92577654_92577676	48hr	3	2	0.7471282593375617	0.3628571428571429	-0.3842711164804188	0.3842711164804188	0.027073712830453664	0.10909647481163877	0.7209302325581395	0.775	0.2857142857142857	0.44	True	False	True	strong
9_+_137206280_137206309	48hr	3	3	0.5444004524886877	0.13390922802687508	-0.41049122446181263	0.41049122446181263	0.32124642942280907	0.04861619468301791	0.1764705882352941	0.7692307692307693	0.0846153846153846	0.1818181818181818	True	True	False	strong
12_-_79790466_79790483	48hr	3	3	1.0	1.0	0.0	0.0	0.0	0.0	1.0	1.0	1.0	1.0	True	True	False	small
1_+_206421249_206421274	48hr	0	2		1.0				0.0			1.0	1.0	False	False	False	not_testable
2_-_97507035_97507065	48hr	3	2	0.9583333333333334	0.8571428571428572	-0.10119047619047616	0.10119047619047616	0.07216878364870323	0.20203050891044214	0.875	1.0	0.7142857142857143	1.0	True	False	False	exploratory
16_+_30666511_30666541	48hr	3	3	1.0	0.9898620773993171	-0.010137922600682914	0.010137922600682914	0.0	0.006608895751056924	1.0	1.0	0.9838709677419356	0.9969512195121952	True	True	True	small
16_+_69459092_69459121	48hr	3	3	1.0	0.9980119284294234	-0.001988071570576566	0.001988071570576566	0.0	0.0034434409693218037	1.0	1.0	0.9940357852882704	1.0	True	True	False	small
2_-_27333973_27333999	48hr	3	3	1.0	1.0	0.0	0.0	0.0	0.0	1.0	1.0	1.0	1.0	True	True	False	small
11_-_2955743_2955766	48hr	3	3	1.0	1.0	0.0	0.0	0.0	0.0	1.0	1.0	1.0	1.0	True	True	False	small
11_+_828229_828259	48hr	1	0	1.0						1.0	1.0			False	False	False	not_testable
8_-_144426179_144426208	48hr	3	3	0.2755337525122876	0.230222302336031	-0.045311450176256624	0.045311450176256624	0.03116476939760756	0.06471609210755078	0.2395543175487465	0.2941176470588235	0.1909814323607427	0.3049180327868852	True	True	False	small
9_-_129010669_129010693	48hr	3	3	1.0	1.0	0.0	0.0	0.0	0.0	1.0	1.0	1.0	1.0	True	True	False	small
11_+_48149989_48149998	48hr	3	2	1.0	1.0	0.0	0.0	0.0	0.0	1.0	1.0	1.0	1.0	True	False	False	small
1_+_203862195_203862222	48hr	3	3	0.9327465163280503	0.9640006681490944	0.031254151821044074	0.031254151821044074	0.04545429453240881	0.010884607827930631	0.8907563025210085	0.981012658227848	0.9542743538767396	0.9757575757575756	True	True	False	small
1_+_39741894_39741921	48hr	3	3	0.6512124271569513	0.6142530422504164	-0.03695938490653483	0.03695938490653483	0.09475983496705503	0.047337240659229445	0.5691056910569106	0.7549019607843137	0.5645933014354066	0.6588628762541806	True	True	False	small
21_+_46112803_46112824	48hr	3	3	1.0	1.0	0.0	0.0	0.0	0.0	1.0	1.0	1.0	1.0	True	True	False	small
13_+_75549975_75549987	48hr	3	3	1.0	1.0	0.0	0.0	0.0	0.0	1.0	1.0	1.0	1.0	True	True	False	small
21_-_44337648_44337667	48hr	3	3	1.0	1.0	0.0	0.0	0.0	0.0	1.0	1.0	1.0	1.0	True	True	False	small
17_-_7193843_7193871	48hr	3	0	1.0				0.0		1.0	1.0			False	False	False	not_testable
19_+_17775055_17775080	48hr	3	3	0.9934640522875817	0.9408415350782319	-0.05262251720934985	0.05262251720934985	0.011320593513522033	0.03724410641047662	0.9803921568627452	1.0	0.8985507246376812	0.96875	True	True	True	small
19_+_19335717_19335735	48hr	3	3	0.9716312056737588	1.0	0.028368794326241176	0.028368794326241176	0.04913619312252135	0.0	0.9148936170212766	1.0	1.0	1.0	True	True	False	small
2_-_106166055_106166083	48hr	3	3	1.0	1.0	0.0	0.0	0.0	0.0	1.0	1.0	1.0	1.0	True	True	False	small
5_+_176656894_176656924	48hr	3	3	0.34722222222222215	0.1462231462231462	-0.20099907599907596	0.20099907599907596	0.3342002615421101	0.20821528446337942	0.0	0.6666666666666666	0.0	0.3846153846153846	True	True	False	strong
6_+_26411554_26411581	48hr	3	2	1.0	1.0	0.0	0.0	0.0	0.0	1.0	1.0	1.0	1.0	True	False	False	small
11_+_118312152_118312170	48hr	3	3	0.28128687436890426	0.28958801000672346	0.008301135637819201	0.008301135637819201	0.05069163122209993	0.01679018242241725	0.2418397626112759	0.3384615384615385	0.2793124616329036	0.308963763509218	True	True	False	small
6_-_43626921_43626948	48hr	3	3	1.0	1.0	0.0	0.0	0.0	0.0	1.0	1.0	1.0	1.0	True	True	False	small
17_-_42329746_42329776	48hr	3	3	1.0	0.9796747967479674	-0.020325203252032575	0.020325203252032575	0.0	0.035204284706684526	1.0	1.0	0.9390243902439024	1.0	True	True	False	small
10_-_72072901_72072910	48hr	3	3	1.0	1.0	0.0	0.0	0.0	0.0	1.0	1.0	1.0	1.0	True	True	False	small
5_+_119492099_119492124	48hr	2	3	0.3904761904761904	0.5386522151545586	0.1481760246783682	0.1481760246783682	0.013468700594029546	0.11455825971204654	0.3809523809523809	0.4	0.4077669902912621	0.6206896551724138	True	False	True	exploratory
5_+_177365962_177365984	48hr	3	3	1.0	1.0	0.0	0.0	0.0	0.0	1.0	1.0	1.0	1.0	True	True	False	small
6_-_29629086_29629107	48hr	3	0	0.6487734487734488				0.2844341429610771		0.3333333333333333	0.8857142857142857			False	False	False	not_testable
3_-_123567761_123567780	48hr	3	3	1.0	1.0	0.0	0.0	0.0	0.0	1.0	1.0	1.0	1.0	True	True	False	small
X_-_136677935_136677956	48hr	3	3	1.0	1.0	0.0	0.0	0.0	0.0	1.0	1.0	1.0	1.0	True	True	False	small
1_+_198692346_198692373	48hr	3	3	1.0	1.0	0.0	0.0	0.0	0.0	1.0	1.0	1.0	1.0	True	True	False	small
1_-_151406606_151406631	48hr	3	3	0.5736659736659737	0.6856988797471296	0.1120329060811559	0.1120329060811559	0.10358132784209816	0.03981179166631844	0.4594594594594595	0.6615384615384615	0.64	0.7128712871287128	True	True	False	exploratory
17_+_78005057_78005079	48hr	3	3	1.0	1.0	0.0	0.0	0.0	0.0	1.0	1.0	1.0	1.0	True	True	False	small
22_-_19899048_19899068	48hr	2	3	1.0	1.0	0.0	0.0	0.0	0.0	1.0	1.0	1.0	1.0	True	False	False	small
3_+_48974957_48974979	48hr	3	3	1.0	1.0	0.0	0.0	0.0	0.0	1.0	1.0	1.0	1.0	True	True	False	small
X_-_153790563_153790575	48hr	2	3	1.0	1.0	0.0	0.0	0.0	0.0	1.0	1.0	1.0	1.0	True	False	False	small
12_+_122762186_122762206	48hr	3	3	1.0	1.0	0.0	0.0	0.0	0.0	1.0	1.0	1.0	1.0	True	True	False	small
22_-_50777951_50777981	48hr	3	3	0.9689922480620154	0.993939393939394	0.024947145877378563	0.024947145877378563	0.053707001785081566	0.010497277621629563	0.9069767441860463	1.0	0.9818181818181818	1.0	True	True	False	small
16_+_8748107_8748137	48hr	0	3		1.0				0.0			1.0	1.0	False	False	False	not_testable
19_+_17218363_17218391	48hr	3	3	1.0	1.0	0.0	0.0	0.0	0.0	1.0	1.0	1.0	1.0	True	True	False	small
14_-_52661292_52661304	48hr	3	3	1.0	1.0	0.0	0.0	0.0	0.0	1.0	1.0	1.0	1.0	True	True	False	small
1_-_1299344_1299356	48hr	3	2	1.0	1.0	0.0	0.0	0.0	0.0	1.0	1.0	1.0	1.0	True	False	False	small
8_+_27520882_27520909	48hr	3	3	1.0	1.0	0.0	0.0	0.0	0.0	1.0	1.0	1.0	1.0	True	True	False	small
5_-_177739112_177739137	48hr	3	0	1.0				0.0		1.0	1.0			False	False	False	not_testable
17_+_62692111_62692138	48hr	3	3	1.0	1.0	0.0	0.0	0.0	0.0	1.0	1.0	1.0	1.0	True	True	False	small
19_+_7630822_7630846	48hr	3	3	0.9920634920634921	1.0	0.007936507936507908	0.007936507936507908	0.013746434980705392	0.0	0.9761904761904762	1.0	1.0	1.0	True	True	False	small
X_+_119575374_119575400	48hr	3	3	1.0	1.0	0.0	0.0	0.0	0.0	1.0	1.0	1.0	1.0	True	True	False	small
9_+_128598962_128598986	48hr	3	3	0.3463389739457427	0.5259163059163059	0.1795773319705632	0.1795773319705632	0.15383467947796514	0.08110323852851516	0.22	0.5176470588235295	0.4333333333333333	0.5844155844155844	True	True	False	exploratory
12_-_56350411_56350432	48hr	3	3	0.3702693706870687	0.22178030303030302	-0.1484890676567657	0.1484890676567657	0.12028393536729551	0.09224923663521346	0.297029702970297	0.509090909090909	0.15625	0.3272727272727272	True	True	False	exploratory
16_+_30661303_30661333	48hr	3	3	1.0	1.0	0.0	0.0	0.0	0.0	1.0	1.0	1.0	1.0	True	True	False	small
19_+_4310272_4310295	48hr	2	3	1.0	1.0	0.0	0.0	0.0	0.0	1.0	1.0	1.0	1.0	True	False	False	small
2_-_152677450_152677475	48hr	3	3	1.0	1.0	0.0	0.0	0.0	0.0	1.0	1.0	1.0	1.0	True	True	False	small
4_-_2257981_2258011	48hr	3	3	1.0	1.0	0.0	0.0	0.0	0.0	1.0	1.0	1.0	1.0	True	True	False	small
21_+_45492686_45492713	48hr	3	0	1.0				0.0		1.0	1.0			False	False	False	not_testable
2_+_231226773_231226798	48hr	0	3		1.0				0.0			1.0	1.0	False	False	False	not_testable
19_+_1429966_1429996	48hr	3	3	1.0	1.0	0.0	0.0	0.0	0.0	1.0	1.0	1.0	1.0	True	True	False	small
2_-_95921781_95921810	48hr	1	1	1.0	1.0					1.0	1.0	1.0	1.0	False	False	False	not_testable
6_-_24870865_24870889	48hr	3	3	1.0	1.0	0.0	0.0	0.0	0.0	1.0	1.0	1.0	1.0	True	True	False	small
7_+_843205_843232	48hr	3	3	1.0	1.0	0.0	0.0	0.0	0.0	1.0	1.0	1.0	1.0	True	True	False	small
1_+_46309100_46309127	48hr	3	3	1.0	0.9747638326585695	-0.025236167341430527	0.025236167341430527	0.0	0.026382144102946276	1.0	1.0	0.9473684210526316	1.0	True	True	False	small
17_-_56895925_56895952	48hr	3	3	0.8571428571428571	0.9855072463768115	0.12836438923395443	0.12836438923395443	0.24743582965269675	0.025102185616940234	0.5714285714285714	1.0	0.9565217391304348	1.0	True	True	False	exploratory
12_+_110282603_110282621	48hr	3	3	1.0	1.0	0.0	0.0	0.0	0.0	1.0	1.0	1.0	1.0	True	True	False	small
14_-_57237337_57237366	48hr	3	3	1.0	1.0	0.0	0.0	0.0	0.0	1.0	1.0	1.0	1.0	True	True	False	small
19_+_19104912_19104938	48hr	3	3	1.0	1.0	0.0	0.0	0.0	0.0	1.0	1.0	1.0	1.0	True	True	False	small
17_-_42574195_42574210	48hr	0	3		0.08183255081919318				0.030824290471578274			0.0631067961165048	0.117408906882591	False	False	False	not_testable
5_-_150699241_150699271	48hr	3	3	1.0	1.0	0.0	0.0	0.0	0.0	1.0	1.0	1.0	1.0	True	True	False	small
2_-_190987038_190987068	48hr	3	3	1.0	1.0	0.0	0.0	0.0	0.0	1.0	1.0	1.0	1.0	True	True	False	small
19_+_19340845_19340873	48hr	3	3	1.0	1.0	0.0	0.0	0.0	0.0	1.0	1.0	1.0	1.0	True	True	False	small
2_+_97187197_97187226	48hr	2	2	1.0	1.0	0.0	0.0	0.0	0.0	1.0	1.0	1.0	1.0	True	False	False	small
2_+_97200333_97200362	48hr	3	1	1.0	1.0			0.0		1.0	1.0	1.0	1.0	False	False	False	not_testable
12_+_25089762_25089790	48hr	3	3	1.0	1.0	0.0	0.0	0.0	0.0	1.0	1.0	1.0	1.0	True	True	False	small
10_-_12170899_12170908	48hr	3	3	0.7619047619047619	0.43761888589156944	-0.3242858760131924	0.3242858760131924	0.25084889887744616	0.030258185024451035	0.5	1.0	0.4033970276008493	0.4608294930875576	True	True	True	strong
X_-_153913023_153913051	48hr	3	3	1.0	1.0	0.0	0.0	0.0	0.0	1.0	1.0	1.0	1.0	True	True	False	small
1_+_228369135_228369162	48hr	3	0	1.0				0.0		1.0	1.0			False	False	False	not_testable
17_-_63698798_63698818	48hr	3	3	0.0015201379142599336	0.0035940780090700664	0.0020739400948101326	0.0020739400948101326	0.0015160867153116964	0.003530068962368887	0.0	0.003032140691328	0.0	0.0070564516129032	True	True	False	small
1_+_207339396_207339417	48hr	3	3	0.9797979797979798	0.9929983541948108	0.013200374396830972	0.013200374396830972	0.03499092540543183	0.008679811270703027	0.9393939393939394	1.0	0.9832869080779943	1.0	True	True	False	small
21_+_43800861_43800881	48hr	2	3	1.0	1.0	0.0	0.0	0.0	0.0	1.0	1.0	1.0	1.0	True	False	False	small
12_+_118389926_118389946	48hr	3	3	1.0	1.0	0.0	0.0	0.0	0.0	1.0	1.0	1.0	1.0	True	True	False	small
20_-_45960863_45960882	48hr	3	3	1.0	1.0	0.0	0.0	0.0	0.0	1.0	1.0	1.0	1.0	True	True	False	small
21_+_34103496_34103519	48hr	3	3	0.47792580982236155	0.0882585626126659	-0.38966724720969564	0.38966724720969564	0.2646421684607243	0.05922017700288441	0.1724137931034483	0.6363636363636364	0.0306122448979591	0.1489361702127659	True	True	True	strong
14_-_94129261_94129291	48hr	2	3	1.0	1.0	0.0	0.0	0.0	0.0	1.0	1.0	1.0	1.0	True	False	False	small
21_+_45987498_45987519	48hr	3	3	1.0	1.0	0.0	0.0	0.0	0.0	1.0	1.0	1.0	1.0	True	True	False	small
6_+_26390686_26390707	48hr	0	2		1.0				0.0			1.0	1.0	False	False	False	not_testable
15_-_58901259_58901287	48hr	3	3	0.945562435500516	1.0	0.054437564499484004	0.054437564499484004	0.01384802569692428	0.0	0.9298245614035088	0.9558823529411764	1.0	1.0	True	True	True	small
6_+_73723250_73723279	48hr	0	3		1.0				0.0			1.0	1.0	False	False	False	not_testable
2_-_86153559_86153574	48hr	3	3	1.0	1.0	0.0	0.0	0.0	0.0	1.0	1.0	1.0	1.0	True	True	False	small
19_-_5612539_5612567	48hr	3	3	0.7889192932671194	1.0	0.2110807067328806	0.2110807067328806	0.02895860093993111	0.0	0.7636363636363637	0.8205128205128205	1.0	1.0	True	True	True	strong
6_-_79077699_79077729	48hr	3	3	1.0	1.0	0.0	0.0	0.0	0.0	1.0	1.0	1.0	1.0	True	True	False	small
21_+_45492534_45492564	48hr	3	0	1.0				0.0		1.0	1.0			False	False	False	not_testable
11_-_4601663_4601686	48hr	2	3	1.0	1.0	0.0	0.0	0.0	0.0	1.0	1.0	1.0	1.0	True	False	False	small
1_+_206419372_206419400	48hr	0	3		1.0				0.0			1.0	1.0	False	False	False	not_testable
17_+_48862275_48862304	48hr	3	3	1.0	1.0	0.0	0.0	0.0	0.0	1.0	1.0	1.0	1.0	True	True	False	small
2_-_43950572_43950600	48hr	3	3	1.0	1.0	0.0	0.0	0.0	0.0	1.0	1.0	1.0	1.0	True	True	False	small
1_+_52414620_52414647	48hr	3	3	1.0	1.0	0.0	0.0	0.0	0.0	1.0	1.0	1.0	1.0	True	True	False	small
11_-_4386967_4386990	48hr	3	3	1.0	1.0	0.0	0.0	0.0	0.0	1.0	1.0	1.0	1.0	True	True	False	small
X_-_81119787_81119817	48hr	0	3		0.9666666666666667				0.05773502691896256			0.9	1.0	False	False	False	not_testable
6_+_26410005_26410032	48hr	3	2	0.6289759146902004	0.45238095238095233	-0.1765949623092481	0.1765949623092481	0.08188073195641427	0.16835875742536843	0.5510204081632653	0.7142857142857143	0.3333333333333333	0.5714285714285714	True	False	False	exploratory
11_+_65205709_65205721	48hr	3	3	1.0	1.0	0.0	0.0	0.0	0.0	1.0	1.0	1.0	1.0	True	True	False	small
6_+_26373386_26373413	48hr	3	3	1.0	0.7127450980392157	-0.2872549019607843	0.2872549019607843	0.0	0.24950354397170513	1.0	1.0	0.55	1.0	True	True	False	strong
3_-_160535660_160535690	48hr	3	3	1.0	1.0	0.0	0.0	0.0	0.0	1.0	1.0	1.0	1.0	True	True	False	small
16_+_28986539_28986569	48hr	3	3	0.5708808478840307	0.5146972960038286	-0.056183551880202076	0.056183551880202076	0.055350999984467894	0.06753110963492956	0.5189873417721519	0.6291390728476821	0.44	0.5714285714285714	True	True	False	small
3_+_184189254_184189277	48hr	3	3	0.2801217691492255	0.3712156386465237	0.0910938694972982	0.0910938694972982	0.054235953762699615	0.07747313730225977	0.2413793103448276	0.3421052631578947	0.3091482649842271	0.458041958041958	True	True	False	small
5_-_170262841_170262861	48hr	3	3	1.0	1.0	0.0	0.0	0.0	0.0	1.0	1.0	1.0	1.0	True	True	False	small
7_+_74755508_74755537	48hr	3	3	0.8867910447761194	0.9958333333333332	0.10904228855721387	0.10904228855721387	0.034244462700745236	0.007216878364870297	0.86	0.9253731343283582	0.9875	1.0	True	True	True	exploratory
4_+_53440581_53440608	48hr	3	3	0.26556225300387204	0.2837195075008641	0.01815725449699207	0.01815725449699207	0.06865797061879263	0.024359683647410077	0.202127659574468	0.3384615384615385	0.2560386473429952	0.3018867924528302	True	True	False	small
8_+_63169386_63169411	48hr	3	3	1.0	1.0	0.0	0.0	0.0	0.0	1.0	1.0	1.0	1.0	True	True	False	small
5_-_170262966_170262992	48hr	3	3	1.0	1.0	0.0	0.0	0.0	0.0	1.0	1.0	1.0	1.0	True	True	False	small
18_+_10533535_10533553	48hr	1	3	1.0	0.9360730593607306				0.11072470915965425	1.0	1.0	0.8082191780821918	1.0	False	False	False	not_testable
19_+_50419945_50419973	48hr	0	0											False	False	False	not_testable
17_+_43179393_43179412	48hr	3	3	1.0	1.0	0.0	0.0	0.0	0.0	1.0	1.0	1.0	1.0	True	True	False	small
7_+_142792521_142792539	48hr	3	3	1.0	1.0	0.0	0.0	0.0	0.0	1.0	1.0	1.0	1.0	True	True	False	small
19_+_39421282_39421299	48hr	3	3	1.0	1.0	0.0	0.0	0.0	0.0	1.0	1.0	1.0	1.0	True	True	False	small
6_-_28911695_28911718	48hr	3	3	0.9393939393939394	0.9844134078212291	0.045019468427289655	0.045019468427289655	0.10497277621629557	0.015034369662629226	0.8181818181818182	1.0	0.97	1.0	True	True	False	small
7_+_35831491_35831496	48hr	3	3	0.903225806451613	0.7552826577216821	-0.14794314872993086	0.14794314872993086	0.1676178200873107	0.16207531802300665	0.7096774193548387	1.0	0.6341463414634146	0.9393939393939394	True	True	False	exploratory
2_-_121401867_121401870	48hr	1	3	1.0	1.0				0.0	1.0	1.0	1.0	1.0	False	False	False	not_testable
2_-_25835537_25835540	48hr	3	3	1.0	0.8813813813813814	-0.11861861861861855	0.11861861861861855	0.0	0.10334214298840697	1.0	1.0	0.8108108108108109	1.0	True	True	False	exploratory
14_+_96874456_96874459	48hr	0	3		0.4711700336700337				0.13750506277916602			0.3125	0.5555555555555556	False	False	False	not_testable
19_+_48477716_48477719	48hr	3	3	0.5322510822510823	0.5732323232323232	0.040981240981240896	0.040981240981240896	0.09118773006223711	0.06874069489301111	0.4285714285714285	0.6	0.5	0.6363636363636364	True	True	False	small
17_-_78696006_78696009	48hr	3	3	0.9905880916243611	0.988839615668884	-0.0017484759554771134	0.0017484759554771134	0.009086975193024604	0.01232611233246268	0.9818652849740932	1.0	0.975609756097561	1.0	True	True	False	small
6_-_166370217_166370221	48hr	3	3	1.0	1.0	0.0	0.0	0.0	0.0	1.0	1.0	1.0	1.0	True	True	False	small
14_-_50438091_50438094	48hr	3	3	1.0	1.0	0.0	0.0	0.0	0.0	1.0	1.0	1.0	1.0	True	True	False	small
4_+_88676217_88676241	72hr	3	2	0.9761904761904763	0.8928571428571428	-0.08333333333333348	0.08333333333333348	0.041239304942116105	0.15152288168283162	0.9285714285714286	1.0	0.7857142857142857	1.0	True	False	False	small
10_-_73439871_73439901	72hr	3	3	0.7770753460042963	0.8807588075880758	0.1036834615837795	0.1036834615837795	0.09392501507994556	0.1858098614246282	0.6923076923076923	0.8780487804878049	0.6666666666666666	1.0	True	True	False	exploratory
14_-_93076594_93076619	72hr	3	3	1.0	1.0	0.0	0.0	0.0	0.0	1.0	1.0	1.0	1.0	True	True	False	small
5_+_57221375_57221396	72hr	3	3	0.7467343147410553	0.24900213496704718	-0.4977321797740082	0.4977321797740082	0.14307830943169886	0.12130029287711028	0.582089552238806	0.8409090909090909	0.1729323308270676	0.3888888888888889	True	True	True	strong
11_-_75271700_75271724	72hr	3	3	0.3101851851851852	0.17195767195767195	-0.13822751322751323	0.13822751322751323	0.07897556532051844	0.1411568420312603	0.2222222222222222	0.375	0.0714285714285714	0.3333333333333333	True	True	False	exploratory
17_+_30510879_30510909	72hr	3	3	0.9393939393939394	1.0	0.06060606060606055	0.06060606060606055	0.10497277621629557	0.0	0.8181818181818182	1.0	1.0	1.0	True	True	False	small
8_-_54065787_54065813	72hr	3	3	0.0	0.11895424836601305	0.11895424836601305	0.11895424836601305	0.0	0.17794950375732768	0.0	0.0	0.0	0.3235294117647059	True	True	False	exploratory
X_-_154357250_154357274	72hr	3	3	0.7339657009313675	0.49600274042414766	-0.23796296050721982	0.23796296050721982	0.018876043114411663	0.020290262629361545	0.7166666666666667	0.7540983606557377	0.4746192893401015	0.5149863760217984	True	True	True	strong
9_+_133054943_133054964	72hr	3	3	0.3791035353535353	0.328426631504852	-0.050676903848683286	0.050676903848683286	0.12707872306439813	0.1332584305022876	0.28125	0.5227272727272727	0.191358024691358	0.457516339869281	True	True	False	small
20_+_44478623_44478647	72hr	0	2		0.0510204081632653				0.07215375318230076			0.0	0.1020408163265306	False	False	False	not_testable
4_-_142202739_142202766	72hr	3	3	0.4932191653577882	0.2063235484288116	-0.2868956169289766	0.2868956169289766	0.31919971567110417	0.15553400566336378	0.1764705882352941	0.8148148148148148	0.0526315789473684	0.3636363636363636	True	True	False	strong
3_+_47819235_47819264	72hr	2	3	0.8125	0.35434782608695653	-0.45815217391304347	0.45815217391304347	0.2651650429449553	0.3289511889142381	0.625	1.0	0.0	0.65	True	False	False	strong
19_+_47780724_47780749	72hr	3	3	0.6376478988168094	0.8244810744810745	0.18683317566426516	0.18683317566426516	0.20568409861998962	0.1627470851102668	0.5116279069767442	0.875	0.6785714285714286	1.0	True	True	False	exploratory
17_+_7578226_7578244	72hr	3	3	0.0004960317460317333	0.0022990794794149334	0.0018030477333832	0.0018030477333832	0.000859152186294064	0.0008742990996822014	0.0	0.0014880952380952	0.001374759417102	0.003112840466926	True	True	False	small
3_-_146536539_146536565	72hr	3	3	1.0	0.9384778113665707	-0.06152218863342929	0.06152218863342929	0.0	0.02042083631968817	1.0	1.0	0.915032679738562	0.9523809523809524	True	True	True	small
17_-_35014739_35014763	72hr	3	2	1.0	1.0	0.0	0.0	0.0	0.0	1.0	1.0	1.0	1.0	True	False	False	small
11_+_67416175_67416202	72hr	3	0	0.42372134038800696				0.18129455784052992		0.2321428571428571	0.5925925925925926			False	False	False	not_testable
12_-_57538518_57538524	72hr	3	3	0.20035810078182958	0.16255944291924765	-0.037798657862581936	0.037798657862581936	0.11354676953652378	0.07246280431331649	0.0972222222222222	0.3220338983050847	0.1016042780748663	0.2426778242677824	True	True	False	small
12_-_6965910_6965916	72hr	3	3	0.9943693693693693	0.9994317455289847	0.005062376159615467	0.005062376159615467	0.009752538330905901	0.0005146585737848068	0.983108108108108	1.0	0.9989969909729188	1.0	True	True	False	small
20_+_62304460_62304485	72hr	3	3	0.0	0.0402571166947866	0.0402571166947866	0.0402571166947866	0.0	0.011195681685382663	0.0	0.0	0.0276907001044932	0.0491684743311641	True	True	True	small
16_+_70550649_70550678	72hr	3	3	0.6234819734345352	0.25591249434166685	-0.3675694790928683	0.3675694790928683	0.06651772478906715	0.0566977690065803	0.5483870967741935	0.675	0.1935483870967742	0.3043478260869565	True	True	True	strong
14_+_94114850_94114880	72hr	0	2		1.0				0.0			1.0	1.0	False	False	False	not_testable
19_+_47205103_47205129	72hr	3	3	0.16801619433198378	0.1279115856307771	-0.04010460870120669	0.04010460870120669	0.17329874271922663	0.04381524004743288	0.0	0.3461538461538461	0.0813397129186602	0.1683168316831683	True	True	False	small
16_-_31093311_31093321	72hr	3	3	0.05471956224350203	0.021457806669074233	-0.0332617555744278	0.0332617555744278	0.05925145780494586	0.019702133997618748	0.0	0.1176470588235294	0.0	0.0387323943661971	True	True	False	small
1_-_156476493_156476514	72hr	3	3	0.049851263443496434	0.0753205128205128	0.02546924937701637	0.02546924937701637	0.050517743804363115	0.0990353497146178	0.0	0.101010101010101	0.0	0.1875	True	True	False	small
19_+_41897314_41897326	72hr	3	3	0.8748691516407558	0.34184284119851127	-0.5330263104422446	0.5330263104422446	0.0414520173907069	0.04527311401572023	0.8431372549019608	0.9217687074829932	0.3034188034188034	0.3917525773195876	True	True	True	strong
9_-_137023837_137023840	72hr	3	0	0.7754595443833464				0.11234811340795099		0.6716417910447762	0.8947368421052632			False	False	False	not_testable
11_-_64015251_64015281	72hr	3	3	1.0	0.9623655913978495	-0.037634408602150504	0.037634408602150504	0.0	0.06518470781173194	1.0	1.0	0.8870967741935484	1.0	True	True	False	small
13_+_75809153_75809183	72hr	3	0	1.0				0.0		1.0	1.0			False	False	False	not_testable
18_-_50285324_50285351	72hr	3	3	0.9123152709359607	0.8943035248966954	-0.018011746039265253	0.018011746039265253	0.12322362490239934	0.03291863310708595	0.7714285714285715	1.0	0.8662790697674418	0.9305555555555556	True	True	False	small
5_+_181233412_181233435	72hr	3	3	0.5079474216380181	0.5807196969696969	0.07277227533167885	0.07277227533167885	0.19887804668746348	0.05632058625972493	0.3255813953488372	0.72	0.52	0.63125	True	True	False	small
4_-_75918760_75918789	72hr	2	1	0.35185185185185186	0.8571428571428571			0.4975936608349779		0.0	0.7037037037037037	0.8571428571428571	0.8571428571428571	False	False	False	not_testable
11_+_59145826_59145856	72hr	3	3	0.7109090909090909	0.7106816961889426	-0.00022739472014832174	0.00022739472014832174	0.19115136142650568	0.3054590952376137	0.5	0.8727272727272727	0.391304347826087	1.0	True	True	False	small
12_+_27674191_27674221	72hr	1	2	1.0	1.0				0.0	1.0	1.0	1.0	1.0	False	False	False	not_testable
12_-_122514711_122514728	72hr	3	3	0.3050934097200119	0.0	-0.3050934097200119	0.3050934097200119	0.12278179444913952	0.0	0.1764705882352941	0.4210526315789473	0.0	0.0	True	True	True	strong
8_+_22539468_22539498	72hr	3	3	0.8673569023569024	0.750634707287933	-0.11672219506896941	0.11672219506896941	0.05748442901303384	0.13620717982547664	0.8181818181818182	0.9305555555555556	0.59375	0.8387096774193549	True	True	False	exploratory
16_+_85802753_85802757	72hr	3	3	0.9938967562441863	0.9926153594863041	-0.0012813967578821917	0.0012813967578821917	0.0008084107892508102	0.005238276821641852	0.9931647300068353	0.9947643979057592	0.986842105263158	0.99706457925636	True	True	False	small
17_-_37210466_37210490	72hr	0	2		0.8636363636363636				0.1928473039599675			0.7272727272727273	1.0	False	False	False	not_testable
16_-_89653903_89653923	72hr	3	3	0.7886904761904763	0.9325929134439773	0.14390243725350105	0.14390243725350105	0.1830538608890688	0.04606321255589966	0.6785714285714286	1.0	0.8978723404255319	0.9848484848484848	True	True	False	exploratory
12_+_9650332_9650361	72hr	3	3	0.18088460444541263	0.019108280254777066	-0.16177632419063556	0.16177632419063556	0.12244311104242848	0.03309651224653905	0.081967213114754	0.3178294573643411	0.0	0.0573248407643312	True	True	True	exploratory
11_-_65662178_65662205	72hr	3	3	0.4825764834620368	0.38289885407312135	-0.09967762938891545	0.09967762938891545	0.04523779938316267	0.19876135683399918	0.4447300771208226	0.5326797385620915	0.1724137931034483	0.5673758865248227	True	True	False	small
11_+_63906087_63906114	72hr	3	3	0.0182310914018231	0.24854921467141664	0.23031812326959353	0.23031812326959353	0.016062994149005208	0.03395907760931389	0.0	0.0303030303030303	0.2105263157894736	0.2758620689655172	True	True	True	strong
3_+_139351030_139351060	72hr	3	3	0.028132066938037065	0.014041188910230233	-0.014090878027806833	0.014090878027806833	0.027313312630907388	0.0032766211390815353	0.0	0.0545454545454545	0.0108433734939759	0.017391304347826	True	True	False	small
20_+_2975214_2975241	72hr	3	3	0.31634669678147936	0.27946127946127947	-0.0368854173201999	0.0368854173201999	0.1857040726697684	0.24333443050713338	0.1136363636363636	0.4782608695652174	0.0	0.4444444444444444	True	True	False	small
6_+_29929018_29929045	72hr	3	3	1.0	1.0	0.0	0.0	0.0	0.0	1.0	1.0	1.0	1.0	True	True	False	small
22_-_41681539_41681559	72hr	3	3	0.24502804705750694	0.0040738298324702665	-0.24095421722503668	0.24095421722503668	0.04304870151175994	0.005307247934182702	0.2011834319526627	0.2872340425531915	0.0	0.0100755667506297	True	True	True	strong
5_+_65655635_65655653	72hr	3	3	1.0	0.673153153153153	-0.32684684684684695	0.32684684684684695	0.0	0.2874869493443844	1.0	1.0	0.4594594594594595	1.0	True	True	False	strong
4_+_159344035_159344059	72hr	0	1		0.4285714285714285							0.4285714285714285	0.4285714285714285	False	False	False	not_testable
5_+_146481446_146481476	72hr	3	3	0.4722738218094255	0.0	-0.4722738218094255	0.4722738218094255	0.2049056012667931	0.0	0.2666666666666666	0.6764705882352942	0.0	0.0	True	True	True	strong
8_-_140426614_140426641	72hr	3	1	0.821501014198783	1.0			0.15681756594491258		0.7058823529411765	1.0	1.0	1.0	False	False	False	not_testable
17_-_1543019_1543027	72hr	3	3	1.0	0.927536231884058	-0.07246376811594202	0.07246376811594202	0.0	0.12551092808470124	1.0	1.0	0.782608695652174	1.0	True	True	False	small
10_+_90895453_90895483	72hr	3	3	0.10897435897435896	0.5874332027457753	0.4784588437714163	0.4784588437714163	0.12804477150921909	0.031927462201844295	0.0	0.25	0.5506172839506173	0.6075156576200418	True	True	True	strong
3_-_112125225_112125254	72hr	2	1	1.0	1.0			0.0		1.0	1.0	1.0	1.0	False	False	False	not_testable
2_+_272036_272065	72hr	3	3	0.08057940844826088	0.042205386013358805	-0.03837402243490207	0.03837402243490207	0.04340210368837335	0.006883434172856968	0.0317460317460317	0.1147540983606557	0.0369609856262833	0.05	True	True	False	small
19_-_39390259_39390289	72hr	3	3	0.32455296168054	0.696941957293291	0.372388995612751	0.372388995612751	0.15830682675258917	0.057625265473614774	0.1836734693877551	0.4958677685950413	0.6540880503144654	0.7624521072796935	True	True	True	strong
14_+_105468337_105468349	72hr	3	3	0.08149058149058147	0.0475040257648953	-0.03398655572568617	0.03398655572568617	0.07197311910015129	0.04403384513325382	0.0	0.1363636363636363	0.0	0.0869565217391304	True	True	False	small
19_+_39458293_39458305	72hr	3	3	0.9908743795341733	0.9755485590899768	-0.015325820444196503	0.015325820444196503	0.011631135345743143	0.0315827382658884	0.9777777777777776	1.0	0.9398907103825136	1.0	True	True	False	small
5_-_141588223_141588250	72hr	3	3	0.2622568559419411	0.21347271585207794	-0.04878414008986315	0.04878414008986315	0.12348752100411846	0.06817812089711206	0.1325301204819277	0.3783783783783784	0.1698113207547169	0.2920353982300885	True	True	False	small
4_+_159243773_159243791	72hr	0	1		1.0							1.0	1.0	False	False	False	not_testable
6_-_32181605_32181632	72hr	3	3	0.44051932367149754	0.8706097823744883	0.43009045870299073	0.43009045870299073	0.24536960666275687	0.054456915434690965	0.25	0.717391304347826	0.8205128205128205	0.9285714285714286	True	True	True	strong
17_-_15993756_15993778	72hr	3	3	1.0	1.0	0.0	0.0	0.0	0.0	1.0	1.0	1.0	1.0	True	True	False	small
2_+_101868028_101868037	72hr	3	3	0.07086077674312963	0.4022366522366522	0.3313758754935226	0.3313758754935226	0.08299099693073872	0.3512406385865131	0.0	0.1621621621621621	0.0476190476190476	0.75	True	True	False	strong
1_+_28457831_28457855	72hr	2	2	0.15625	0.42727272727272725	0.27102272727272725	0.27102272727272725	0.2209708691207961	0.038569460791993436	0.0	0.3125	0.4	0.4545454545454545	True	False	True	strong
11_+_5708576_5708603	72hr	3	3	1.0	1.0	0.0	0.0	0.0	0.0	1.0	1.0	1.0	1.0	True	True	False	small
16_-_70679314_70679323	72hr	3	1	1.0	0.3333333333333333			0.0		1.0	1.0	0.3333333333333333	0.3333333333333333	False	False	False	not_testable
19_+_1106241_1106266	72hr	3	3	0.9753585677185203	0.9795963889453764	0.00423782122685612	0.00423782122685612	0.02408565611234544	0.008005890861610087	0.947565543071161	0.990138067061144	0.97172034564022	0.9877260981912144	True	True	False	small
14_+_55061679_55061701	72hr	3	3	0.8193214570056774	0.8831230497897166	0.06380159278403918	0.06380159278403918	0.09321132455409084	0.10852826944668421	0.7129629629629629	0.8867924528301887	0.7592592592592593	0.9615384615384616	True	True	False	small
14_+_103465423_103465450	72hr	3	3	0.46349206349206346	0.0	-0.46349206349206346	0.46349206349206346	0.08469410521875624	0.0	0.3666666666666666	0.5238095238095238	0.0	0.0	True	True	True	strong
5_-_132706450_132706459	72hr	1	0	1.0						1.0	1.0			False	False	False	not_testable
12_-_57305639_57305663	72hr	3	3	0.1054673238408178	0.3	0.19453267615918218	0.19453267615918218	0.09193593401562618	0.5196152422706632	0.0	0.1686746987951807	0.0	0.9	True	True	False	exploratory
20_+_58659622_58659634	72hr	3	3	0.23215360304781696	0.22400936951005268	-0.008144233537764278	0.008144233537764278	0.07152758594902812	0.1243130311703499	0.1497175141242938	0.2777777777777778	0.1	0.3486238532110092	True	True	False	small
19_+_45009813_45009822	72hr	3	3	0.9597701149425287	0.7847503373819164	-0.17501977756061238	0.17501977756061238	0.06968020490219623	0.11902076596023563	0.8793103448275862	1.0	0.6491228070175439	0.8717948717948718	True	True	True	exploratory
2_+_69921735_69921765	72hr	3	2	1.0	1.0	0.0	0.0	0.0	0.0	1.0	1.0	1.0	1.0	True	False	False	small
3_+_56559568_56559594	72hr	3	3	0.5038594149705261	0.8397435897435898	0.33588417477306365	0.33588417477306365	0.09731792235333765	0.1391188103475045	0.4054054054054054	0.6	0.75	1.0	True	True	True	strong
10_+_6228195_6228218	72hr	3	3	0.027777777777777766	0.0074074074074074	-0.020370370370370365	0.020370370370370365	0.048112522432468795	0.01283000598199167	0.0	0.0833333333333333	0.0	0.0222222222222222	True	True	False	small
22_-_29329711_29329720	72hr	3	3	0.5686783804430863	0.44634064821305913	-0.12233773223002714	0.12233773223002714	0.07677323841192839	0.01269983751017742	0.5194805194805194	0.6571428571428571	0.4369230769230769	0.4607843137254901	True	True	True	exploratory
1_-_173864674_173864704	72hr	3	3	0.0161533923198723	0.017448949378263467	0.0012955570583911662	0.0012955570583911662	0.002349327868520693	0.0012259364364338517	0.0134865134865134	0.0179171332586786	0.0160359204618345	0.0182291666666666	True	True	False	small
3_+_133587158_133587161	72hr	3	3	0.28362999452654625	0.08498202901379126	-0.198647965512755	0.198647965512755	0.17721988292126634	0.01076564874555883	0.1724137931034483	0.488	0.0737704918032786	0.0952380952380952	True	True	True	exploratory
6_-_85538837_85538864	72hr	3	3	0.5695806100217865	0.21333333333333335	-0.35624727668845313	0.35624727668845313	0.2779003998540212	0.18903262505010432	0.3823529411764705	0.8888888888888888	0.0	0.36	True	True	True	strong
17_-_29578961_29578988	72hr	3	3	0.03174603174603174	0.1280008661412836	0.09625483439525184	0.09625483439525184	0.05498573992282148	0.05299441695417998	0.0	0.0952380952380952	0.0967741935483871	0.1891891891891892	True	True	True	small
5_+_32586491_32586501	72hr	3	3	0.6422147722435079	0.006535947712418301	-0.6356788245310896	0.6356788245310896	0.2738668103741617	0.011320593513522074	0.396551724137931	0.9375	0.0	0.0196078431372549	True	True	True	strong
2_-_156326311_156326328	72hr	3	3	0.0014214641080312668	0.026175988056100302	0.024754523948069037	0.024754523948069037	0.002462048056245729	0.010106290260840558	0.0	0.0042643923240938	0.014760147601476	0.0339805825242718	True	True	True	small
16_+_31183486_31183489	72hr	3	3	0.06025641025641023	0.04939361161422063	-0.0108627986421896	0.0108627986421896	0.07922827977169423	0.029144684891918002	0.0	0.15	0.023076923076923	0.0807174887892376	True	True	False	small
17_-_41896619_41896649	72hr	3	3	1.0	0.901959092361777	-0.09804090763822304	0.09804090763822304	0.0	0.04427204912918792	1.0	1.0	0.8742857142857143	0.953020134228188	True	True	True	small
12_-_88130544_88130565	72hr	3	1	1.0	1.0			0.0		1.0	1.0	1.0	1.0	False	False	False	not_testable
2_-_121409023_121409047	72hr	3	3	0.7836257309941521	0.15555555555555553	-0.6280701754385966	0.6280701754385966	0.1875908179221689	0.21430335024428793	0.6666666666666666	1.0	0.0	0.4	True	True	True	strong
1_-_1388491_1388510	72hr	3	3	0.0717115739529187	0.0128558005858619	-0.0588557733670568	0.0588557733670568	0.040113613370464755	0.017229127894274325	0.0333333333333333	0.1133603238866396	0.0	0.0324324324324324	True	True	True	small
12_-_110499534_110499546	72hr	2	3	0.5	0.8553673778302585	0.3553673778302585	0.3553673778302585	0.7071067811865476	0.0664905636419717	0.0	1.0	0.7976190476190477	0.9280575539568344	True	False	False	strong
1_+_28737657_28737682	72hr	3	3	0.9693459693459694	0.9547179108154719	-0.014628058530497534	0.014628058530497534	0.03261912063518879	0.041434442222663466	0.935064935064935	1.0	0.91869918699187	1.0	True	True	False	small
X_+_150712341_150712365	72hr	3	1	1.0	0.6086956521739131			0.0		1.0	1.0	0.6086956521739131	0.6086956521739131	False	False	False	not_testable
10_-_103105357_103105381	72hr	3	3	0.936936936936937	0.452991452991453	-0.48394548394548403	0.48394548394548403	0.10922842930614539	0.1890029434828716	0.8108108108108109	1.0	0.3076923076923077	0.6666666666666666	True	True	True	strong
20_+_49096175_49096200	72hr	3	3	0.0	0.020043617123500734	0.020043617123500734	0.020043617123500734	0.0	0.0018728881830868784	0.0	0.0	0.0182926829268292	0.0220183486238532	True	True	True	small
2_-_70289349_70289372	72hr	3	3	0.9891633211147961	0.9346723251795025	-0.05449099593529361	0.05449099593529361	0.00951183626932195	0.014779740584989083	0.9821958456973294	1.0	0.9222035323801514	0.9509981851179672	True	True	True	small
1_+_172577538_172577559	72hr	3	1	1.0	1.0			0.0		1.0	1.0	1.0	1.0	False	False	False	not_testable
7_-_43887789_43887816	72hr	2	3	1.0	1.0	0.0	0.0	0.0	0.0	1.0	1.0	1.0	1.0	True	False	False	small
4_+_27007982_27008006	72hr	3	3	0.5048948670891573	0.3093808109090132	-0.1955140561801441	0.1955140561801441	0.16915544766542312	0.11351317008580533	0.3414634146341463	0.6792452830188679	0.1967213114754098	0.423728813559322	True	True	False	exploratory
1_-_155203512_155203539	72hr	3	1	0.9655172413793104	1.0			0.05972588991616817		0.896551724137931	1.0	1.0	1.0	False	False	False	not_testable
5_+_176099020_176099045	72hr	3	0	1.0				0.0		1.0	1.0			False	False	False	not_testable
X_-_23734340_23734367	72hr	3	3	1.0	0.8656375227686702	-0.13436247723132977	0.13436247723132977	0.0	0.06637565444169297	1.0	1.0	0.7916666666666666	0.92	True	True	True	exploratory
1_-_205115857_205115883	72hr	1	2	1.0	1.0				0.0	1.0	1.0	1.0	1.0	False	False	False	not_testable
17_+_45234831_45234849	72hr	3	3	0.13661794458895904	0.06863439006595037	-0.06798355452300867	0.06798355452300867	0.05484641140618994	0.08784483706719771	0.0769230769230769	0.1847826086956521	0.0070671378091872	0.1692307692307692	True	True	False	small
11_+_118364677_118364703	72hr	3	2	0.5074074074074074	0.0	-0.5074074074074074	0.5074074074074074	0.4576285265504732	0.0	0.0	0.8888888888888888	0.0	0.0	True	False	False	strong
15_+_40854059_40854086	72hr	0	1		1.0							1.0	1.0	False	False	False	not_testable
10_+_89013342_89013367	72hr	0	3		0.2112545219311908				0.06935338985783109			0.1509433962264151	0.287037037037037	False	False	False	not_testable
1_+_78620943_78620971	72hr	2	3	0.2727272727272727	0.0	-0.2727272727272727	0.2727272727272727	0.385694607919935	0.0	0.0	0.5454545454545454	0.0	0.0	True	False	False	strong
4_-_82899712_82899737	72hr	3	3	0.6198879551820728	0.13862433862433857	-0.4812636165577343	0.4812636165577343	0.1384549947141068	0.12378238747521218	0.5	0.7714285714285715	0.0	0.238095238095238	True	True	True	strong
1_+_161339561_161339588	72hr	3	3	0.26809269162210336	0.0	-0.26809269162210336	0.26809269162210336	0.2503595363331791	0.0	0.0588235294117647	0.5454545454545454	0.0	0.0	True	True	True	strong
14_-_65101545_65101572	72hr	3	3	0.8998694885361552	0.6127623772006614	-0.2871071113354938	0.2871071113354938	0.08459637863670637	0.07549380577496236	0.8148148148148148	0.984	0.53	0.6778523489932886	True	True	True	strong
14_-_21263310_21263336	72hr	3	3	0.2662915757673248	0.9341180946725993	0.6678265189052746	0.6678265189052746	0.035171353339094054	0.020160196108767903	0.2273901808785529	0.295843520782396	0.9223300970873788	0.957396449704142	True	True	True	strong
5_-_177310667_177310697	72hr	2	3	1.0	0.9643843843843843	-0.03561561561561566	0.03561561561561566	0.0	0.050439617026466294	1.0	1.0	0.9066666666666666	1.0	True	False	False	small
3_+_37337142_37337163	72hr	3	3	0.9102564102564102	0.9761904761904763	0.06593406593406603	0.06593406593406603	0.15544045708951465	0.041239304942116105	0.7307692307692307	1.0	0.9285714285714286	1.0	True	True	False	small
1_+_39436481_39436490	72hr	3	3	0.8094325852946542	0.9777777777777777	0.16834519248312352	0.16834519248312352	0.10120870859981577	0.03849001794597511	0.6984126984126984	0.896551724137931	0.9333333333333332	1.0	True	True	True	exploratory
18_+_51049294_51049324	72hr	1	3	1.0	1.0				0.0	1.0	1.0	1.0	1.0	False	False	False	not_testable
12_-_68316580_68316610	72hr	1	3	0.8	0.9191919191919192				0.13996370162172747	0.8	0.8	0.7575757575757576	1.0	False	False	False	not_testable
8_+_144242601_144242628	72hr	3	3	0.8271873790166473	0.40317460317460313	-0.42401277584204417	0.42401277584204417	0.13423432668884475	0.2619191915216928	0.7142857142857143	0.975609756097561	0.1428571428571428	0.6666666666666666	True	True	True	strong
11_+_70350993_70351023	72hr	2	3	0.569327731092437	0.10066476733143397	-0.46866296376100297	0.46866296376100297	0.30601680026140504	0.08722478634913604	0.3529411764705882	0.7857142857142857	0.0	0.1538461538461538	True	False	True	strong
11_+_62141499_62141511	72hr	2	3	0.8529411764705883	0.5988827062356474	-0.2540584702349409	0.2540584702349409	0.2079725827019257	0.14609756176367455	0.7058823529411765	1.0	0.4324324324324324	0.7058823529411765	True	False	False	strong
19_+_35009422_35009443	72hr	3	3	0.9722160916157826	0.9566921923541366	-0.01552389926164599	0.01552389926164599	0.029060129900026068	0.011341537945478363	0.9420289855072465	1.0	0.9438202247191012	0.9652173913043478	True	True	False	small
17_+_67553609_67553617	72hr	3	3	1.0	1.0	0.0	0.0	0.0	0.0	1.0	1.0	1.0	1.0	True	True	False	small
15_-_50346371_50346395	72hr	2	3	0.18039215686274504	0.5280382423239566	0.34764608546121156	0.34764608546121156	0.1608321306228226	0.0961929251537936	0.0666666666666666	0.2941176470588235	0.4489795918367347	0.6351351351351351	True	False	True	strong
17_+_42985650_42985656	72hr	3	3	0.3333333333333333	0.5133560670645069	0.18002273373117356	0.18002273373117356	0.5773502691896258	0.21727941779688106	0.0	1.0	0.2647058823529412	0.6666666666666666	True	True	False	exploratory
16_+_19575097_19575122	72hr	2	3	1.0	1.0	0.0	0.0	0.0	0.0	1.0	1.0	1.0	1.0	True	False	False	small
10_+_78040203_78040225	72hr	3	3	0.7310387120489756	0.05126541882883764	-0.679773293220138	0.679773293220138	0.024080731496342628	0.006061289824752078	0.7057627118644068	0.7537128712871287	0.0473731077471059	0.0582491005653589	True	True	True	strong
5_-_151110626_151110644	72hr	3	3	0.8310847274689692	0.8634040041195341	0.03231927665056489	0.03231927665056489	0.1652671893582627	0.024479220405870177	0.6697247706422018	1.0	0.8456591639871383	0.8913308913308914	True	True	False	small
10_+_99750368_99750396	72hr	3	3	1.0	0.7704387744208391	-0.22956122557916092	0.22956122557916092	0.0	0.06429434366750009	1.0	1.0	0.7210526315789474	0.8431372549019608	True	True	True	strong
8_-_27290155_27290178	72hr	2	3	0.6053639846743295	0.8845538215286114	0.2791898368542819	0.2791898368542819	0.07043975598026907	0.13555374179107024	0.5555555555555556	0.6551724137931034	0.7352941176470589	1.0	True	False	True	strong
11_-_5667688_5667711	72hr	1	3	1.0	1.0				0.0	1.0	1.0	1.0	1.0	False	False	False	not_testable
9_+_128162003_128162007	72hr	3	3	0.06151354446319637	0.19944118395808266	0.1379276394948863	0.1379276394948863	0.05359869777140832	0.0534001330691551	0.0038167938931297	0.1097560975609756	0.1593625498007968	0.2600619195046439	True	True	True	exploratory
11_-_78441090_78441117	72hr	2	3	0.6958041958041958	0.5461615197736608	-0.14964267603053505	0.14964267603053505	0.2126265146225283	0.04489003423983568	0.5454545454545454	0.8461538461538461	0.5161290322580645	0.5977653631284916	True	False	False	exploratory
13_+_25319325_25319350	72hr	3	3	0.13015873015873014	0.9603174603174603	0.8301587301587302	0.8301587301587302	0.11282130567566259	0.06873217490352689	0.0	0.2	0.8809523809523809	1.0	True	True	True	strong
10_-_26771074_26771089	72hr	3	3	0.08819603356216626	0.0	-0.08819603356216626	0.08819603356216626	0.03620012960725869	0.0	0.0526315789473684	0.125	0.0	0.0	True	True	True	small
2_+_237987962_237987992	72hr	3	3	1.0	0.985002508466073	-0.014997491533927043	0.014997491533927043	0.0	0.002375064622038176	1.0	1.0	0.9823529411764704	0.9869402985074628	True	True	True	small
1_-_173865541_173865547	72hr	3	3	0.0014181770214416998	0.005992669919023767	0.004574492897582067	0.004574492897582067	0.0012370681299190979	0.0024530898826495406	0.0	0.0022753128555176	0.0031923383878691	0.0077619663648124	True	True	True	small
17_-_16151589_16151616	72hr	3	3	0.2159090909090909	0.6157796451914098	0.3998705542823189	0.3998705542823189	0.19384911487763615	0.18031000385295679	0.0	0.375	0.5	0.8235294117647058	True	True	True	strong
19_-_14152132_14152150	72hr	3	3	0.7839937071010797	0.40606060606060607	-0.3779331010404737	0.3779331010404737	0.1224276350731627	0.40912457773909505	0.6511627906976745	0.8923076923076924	0.0	0.8181818181818182	True	True	False	strong
12_-_6330266_6330295	72hr	3	3	0.557422969187675	0.628706184178821	0.07128321499114598	0.07128321499114598	0.4292574286720566	0.06405143839352401	0.1428571428571428	1.0	0.5692307692307692	0.6965174129353234	True	True	False	small
3_-_180986997_180987022	72hr	3	3	0.08940825497526524	0.0581969787211002	-0.03121127625416504	0.03121127625416504	0.07556649290794452	0.027431140636576597	0.0329670329670329	0.1752577319587628	0.0273972602739726	0.08	True	True	False	small
2_+_241324215_241324241	72hr	3	3	0.9535330261136713	0.9925925925925926	0.03905956647892128	0.03905956647892128	0.05496651515515226	0.012830005981991766	0.8928571428571429	1.0	0.9777777777777776	1.0	True	True	False	small
22_+_30023456_30023483	72hr	3	2	0.4352770885028949	0.1515151515151515	-0.28376193698774343	0.28376193698774343	0.2469857923495381	0.21427478217774162	0.2307692307692307	0.7096774193548387	0.0	0.303030303030303	True	False	False	strong
1_-_58690225_58690249	72hr	3	3	0.4368131868131868	0.5185185185185185	0.08170533170533167	0.08170533170533167	0.42374536890039666	0.5010277503136549	0.0	0.8461538461538461	0.0	1.0	True	True	False	small
15_-_52348817_52348826	72hr	3	1	0.9509803921568628	0.6190476190476191			0.08490445135141557		0.8529411764705882	1.0	0.6190476190476191	0.6190476190476191	False	False	False	not_testable
8_-_124580550_124580562	72hr	0	3		0.0350877192982456				0.060773712546276365			0.0	0.1052631578947368	False	False	False	not_testable
12_+_62566013_62566031	72hr	2	3	0.7708333333333333	0.0909090909090909	-0.6799242424242423	0.6799242424242423	0.14731391274719743	0.1574591643244434	0.6666666666666666	0.875	0.0	0.2727272727272727	True	False	True	strong
15_-_78294945_78294973	72hr	2	3	1.0	1.0	0.0	0.0	0.0	0.0	1.0	1.0	1.0	1.0	True	False	False	small
19_+_2097928_2097955	72hr	2	3	0.6111111111111112	0.49597088967792297	-0.1151402214331882	0.1151402214331882	0.5499719409228703	0.1304899379515143	0.2222222222222222	1.0	0.3934426229508196	0.6428571428571429	True	False	False	exploratory
20_-_50945736_50945762	72hr	3	3	0.6152293776910448	0.6480605207065785	0.03283114301553369	0.03283114301553369	0.0033742981634860398	0.011441190651453891	0.6113744075829384	0.6176470588235294	0.6361111111111111	0.6589147286821705	True	True	True	small
12_-_42322417_42322446	72hr	3	3	0.4367955721679126	0.0	-0.4367955721679126	0.4367955721679126	0.1621819132510978	0.0	0.2553191489361702	0.5675675675675675	0.0	0.0	True	True	True	strong
17_-_75146665_75146684	72hr	3	3	1.0	1.0	0.0	0.0	0.0	0.0	1.0	1.0	1.0	1.0	True	True	False	small
1_+_222648828_222648850	72hr	3	3	0.9866666666666667	1.0	0.013333333333333308	0.013333333333333308	0.023094010767585053	0.0	0.96	1.0	1.0	1.0	True	True	False	small
20_+_32367726_32367729	72hr	3	3	0.9577352472089314	0.946685606060606	-0.011049641148325406	0.011049641148325406	0.06215876989183132	0.046208531126072386	0.8863636363636364	1.0	0.9181818181818182	1.0	True	True	False	small
17_-_10729030_10729060	72hr	1	0	1.0						1.0	1.0			False	False	False	not_testable
10_-_71823887_71823896	72hr	3	3	0.19583550931319374	0.006756756756756733	-0.189078752556437	0.189078752556437	0.09542104809326986	0.011703045997086967	0.0909090909090909	0.2774193548387096	0.0	0.0202702702702702	True	True	True	exploratory
17_-_7676381_7676403	72hr	3	3	0.5188120337374068	0.5026035963416643	-0.016208437395742514	0.016208437395742514	0.1024513206137568	0.06615184383279477	0.4230769230769231	0.6268656716417911	0.4279835390946502	0.5540540540540541	True	True	False	small
6_+_31587943_31587966	72hr	3	3	0.6639249639249639	0.16780269482238921	-0.49612226910257473	0.49612226910257473	0.2525670136567699	0.05464720572995007	0.3857142857142857	0.8787878787878788	0.1240310077519379	0.2290502793296089	True	True	True	strong
6_+_169766637_169766667	72hr	3	3	0.9871794871794872	1.0	0.012820512820512775	0.012820512820512775	0.02220577958421636	0.0	0.9615384615384616	1.0	1.0	1.0	True	True	False	small
11_+_64354003_64354028	72hr	3	3	0.06986598127251316	0.03680045816541927	-0.03306552310709389	0.03306552310709389	0.036226656645639135	0.01762752774401659	0.0313199105145413	0.1032110091743119	0.0194444444444444	0.0546875	True	True	False	small
12_+_105348601_105348626	72hr	1	3	1.0	1.0				0.0	1.0	1.0	1.0	1.0	False	False	False	not_testable
17_-_1515568_1515585	72hr	3	3	0.03993055555555553	0.13243546576879905	0.09250491021324353	0.09250491021324353	0.048393610641549845	0.11548052576873581	0.0	0.09375	0.0	0.2121212121212121	True	True	False	small
9_+_128609650_128609665	72hr	3	3	0.466284348864994	0.07181032750653003	-0.39447402135846393	0.39447402135846393	0.05445907591878369	0.06972351775095048	0.4111111111111111	0.52	0.0	0.1392405063291139	True	True	True	strong
22_+_17097061_17097086	72hr	3	3	1.0	1.0	0.0	0.0	0.0	0.0	1.0	1.0	1.0	1.0	True	True	False	small
16_-_67236410_67236434	72hr	2	3	0.6451612903225806	0.09167363363521097	-0.5534876566873697	0.5534876566873697	0.5018177156807757	0.09499470733550824	0.2903225806451613	1.0	0.0077519379844961	0.1948051948051948	True	False	True	strong
11_-_47635544_47635571	72hr	3	3	1.0	0.94678531345198	-0.053214686548019974	0.053214686548019974	0.0	0.018194305484642938	1.0	1.0	0.9292929292929292	0.9656084656084656	True	True	True	small
19_-_3017839_3017859	72hr	3	1	0.8690476190476191	1.0			0.2268161771816387		0.6071428571428571	1.0	1.0	1.0	False	False	False	not_testable
1_-_32634767_32634792	72hr	3	3	0.3947368421052631	0.3689391006464177	-0.02579774145884539	0.02579774145884539	0.3540427380808871	0.10832337732384484	0.0	0.6842105263157895	0.2439024390243902	0.4343434343434343	True	True	False	small
19_+_10808568_10808580	72hr	3	3	0.9733333333333333	0.8138359883419172	-0.1594973449914161	0.1594973449914161	0.046188021535170036	0.11389554724967235	0.92	1.0	0.7065217391304348	0.9333333333333332	True	True	False	exploratory
12_-_6549475_6549484	72hr	2	3	0.5	0.8148148148148149	0.3148148148148149	0.3148148148148149	0.7071067811865476	0.3207501495497921	0.0	1.0	0.4444444444444444	1.0	True	False	False	strong
16_-_28905866_28905878	72hr	3	3	0.9833333333333334	0.956140350877193	-0.027192982456140435	0.027192982456140435	0.028867513459481315	0.07596714068284548	0.95	1.0	0.868421052631579	1.0	True	True	False	small
13_-_21425651_21425678	72hr	3	3	1.0	1.0	0.0	0.0	0.0	0.0	1.0	1.0	1.0	1.0	True	True	False	small
14_+_55137369_55137391	72hr	1	0	1.0						1.0	1.0			False	False	False	not_testable
11_+_112230207_112230230	72hr	3	3	0.6334659593280283	0.539133439995509	-0.0943325193325193	0.0943325193325193	0.23368054187580178	0.04221857965487759	0.45	0.896551724137931	0.5085470085470085	0.5873015873015873	True	True	False	small
17_-_8589080_8589108	72hr	0	1		1.0							1.0	1.0	False	False	False	not_testable
19_+_18122106_18122127	72hr	3	3	0.2857142857142857	1.0	0.7142857142857143	0.7142857142857143	0.49487165930539345	0.0	0.0	0.8571428571428571	1.0	1.0	True	True	True	strong
10_-_31839304_31839319	72hr	3	0	0.9824561403508772				0.030386856273138165		0.9473684210526316	1.0			False	False	False	not_testable
19_+_53563762_53563792	72hr	3	3	0.11946267432321574	0.072463768115942	-0.04699890620727373	0.04699890620727373	0.07910365285989793	0.12551092808470118	0.0377358490566037	0.1956521739130435	0.0	0.217391304347826	True	True	False	small
16_+_57062158_57062173	72hr	3	3	0.2836302552063663	0.10373667010663912	-0.1798935850997272	0.1798935850997272	0.031395068642548526	0.08012238818698382	0.2486187845303867	0.3092783505154639	0.0526315789473684	0.196078431372549	True	True	True	exploratory
20_-_63943652_63943669	72hr	3	3	1.0	0.938195514466701	-0.06180448553329898	0.06180448553329898	0.0	0.07951903209348843	1.0	1.0	0.8484848484848485	1.0	True	True	False	small
6_-_34247466_34247492	72hr	2	3	1.0	0.94597142436294	-0.05402857563705998	0.05402857563705998	0.0	0.08200342066217517	1.0	1.0	0.8516129032258064	1.0	True	False	False	small
14_+_39279336_39279358	72hr	3	2	1.0	1.0	0.0	0.0	0.0	0.0	1.0	1.0	1.0	1.0	True	False	False	small
3_+_184180644_184180650	72hr	3	3	0.20879508939301492	0.1935340686006449	-0.015261020792370017	0.015261020792370017	0.0772826637047588	0.03943652444023808	0.1272727272727272	0.2809917355371901	0.1504629629629629	0.2278719397363465	True	True	False	small
14_+_52004239_52004242	72hr	3	3	0.03009078668307877	0.008817376066788568	-0.0212734106162902	0.0212734106162902	0.04759843815683571	0.005692386338907823	0.0	0.0849673202614379	0.0031413612565445	0.014525993883792	True	True	False	small
X_-_48998153_48998180	72hr	3	3	0.9869791666666666	0.9418471613997713	-0.045132005266895314	0.045132005266895314	0.022552744890219755	0.0735592946565085	0.9609375	1.0	0.8591549295774648	1.0	True	True	False	small
9_+_128627924_128627942	72hr	3	3	0.8596598520589435	0.6219790353964781	-0.23768081666246532	0.23768081666246532	0.042358047425289834	0.07427957362237027	0.8247422680412371	0.9067796610169492	0.549618320610687	0.6980392156862745	True	True	True	strong
19_-_6479986_6479990	72hr	3	3	0.11399785896430187	0.06232770804472237	-0.0516701509195795	0.0516701509195795	0.027864377073949096	0.009964890708723181	0.087248322147651	0.1428571428571428	0.0535714285714285	0.073170731707317	True	True	True	small
16_+_3067983_3068010	72hr	3	3	0.9691289294351525	0.9642175755191653	-0.004911353915987182	0.004911353915987182	0.018119802485144252	0.003522189169819871	0.950375939849624	0.9865410497981156	0.9601769911504424	0.9666392092257	True	True	False	small
3_+_180915675_180915696	72hr	3	0	0.9242424242424243				0.08436006610348516		0.8333333333333334	1.0			False	False	False	not_testable
9_+_131232283_131232308	72hr	3	3	0.9165362545644236	0.9748525208295323	0.058316266265108774	0.058316266265108774	0.12099094800329437	0.029895160230034273	0.7777777777777778	1.0	0.9417989417989416	1.0	True	True	False	small
12_-_76049755_76049785	72hr	3	3	0.8327128499699885	0.8513667344895297	0.018653884519541197	0.018653884519541197	0.034194040046538546	0.015851189418601662	0.7985004686035614	0.8668885191347754	0.8409090909090909	0.8696047251249432	True	True	False	small
19_+_55343977_55343997	72hr	3	3	1.0	1.0	0.0	0.0	0.0	0.0	1.0	1.0	1.0	1.0	True	True	False	small
18_+_35972884_35972907	72hr	3	3	0.43948615177889055	0.7852026027802426	0.345716451001352	0.345716451001352	0.1873614725856069	0.07288766735372043	0.2231404958677686	0.5481481481481482	0.7282608695652174	0.8673469387755102	True	True	True	strong
5_+_176103755_176103780	72hr	3	2	1.0	1.0	0.0	0.0	0.0	0.0	1.0	1.0	1.0	1.0	True	False	False	small
16_+_31182397_31182422	72hr	3	3	1.0	1.0	0.0	0.0	0.0	0.0	1.0	1.0	1.0	1.0	True	True	False	small
2_+_169614463_169614493	72hr	3	3	0.9624413145539906	0.9839357429718875	0.021494428417896838	0.021494428417896838	0.06505355145798598	0.027824109358536207	0.8873239436619719	1.0	0.9518072289156626	1.0	True	True	False	small
10_-_68073656_68073686	72hr	3	3	1.0	1.0	0.0	0.0	0.0	0.0	1.0	1.0	1.0	1.0	True	True	False	small
5_+_111094919_111094947	72hr	3	3	1.0	1.0	0.0	0.0	0.0	0.0	1.0	1.0	1.0	1.0	True	True	False	small
15_+_44716328_44716356	72hr	3	3	0.3969342655657592	0.4790739716889188	0.08213970612315957	0.08213970612315957	0.01690246658146208	0.023490130043181505	0.381940176193403	0.4152514922955902	0.4615060410227592	0.5057552012969467	True	True	True	small
15_-_48166120_48166128	72hr	1	2	1.0	1.0				0.0	1.0	1.0	1.0	1.0	False	False	False	not_testable
22_-_27897129_27897137	72hr	3	3	1.0	1.0	0.0	0.0	0.0	0.0	1.0	1.0	1.0	1.0	True	True	False	small
2_-_95901177_95901206	72hr	1	0	1.0						1.0	1.0			False	False	False	not_testable
16_+_81693157_81693184	72hr	3	3	1.0	1.0	0.0	0.0	0.0	0.0	1.0	1.0	1.0	1.0	True	True	False	small
19_+_18433584_18433613	72hr	3	3	0.9131742961530196	1.0	0.0868257038469804	0.0868257038469804	0.01541700987229811	0.0	0.896969696969697	0.9276595744680852	1.0	1.0	True	True	True	small
16_-_23478882_23478911	72hr	3	3	1.0	1.0	0.0	0.0	0.0	0.0	1.0	1.0	1.0	1.0	True	True	False	small
1_+_43958241_43958268	72hr	0	3		1.0				0.0			1.0	1.0	False	False	False	not_testable
19_+_45070536_45070561	72hr	3	3	1.0	1.0	0.0	0.0	0.0	0.0	1.0	1.0	1.0	1.0	True	True	False	small
9_+_130200957_130200982	72hr	0	3		1.0				0.0			1.0	1.0	False	False	False	not_testable
8_+_2142374_2142397	72hr	0	3		0.64197235513025				0.08099970895583625			0.5789473684210527	0.7333333333333333	False	False	False	not_testable
1_+_223757368_223757380	72hr	3	3	1.0	1.0	0.0	0.0	0.0	0.0	1.0	1.0	1.0	1.0	True	True	False	small
11_+_118349026_118349050	72hr	3	3	1.0	1.0	0.0	0.0	0.0	0.0	1.0	1.0	1.0	1.0	True	True	False	small
6_+_144846804_144846827	72hr	3	3	1.0	1.0	0.0	0.0	0.0	0.0	1.0	1.0	1.0	1.0	True	True	False	small
1_-_228397142_228397165	72hr	3	3	1.0	1.0	0.0	0.0	0.0	0.0	1.0	1.0	1.0	1.0	True	True	False	small
15_-_50578638_50578664	72hr	3	3	1.0	1.0	0.0	0.0	0.0	0.0	1.0	1.0	1.0	1.0	True	True	False	small
20_+_45813436_45813464	72hr	0	3		1.0				0.0			1.0	1.0	False	False	False	not_testable
15_+_42402123_42402135	72hr	3	2	0.800358422939068	0.3055555555555555	-0.4948028673835125	0.4948028673835125	0.28997656268461786	0.19641855032959657	0.4677419354838709	1.0	0.1666666666666666	0.4444444444444444	True	False	True	strong
2_+_205766782_205766803	72hr	0	0											False	False	False	not_testable
14_-_75022994_75023018	72hr	1	3	1.0	1.0				0.0	1.0	1.0	1.0	1.0	False	False	False	not_testable
11_-_62852655_62852681	72hr	3	3	0.24504283865963813	0.0714285714285714	-0.17361426723106674	0.17361426723106674	0.025901167889486792	0.12371791482634832	0.2265625	0.2746478873239437	0.0	0.2142857142857142	True	True	True	exploratory
22_+_31192683_31192702	72hr	2	3	1.0	1.0	0.0	0.0	0.0	0.0	1.0	1.0	1.0	1.0	True	False	False	small
22_-_41468123_41468147	72hr	3	3	0.9759744188056348	1.0	0.024025581194365153	0.024025581194365153	0.020864835157092018	0.0	0.962406015037594	1.0	1.0	1.0	True	True	False	small
19_+_17861292_17861307	72hr	3	3	0.032020298200669504	0.20132882062706617	0.16930852242639666	0.16930852242639666	0.006031811128787793	0.07039002385714321	0.0275862068965517	0.0388888888888888	0.1495726495726495	0.2814814814814815	True	True	True	exploratory
10_-_24666984_24667009	72hr	1	2	1.0	1.0				0.0	1.0	1.0	1.0	1.0	False	False	False	not_testable
11_+_118307287_118307308	72hr	3	3	1.0	1.0	0.0	0.0	0.0	0.0	1.0	1.0	1.0	1.0	True	True	False	small
10_-_114440081_114440089	72hr	3	3	1.0	1.0	0.0	0.0	0.0	0.0	1.0	1.0	1.0	1.0	True	True	False	small
2_+_97207810_97207839	72hr	2	1	1.0	1.0			0.0		1.0	1.0	1.0	1.0	False	False	False	not_testable
5_-_177740776_177740801	72hr	3	1	1.0	1.0			0.0		1.0	1.0	1.0	1.0	False	False	False	not_testable
22_+_17105590_17105602	72hr	3	2	1.0	1.0	0.0	0.0	0.0	0.0	1.0	1.0	1.0	1.0	True	False	False	small
22_+_20553144_20553174	72hr	3	3	0.9778590966215717	1.0	0.022140903378428334	0.022140903378428334	0.02415665845411874	0.0	0.9520958083832336	1.0	1.0	1.0	True	True	False	small
3_-_52409713_52409743	72hr	3	3	1.0	1.0	0.0	0.0	0.0	0.0	1.0	1.0	1.0	1.0	True	True	False	small
11_+_48110057_48110076	72hr	3	3	1.0	1.0	0.0	0.0	0.0	0.0	1.0	1.0	1.0	1.0	True	True	False	small
17_-_41620535_41620558	72hr	0	0											False	False	False	not_testable
6_+_26448616_26448637	72hr	3	3	1.0	1.0	0.0	0.0	0.0	0.0	1.0	1.0	1.0	1.0	True	True	False	small
1_-_183564004_183564030	72hr	0	3		1.0				0.0			1.0	1.0	False	False	False	not_testable
21_+_46000758_46000767	72hr	3	3	1.0	1.0	0.0	0.0	0.0	0.0	1.0	1.0	1.0	1.0	True	True	False	small
1_+_168239130_168239160	72hr	3	2	1.0	1.0	0.0	0.0	0.0	0.0	1.0	1.0	1.0	1.0	True	False	False	small
2_-_237359361_237359388	72hr	2	0	1.0				0.0		1.0	1.0			False	False	False	not_testable
4_-_152644414_152644442	72hr	1	1	1.0	1.0					1.0	1.0	1.0	1.0	False	False	False	not_testable
18_-_74260914_74260944	72hr	3	3	1.0	1.0	0.0	0.0	0.0	0.0	1.0	1.0	1.0	1.0	True	True	False	small
12_+_110636480_110636501	72hr	1	3	1.0	0.9696969696969697				0.05248638810814775	1.0	1.0	0.9090909090909092	1.0	False	False	False	not_testable
1_+_42659227_42659251	72hr	3	3	0.728102304149776	0.9263144121023839	0.1982121079526079	0.1982121079526079	0.2214617038538123	0.026349566819003474	0.4893617021276595	0.926829268292683	0.9104477611940298	0.9567307692307692	True	True	False	exploratory
1_-_41160874_41160898	72hr	2	1	1.0	1.0			0.0		1.0	1.0	1.0	1.0	False	False	False	not_testable
15_-_49028143_49028168	72hr	3	3	1.0	1.0	0.0	0.0	0.0	0.0	1.0	1.0	1.0	1.0	True	True	False	small
3_+_42630545_42630575	72hr	3	3	0.22160020226183183	0.552536231884058	0.3309360296222261	0.3309360296222261	0.10181991799019743	0.4807351182701845	0.1571428571428571	0.3389830508474576	0.0	0.875	True	True	False	strong
19_-_38922237_38922267	72hr	3	3	0.521062271062271	0.9885057471264368	0.4674434760641658	0.4674434760641658	0.1994803154409984	0.019908629972056037	0.3846153846153846	0.75	0.9655172413793104	1.0	True	True	True	strong
19_+_17275800_17275825	72hr	3	3	0.9841269841269842	0.9760072113567425	-0.008119772770241673	0.008119772770241673	0.027492869961410715	0.01624275489856196	0.9523809523809524	1.0	0.9610894941634242	0.9933110367892976	True	True	False	small
17_-_28350765_28350792	72hr	3	3	1.0	1.0	0.0	0.0	0.0	0.0	1.0	1.0	1.0	1.0	True	True	False	small
10_-_119161054_119161081	72hr	2	3	0.8361111111111111	0.9577089986080406	0.12159788749692946	0.12159788749692946	0.04321208107251124	0.05278605432366046	0.8055555555555556	0.8666666666666667	0.8985507246376812	1.0	True	False	True	exploratory
2_+_42264705_42264731	72hr	3	3	1.0	1.0	0.0	0.0	0.0	0.0	1.0	1.0	1.0	1.0	True	True	False	small
11_+_121306458_121306486	72hr	3	3	0.496937283685404	0.0	-0.496937283685404	0.496937283685404	0.20854129709688826	0.0	0.3673469387755102	0.7375	0.0	0.0	True	True	True	strong
14_-_52658123_52658150	72hr	3	3	1.0	1.0	0.0	0.0	0.0	0.0	1.0	1.0	1.0	1.0	True	True	False	small
2_-_73023187_73023214	72hr	1	3	1.0	1.0				0.0	1.0	1.0	1.0	1.0	False	False	False	not_testable
17_-_64353490_64353518	72hr	3	3	1.0	1.0	0.0	0.0	0.0	0.0	1.0	1.0	1.0	1.0	True	True	False	small
17_+_27585656_27585661	72hr	1	2	1.0	1.0				0.0	1.0	1.0	1.0	1.0	False	False	False	not_testable
2_+_113632914_113632944	72hr	3	3	1.0	1.0	0.0	0.0	0.0	0.0	1.0	1.0	1.0	1.0	True	True	False	small
6_-_13652658_13652681	72hr	3	3	1.0	1.0	0.0	0.0	0.0	0.0	1.0	1.0	1.0	1.0	True	True	False	small
3_-_129159153_129159176	72hr	3	3	1.0	1.0	0.0	0.0	0.0	0.0	1.0	1.0	1.0	1.0	True	True	False	small
10_-_119159727_119159753	72hr	2	3	1.0	1.0	0.0	0.0	0.0	0.0	1.0	1.0	1.0	1.0	True	False	False	small
6_+_25973053_25973076	72hr	3	3	1.0	1.0	0.0	0.0	0.0	0.0	1.0	1.0	1.0	1.0	True	True	False	small
2_+_97250143_97250173	72hr	3	3	1.0	1.0	0.0	0.0	0.0	0.0	1.0	1.0	1.0	1.0	True	True	False	small
19_+_35148693_35148723	72hr	3	0	1.0				0.0		1.0	1.0			False	False	False	not_testable
2_-_95927380_95927409	72hr	3	0	1.0				0.0		1.0	1.0			False	False	False	not_testable
19_+_41893273_41893303	72hr	3	3	1.0	0.993939393939394	-0.006060606060605989	0.006060606060605989	0.0	0.010497277621629563	1.0	1.0	0.9818181818181818	1.0	True	True	False	small
11_+_113323993_113324015	72hr	2	3	1.0	1.0	0.0	0.0	0.0	0.0	1.0	1.0	1.0	1.0	True	False	False	small
X_-_40729318_40729345	72hr	3	3	1.0	1.0	0.0	0.0	0.0	0.0	1.0	1.0	1.0	1.0	True	True	False	small
1_-_19770541_19770569	72hr	3	3	1.0	1.0	0.0	0.0	0.0	0.0	1.0	1.0	1.0	1.0	True	True	False	small
11_+_123584311_123584332	72hr	0	3		1.0				0.0			1.0	1.0	False	False	False	not_testable
6_+_26466061_26466088	72hr	3	3	1.0	1.0	0.0	0.0	0.0	0.0	1.0	1.0	1.0	1.0	True	True	False	small
6_-_135404950_135404977	72hr	1	3	1.0	1.0				0.0	1.0	1.0	1.0	1.0	False	False	False	not_testable
2_-_174380803_174380814	72hr	3	3	1.0	1.0	0.0	0.0	0.0	0.0	1.0	1.0	1.0	1.0	True	True	False	small
2_+_97217176_97217205	72hr	3	1	1.0	1.0			0.0		1.0	1.0	1.0	1.0	False	False	False	not_testable
6_+_26411108_26411135	72hr	3	0	1.0				0.0		1.0	1.0			False	False	False	not_testable
17_-_3881626_3881648	72hr	0	1		1.0							1.0	1.0	False	False	False	not_testable
11_+_5706593_5706616	72hr	3	3	1.0	0.9987834549878345	-0.0012165450121655041	0.0012165450121655041	0.0	0.002107117770765087	1.0	1.0	0.9963503649635036	1.0	True	True	False	small
6_-_43568710_43568737	72hr	3	3	1.0	1.0	0.0	0.0	0.0	0.0	1.0	1.0	1.0	1.0	True	True	False	small
2_+_97189086_97189115	72hr	2	1	1.0	1.0			0.0		1.0	1.0	1.0	1.0	False	False	False	not_testable
2_-_168074981_168075011	72hr	3	3	1.0	1.0	0.0	0.0	0.0	0.0	1.0	1.0	1.0	1.0	True	True	False	small
1_+_246641748_246641770	72hr	3	3	1.0	1.0	0.0	0.0	0.0	0.0	1.0	1.0	1.0	1.0	True	True	False	small
2_+_97204067_97204096	72hr	3	0	1.0				0.0		1.0	1.0			False	False	False	not_testable
5_-_39139232_39139252	72hr	3	3	1.0	1.0	0.0	0.0	0.0	0.0	1.0	1.0	1.0	1.0	True	True	False	small
19_+_582305_582330	72hr	3	3	1.0	1.0	0.0	0.0	0.0	0.0	1.0	1.0	1.0	1.0	True	True	False	small
5_+_139276120_139276150	72hr	3	3	1.0	1.0	0.0	0.0	0.0	0.0	1.0	1.0	1.0	1.0	True	True	False	small
2_+_97202201_97202230	72hr	3	2	1.0	1.0	0.0	0.0	0.0	0.0	1.0	1.0	1.0	1.0	True	False	False	small
5_+_176097354_176097379	72hr	3	0	1.0				0.0		1.0	1.0			False	False	False	not_testable
22_-_36327460_36327488	72hr	3	3	1.0	1.0	0.0	0.0	0.0	0.0	1.0	1.0	1.0	1.0	True	True	False	small
13_-_49732746_49732776	72hr	3	3	1.0	1.0	0.0	0.0	0.0	0.0	1.0	1.0	1.0	1.0	True	True	False	small
21_-_39348421_39348451	72hr	3	3	0.5452954787959999	0.5778707672171964	0.0325752884211965	0.0325752884211965	0.06958813569158363	0.06431389455274882	0.4910714285714285	0.6237623762376238	0.5083500334001336	0.6352459016393442	True	True	False	small
8_+_17184788_17184815	72hr	3	3	1.0	1.0	0.0	0.0	0.0	0.0	1.0	1.0	1.0	1.0	True	True	False	small
6_+_26409893_26409914	72hr	3	3	0.8085531415959721	0.8351222420989863	0.026569100503014198	0.026569100503014198	0.0504478027050267	0.15301794099933164	0.7653631284916201	0.864	0.6976744186046512	1.0	True	True	False	small
13_-_75537663_75537675	72hr	3	3	1.0	1.0	0.0	0.0	0.0	0.0	1.0	1.0	1.0	1.0	True	True	False	small
6_-_136705109_136705133	72hr	3	1	1.0	1.0			0.0		1.0	1.0	1.0	1.0	False	False	False	not_testable
12_+_123652706_123652735	72hr	3	3	1.0	1.0	0.0	0.0	0.0	0.0	1.0	1.0	1.0	1.0	True	True	False	small
22_+_40251178_40251200	72hr	3	1	1.0	1.0			0.0		1.0	1.0	1.0	1.0	False	False	False	not_testable
22_-_41607839_41607861	72hr	3	3	1.0	1.0	0.0	0.0	0.0	0.0	1.0	1.0	1.0	1.0	True	True	False	small
17_-_48363788_48363814	72hr	3	3	1.0	1.0	0.0	0.0	0.0	0.0	1.0	1.0	1.0	1.0	True	True	False	small
17_-_75937565_75937593	72hr	0	2		1.0				0.0			1.0	1.0	False	False	False	not_testable
16_-_934243_934254	72hr	3	0	0.9779314888010541				0.021746615072785316		0.9565217391304348	1.0			False	False	False	not_testable
X_-_80809012_80809042	72hr	3	3	1.0	1.0	0.0	0.0	0.0	0.0	1.0	1.0	1.0	1.0	True	True	False	small
2_-_11218454_11218466	72hr	2	0	0.2857142857142857				0.40406101782088427		0.0	0.5714285714285714			False	False	False	not_testable
19_+_6833710_6833733	72hr	3	3	1.0	1.0	0.0	0.0	0.0	0.0	1.0	1.0	1.0	1.0	True	True	False	small
11_-_62852810_62852839	72hr	3	3	0.2062848454264731	0.24337104999819148	0.03708620457171838	0.03708620457171838	0.007704840253308044	0.034453906766193636	0.2005988023952095	0.2150537634408602	0.2162629757785467	0.2821428571428571	True	True	True	small
19_-_3963642_3963669	72hr	3	3	1.0	1.0	0.0	0.0	0.0	0.0	1.0	1.0	1.0	1.0	True	True	False	small
11_-_2951779_2951809	72hr	3	3	1.0	1.0	0.0	0.0	0.0	0.0	1.0	1.0	1.0	1.0	True	True	False	small
11_+_5641166_5641189	72hr	0	3		1.0				0.0			1.0	1.0	False	False	False	not_testable
19_+_17776246_17776271	72hr	3	3	0.9080459770114943	1.0	0.09195402298850575	0.09195402298850575	0.1592690397764485	0.0	0.7241379310344828	1.0	1.0	1.0	True	True	False	small
7_+_36426014_36426036	72hr	0	2		1.0				0.0			1.0	1.0	False	False	False	not_testable
5_-_39130589_39130612	72hr	3	3	1.0	1.0	0.0	0.0	0.0	0.0	1.0	1.0	1.0	1.0	True	True	False	small
3_-_12600387_12600415	72hr	3	3	0.6676124422026062	0.4794293683099653	-0.18818307389264088	0.18818307389264088	0.01783092779619079	0.0722819240542073	0.6502732240437158	0.6858974358974359	0.4029850746268656	0.5466666666666666	True	True	True	exploratory
6_-_35870933_35870959	72hr	3	3	1.0	1.0	0.0	0.0	0.0	0.0	1.0	1.0	1.0	1.0	True	True	False	small
3_-_15695187_15695214	72hr	3	3	1.0	1.0	0.0	0.0	0.0	0.0	1.0	1.0	1.0	1.0	True	True	False	small
9_+_79654058_79654075	72hr	2	3	1.0	1.0	0.0	0.0	0.0	0.0	1.0	1.0	1.0	1.0	True	False	False	small
11_+_5642816_5642843	72hr	2	2	1.0	1.0	0.0	0.0	0.0	0.0	1.0	1.0	1.0	1.0	True	False	False	small
21_-_46213024_46213052	72hr	3	3	1.0	1.0	0.0	0.0	0.0	0.0	1.0	1.0	1.0	1.0	True	True	False	small
22_+_44193800_44193823	72hr	3	3	1.0	1.0	0.0	0.0	0.0	0.0	1.0	1.0	1.0	1.0	True	True	False	small
11_+_35735425_35735445	72hr	3	3	1.0	1.0	0.0	0.0	0.0	0.0	1.0	1.0	1.0	1.0	True	True	False	small
22_-_50267256_50267286	72hr	2	2	1.0	1.0	0.0	0.0	0.0	0.0	1.0	1.0	1.0	1.0	True	False	False	small
17_-_64390488_64390515	72hr	3	3	1.0	1.0	0.0	0.0	0.0	0.0	1.0	1.0	1.0	1.0	True	True	False	small
9_-_127953574_127953604	72hr	3	3	1.0	1.0	0.0	0.0	0.0	0.0	1.0	1.0	1.0	1.0	True	True	False	small
16_-_67738012_67738035	72hr	3	3	1.0	1.0	0.0	0.0	0.0	0.0	1.0	1.0	1.0	1.0	True	True	False	small
1_-_40312455_40312479	72hr	3	3	0.32675438596491224	0.3075396825396825	-0.01921470342522974	0.01921470342522974	0.05747957202667174	0.3632578350484844	0.2631578947368421	0.375	0.0	0.7083333333333334	True	True	False	small
6_+_32179540_32179559	72hr	2	3	1.0	1.0	0.0	0.0	0.0	0.0	1.0	1.0	1.0	1.0	True	False	False	small
12_-_96017556_96017580	72hr	3	3	1.0	1.0	0.0	0.0	0.0	0.0	1.0	1.0	1.0	1.0	True	True	False	small
21_+_46003119_46003149	72hr	3	3	1.0	1.0	0.0	0.0	0.0	0.0	1.0	1.0	1.0	1.0	True	True	False	small
4_+_112254746_112254773	72hr	2	3	1.0	1.0	0.0	0.0	0.0	0.0	1.0	1.0	1.0	1.0	True	False	False	small
1_+_51748368_51748398	72hr	2	3	1.0	1.0	0.0	0.0	0.0	0.0	1.0	1.0	1.0	1.0	True	False	False	small
11_-_62602758_62602779	72hr	3	3	0.013530716150962102	0.019945105664955668	0.006414389513993566	0.006414389513993566	0.01248151317593023	0.013030591073102121	0.0031948881789137	0.0273972602739726	0.0105263157894736	0.034816247582205	True	True	False	small
10_+_97452894_97452923	72hr	2	3	0.5	0.9859154929577465	0.4859154929577465	0.4859154929577465	0.7071067811865476	0.02439508179674478	0.0	1.0	0.9577464788732394	1.0	True	False	False	strong
2_-_95938986_95939015	72hr	1	0	1.0						1.0	1.0			False	False	False	not_testable
1_+_198704471_198704498	72hr	3	3	0.49827994584603696	0.5838415467857643	0.08556160093972731	0.08556160093972731	0.061858323386259524	0.09963076919665417	0.4392324093816631	0.562610229276896	0.4964028776978417	0.6923076923076923	True	True	False	small
22_+_44140123_44140143	72hr	0	3		1.0				0.0			1.0	1.0	False	False	False	not_testable
6_+_138788365_138788388	72hr	3	3	1.0	1.0	0.0	0.0	0.0	0.0	1.0	1.0	1.0	1.0	True	True	False	small
7_+_73202111_73202140	72hr	2	3	1.0	1.0	0.0	0.0	0.0	0.0	1.0	1.0	1.0	1.0	True	False	False	small
22_+_23697837_23697861	72hr	3	0	1.0				0.0		1.0	1.0			False	False	False	not_testable
10_+_102862159_102862180	72hr	2	3	1.0	1.0	0.0	0.0	0.0	0.0	1.0	1.0	1.0	1.0	True	False	False	small
6_+_96524381_96524410	72hr	3	3	1.0	1.0	0.0	0.0	0.0	0.0	1.0	1.0	1.0	1.0	True	True	False	small
8_-_30712061_30712088	72hr	3	3	1.0	1.0	0.0	0.0	0.0	0.0	1.0	1.0	1.0	1.0	True	True	False	small
16_+_67539727_67539751	72hr	3	2	1.0	1.0	0.0	0.0	0.0	0.0	1.0	1.0	1.0	1.0	True	False	False	small
17_+_82889667_82889697	72hr	3	3	1.0	1.0	0.0	0.0	0.0	0.0	1.0	1.0	1.0	1.0	True	True	False	small
6_+_26448727_26448754	72hr	3	3	0.34245516388373526	0.48526654787095813	0.14281138398722287	0.14281138398722287	0.043659250294963974	0.13728239929835337	0.3163265306122449	0.3928571428571428	0.3287671232876712	0.5853658536585366	True	True	False	exploratory
1_-_21680807_21680834	72hr	3	3	1.0	1.0	0.0	0.0	0.0	0.0	1.0	1.0	1.0	1.0	True	True	False	small
11_-_65551547_65551564	72hr	3	2	1.0	1.0	0.0	0.0	0.0	0.0	1.0	1.0	1.0	1.0	True	False	False	small
14_-_70585755_70585783	72hr	3	3	1.0	1.0	0.0	0.0	0.0	0.0	1.0	1.0	1.0	1.0	True	True	False	small
13_+_75840084_75840110	72hr	3	2	0.5626811594202898	1.0	0.43731884057971016	0.43731884057971016	0.3036800386056203	0.0	0.375	0.9130434782608696	1.0	1.0	True	False	True	strong
6_-_32518053_32518077	72hr	2	2	1.0	1.0	0.0	0.0	0.0	0.0	1.0	1.0	1.0	1.0	True	False	False	small
1_-_54228448_54228477	72hr	3	2	1.0	1.0	0.0	0.0	0.0	0.0	1.0	1.0	1.0	1.0	True	False	False	small
2_+_15596733_15596763	72hr	3	3	1.0	1.0	0.0	0.0	0.0	0.0	1.0	1.0	1.0	1.0	True	True	False	small
3_-_194437555_194437573	72hr	2	3	0.4888888888888889	0.39857837635615406	-0.09031051253273481	0.09031051253273481	0.2514157444218835	0.03425333378298709	0.3111111111111111	0.6666666666666666	0.3636363636363636	0.4320987654320987	True	False	False	small
6_+_33086218_33086242	72hr	3	2	1.0	1.0	0.0	0.0	0.0	0.0	1.0	1.0	1.0	1.0	True	False	False	small
3_-_12915103_12915133	72hr	3	2	1.0	1.0	0.0	0.0	0.0	0.0	1.0	1.0	1.0	1.0	True	False	False	small
7_-_105145282_105145308	72hr	3	3	1.0	1.0	0.0	0.0	0.0	0.0	1.0	1.0	1.0	1.0	True	True	False	small
15_+_75354249_75354277	72hr	1	2	0.6	0.5				0.7071067811865476	0.6	0.6	0.0	1.0	False	False	False	not_testable
17_+_82909284_82909307	72hr	3	3	0.8142857142857144	0.9197530864197532	0.10546737213403878	0.10546737213403878	0.17899948694488096	0.08350462505227581	0.6428571428571429	1.0	0.8333333333333334	1.0	True	True	False	exploratory
2_+_97196592_97196621	72hr	3	2	1.0	1.0	0.0	0.0	0.0	0.0	1.0	1.0	1.0	1.0	True	False	False	small
1_+_108606222_108606252	72hr	3	1	1.0	1.0			0.0		1.0	1.0	1.0	1.0	False	False	False	not_testable
18_-_23377645_23377671	72hr	0	3		1.0				0.0			1.0	1.0	False	False	False	not_testable
20_+_41029430_41029455	72hr	3	3	1.0	1.0	0.0	0.0	0.0	0.0	1.0	1.0	1.0	1.0	True	True	False	small
5_-_141571427_141571436	72hr	3	3	1.0	1.0	0.0	0.0	0.0	0.0	1.0	1.0	1.0	1.0	True	True	False	small
12_+_132574318_132574348	72hr	3	3	0.5288239281065872	0.47450431367891155	-0.05431961442767563	0.05431961442767563	0.09696692388539273	0.14443423467660427	0.4310850439882698	0.625	0.3711340206185567	0.6395348837209303	True	True	False	small
6_+_37534932_37534957	72hr	3	0	1.0				0.0		1.0	1.0			False	False	False	not_testable
1_-_37943639_37943669	72hr	2	1	1.0	1.0			0.0		1.0	1.0	1.0	1.0	False	False	False	not_testable
15_+_78890988_78891014	72hr	3	3	0.27165417389219176	0.29627046227985193	0.024616288387660168	0.024616288387660168	0.024701802462310563	0.027686125739880368	0.2483660130718954	0.2975609756097561	0.2685714285714285	0.323943661971831	True	True	False	small
4_-_67681562_67681591	72hr	2	3	1.0	1.0	0.0	0.0	0.0	0.0	1.0	1.0	1.0	1.0	True	False	False	small
14_-_35109818_35109847	72hr	3	3	0.26639863547758286	0.3297899134316653	0.06339127795408245	0.06339127795408245	0.1012962821120219	0.039153636638926265	0.1555555555555555	0.3541666666666667	0.3069767441860465	0.375	True	True	False	small
4_+_25388716_25388743	72hr	3	3	1.0	1.0	0.0	0.0	0.0	0.0	1.0	1.0	1.0	1.0	True	True	False	small
19_+_35752803_35752833	72hr	3	3	1.0	1.0	0.0	0.0	0.0	0.0	1.0	1.0	1.0	1.0	True	True	False	small
X_+_134490187_134490205	72hr	3	3	1.0	1.0	0.0	0.0	0.0	0.0	1.0	1.0	1.0	1.0	True	True	False	small
6_-_79208546_79208576	72hr	3	3	1.0	1.0	0.0	0.0	0.0	0.0	1.0	1.0	1.0	1.0	True	True	False	small
21_+_43685769_43685789	72hr	2	3	1.0	1.0	0.0	0.0	0.0	0.0	1.0	1.0	1.0	1.0	True	False	False	small
2_+_97144517_97144546	72hr	3	1	1.0	1.0			0.0		1.0	1.0	1.0	1.0	False	False	False	not_testable
6_+_26373275_26373296	72hr	3	3	1.0	0.9931972789115647	-0.006802721088435271	0.006802721088435271	0.0	0.01178265855489027	1.0	1.0	0.979591836734694	1.0	True	True	False	small
16_+_1758147_1758159	72hr	3	3	1.0	1.0	0.0	0.0	0.0	0.0	1.0	1.0	1.0	1.0	True	True	False	small
1_-_154947981_154948005	72hr	3	3	1.0	1.0	0.0	0.0	0.0	0.0	1.0	1.0	1.0	1.0	True	True	False	small
4_+_140527465_140527494	72hr	1	3	1.0	1.0				0.0	1.0	1.0	1.0	1.0	False	False	False	not_testable
6_+_36136018_36136048	72hr	0	3		1.0				0.0			1.0	1.0	False	False	False	not_testable
4_+_141224486_141224506	72hr	3	3	1.0	1.0	0.0	0.0	0.0	0.0	1.0	1.0	1.0	1.0	True	True	False	small
2_+_173190894_173190923	72hr	0	2		1.0				0.0			1.0	1.0	False	False	False	not_testable
X_+_47566883_47566911	72hr	3	3	1.0	1.0	0.0	0.0	0.0	0.0	1.0	1.0	1.0	1.0	True	True	False	small
1_+_66984571_66984592	72hr	3	3	0.0254237288135593	0.4405328333138013	0.41510910450024197	0.41510910450024197	0.04403519002293752	0.3409915962357926	0.0	0.0762711864406779	0.1886792452830188	0.8285714285714286	True	True	True	strong
2_-_191058201_191058219	72hr	3	3	1.0	1.0	0.0	0.0	0.0	0.0	1.0	1.0	1.0	1.0	True	True	False	small
2_+_27772673_27772692	72hr	3	3	1.0	1.0	0.0	0.0	0.0	0.0	1.0	1.0	1.0	1.0	True	True	False	small
5_-_177747768_177747793	72hr	2	0	0.9210526315789473				0.11164843913471806		0.8421052631578947	1.0			False	False	False	not_testable
18_+_58714082_58714109	72hr	3	3	1.0	1.0	0.0	0.0	0.0	0.0	1.0	1.0	1.0	1.0	True	True	False	small
21_+_45990257_45990284	72hr	3	3	1.0	1.0	0.0	0.0	0.0	0.0	1.0	1.0	1.0	1.0	True	True	False	small
7_+_74700605_74700634	72hr	3	3	1.0	1.0	0.0	0.0	0.0	0.0	1.0	1.0	1.0	1.0	True	True	False	small
11_+_3808293_3808315	72hr	3	2	1.0	1.0	0.0	0.0	0.0	0.0	1.0	1.0	1.0	1.0	True	False	False	small
2_-_95880594_95880623	72hr	2	1	1.0	1.0			0.0		1.0	1.0	1.0	1.0	False	False	False	not_testable
7_-_32488624_32488652	72hr	3	3	0.9528301886792453	0.9861594879495708	0.03332929927032546	0.03332929927032546	0.08170050979098475	0.010572873079571212	0.8584905660377359	1.0	0.9743016759776536	0.9946043165467626	True	True	False	small
21_+_46116650_46116677	72hr	3	3	1.0	1.0	0.0	0.0	0.0	0.0	1.0	1.0	1.0	1.0	True	True	False	small
6_+_26374770_26374798	72hr	3	3	1.0	1.0	0.0	0.0	0.0	0.0	1.0	1.0	1.0	1.0	True	True	False	small
12_+_123652531_123652561	72hr	3	3	1.0	0.9833333333333334	-0.016666666666666607	0.016666666666666607	0.0	0.028867513459481315	1.0	1.0	0.95	1.0	True	True	False	small
8_-_144401645_144401673	72hr	3	3	1.0	1.0	0.0	0.0	0.0	0.0	1.0	1.0	1.0	1.0	True	True	False	small
15_-_73563235_73563257	72hr	0	3		1.0				0.0			1.0	1.0	False	False	False	not_testable
22_+_46663837_46663863	72hr	2	3	1.0	1.0	0.0	0.0	0.0	0.0	1.0	1.0	1.0	1.0	True	False	False	small
3_+_108651136_108651162	72hr	1	3	1.0	1.0				0.0	1.0	1.0	1.0	1.0	False	False	False	not_testable
3_+_127674390_127674418	72hr	3	3	0.08509747168023425	0.20554226475279103	0.12044479307255677	0.12044479307255677	0.011343157197066401	0.0989131107165981	0.072	0.091743119266055	0.1052631578947368	0.303030303030303	True	True	True	exploratory
12_+_56117188_56117211	72hr	3	3	0.8164137449851735	0.9272063090090096	0.11079256402383608	0.11079256402383608	0.13961212420851865	0.03492641434326106	0.717948717948718	0.9761904761904762	0.8878048780487805	0.9543568464730292	True	True	False	exploratory
6_-_30190012_30190035	72hr	3	3	1.0	1.0	0.0	0.0	0.0	0.0	1.0	1.0	1.0	1.0	True	True	False	small
1_+_209763362_209763392	72hr	3	3	1.0	1.0	0.0	0.0	0.0	0.0	1.0	1.0	1.0	1.0	True	True	False	small
17_-_39439164_39439193	72hr	3	3	1.0	1.0	0.0	0.0	0.0	0.0	1.0	1.0	1.0	1.0	True	True	False	small
12_-_76053090_76053110	72hr	3	3	1.0	1.0	0.0	0.0	0.0	0.0	1.0	1.0	1.0	1.0	True	True	False	small
2_+_189665421_189665451	72hr	3	3	0.2645442052221713	0.37769944797021604	0.11315524274804473	0.11315524274804473	0.0993994755032156	0.17457286266940913	0.1949152542372881	0.3783783783783784	0.1818181818181818	0.5168539325842697	True	True	False	exploratory
4_+_2511955_2511965	72hr	3	3	1.0	1.0	0.0	0.0	0.0	0.0	1.0	1.0	1.0	1.0	True	True	False	small
8_+_22080617_22080625	72hr	3	3	1.0	1.0	0.0	0.0	0.0	0.0	1.0	1.0	1.0	1.0	True	True	False	small
7_-_103277613_103277638	72hr	0	2		1.0				0.0			1.0	1.0	False	False	False	not_testable
10_-_93340152_93340164	72hr	0	3		1.0				0.0			1.0	1.0	False	False	False	not_testable
19_+_35614034_35614059	72hr	3	3	1.0	0.9795918367346937	-0.020408163265306256	0.020408163265306256	0.0	0.035347975664671	1.0	1.0	0.9387755102040816	1.0	True	True	False	small
8_-_143839171_143839195	72hr	3	0	1.0				0.0		1.0	1.0			False	False	False	not_testable
16_-_190540_190570	72hr	3	3	1.0	1.0	0.0	0.0	0.0	0.0	1.0	1.0	1.0	1.0	True	True	False	small
1_+_209763067_209763092	72hr	3	3	1.0	1.0	0.0	0.0	0.0	0.0	1.0	1.0	1.0	1.0	True	True	False	small
1_+_32204597_32204620	72hr	3	3	1.0	1.0	0.0	0.0	0.0	0.0	1.0	1.0	1.0	1.0	True	True	False	small
2_+_97198462_97198491	72hr	3	2	1.0	1.0	0.0	0.0	0.0	0.0	1.0	1.0	1.0	1.0	True	False	False	small
21_+_45987154_45987175	72hr	3	3	1.0	1.0	0.0	0.0	0.0	0.0	1.0	1.0	1.0	1.0	True	True	False	small
12_-_121255782_121255804	72hr	2	3	1.0	1.0	0.0	0.0	0.0	0.0	1.0	1.0	1.0	1.0	True	False	False	small
5_+_140659314_140659333	72hr	3	3	1.0	1.0	0.0	0.0	0.0	0.0	1.0	1.0	1.0	1.0	True	True	False	small
6_-_15593058_15593081	72hr	3	3	1.0	1.0	0.0	0.0	0.0	0.0	1.0	1.0	1.0	1.0	True	True	False	small
5_-_39124252_39124278	72hr	3	3	1.0	1.0	0.0	0.0	0.0	0.0	1.0	1.0	1.0	1.0	True	True	False	small
17_-_44196395_44196418	72hr	3	3	1.0	1.0	0.0	0.0	0.0	0.0	1.0	1.0	1.0	1.0	True	True	False	small
3_-_47126647_47126663	72hr	3	1	1.0	1.0			0.0		1.0	1.0	1.0	1.0	False	False	False	not_testable
12_-_56664775_56664800	72hr	3	3	1.0	1.0	0.0	0.0	0.0	0.0	1.0	1.0	1.0	1.0	True	True	False	small
20_-_33672397_33672422	72hr	2	1	1.0	0.7142857142857143			0.0		1.0	1.0	0.7142857142857143	0.7142857142857143	False	False	False	not_testable
21_+_45488417_45488444	72hr	3	1	1.0	1.0			0.0		1.0	1.0	1.0	1.0	False	False	False	not_testable
6_+_36073690_36073720	72hr	3	3	1.0	1.0	0.0	0.0	0.0	0.0	1.0	1.0	1.0	1.0	True	True	False	small
10_+_12238456_12238485	72hr	3	3	1.0	1.0	0.0	0.0	0.0	0.0	1.0	1.0	1.0	1.0	True	True	False	small
22_-_50506637_50506666	72hr	3	3	1.0	1.0	0.0	0.0	0.0	0.0	1.0	1.0	1.0	1.0	True	True	False	small
19_-_45638844_45638873	72hr	3	3	1.0	1.0	0.0	0.0	0.0	0.0	1.0	1.0	1.0	1.0	True	True	False	small
2_-_152690961_152690978	72hr	3	3	1.0	1.0	0.0	0.0	0.0	0.0	1.0	1.0	1.0	1.0	True	True	False	small
17_+_75573951_75573980	72hr	3	3	1.0	1.0	0.0	0.0	0.0	0.0	1.0	1.0	1.0	1.0	True	True	False	small
1_+_66940027_66940052	72hr	3	3	1.0	1.0	0.0	0.0	0.0	0.0	1.0	1.0	1.0	1.0	True	True	False	small
6_+_26450106_26450133	72hr	3	1	1.0	1.0			0.0		1.0	1.0	1.0	1.0	False	False	False	not_testable
12_+_75498693_75498720	72hr	1	3	1.0	1.0				0.0	1.0	1.0	1.0	1.0	False	False	False	not_testable
1_-_173864483_173864502	72hr	3	3	0.0070872951928997	0.005191997496164533	-0.0018952976967351667	0.0018952976967351667	0.0039916589774195614	0.0030268762982360226	0.0044642857142857	0.0116810563737938	0.0019880715705765	0.0080035571365051	True	True	False	small
17_+_43180794_43180817	72hr	3	3	1.0	1.0	0.0	0.0	0.0	0.0	1.0	1.0	1.0	1.0	True	True	False	small
12_+_19518086_19518113	72hr	3	3	1.0	1.0	0.0	0.0	0.0	0.0	1.0	1.0	1.0	1.0	True	True	False	small
10_-_103333924_103333952	72hr	0	3		1.0				0.0			1.0	1.0	False	False	False	not_testable
11_+_58584855_58584884	72hr	3	3	1.0	1.0	0.0	0.0	0.0	0.0	1.0	1.0	1.0	1.0	True	True	False	small
15_+_78541904_78541930	72hr	3	3	1.0	1.0	0.0	0.0	0.0	0.0	1.0	1.0	1.0	1.0	True	True	False	small
2_+_97185315_97185344	72hr	2	0	1.0				0.0		1.0	1.0			False	False	False	not_testable
12_-_55794358_55794387	72hr	3	3	1.0	1.0	0.0	0.0	0.0	0.0	1.0	1.0	1.0	1.0	True	True	False	small
19_+_8463496_8463504	72hr	3	3	1.0	1.0	0.0	0.0	0.0	0.0	1.0	1.0	1.0	1.0	True	True	False	small
10_-_71752974_71753002	72hr	3	3	1.0	1.0	0.0	0.0	0.0	0.0	1.0	1.0	1.0	1.0	True	True	False	small
17_-_4676500_4676507	72hr	3	3	0.0	0.005050505050505034	0.005050505050505034	0.005050505050505034	0.0	0.008747731351357936	0.0	0.0	0.0	0.0151515151515151	True	True	False	small
14_-_103913960_103913984	72hr	3	3	0.988795518207283	0.9995176073323685	0.010722089125085543	0.010722089125085543	0.019406731737466407	0.000835528609536387	0.9663865546218487	1.0	0.9985528219971056	1.0	True	True	False	small
10_+_5720754_5720774	72hr	2	2	1.0	1.0	0.0	0.0	0.0	0.0	1.0	1.0	1.0	1.0	True	False	False	small
X_-_154511847_154511871	72hr	3	3	1.0	1.0	0.0	0.0	0.0	0.0	1.0	1.0	1.0	1.0	True	True	False	small
6_+_26390802_26390829	72hr	0	3		1.0				0.0			1.0	1.0	False	False	False	not_testable
3_-_108050577_108050602	72hr	3	3	0.9774011299435029	0.9456228956228956	-0.031778234320607335	0.031778234320607335	0.03914239113150008	0.03455200087618411	0.9322033898305084	1.0	0.9090909090909092	0.9777777777777776	True	True	False	small
5_+_176093743_176093768	72hr	3	0	1.0				0.0		1.0	1.0			False	False	False	not_testable
12_-_49559938_49559967	72hr	3	3	1.0	1.0	0.0	0.0	0.0	0.0	1.0	1.0	1.0	1.0	True	True	False	small
15_-_70064453_70064470	72hr	3	3	1.0	1.0	0.0	0.0	0.0	0.0	1.0	1.0	1.0	1.0	True	True	False	small
4_-_47879095_47879117	72hr	3	3	1.0	1.0	0.0	0.0	0.0	0.0	1.0	1.0	1.0	1.0	True	True	False	small
2_-_97542078_97542107	72hr	2	1	1.0	1.0			0.0		1.0	1.0	1.0	1.0	False	False	False	not_testable
12_+_132548002_132548032	72hr	3	3	1.0	1.0	0.0	0.0	0.0	0.0	1.0	1.0	1.0	1.0	True	True	False	small
3_+_179757051_179757078	72hr	1	1	1.0	1.0					1.0	1.0	1.0	1.0	False	False	False	not_testable
2_+_97213418_97213447	72hr	3	1	0.8968253968253969	1.0			0.09014140231429006		0.8333333333333334	1.0	1.0	1.0	False	False	False	not_testable
21_+_45494544_45494571	72hr	3	0	1.0				0.0		1.0	1.0			False	False	False	not_testable
14_+_31080572_31080584	72hr	2	3	1.0	1.0	0.0	0.0	0.0	0.0	1.0	1.0	1.0	1.0	True	False	False	small
19_+_5648015_5648043	72hr	3	3	1.0	1.0	0.0	0.0	0.0	0.0	1.0	1.0	1.0	1.0	True	True	False	small
12_+_56154812_56154840	72hr	3	3	0.6120120120120119	0.5689646684578077	-0.043047343554204254	0.043047343554204254	0.1271558139978896	0.01487327685928888	0.4666666666666667	0.7027027027027027	0.5598349381017882	0.5861271676300578	True	True	False	small
6_+_43500743_43500772	72hr	3	3	0.8726425438596491	0.5684969607662552	-0.3041455830933939	0.3041455830933939	0.07525211789122284	0.1320983396534046	0.796875	0.9473684210526316	0.4269662921348314	0.6885245901639344	True	True	True	strong
1_-_1084480_1084506	72hr	3	3	0.4761904761904761	0.9333333333333332	0.45714285714285713	0.45714285714285713	0.4364357804719847	0.11547005383792512	0.0	0.8571428571428571	0.8	1.0	True	True	False	strong
13_-_37026789_37026816	72hr	3	3	1.0	1.0	0.0	0.0	0.0	0.0	1.0	1.0	1.0	1.0	True	True	False	small
2_+_97215300_97215329	72hr	3	1	1.0	1.0			0.0		1.0	1.0	1.0	1.0	False	False	False	not_testable
15_+_90961024_90961054	72hr	2	3	1.0	1.0	0.0	0.0	0.0	0.0	1.0	1.0	1.0	1.0	True	False	False	small
4_+_41257114_41257126	72hr	0	3		0.29695386067713425				0.023218327621256123			0.2718446601941747	0.3176470588235294	False	False	False	not_testable
2_+_135753538_135753567	72hr	3	3	0.165079365079365	0.4188519339738852	0.2537725688945202	0.2537725688945202	0.06660640700616267	0.03407038048036212	0.0892857142857142	0.2142857142857142	0.3983739837398374	0.4581818181818182	True	True	True	strong
8_-_29126481_29126511	72hr	2	2	1.0	1.0	0.0	0.0	0.0	0.0	1.0	1.0	1.0	1.0	True	False	False	small
21_+_45482794_45482821	72hr	3	0	1.0				0.0		1.0	1.0			False	False	False	not_testable
11_+_118308426_118308441	72hr	3	3	1.0	1.0	0.0	0.0	0.0	0.0	1.0	1.0	1.0	1.0	True	True	False	small
21_+_45989751_45989778	72hr	3	3	1.0	1.0	0.0	0.0	0.0	0.0	1.0	1.0	1.0	1.0	True	True	False	small
19_+_17217452_17217462	72hr	3	3	1.0	1.0	0.0	0.0	0.0	0.0	1.0	1.0	1.0	1.0	True	True	False	small
10_+_110244827_110244857	72hr	3	3	0.6665316824645965	1.0	0.3334683175354035	0.3334683175354035	0.07799170217777676	0.0	0.6037735849056604	0.7538461538461538	1.0	1.0	True	True	True	strong
5_-_177744393_177744418	72hr	3	0	1.0				0.0		1.0	1.0			False	False	False	not_testable
3_-_52820290_52820317	72hr	2	1	1.0	1.0			0.0		1.0	1.0	1.0	1.0	False	False	False	not_testable
12_+_53455346_53455370	72hr	3	3	0.5344642608879052	0.513981014894047	-0.0204832459938582	0.0204832459938582	0.03227182405700138	0.049474332675499284	0.5035612535612536	0.5679497250589159	0.4630659253375695	0.56187624750499	True	True	False	small
6_-_136601021_136601042	72hr	3	1	1.0	1.0			0.0		1.0	1.0	1.0	1.0	False	False	False	not_testable
2_+_169504302_169504326	72hr	2	2	1.0	1.0	0.0	0.0	0.0	0.0	1.0	1.0	1.0	1.0	True	False	False	small
11_-_5665655_5665682	72hr	2	3	1.0	0.9719202898550724	-0.028079710144927605	0.028079710144927605	0.0	0.031728767913291656	1.0	1.0	0.9375	1.0	True	False	False	small
18_-_693881_693908	72hr	2	3	1.0	1.0	0.0	0.0	0.0	0.0	1.0	1.0	1.0	1.0	True	False	False	small
11_+_120406117_120406141	72hr	0	2		1.0				0.0			1.0	1.0	False	False	False	not_testable
2_-_95919891_95919920	72hr	1	0	1.0						1.0	1.0			False	False	False	not_testable
4_-_75491610_75491637	72hr	3	3	1.0	0.9394524959742351	-0.06054750402576492	0.06054750402576492	0.0	0.08634423908611129	1.0	1.0	0.8405797101449275	1.0	True	True	False	small
4_-_154547037_154547064	72hr	3	3	0.0	0.032797903578935604	0.032797903578935604	0.032797903578935604	0.0	0.019648195791429336	0.0	0.0	0.0102564102564102	0.0462962962962962	True	True	True	small
7_-_75190538_75190567	72hr	3	3	1.0	1.0	0.0	0.0	0.0	0.0	1.0	1.0	1.0	1.0	True	True	False	small
7_-_25158500_25158530	72hr	3	3	1.0	1.0	0.0	0.0	0.0	0.0	1.0	1.0	1.0	1.0	True	True	False	small
6_-_32580246_32580270	72hr	3	3	0.9407407407407407	0.800231160425335	-0.1405095803154056	0.1405095803154056	0.08413197549333735	0.01394041113842332	0.8444444444444444	1.0	0.7864077669902912	0.8142857142857143	True	True	True	exploratory
9_+_127478933_127478963	72hr	3	3	1.0	1.0	0.0	0.0	0.0	0.0	1.0	1.0	1.0	1.0	True	True	False	small
13_+_45149769_45149788	72hr	3	3	1.0	1.0	0.0	0.0	0.0	0.0	1.0	1.0	1.0	1.0	True	True	False	small
1_+_236542760_236542787	72hr	3	3	1.0	0.9666666666666667	-0.033333333333333326	0.033333333333333326	0.0	0.05773502691896257	1.0	1.0	0.9	1.0	True	True	False	small
17_-_64329699_64329722	72hr	3	3	1.0	1.0	0.0	0.0	0.0	0.0	1.0	1.0	1.0	1.0	True	True	False	small
9_-_136379836_136379864	72hr	3	3	1.0	1.0	0.0	0.0	0.0	0.0	1.0	1.0	1.0	1.0	True	True	False	small
12_+_56158683_56158711	72hr	3	3	0.4690283620091331	0.45704033856469595	-0.011988023444437168	0.011988023444437168	0.026956363530335238	0.015879726721788726	0.4424860853432282	0.4963805584281282	0.4417865819472996	0.4734795890030547	True	True	False	small
7_+_139412550_139412580	72hr	3	3	1.0	1.0	0.0	0.0	0.0	0.0	1.0	1.0	1.0	1.0	True	True	False	small
6_-_28907235_28907262	72hr	3	3	1.0	1.0	0.0	0.0	0.0	0.0	1.0	1.0	1.0	1.0	True	True	False	small
21_+_46116376_46116403	72hr	3	3	1.0	1.0	0.0	0.0	0.0	0.0	1.0	1.0	1.0	1.0	True	True	False	small
5_-_170258865_170258878	72hr	3	3	1.0	1.0	0.0	0.0	0.0	0.0	1.0	1.0	1.0	1.0	True	True	False	small
1_+_150962129_150962158	72hr	3	3	1.0	0.8000512032770097	-0.19994879672299026	0.19994879672299026	0.0	0.17342667839995474	1.0	1.0	0.6904761904761905	1.0	True	True	False	exploratory
1_-_160999395_160999408	72hr	3	3	1.0	1.0	0.0	0.0	0.0	0.0	1.0	1.0	1.0	1.0	True	True	False	small
6_+_43778888_43778918	72hr	0	3		1.0				0.0			1.0	1.0	False	False	False	not_testable
17_+_40141206_40141234	72hr	3	3	1.0	1.0	0.0	0.0	0.0	0.0	1.0	1.0	1.0	1.0	True	True	False	small
20_-_63215576_63215601	72hr	3	3	1.0	1.0	0.0	0.0	0.0	0.0	1.0	1.0	1.0	1.0	True	True	False	small
2_+_97205939_97205968	72hr	3	0	1.0				0.0		1.0	1.0			False	False	False	not_testable
7_-_99903575_99903598	72hr	3	3	1.0	1.0	0.0	0.0	0.0	0.0	1.0	1.0	1.0	1.0	True	True	False	small
2_+_97194725_97194754	72hr	2	1	1.0	1.0			0.0		1.0	1.0	1.0	1.0	False	False	False	not_testable
15_+_44759639_44759662	72hr	0	3		1.0				0.0			1.0	1.0	False	False	False	not_testable
7_+_142801943_142801961	72hr	3	3	1.0	1.0	0.0	0.0	0.0	0.0	1.0	1.0	1.0	1.0	True	True	False	small
7_-_34942614_34942639	72hr	1	1	1.0	1.0					1.0	1.0	1.0	1.0	False	False	False	not_testable
5_-_81437429_81437458	72hr	3	3	1.0	1.0	0.0	0.0	0.0	0.0	1.0	1.0	1.0	1.0	True	True	False	small
9_+_113362368_113362394	72hr	0	3		1.0				0.0			1.0	1.0	False	False	False	not_testable
1_+_161218702_161218723	72hr	3	3	1.0	1.0	0.0	0.0	0.0	0.0	1.0	1.0	1.0	1.0	True	True	False	small
8_-_123023712_123023739	72hr	3	3	0.9795918367346937	1.0	0.020408163265306256	0.020408163265306256	0.035347975664671	0.0	0.9387755102040816	1.0	1.0	1.0	True	True	False	small
17_-_44195799_44195828	72hr	3	3	0.9473684210526315	0.982905982905983	0.03553756185335144	0.03553756185335144	0.09116056881941462	0.029607706112288457	0.8421052631578947	1.0	0.9487179487179488	1.0	True	True	False	small
7_-_26854136_26854162	72hr	1	1	1.0	1.0					1.0	1.0	1.0	1.0	False	False	False	not_testable
8_+_27451484_27451509	72hr	3	3	1.0	1.0	0.0	0.0	0.0	0.0	1.0	1.0	1.0	1.0	True	True	False	small
14_-_77441065_77441093	72hr	2	3	1.0	1.0	0.0	0.0	0.0	0.0	1.0	1.0	1.0	1.0	True	False	False	small
17_-_29116443_29116455	72hr	3	3	1.0	1.0	0.0	0.0	0.0	0.0	1.0	1.0	1.0	1.0	True	True	False	small
1_-_236230223_236230250	72hr	3	1	1.0	1.0			0.0		1.0	1.0	1.0	1.0	False	False	False	not_testable
6_-_166322856_166322886	72hr	3	3	0.29201680672268904	0.605756905249291	0.313740098526602	0.313740098526602	0.13684519827299377	0.037146424165126264	0.1428571428571428	0.4117647058823529	0.5800865800865801	0.6483516483516484	True	True	True	strong
2_+_97219049_97219078	72hr	3	2	1.0	1.0	0.0	0.0	0.0	0.0	1.0	1.0	1.0	1.0	True	False	False	small
20_+_62966702_62966732	72hr	3	3	1.0	1.0	0.0	0.0	0.0	0.0	1.0	1.0	1.0	1.0	True	True	False	small
5_+_178036011_178036036	72hr	1	0	1.0						1.0	1.0			False	False	False	not_testable
1_-_169696534_169696553	72hr	3	3	1.0	1.0	0.0	0.0	0.0	0.0	1.0	1.0	1.0	1.0	True	True	False	small
9_-_133779917_133779939	72hr	1	2	1.0	1.0				0.0	1.0	1.0	1.0	1.0	False	False	False	not_testable
20_-_33669686_33669712	72hr	3	3	0.33455882352941174	0.6248696947133284	0.2903108711839167	0.2903108711839167	0.29601867255000974	0.08317930202065277	0.0	0.5625	0.5569620253164557	0.7176470588235294	True	True	False	strong
17_-_3953692_3953710	72hr	3	3	1.0	1.0	0.0	0.0	0.0	0.0	1.0	1.0	1.0	1.0	True	True	False	small
1_-_153952804_153952834	72hr	3	3	1.0	1.0	0.0	0.0	0.0	0.0	1.0	1.0	1.0	1.0	True	True	False	small
16_+_28985712_28985740	72hr	3	3	0.45613497108791196	0.3441168364944067	-0.11201813459350524	0.11201813459350524	0.02384676639325918	0.04063066192472904	0.4299065420560747	0.4765100671140939	0.3172866520787746	0.3908629441624365	True	True	True	exploratory
5_+_119475705_119475727	72hr	2	3	0.6272727272727272	0.6488218988218989	0.021549171549171686	0.021549171549171686	0.2442732516826256	0.08928571685848191	0.4545454545454545	0.8	0.581081081081081	0.75	True	False	False	small
1_-_113833110_113833138	72hr	3	3	1.0	1.0	0.0	0.0	0.0	0.0	1.0	1.0	1.0	1.0	True	True	False	small
6_+_30339907_30339930	72hr	2	0	1.0				0.0		1.0	1.0			False	False	False	not_testable
4_+_112257771_112257797	72hr	2	3	1.0	1.0	0.0	0.0	0.0	0.0	1.0	1.0	1.0	1.0	True	False	False	small
15_+_66532984_66533013	72hr	0	3		1.0				0.0			1.0	1.0	False	False	False	not_testable
12_-_55790566_55790592	72hr	3	3	1.0	1.0	0.0	0.0	0.0	0.0	1.0	1.0	1.0	1.0	True	True	False	small
21_-_39313071_39313101	72hr	3	0	1.0				0.0		1.0	1.0			False	False	False	not_testable
2_+_238347454_238347475	72hr	2	0	1.0				0.0		1.0	1.0			False	False	False	not_testable
21_+_46398234_46398255	72hr	3	3	1.0	1.0	0.0	0.0	0.0	0.0	1.0	1.0	1.0	1.0	True	True	False	small
2_+_86131077_86131106	72hr	3	3	0.8386838996595095	0.7220595974605534	-0.11662430219895614	0.11662430219895614	0.05497043179740067	0.09295026262449368	0.7777777777777778	0.8846153846153846	0.6360294117647058	0.8206521739130435	True	True	False	exploratory
7_-_92577654_92577676	72hr	3	3	0.7471282593375617	0.8472222222222222	0.10009396288466055	0.10009396288466055	0.027073712830453664	0.196908984427192	0.7209302325581395	0.775	0.625	1.0	True	True	False	exploratory
9_+_137206280_137206309	72hr	3	3	0.5444004524886877	0.15134139560745064	-0.3930590568812371	0.3930590568812371	0.32124642942280907	0.06714730227895295	0.1764705882352941	0.7692307692307693	0.0738636363636363	0.1926605504587156	True	True	False	strong
12_-_79790466_79790483	72hr	3	3	1.0	1.0	0.0	0.0	0.0	0.0	1.0	1.0	1.0	1.0	True	True	False	small
1_+_206421249_206421274	72hr	0	3		1.0				0.0			1.0	1.0	False	False	False	not_testable
2_-_97507035_97507065	72hr	3	3	0.9583333333333334	0.8307692307692308	-0.12756410256410255	0.12756410256410255	0.07216878364870323	0.15613679330911107	0.875	1.0	0.6923076923076923	1.0	True	True	False	exploratory
16_+_30666511_30666541	72hr	3	3	1.0	1.0	0.0	0.0	0.0	0.0	1.0	1.0	1.0	1.0	True	True	False	small
16_+_69459092_69459121	72hr	3	3	1.0	1.0	0.0	0.0	0.0	0.0	1.0	1.0	1.0	1.0	True	True	False	small
2_-_27333973_27333999	72hr	3	3	1.0	1.0	0.0	0.0	0.0	0.0	1.0	1.0	1.0	1.0	True	True	False	small
11_-_2955743_2955766	72hr	3	3	1.0	1.0	0.0	0.0	0.0	0.0	1.0	1.0	1.0	1.0	True	True	False	small
11_+_828229_828259	72hr	1	1	1.0	0.5555555555555556					1.0	1.0	0.5555555555555556	0.5555555555555556	False	False	False	not_testable
8_-_144426179_144426208	72hr	3	3	0.2755337525122876	0.27895565981380155	0.0034219073015139267	0.0034219073015139267	0.03116476939760756	0.03546679410529041	0.2395543175487465	0.2941176470588235	0.2404809619238476	0.3103448275862069	True	True	False	small
9_-_129010669_129010693	72hr	3	3	1.0	1.0	0.0	0.0	0.0	0.0	1.0	1.0	1.0	1.0	True	True	False	small
11_+_48149989_48149998	72hr	3	1	1.0	1.0			0.0		1.0	1.0	1.0	1.0	False	False	False	not_testable
1_+_203862195_203862222	72hr	3	3	0.9327465163280503	0.946402599112012	0.013656082783961687	0.013656082783961687	0.04545429453240881	0.01561862359657018	0.8907563025210085	0.981012658227848	0.9363714531384352	0.9643979057591624	True	True	False	small
1_+_39741894_39741921	72hr	3	3	0.6512124271569513	0.7058756380424288	0.05466321088547754	0.05466321088547754	0.09475983496705503	0.03873328838534469	0.5691056910569106	0.7549019607843137	0.6633986928104575	0.739240506329114	True	True	False	small
21_+_46112803_46112824	72hr	3	3	1.0	1.0	0.0	0.0	0.0	0.0	1.0	1.0	1.0	1.0	True	True	False	small
13_+_75549975_75549987	72hr	3	3	1.0	1.0	0.0	0.0	0.0	0.0	1.0	1.0	1.0	1.0	True	True	False	small
21_-_44337648_44337667	72hr	3	3	1.0	1.0	0.0	0.0	0.0	0.0	1.0	1.0	1.0	1.0	True	True	False	small
17_-_7193843_7193871	72hr	3	2	1.0	1.0	0.0	0.0	0.0	0.0	1.0	1.0	1.0	1.0	True	False	False	small
19_+_17775055_17775080	72hr	3	3	0.9934640522875817	0.9474654377880185	-0.04599861449956322	0.04599861449956322	0.011320593513522033	0.0677717104381557	0.9803921568627452	1.0	0.8709677419354839	1.0	True	True	False	small
19_+_19335717_19335735	72hr	3	3	0.9716312056737588	1.0	0.028368794326241176	0.028368794326241176	0.04913619312252135	0.0	0.9148936170212766	1.0	1.0	1.0	True	True	False	small
2_-_106166055_106166083	72hr	3	3	1.0	1.0	0.0	0.0	0.0	0.0	1.0	1.0	1.0	1.0	True	True	False	small
5_+_176656894_176656924	72hr	3	3	0.34722222222222215	0.4009717922256622	0.05374957000344005	0.05374957000344005	0.3342002615421101	0.3217602600162663	0.0	0.6666666666666666	0.125	0.7543859649122807	True	True	False	small
6_+_26411554_26411581	72hr	3	3	1.0	1.0	0.0	0.0	0.0	0.0	1.0	1.0	1.0	1.0	True	True	False	small
11_+_118312152_118312170	72hr	3	3	0.28128687436890426	0.23624468877522944	-0.045042185593674816	0.045042185593674816	0.05069163122209993	0.005018851405950909	0.2418397626112759	0.3384615384615385	0.2304939155332856	0.2397408207343412	True	True	True	small
6_-_43626921_43626948	72hr	3	3	1.0	1.0	0.0	0.0	0.0	0.0	1.0	1.0	1.0	1.0	True	True	False	small
17_-_42329746_42329776	72hr	3	3	1.0	0.9889807162534435	-0.011019283746556474	0.011019283746556474	0.0	0.019085959312053747	1.0	1.0	0.9669421487603306	1.0	True	True	False	small
10_-_72072901_72072910	72hr	3	3	1.0	1.0	0.0	0.0	0.0	0.0	1.0	1.0	1.0	1.0	True	True	False	small
5_+_119492099_119492124	72hr	2	3	0.3904761904761904	0.38177268543351145	-0.008703505042678972	0.008703505042678972	0.013468700594029546	0.2528778727521766	0.3809523809523809	0.4	0.1489361702127659	0.6507936507936508	True	False	False	small
5_+_177365962_177365984	72hr	3	3	1.0	1.0	0.0	0.0	0.0	0.0	1.0	1.0	1.0	1.0	True	True	False	small
6_-_29629086_29629107	72hr	3	1	0.6487734487734488	1.0			0.2844341429610771		0.3333333333333333	0.8857142857142857	1.0	1.0	False	False	False	not_testable
3_-_123567761_123567780	72hr	3	3	1.0	1.0	0.0	0.0	0.0	0.0	1.0	1.0	1.0	1.0	True	True	False	small
X_-_136677935_136677956	72hr	3	3	1.0	1.0	0.0	0.0	0.0	0.0	1.0	1.0	1.0	1.0	True	True	False	small
1_+_198692346_198692373	72hr	3	3	1.0	1.0	0.0	0.0	0.0	0.0	1.0	1.0	1.0	1.0	True	True	False	small
1_-_151406606_151406631	72hr	3	3	0.5736659736659737	0.6798124356263892	0.10614646196041544	0.10614646196041544	0.10358132784209816	0.08524962529669544	0.4594594594594595	0.6615384615384615	0.5813953488372093	0.7307692307692307	True	True	False	exploratory
17_+_78005057_78005079	72hr	3	1	1.0	1.0			0.0		1.0	1.0	1.0	1.0	False	False	False	not_testable
22_-_19899048_19899068	72hr	2	3	1.0	1.0	0.0	0.0	0.0	0.0	1.0	1.0	1.0	1.0	True	False	False	small
3_+_48974957_48974979	72hr	3	3	1.0	1.0	0.0	0.0	0.0	0.0	1.0	1.0	1.0	1.0	True	True	False	small
X_-_153790563_153790575	72hr	2	3	1.0	1.0	0.0	0.0	0.0	0.0	1.0	1.0	1.0	1.0	True	False	False	small
12_+_122762186_122762206	72hr	3	3	1.0	1.0	0.0	0.0	0.0	0.0	1.0	1.0	1.0	1.0	True	True	False	small
22_-_50777951_50777981	72hr	3	3	0.9689922480620154	1.0	0.03100775193798455	0.03100775193798455	0.053707001785081566	0.0	0.9069767441860463	1.0	1.0	1.0	True	True	False	small
16_+_8748107_8748137	72hr	0	3		1.0				0.0			1.0	1.0	False	False	False	not_testable
19_+_17218363_17218391	72hr	3	3	1.0	1.0	0.0	0.0	0.0	0.0	1.0	1.0	1.0	1.0	True	True	False	small
14_-_52661292_52661304	72hr	3	3	1.0	1.0	0.0	0.0	0.0	0.0	1.0	1.0	1.0	1.0	True	True	False	small
1_-_1299344_1299356	72hr	3	2	1.0	1.0	0.0	0.0	0.0	0.0	1.0	1.0	1.0	1.0	True	False	False	small
8_+_27520882_27520909	72hr	3	3	1.0	1.0	0.0	0.0	0.0	0.0	1.0	1.0	1.0	1.0	True	True	False	small
5_-_177739112_177739137	72hr	3	0	1.0				0.0		1.0	1.0			False	False	False	not_testable
17_+_62692111_62692138	72hr	3	2	1.0	1.0	0.0	0.0	0.0	0.0	1.0	1.0	1.0	1.0	True	False	False	small
19_+_7630822_7630846	72hr	3	3	0.9920634920634921	0.9855967078189302	-0.0064667842445619295	0.0064667842445619295	0.013746434980705392	0.0249472338538727	0.9761904761904762	1.0	0.9567901234567902	1.0	True	True	False	small
X_+_119575374_119575400	72hr	3	3	1.0	1.0	0.0	0.0	0.0	0.0	1.0	1.0	1.0	1.0	True	True	False	small
9_+_128598962_128598986	72hr	3	3	0.3463389739457427	0.5437517523079021	0.19741277836215937	0.19741277836215937	0.15383467947796514	0.15515321099680832	0.22	0.5176470588235295	0.3737373737373737	0.6776859504132231	True	True	False	exploratory
12_-_56350411_56350432	72hr	3	3	0.3702693706870687	0.3258597945784261	-0.0444095761086426	0.0444095761086426	0.12028393536729551	0.08570359610473184	0.297029702970297	0.509090909090909	0.2281879194630872	0.3884892086330935	True	True	False	small
16_+_30661303_30661333	72hr	3	3	1.0	1.0	0.0	0.0	0.0	0.0	1.0	1.0	1.0	1.0	True	True	False	small
19_+_4310272_4310295	72hr	2	3	1.0	1.0	0.0	0.0	0.0	0.0	1.0	1.0	1.0	1.0	True	False	False	small
2_-_152677450_152677475	72hr	3	3	1.0	1.0	0.0	0.0	0.0	0.0	1.0	1.0	1.0	1.0	True	True	False	small
4_-_2257981_2258011	72hr	3	3	1.0	1.0	0.0	0.0	0.0	0.0	1.0	1.0	1.0	1.0	True	True	False	small
21_+_45492686_45492713	72hr	3	0	1.0				0.0		1.0	1.0			False	False	False	not_testable
2_+_231226773_231226798	72hr	0	2		1.0				0.0			1.0	1.0	False	False	False	not_testable
19_+_1429966_1429996	72hr	3	3	1.0	1.0	0.0	0.0	0.0	0.0	1.0	1.0	1.0	1.0	True	True	False	small
2_-_95921781_95921810	72hr	1	1	1.0	1.0					1.0	1.0	1.0	1.0	False	False	False	not_testable
6_-_24870865_24870889	72hr	3	3	1.0	1.0	0.0	0.0	0.0	0.0	1.0	1.0	1.0	1.0	True	True	False	small
7_+_843205_843232	72hr	3	3	1.0	1.0	0.0	0.0	0.0	0.0	1.0	1.0	1.0	1.0	True	True	False	small
1_+_46309100_46309127	72hr	3	3	1.0	0.9691093570607965	-0.030890642939203516	0.030890642939203516	0.0	0.03749272658015545	1.0	1.0	0.926070038910506	0.9946808510638298	True	True	True	small
17_-_56895925_56895952	72hr	3	3	0.8571428571428571	0.9246263807667315	0.06748352362387444	0.06748352362387444	0.24743582965269675	0.06734556608805216	0.5714285714285714	1.0	0.8703703703703703	1.0	True	True	False	small
12_+_110282603_110282621	72hr	3	3	1.0	1.0	0.0	0.0	0.0	0.0	1.0	1.0	1.0	1.0	True	True	False	small
14_-_57237337_57237366	72hr	3	3	1.0	1.0	0.0	0.0	0.0	0.0	1.0	1.0	1.0	1.0	True	True	False	small
19_+_19104912_19104938	72hr	3	3	1.0	1.0	0.0	0.0	0.0	0.0	1.0	1.0	1.0	1.0	True	True	False	small
17_-_42574195_42574210	72hr	0	3		0.07865894145295423				0.034574929146608195			0.052823315118397	0.1179361179361179	False	False	False	not_testable
5_-_150699241_150699271	72hr	3	3	1.0	1.0	0.0	0.0	0.0	0.0	1.0	1.0	1.0	1.0	True	True	False	small
2_-_190987038_190987068	72hr	3	3	1.0	1.0	0.0	0.0	0.0	0.0	1.0	1.0	1.0	1.0	True	True	False	small
19_+_19340845_19340873	72hr	3	3	1.0	1.0	0.0	0.0	0.0	0.0	1.0	1.0	1.0	1.0	True	True	False	small
2_+_97187197_97187226	72hr	2	0	1.0				0.0		1.0	1.0			False	False	False	not_testable
2_+_97200333_97200362	72hr	3	0	1.0				0.0		1.0	1.0			False	False	False	not_testable
12_+_25089762_25089790	72hr	3	3	1.0	1.0	0.0	0.0	0.0	0.0	1.0	1.0	1.0	1.0	True	True	False	small
10_-_12170899_12170908	72hr	3	3	0.7619047619047619	0.42520609708547424	-0.3366986648192876	0.3366986648192876	0.25084889887744616	0.0224900562124661	0.5	1.0	0.4071005917159763	0.4503816793893129	True	True	True	strong
X_-_153913023_153913051	72hr	3	3	1.0	1.0	0.0	0.0	0.0	0.0	1.0	1.0	1.0	1.0	True	True	False	small
1_+_228369135_228369162	72hr	3	1	1.0	1.0			0.0		1.0	1.0	1.0	1.0	False	False	False	not_testable
17_-_63698798_63698818	72hr	3	3	0.0015201379142599336	0.015245234329203767	0.013725096414943834	0.013725096414943834	0.0015160867153116964	0.012993101787135416	0.0	0.003032140691328	0.0036036036036036	0.0292620865139949	True	True	True	small
1_+_207339396_207339417	72hr	3	3	0.9797979797979798	0.9862875707945173	0.006489590996537564	0.006489590996537564	0.03499092540543183	0.002513632855492808	0.9393939393939394	1.0	0.9834437086092715	0.988212180746562	True	True	False	small
21_+_43800861_43800881	72hr	2	3	1.0	1.0	0.0	0.0	0.0	0.0	1.0	1.0	1.0	1.0	True	False	False	small
12_+_118389926_118389946	72hr	3	3	1.0	1.0	0.0	0.0	0.0	0.0	1.0	1.0	1.0	1.0	True	True	False	small
20_-_45960863_45960882	72hr	3	3	1.0	1.0	0.0	0.0	0.0	0.0	1.0	1.0	1.0	1.0	True	True	False	small
21_+_34103496_34103519	72hr	3	3	0.47792580982236155	0.0968089708237785	-0.38111683899858306	0.38111683899858306	0.2646421684607243	0.06423076183843031	0.1724137931034483	0.6363636363636364	0.0566037735849056	0.170886075949367	True	True	True	strong
14_-_94129261_94129291	72hr	2	3	1.0	1.0	0.0	0.0	0.0	0.0	1.0	1.0	1.0	1.0	True	False	False	small
21_+_45987498_45987519	72hr	3	3	1.0	1.0	0.0	0.0	0.0	0.0	1.0	1.0	1.0	1.0	True	True	False	small
6_+_26390686_26390707	72hr	0	3		1.0				0.0			1.0	1.0	False	False	False	not_testable
15_-_58901259_58901287	72hr	3	3	0.945562435500516	1.0	0.054437564499484004	0.054437564499484004	0.01384802569692428	0.0	0.9298245614035088	0.9558823529411764	1.0	1.0	True	True	True	small
6_+_73723250_73723279	72hr	0	0											False	False	False	not_testable
2_-_86153559_86153574	72hr	3	3	1.0	1.0	0.0	0.0	0.0	0.0	1.0	1.0	1.0	1.0	True	True	False	small
19_-_5612539_5612567	72hr	3	3	0.7889192932671194	0.9637980311209908	0.17487873785387142	0.17487873785387142	0.02895860093993111	0.032767323318996164	0.7636363636363637	0.8205128205128205	0.9361702127659576	1.0	True	True	True	exploratory
6_-_79077699_79077729	72hr	3	3	1.0	1.0	0.0	0.0	0.0	0.0	1.0	1.0	1.0	1.0	True	True	False	small
21_+_45492534_45492564	72hr	3	2	1.0	1.0	0.0	0.0	0.0	0.0	1.0	1.0	1.0	1.0	True	False	False	small
11_-_4601663_4601686	72hr	2	3	1.0	1.0	0.0	0.0	0.0	0.0	1.0	1.0	1.0	1.0	True	False	False	small
1_+_206419372_206419400	72hr	0	3		1.0				0.0			1.0	1.0	False	False	False	not_testable
17_+_48862275_48862304	72hr	3	3	1.0	1.0	0.0	0.0	0.0	0.0	1.0	1.0	1.0	1.0	True	True	False	small
2_-_43950572_43950600	72hr	3	3	1.0	1.0	0.0	0.0	0.0	0.0	1.0	1.0	1.0	1.0	True	True	False	small
1_+_52414620_52414647	72hr	3	3	1.0	1.0	0.0	0.0	0.0	0.0	1.0	1.0	1.0	1.0	True	True	False	small
11_-_4386967_4386990	72hr	3	3	1.0	1.0	0.0	0.0	0.0	0.0	1.0	1.0	1.0	1.0	True	True	False	small
X_-_81119787_81119817	72hr	0	3		1.0				0.0			1.0	1.0	False	False	False	not_testable
6_+_26410005_26410032	72hr	3	2	0.6289759146902004	0.6166666666666667	-0.012309248023533725	0.012309248023533725	0.08188073195641427	0.07071067811865474	0.5510204081632653	0.7142857142857143	0.5666666666666667	0.6666666666666666	True	False	False	small
11_+_65205709_65205721	72hr	3	3	1.0	1.0	0.0	0.0	0.0	0.0	1.0	1.0	1.0	1.0	True	True	False	small
6_+_26373386_26373413	72hr	3	3	1.0	0.9761904761904763	-0.023809523809523725	0.023809523809523725	0.0	0.041239304942116105	1.0	1.0	0.9285714285714286	1.0	True	True	False	small
3_-_160535660_160535690	72hr	3	3	1.0	1.0	0.0	0.0	0.0	0.0	1.0	1.0	1.0	1.0	True	True	False	small
16_+_28986539_28986569	72hr	3	3	0.5708808478840307	0.5214615721408641	-0.049419275743166624	0.049419275743166624	0.055350999984467894	0.07127527054402276	0.5189873417721519	0.6291390728476821	0.4666666666666667	0.6020408163265306	True	True	False	small
3_+_184189254_184189277	72hr	3	3	0.2801217691492255	0.3427894852331648	0.06266771608393934	0.06266771608393934	0.054235953762699615	0.06432179069139367	0.2413793103448276	0.3421052631578947	0.2695035460992908	0.3898809523809524	True	True	False	small
5_-_170262841_170262861	72hr	3	3	1.0	1.0	0.0	0.0	0.0	0.0	1.0	1.0	1.0	1.0	True	True	False	small
7_+_74755508_74755537	72hr	3	3	0.8867910447761194	0.9893589358935895	0.10256789111747011	0.10256789111747011	0.034244462700745236	0.009983623267630977	0.86	0.9253731343283582	0.9801980198019802	1.0	True	True	True	exploratory
4_+_53440581_53440608	72hr	3	3	0.26556225300387204	0.2701370806900436	0.0045748276861715675	0.0045748276861715675	0.06865797061879263	0.03772624634444012	0.202127659574468	0.3384615384615385	0.2357142857142857	0.3104693140794224	True	True	False	small
8_+_63169386_63169411	72hr	3	3	1.0	1.0	0.0	0.0	0.0	0.0	1.0	1.0	1.0	1.0	True	True	False	small
5_-_170262966_170262992	72hr	3	3	1.0	1.0	0.0	0.0	0.0	0.0	1.0	1.0	1.0	1.0	True	True	False	small
18_+_10533535_10533553	72hr	1	3	1.0	0.9509803921568628				0.08490445135141557	1.0	1.0	0.8529411764705882	1.0	False	False	False	not_testable
19_+_50419945_50419973	72hr	0	3		1.0				0.0			1.0	1.0	False	False	False	not_testable
17_+_43179393_43179412	72hr	3	3	1.0	1.0	0.0	0.0	0.0	0.0	1.0	1.0	1.0	1.0	True	True	False	small
7_+_142792521_142792539	72hr	3	3	1.0	1.0	0.0	0.0	0.0	0.0	1.0	1.0	1.0	1.0	True	True	False	small
19_+_39421282_39421299	72hr	3	2	1.0	1.0	0.0	0.0	0.0	0.0	1.0	1.0	1.0	1.0	True	False	False	small
6_-_28911695_28911718	72hr	3	3	0.9393939393939394	0.9331054910002279	-0.006288448393711565	0.006288448393711565	0.10497277621629557	0.020919202086810248	0.8181818181818182	1.0	0.9090909090909092	0.9473684210526316	True	True	False	small
7_+_35831491_35831496	72hr	3	3	0.903225806451613	0.6397306397306397	-0.2634951667209733	0.2634951667209733	0.1676178200873107	0.326425723585626	0.7096774193548387	1.0	0.3636363636363636	1.0	True	True	False	strong
2_-_121401867_121401870	72hr	1	3	1.0	1.0				0.0	1.0	1.0	1.0	1.0	False	False	False	not_testable
2_-_25835537_25835540	72hr	3	3	1.0	0.7796451914098973	-0.2203548085901027	0.2203548085901027	0.0	0.23671263309043247	1.0	1.0	0.5294117647058824	1.0	True	True	False	strong
14_+_96874456_96874459	72hr	0	3		0.5560365560365561				0.1447905327751984			0.3888888888888889	0.6428571428571429	False	False	False	not_testable
19_+_48477716_48477719	72hr	3	3	0.5322510822510823	0.5504624491305956	0.018211366879513302	0.018211366879513302	0.09118773006223711	0.1837496769815455	0.4285714285714285	0.6	0.3396226415094339	0.6764705882352942	True	True	False	small
17_-_78696006_78696009	72hr	3	3	0.9905880916243611	0.9863013698630136	-0.004286721761347478	0.004286721761347478	0.009086975193024604	0.023726723391354513	0.9818652849740932	1.0	0.958904109589041	1.0	True	True	False	small
6_-_166370217_166370221	72hr	3	3	1.0	1.0	0.0	0.0	0.0	0.0	1.0	1.0	1.0	1.0	True	True	False	small
14_-_50438091_50438094	72hr	3	2	1.0	1.0	0.0	0.0	0.0	0.0	1.0	1.0	1.0	1.0	True	False	False	small
4_+_88676217_88676241	7day	3	3	0.9761904761904763	0.9791666666666666	0.0029761904761903546	0.0029761904761903546	0.041239304942116105	0.03608439182435161	0.9285714285714286	1.0	0.9375	1.0	True	True	False	small
10_-_73439871_73439901	7day	3	3	0.7770753460042963	0.9395183360700603	0.16244299006576401	0.16244299006576401	0.09392501507994556	0.052572943528290374	0.6923076923076923	0.8780487804878049	0.9047619047619048	1.0	True	True	True	exploratory
14_-_93076594_93076619	7day	3	3	1.0	0.9389278815275018	-0.06107211847249816	0.06107211847249816	0.0	0.03920333291503195	1.0	1.0	0.8986486486486487	0.976958525345622	True	True	True	small
5_+_57221375_57221396	7day	3	3	0.7467343147410553	0.2873510577132774	-0.45938325702777794	0.45938325702777794	0.14307830943169886	0.06221588019520595	0.582089552238806	0.8409090909090909	0.2235294117647059	0.3478260869565217	True	True	True	strong
11_-_75271700_75271724	7day	3	3	0.3101851851851852	0.2672839506172839	-0.04290123456790129	0.04290123456790129	0.07897556532051844	0.15850741278738525	0.2222222222222222	0.375	0.1666666666666666	0.45	True	True	False	small
17_+_30510879_30510909	7day	3	3	0.9393939393939394	0.9966996699669967	0.05730573057305721	0.05730573057305721	0.10497277621629557	0.005716339298907255	0.8181818181818182	1.0	0.99009900990099	1.0	True	True	False	small
8_-_54065787_54065813	7day	3	3	0.0	0.028112449799196765	0.028112449799196765	0.028112449799196765	0.0	0.048692191377438285	0.0	0.0	0.0	0.0843373493975903	True	True	False	small
X_-_154357250_154357274	7day	3	3	0.7339657009313675	0.5109959029142223	-0.22296979801714523	0.22296979801714523	0.018876043114411663	0.016347529948219395	0.7166666666666667	0.7540983606557377	0.4962593516209476	0.5285802089735709	True	True	True	strong
9_+_133054943_133054964	7day	3	3	0.3791035353535353	0.20898695898695893	-0.17011657636657637	0.17011657636657637	0.12707872306439813	0.034743952860113836	0.28125	0.5227272727272727	0.1689189189189189	0.2307692307692307	True	True	True	exploratory
20_+_44478623_44478647	7day	0	3		0.14742063492063492				0.13700350131525085			0.0	0.2708333333333333	False	False	False	not_testable
4_-_142202739_142202766	7day	3	3	0.4932191653577882	0.18557422969187667	-0.30764493566591156	0.30764493566591156	0.31919971567110417	0.08855428976108448	0.1764705882352941	0.8148148148148148	0.0833333333333333	0.238095238095238	True	True	False	strong
3_+_47819235_47819264	7day	2	3	0.8125	0.7061904761904761	-0.10630952380952385	0.10630952380952385	0.2651650429449553	0.24721441298272753	0.625	1.0	0.44	0.9285714285714286	True	False	False	exploratory
19_+_47780724_47780749	7day	3	3	0.6376478988168094	0.8035714285714285	0.1659235297546191	0.1659235297546191	0.20568409861998962	0.09579450559185167	0.5116279069767442	0.875	0.7142857142857143	0.9047619047619048	True	True	False	exploratory
17_+_7578226_7578244	7day	3	3	0.0004960317460317333	0.005054901105717866	0.004558869359686133	0.004558869359686133	0.000859152186294064	0.0010308930849961548	0.0	0.0014880952380952	0.003866432337434	0.0057074196455392	True	True	True	small
3_-_146536539_146536565	7day	3	3	1.0	0.9852836128607313	-0.014716387139268705	0.014716387139268705	0.0	0.0062869500235453995	1.0	1.0	0.979591836734694	0.9920318725099602	True	True	True	small
17_-_35014739_35014763	7day	3	3	1.0	0.9733333333333333	-0.026666666666666727	0.026666666666666727	0.0	0.046188021535170036	1.0	1.0	0.92	1.0	True	True	False	small
11_+_67416175_67416202	7day	3	3	0.42372134038800696	0.6285612535612536	0.20483991317324662	0.20483991317324662	0.18129455784052992	0.24147268784853085	0.2321428571428571	0.5925925925925926	0.3888888888888889	0.8717948717948718	True	True	False	strong
12_-_57538518_57538524	7day	3	3	0.20035810078182958	0.23122356464897895	0.030865463867149362	0.030865463867149362	0.11354676953652378	0.10685714387297544	0.0972222222222222	0.3220338983050847	0.1384615384615384	0.3480662983425414	True	True	False	small
12_-_6965910_6965916	7day	3	3	0.9943693693693693	1.0	0.00563063063063074	0.00563063063063074	0.009752538330905901	0.0	0.983108108108108	1.0	1.0	1.0	True	True	False	small
20_+_62304460_62304485	7day	3	3	0.0	0.007827019696767534	0.007827019696767534	0.007827019696767534	0.0	0.0011925181294606803	0.0	0.0	0.0069444444444444	0.0091836734693877	True	True	True	small
16_+_70550649_70550678	7day	3	3	0.6234819734345352	0.25378202227876506	-0.3696999511557701	0.3696999511557701	0.06651772478906715	0.12049927158028025	0.5483870967741935	0.675	0.1308411214953271	0.3716814159292035	True	True	True	strong
14_+_94114850_94114880	7day	0	3		0.9743589743589745				0.04441155916843266			0.9230769230769232	1.0	False	False	False	not_testable
19_+_47205103_47205129	7day	3	3	0.16801619433198378	0.21183835657519864	0.04382216224321486	0.04382216224321486	0.17329874271922663	0.010237213148059797	0.0	0.3461538461538461	0.2017543859649122	0.2222222222222222	True	True	False	small
16_-_31093311_31093321	7day	3	3	0.05471956224350203	0.008064923104613334	-0.0466546391388887	0.0466546391388887	0.05925145780494586	0.0037511670056501922	0.0	0.1176470588235294	0.0037950664136622	0.0108303249097472	True	True	False	small
1_-_156476493_156476514	7day	3	3	0.049851263443496434	0.24642306845696674	0.1965718050134703	0.1965718050134703	0.050517743804363115	0.010405337917141546	0.0	0.101010101010101	0.2363636363636363	0.2571428571428571	True	True	True	exploratory
19_+_41897314_41897326	7day	3	3	0.8748691516407558	0.5563642274725064	-0.3185049241682495	0.3185049241682495	0.0414520173907069	0.05164578788955234	0.8431372549019608	0.9217687074829932	0.4971857410881801	0.5923344947735192	True	True	True	strong
9_-_137023837_137023840	7day	3	3	0.7754595443833464	0.6888838906382766	-0.08657565374506981	0.08657565374506981	0.11234811340795099	0.06542045143450193	0.6716417910447762	0.8947368421052632	0.6153846153846154	0.7407407407407407	True	True	False	small
11_-_64015251_64015281	7day	3	3	1.0	0.9930555555555555	-0.006944444444444531	0.006944444444444531	0.0	0.012028130608117225	1.0	1.0	0.9791666666666666	1.0	True	True	False	small
13_+_75809153_75809183	7day	3	2	1.0	1.0	0.0	0.0	0.0	0.0	1.0	1.0	1.0	1.0	True	False	False	small
18_-_50285324_50285351	7day	3	3	0.9123152709359607	0.9691941075973535	0.05687883666139282	0.05687883666139282	0.12322362490239934	0.018857983262120025	0.7714285714285715	1.0	0.9485714285714286	0.9855595667870036	True	True	False	small
5_+_181233412_181233435	7day	3	3	0.5079474216380181	0.5314537156033657	0.023506293965347647	0.023506293965347647	0.19887804668746348	0.11742220710781189	0.3255813953488372	0.72	0.425531914893617	0.6577181208053692	True	True	False	small
4_-_75918760_75918789	7day	2	2	0.35185185185185186	0.6862745098039216	0.3344226579520697	0.3344226579520697	0.4975936608349779	0.02772967769359016	0.0	0.7037037037037037	0.6666666666666666	0.7058823529411765	True	False	False	strong
11_+_59145826_59145856	7day	3	3	0.7109090909090909	0.8094026201968282	0.09849352928773725	0.09849352928773725	0.19115136142650568	0.14051672314048455	0.5	0.8727272727272727	0.7209302325581395	0.9714285714285714	True	True	False	small
12_+_27674191_27674221	7day	1	3	1.0	0.9076479076479077				0.09094344159647172	1.0	1.0	0.8181818181818182	1.0	False	False	False	not_testable
12_-_122514711_122514728	7day	3	3	0.3050934097200119	0.03381642512077294	-0.271276984599239	0.271276984599239	0.12278179444913952	0.05857176643952723	0.1764705882352941	0.4210526315789473	0.0	0.1014492753623188	True	True	True	strong
8_+_22539468_22539498	7day	3	3	0.8673569023569024	0.9524822695035461	0.08512536714664365	0.08512536714664365	0.05748442901303384	0.05018450941938861	0.8181818181818182	0.9305555555555556	0.9	1.0	True	True	False	small
16_+_85802753_85802757	7day	3	3	0.9938967562441863	0.9959839357429718	0.002087179498785563	0.002087179498785563	0.0008084107892508102	0.0069560273396340674	0.9931647300068353	0.9947643979057592	0.9879518072289156	1.0	True	True	False	small
17_-_37210466_37210490	7day	0	3		0.9523809523809524				0.08247860988423228			0.8571428571428571	1.0	False	False	False	not_testable
16_-_89653903_89653923	7day	3	3	0.7886904761904763	0.9617195974799442	0.1730291212894679	0.1730291212894679	0.1830538608890688	0.018211226262274834	0.6785714285714286	1.0	0.940928270042194	0.9748427672955976	True	True	False	exploratory
12_+_9650332_9650361	7day	3	3	0.18088460444541263	0.011733099648436633	-0.169151504796976	0.169151504796976	0.12244311104242848	0.007970418629371034	0.081967213114754	0.3178294573643411	0.003584229390681	0.0195121951219512	True	True	True	exploratory
11_-_65662178_65662205	7day	3	3	0.4825764834620368	0.5019296592866516	0.019353175824614766	0.019353175824614766	0.04523779938316267	0.02449245619257184	0.4447300771208226	0.5326797385620915	0.4816414686825054	0.5291375291375291	True	True	False	small
11_+_63906087_63906114	7day	3	3	0.0182310914018231	0.06779302168021677	0.049561930278393666	0.049561930278393666	0.016062994149005208	0.01881468419115217	0.0	0.0303030303030303	0.046875	0.0833333333333333	True	True	True	small
3_+_139351030_139351060	7day	3	3	0.028132066938037065	0.015625406319999	-0.012506660618038064	0.012506660618038064	0.027313312630907388	0.009385142759563602	0.0	0.0545454545454545	0.0055555555555555	0.0241286863270777	True	True	False	small
20_+_2975214_2975241	7day	3	3	0.31634669678147936	0.32093091866376183	0.004584221882282469	0.004584221882282469	0.1857040726697684	0.20607896612446844	0.1136363636363636	0.4782608695652174	0.1481481481481481	0.5490196078431373	True	True	False	small
6_+_29929018_29929045	7day	3	3	1.0	1.0	0.0	0.0	0.0	0.0	1.0	1.0	1.0	1.0	True	True	False	small
22_-_41681539_41681559	7day	3	3	0.24502804705750694	0.023101183270657365	-0.2219268637868496	0.2219268637868496	0.04304870151175994	0.015534860752702832	0.2011834319526627	0.2872340425531915	0.0058823529411764	0.0360655737704918	True	True	True	strong
5_+_65655635_65655653	7day	3	3	1.0	0.7222222222222223	-0.2777777777777777	0.2777777777777777	0.0	0.1924500897298753	1.0	1.0	0.5	0.8333333333333334	True	True	True	strong
4_+_159344035_159344059	7day	0	2		0.7916666666666667				0.29462782549439476			0.5833333333333334	1.0	False	False	False	not_testable
5_+_146481446_146481476	7day	3	3	0.4722738218094255	0.0	-0.4722738218094255	0.4722738218094255	0.2049056012667931	0.0	0.2666666666666666	0.6764705882352942	0.0	0.0	True	True	True	strong
8_-_140426614_140426641	7day	3	3	0.821501014198783	0.8952991452991452	0.07379813110036226	0.07379813110036226	0.15681756594491258	0.11685905054594285	0.7058823529411765	1.0	0.7692307692307693	1.0	True	True	False	small
17_-_1543019_1543027	7day	3	3	1.0	0.998158379373849	-0.0018416206261510082	0.0018416206261510082	0.0	0.003189780492760355	1.0	1.0	0.994475138121547	1.0	True	True	False	small
10_+_90895453_90895483	7day	3	3	0.10897435897435896	0.4812510337624493	0.37227667478809034	0.37227667478809034	0.12804477150921909	0.06278855286314627	0.0	0.25	0.4232804232804232	0.547945205479452	True	True	True	strong
3_-_112125225_112125254	7day	2	1	1.0	1.0			0.0		1.0	1.0	1.0	1.0	False	False	False	not_testable
2_+_272036_272065	7day	3	3	0.08057940844826088	0.042295912845986904	-0.038283495602273974	0.038283495602273974	0.04340210368837335	0.00416172269113954	0.0317460317460317	0.1147540983606557	0.0398860398860398	0.0471014492753623	True	True	False	small
19_-_39390259_39390289	7day	3	3	0.32455296168054	0.687744373475483	0.363191411794943	0.363191411794943	0.15830682675258917	0.0423027974262882	0.1836734693877551	0.4958677685950413	0.6411042944785276	0.7236363636363636	True	True	True	strong
14_+_105468337_105468349	7day	3	3	0.08149058149058147	0.10897435897435896	0.02748377748377749	0.02748377748377749	0.07197311910015129	0.14758075381113725	0.0	0.1363636363636363	0.0	0.2769230769230769	True	True	False	small
19_+_39458293_39458305	7day	3	3	0.9908743795341733	0.9395989489785793	-0.051275430555594026	0.051275430555594026	0.011631135345743143	0.022968070264300176	0.9777777777777776	1.0	0.9227941176470588	0.9657701711491442	True	True	True	small
5_-_141588223_141588250	7day	3	3	0.2622568559419411	0.27006010434053634	0.007803248398595253	0.007803248398595253	0.12348752100411846	0.06449623928069302	0.1325301204819277	0.3783783783783784	0.2209302325581395	0.3430962343096234	True	True	False	small
4_+_159243773_159243791	7day	0	3		1.0				0.0			1.0	1.0	False	False	False	not_testable
6_-_32181605_32181632	7day	3	2	0.44051932367149754	0.48529411764705876	0.04477479397556122	0.04477479397556122	0.24536960666275687	0.020797258270192617	0.25	0.717391304347826	0.4705882352941176	0.5	True	False	False	small
17_-_15993756_15993778	7day	3	3	1.0	1.0	0.0	0.0	0.0	0.0	1.0	1.0	1.0	1.0	True	True	False	small
2_+_101868028_101868037	7day	3	3	0.07086077674312963	0.32789115646258504	0.2570303797194554	0.2570303797194554	0.08299099693073872	0.15999704981314555	0.0	0.1621621621621621	0.1836734693877551	0.5	True	True	True	strong
1_+_28457831_28457855	7day	2	3	0.15625	0.42203460496143425	0.26578460496143425	0.26578460496143425	0.2209708691207961	0.22144143420609955	0.0	0.3125	0.1666666666666666	0.5609756097560976	True	False	False	strong
11_+_5708576_5708603	7day	3	3	1.0	1.0	0.0	0.0	0.0	0.0	1.0	1.0	1.0	1.0	True	True	False	small
16_-_70679314_70679323	7day	3	1	1.0	0.3333333333333333			0.0		1.0	1.0	0.3333333333333333	0.3333333333333333	False	False	False	not_testable
19_+_1106241_1106266	7day	3	3	0.9753585677185203	0.9755953103480928	0.00023674262957251724	0.00023674262957251724	0.02408565611234544	0.009796597288673017	0.947565543071161	0.990138067061144	0.9662797125483692	0.9858108108108108	True	True	False	small
14_+_55061679_55061701	7day	3	3	0.8193214570056774	0.9771594684385382	0.1578380114328608	0.1578380114328608	0.09321132455409084	0.020285646303644565	0.7129629629629629	0.8867924528301887	0.9612403100775194	1.0	True	True	True	exploratory
14_+_103465423_103465450	7day	3	3	0.46349206349206346	0.015151515151515133	-0.4483405483405483	0.4483405483405483	0.08469410521875624	0.026243194054073868	0.3666666666666666	0.5238095238095238	0.0	0.0454545454545454	True	True	True	strong
5_-_132706450_132706459	7day	1	3	1.0	0.8536324786324786				0.12725341196562234	1.0	1.0	0.7692307692307693	1.0	False	False	False	not_testable
12_-_57305639_57305663	7day	3	2	0.1054673238408178	0.6234817813765182	0.5180144575357004	0.5180144575357004	0.09193593401562618	0.011451121962535135	0.0	0.1686746987951807	0.6153846153846154	0.631578947368421	True	False	True	strong
20_+_58659622_58659634	7day	3	3	0.23215360304781696	0.35361988940543476	0.1214662863576178	0.1214662863576178	0.07152758594902812	0.1460207952532129	0.1497175141242938	0.2777777777777778	0.2512562814070351	0.5208333333333334	True	True	False	exploratory
19_+_45009813_45009822	7day	3	3	0.9597701149425287	0.9359506714030181	-0.0238194435395106	0.0238194435395106	0.06968020490219623	0.060063987612547456	0.8793103448275862	1.0	0.8712871287128713	0.99	True	True	False	small
2_+_69921735_69921765	7day	3	3	1.0	1.0	0.0	0.0	0.0	0.0	1.0	1.0	1.0	1.0	True	True	False	small
3_+_56559568_56559594	7day	3	3	0.5038594149705261	0.9606481481481483	0.45678873317762214	0.45678873317762214	0.09731792235333765	0.03425613098830728	0.4054054054054054	0.6	0.9375	1.0	True	True	True	strong
10_+_6228195_6228218	7day	3	3	0.027777777777777766	0.05597749648382557	0.028199718706047806	0.028199718706047806	0.048112522432468795	0.05147218166611402	0.0	0.0833333333333333	0.0	0.1012658227848101	True	True	False	small
22_-_29329711_29329720	7day	3	3	0.5686783804430863	0.4612663906142167	-0.10741198982886957	0.10741198982886957	0.07677323841192839	0.034345617617157195	0.5194805194805194	0.6571428571428571	0.4345238095238095	0.5	True	True	True	exploratory
1_-_173864674_173864704	7day	3	3	0.0161533923198723	0.0164081557686424	0.00025476344877009907	0.00025476344877009907	0.002349327868520693	0.009124993116656897	0.0134865134865134	0.0179171332586786	0.0098414434117003	0.0268276324614352	True	True	False	small
3_+_133587158_133587161	7day	3	3	0.28362999452654625	0.13518518518518516	-0.1484448093413611	0.1484448093413611	0.17721988292126634	0.09674838641005173	0.1724137931034483	0.488	0.0238095238095238	0.1984126984126984	True	True	False	exploratory
6_-_85538837_85538864	7day	3	3	0.5695806100217865	0.2938859272538567	-0.2756946827679298	0.2756946827679298	0.2779003998540212	0.06722277389105565	0.3823529411764705	0.8888888888888888	0.2272727272727272	0.3617021276595745	True	True	True	strong
17_-_29578961_29578988	7day	3	3	0.03174603174603174	0.0585254988501647	0.02677946710413296	0.02677946710413296	0.05498573992282148	0.05300629865228556	0.0	0.0952380952380952	0.0240963855421686	0.1195652173913043	True	True	False	small
5_+_32586491_32586501	7day	3	3	0.6422147722435079	0.06627184547453427	-0.5759429267689736	0.5759429267689736	0.2738668103741617	0.046260685491026944	0.396551724137931	0.9375	0.0169491525423728	0.108695652173913	True	True	True	strong
2_-_156326311_156326328	7day	3	3	0.0014214641080312668	0.08148148148148147	0.08006001737345021	0.08006001737345021	0.002462048056245729	0.14113006580190848	0.0	0.0042643923240938	0.0	0.2444444444444444	True	True	False	small
16_+_31183486_31183489	7day	3	3	0.06025641025641023	0.08329778519651933	0.023041374940109098	0.023041374940109098	0.07922827977169423	0.010752582671654898	0.0	0.15	0.0725274725274725	0.0940325497287522	True	True	False	small
17_-_41896619_41896649	7day	3	3	1.0	0.8987293604606762	-0.1012706395393238	0.1012706395393238	0.0	0.0393234852833534	1.0	1.0	0.8662420382165605	0.9424460431654677	True	True	True	exploratory
12_-_88130544_88130565	7day	3	3	1.0	1.0	0.0	0.0	0.0	0.0	1.0	1.0	1.0	1.0	True	True	False	small
2_-_121409023_121409047	7day	3	3	0.7836257309941521	0.7388888888888889	-0.044736842105263186	0.044736842105263186	0.1875908179221689	0.21495046802392337	0.6666666666666666	1.0	0.5	0.9166666666666666	True	True	False	small
1_-_1388491_1388510	7day	3	3	0.0717115739529187	0.03507049964135787	-0.036641074311560835	0.036641074311560835	0.040113613370464755	0.013921524853353457	0.0333333333333333	0.1133603238866396	0.0202702702702702	0.0479041916167664	True	True	False	small
12_-_110499534_110499546	7day	2	3	0.5	0.7863630565123102	0.2863630565123102	0.2863630565123102	0.7071067811865476	0.06299726620746432	0.0	1.0	0.746268656716418	0.8589743589743589	True	False	False	strong
1_+_28737657_28737682	7day	3	3	0.9693459693459694	0.9817542583500031	0.012408289004033679	0.012408289004033679	0.03261912063518879	0.016005062070412364	0.935064935064935	1.0	0.97008547008547	1.0	True	True	False	small
X_+_150712341_150712365	7day	3	3	1.0	1.0	0.0	0.0	0.0	0.0	1.0	1.0	1.0	1.0	True	True	False	small
10_-_103105357_103105381	7day	3	3	0.936936936936937	0.6474984171050068	-0.28943851983193025	0.28943851983193025	0.10922842930614539	0.15952080104494354	0.8108108108108109	1.0	0.4915254237288136	0.8103448275862069	True	True	True	strong
20_+_49096175_49096200	7day	3	3	0.0	0.007196969696969667	0.007196969696969667	0.007196969696969667	0.0	0.006461637162587858	0.0	0.0	0.0	0.0125	True	True	False	small
2_-_70289349_70289372	7day	3	3	0.9891633211147961	0.9706672704311385	-0.01849605068365756	0.01849605068365756	0.00951183626932195	0.010463592496379221	0.9821958456973294	1.0	0.9602272727272728	0.9811542991755006	True	True	True	small
1_+_172577538_172577559	7day	3	3	1.0	1.0	0.0	0.0	0.0	0.0	1.0	1.0	1.0	1.0	True	True	False	small
7_-_43887789_43887816	7day	2	3	1.0	0.9296969696969697	-0.07030303030303031	0.07030303030303031	0.0	0.0625975822238805	1.0	1.0	0.88	1.0	True	False	False	small
4_+_27007982_27008006	7day	3	3	0.5048948670891573	0.14789869628579302	-0.3569961708033643	0.3569961708033643	0.16915544766542312	0.030312623774384734	0.3414634146341463	0.6792452830188679	0.119047619047619	0.1794871794871795	True	True	True	strong
1_-_155203512_155203539	7day	3	2	0.9655172413793104	1.0	0.03448275862068961	0.03448275862068961	0.05972588991616817	0.0	0.896551724137931	1.0	1.0	1.0	True	False	False	small
5_+_176099020_176099045	7day	3	0	1.0				0.0		1.0	1.0			False	False	False	not_testable
X_-_23734340_23734367	7day	3	3	1.0	0.8979283721285785	-0.10207162787142154	0.10207162787142154	0.0	0.024045312856406355	1.0	1.0	0.8705882352941177	0.9157894736842104	True	True	True	exploratory
1_-_205115857_205115883	7day	1	3	1.0	1.0				0.0	1.0	1.0	1.0	1.0	False	False	False	not_testable
17_+_45234831_45234849	7day	3	3	0.13661794458895904	0.1175265633777381	-0.019091381211220934	0.019091381211220934	0.05484641140618994	0.0466406333824748	0.0769230769230769	0.1847826086956521	0.0637329286798179	0.1466666666666666	True	True	False	small
11_+_118364677_118364703	7day	3	3	0.5074074074074074	0.10256410256410257	-0.40484330484330483	0.40484330484330483	0.4576285265504732	0.177646236673731	0.0	0.8888888888888888	0.0	0.3076923076923077	True	True	False	strong
15_+_40854059_40854086	7day	0	3		1.0				0.0			1.0	1.0	False	False	False	not_testable
10_+_89013342_89013367	7day	0	3		0.18658149389442172				0.018089205039852018			0.1666666666666666	0.2019950124688279	False	False	False	not_testable
1_+_78620943_78620971	7day	2	3	0.2727272727272727	0.15661930451080205	-0.11610796821647065	0.11610796821647065	0.385694607919935	0.02752225463985126	0.0	0.5454545454545454	0.1333333333333333	0.1869918699186991	True	False	False	exploratory
4_-_82899712_82899737	7day	3	3	0.6198879551820728	0.15311986863710994	-0.46676808654496293	0.46676808654496293	0.1384549947141068	0.05516270000108736	0.5	0.7714285714285715	0.1071428571428571	0.2142857142857142	True	True	True	strong
1_+_161339561_161339588	7day	3	3	0.26809269162210336	0.022124863088718468	-0.2459678285333849	0.2459678285333849	0.2503595363331791	0.024337142366149093	0.0588235294117647	0.5454545454545454	0.0	0.0481927710843373	True	True	True	strong
14_-_65101545_65101572	7day	3	3	0.8998694885361552	0.882922528388172	-0.016946960147983248	0.016946960147983248	0.08459637863670637	0.03488736705907368	0.8148148148148148	0.984	0.8469945355191257	0.9166666666666666	True	True	False	small
14_-_21263310_21263336	7day	3	3	0.2662915757673248	0.8087595336597996	0.5424679578924747	0.5424679578924747	0.035171353339094054	0.02926584926839412	0.2273901808785529	0.295843520782396	0.7777777777777778	0.8359375	True	True	True	strong
5_-_177310667_177310697	7day	2	3	1.0	0.9537037037037036	-0.04629629629629639	0.04629629629629639	0.0	0.020566989432442048	1.0	1.0	0.9393939393939394	0.9772727272727272	True	False	True	small
3_+_37337142_37337163	7day	3	3	0.9102564102564102	0.8519204200055265	-0.05833599025088376	0.05833599025088376	0.15544045708951465	0.09354334108457012	0.7307692307692307	1.0	0.7714285714285715	0.9545454545454546	True	True	False	small
1_+_39436481_39436490	7day	3	3	0.8094325852946542	0.8917753786174839	0.08234279332282968	0.08234279332282968	0.10120870859981577	0.0759390272503082	0.6984126984126984	0.896551724137931	0.8055555555555556	0.9487179487179488	True	True	False	small
18_+_51049294_51049324	7day	1	3	1.0	1.0				0.0	1.0	1.0	1.0	1.0	False	False	False	not_testable
12_-_68316580_68316610	7day	1	2	0.8	1.0				0.0	0.8	0.8	1.0	1.0	False	False	False	not_testable
8_+_144242601_144242628	7day	3	3	0.8271873790166473	0.6792929292929294	-0.1478944497237179	0.1478944497237179	0.13423432668884475	0.1831286945385444	0.7142857142857143	0.975609756097561	0.4848484848484848	0.8484848484848485	True	True	False	exploratory
11_+_70350993_70351023	7day	2	3	0.569327731092437	0.21581196581196574	-0.35351576528047124	0.35351576528047124	0.30601680026140504	0.12566936711566337	0.3529411764705882	0.7857142857142857	0.0833333333333333	0.3333333333333333	True	False	True	strong
11_+_62141499_62141511	7day	2	3	0.8529411764705883	0.826669661575322	-0.026271514895266357	0.026271514895266357	0.2079725827019257	0.1030310334675752	0.7058823529411765	1.0	0.7142857142857143	0.9166666666666666	True	False	False	small
19_+_35009422_35009443	7day	3	3	0.9722160916157826	0.9912280701754387	0.019011978559656084	0.019011978559656084	0.029060129900026068	0.015193428136569083	0.9420289855072465	1.0	0.9736842105263158	1.0	True	True	False	small
17_+_67553609_67553617	7day	3	3	1.0	1.0	0.0	0.0	0.0	0.0	1.0	1.0	1.0	1.0	True	True	False	small
15_-_50346371_50346395	7day	2	3	0.18039215686274504	0.5138257575757575	0.33343360071301253	0.33343360071301253	0.1608321306228226	0.26651078809717316	0.0666666666666666	0.2941176470588235	0.2727272727272727	0.8	True	False	False	strong
17_+_42985650_42985656	7day	3	3	0.3333333333333333	0.5386158886158886	0.2052825552825553	0.2052825552825553	0.5773502691896258	0.19001964949628442	0.0	1.0	0.4090909090909091	0.7567567567567568	True	True	False	strong
16_+_19575097_19575122	7day	2	3	1.0	1.0	0.0	0.0	0.0	0.0	1.0	1.0	1.0	1.0	True	False	False	small
10_+_78040203_78040225	7day	3	3	0.7310387120489756	0.41428226706994414	-0.3167564449790315	0.3167564449790315	0.024080731496342628	0.008480824301901743	0.7057627118644068	0.7537128712871287	0.4045034829094444	0.4196254389387436	True	True	True	strong
5_-_151110626_151110644	7day	3	3	0.8310847274689692	0.905311667866734	0.07422694039776478	0.07422694039776478	0.1652671893582627	0.0263408609285536	0.6697247706422018	1.0	0.8810572687224669	0.9333333333333332	True	True	False	small
10_+_99750368_99750396	7day	3	3	1.0	0.9347262272794188	-0.06527377272058121	0.06527377272058121	0.0	0.037891653731487965	1.0	1.0	0.8936170212765957	0.9682539682539684	True	True	True	small
8_-_27290155_27290178	7day	2	3	0.6053639846743295	0.9969135802469137	0.3915495955725842	0.3915495955725842	0.07043975598026907	0.0053458358258298274	0.5555555555555556	0.6551724137931034	0.9907407407407408	1.0	True	False	True	strong
11_-_5667688_5667711	7day	1	3	1.0	1.0				0.0	1.0	1.0	1.0	1.0	False	False	False	not_testable
9_+_128162003_128162007	7day	3	3	0.06151354446319637	0.11579346221921837	0.054279917756022	0.054279917756022	0.05359869777140832	0.01616457180034897	0.0038167938931297	0.1097560975609756	0.0971786833855799	0.1262886597938144	True	True	False	small
11_-_78441090_78441117	7day	2	3	0.6958041958041958	0.6132815390307066	-0.08252265677348924	0.08252265677348924	0.2126265146225283	0.15532289682008962	0.5454545454545454	0.8461538461538461	0.4339622641509434	0.7058823529411765	True	False	False	small
13_+_25319325_25319350	7day	3	3	0.13015873015873014	0.9780723557028445	0.8479136255441143	0.8479136255441143	0.11282130567566259	0.0211722520334394	0.0	0.2	0.9577464788732394	1.0	True	True	True	strong
10_-_26771074_26771089	7day	3	3	0.08819603356216626	0.17052513345700723	0.08232909989484097	0.08232909989484097	0.03620012960725869	0.07317944024910429	0.0526315789473684	0.125	0.1134020618556701	0.253012048192771	True	True	False	small
2_+_237987962_237987992	7day	3	3	1.0	0.9890472763364536	-0.010952723663546382	0.010952723663546382	0.0	0.0019162757111795925	1.0	1.0	0.9876325088339224	0.9912280701754386	True	True	True	small
1_-_173865541_173865547	7day	3	3	0.0014181770214416998	0.006275074098453501	0.004856897077011801	0.004856897077011801	0.0012370681299190979	0.0004912292439720445	0.0	0.0022753128555176	0.0059479553903345	0.0068399452804377	True	True	True	small
17_-_16151589_16151616	7day	3	3	0.2159090909090909	0.29955455610697546	0.08364546519788454	0.08364546519788454	0.19384911487763615	0.14985199389624843	0.0	0.375	0.1290322580645161	0.4102564102564102	True	True	False	small
19_-_14152132_14152150	7day	3	3	0.7839937071010797	0.9047619047619048	0.12076819766082503	0.12076819766082503	0.1224276350731627	0.1649572197684645	0.6511627906976745	0.8923076923076924	0.7142857142857143	1.0	True	True	False	exploratory
12_-_6330266_6330295	7day	3	3	0.557422969187675	0.5664697811073482	0.00904681191967327	0.00904681191967327	0.4292574286720566	0.05835808715208761	0.1428571428571428	1.0	0.5161290322580645	0.6304347826086957	True	True	False	small
3_-_180986997_180987022	7day	3	3	0.08940825497526524	0.03216592151018377	-0.057242333465081466	0.057242333465081466	0.07556649290794452	0.014764318769108522	0.0329670329670329	0.1752577319587628	0.0227272727272727	0.0491803278688524	True	True	False	small
2_+_241324215_241324241	7day	3	3	0.9535330261136713	0.9865122733975191	0.03297924728384782	0.03297924728384782	0.05496651515515226	0.012467407278924866	0.8928571428571429	1.0	0.9754098360655736	1.0	True	True	False	small
22_+_30023456_30023483	7day	3	3	0.4352770885028949	0.18718648473034438	-0.24809060377255054	0.24809060377255054	0.2469857923495381	0.0983755239166851	0.2307692307692307	0.7096774193548387	0.1052631578947368	0.2962962962962963	True	True	False	strong
1_-_58690225_58690249	7day	3	3	0.4368131868131868	0.3990818549642079	-0.03773133184897892	0.03773133184897892	0.42374536890039666	0.18580008062605755	0.0	0.8461538461538461	0.2647058823529412	0.6111111111111112	True	True	False	small
15_-_52348817_52348826	7day	3	3	0.9509803921568628	0.7469820152746983	-0.2039983768821645	0.2039983768821645	0.08490445135141557	0.07616777641978195	0.8529411764705882	1.0	0.6666666666666666	0.8181818181818182	True	True	True	strong
8_-_124580550_124580562	7day	0	3		0.17396521478273907				0.03839810667783271			0.135593220338983	0.2123893805309734	False	False	False	not_testable
12_+_62566013_62566031	7day	2	3	0.7708333333333333	0.9365079365079366	0.16567460317460336	0.16567460317460336	0.14731391274719743	0.07273929674533083	0.6666666666666666	0.875	0.8571428571428571	1.0	True	False	False	exploratory
15_-_78294945_78294973	7day	2	3	1.0	0.9833333333333334	-0.016666666666666607	0.016666666666666607	0.0	0.028867513459481315	1.0	1.0	0.95	1.0	True	False	False	small
19_+_2097928_2097955	7day	2	3	0.6111111111111112	0.6974940415389854	0.08638293042787426	0.08638293042787426	0.5499719409228703	0.09276395877314446	0.2222222222222222	1.0	0.5909090909090909	0.76	True	False	False	small
20_-_50945736_50945762	7day	3	3	0.6152293776910448	0.6473281738290884	0.03209879613804356	0.03209879613804356	0.0033742981634860398	0.026738130472821982	0.6113744075829384	0.6176470588235294	0.6194690265486725	0.672782874617737	True	True	True	small
12_-_42322417_42322446	7day	3	3	0.4367955721679126	0.0018939393939393665	-0.4349016327739732	0.4349016327739732	0.1621819132510978	0.0032803992567591897	0.2553191489361702	0.5675675675675675	0.0	0.0056818181818181	True	True	True	strong
17_-_75146665_75146684	7day	3	3	1.0	1.0	0.0	0.0	0.0	0.0	1.0	1.0	1.0	1.0	True	True	False	small
1_+_222648828_222648850	7day	3	3	0.9866666666666667	1.0	0.013333333333333308	0.013333333333333308	0.023094010767585053	0.0	0.96	1.0	1.0	1.0	True	True	False	small
20_+_32367726_32367729	7day	3	3	0.9577352472089314	0.9275898692810459	-0.03014537792788552	0.03014537792788552	0.06215876989183132	0.04549231114434483	0.8863636363636364	1.0	0.8823529411764706	0.9733333333333334	True	True	False	small
17_-_10729030_10729060	7day	1	2	1.0	0.7752525252525253				0.003571246369629051	1.0	1.0	0.7727272727272727	0.7777777777777778	False	False	False	not_testable
10_-_71823887_71823896	7day	3	3	0.19583550931319374	0.0192350122053225	-0.17660049710787123	0.17660049710787123	0.09542104809326986	0.00801807622566755	0.0909090909090909	0.2774193548387096	0.0104166666666666	0.0260869565217391	True	True	True	exploratory
17_-_7676381_7676403	7day	3	3	0.5188120337374068	0.5161747009273023	-0.0026373328101044757	0.0026373328101044757	0.1024513206137568	0.05058347251134341	0.4230769230769231	0.6268656716417911	0.4602888086642599	0.5588235294117647	True	True	False	small
6_+_31587943_31587966	7day	3	3	0.6639249639249639	0.21047948957084273	-0.4534454743541212	0.4534454743541212	0.2525670136567699	0.013598597217307067	0.3857142857142857	0.8787878787878788	0.1976284584980237	0.2247191011235955	True	True	True	strong
6_+_169766637_169766667	7day	3	3	0.9871794871794872	1.0	0.012820512820512775	0.012820512820512775	0.02220577958421636	0.0	0.9615384615384616	1.0	1.0	1.0	True	True	False	small
11_+_64354003_64354028	7day	3	3	0.06986598127251316	0.06492541275149967	-0.004940568521013489	0.004940568521013489	0.036226656645639135	0.05049199959294439	0.0313199105145413	0.1032110091743119	0.0253623188405797	0.1217948717948717	True	True	False	small
12_+_105348601_105348626	7day	1	3	1.0	1.0				0.0	1.0	1.0	1.0	1.0	False	False	False	not_testable
17_-_1515568_1515585	7day	3	3	0.03993055555555553	0.09817754262198704	0.058246987066431506	0.058246987066431506	0.048393610641549845	0.13099122142460135	0.0	0.09375	0.0	0.2469135802469135	True	True	False	small
9_+_128609650_128609665	7day	3	3	0.466284348864994	0.29294738389182834	-0.17333696497316564	0.17333696497316564	0.05445907591878369	0.07879389215647992	0.4111111111111111	0.52	0.2469135802469135	0.3839285714285714	True	True	True	exploratory
22_+_17097061_17097086	7day	3	3	1.0	0.9777777777777777	-0.022222222222222254	0.022222222222222254	0.0	0.03849001794597511	1.0	1.0	0.9333333333333332	1.0	True	True	False	small
16_-_67236410_67236434	7day	2	3	0.6451612903225806	0.14445970695970692	-0.5007015833628737	0.5007015833628737	0.5018177156807757	0.07131070332740257	0.2903225806451613	1.0	0.0625	0.1923076923076923	True	False	True	strong
11_-_47635544_47635571	7day	3	3	1.0	0.9668116511502637	-0.033188348849736315	0.033188348849736315	0.0	0.01666937397351436	1.0	1.0	0.9498432601880876	0.9831649831649832	True	True	True	small
19_-_3017839_3017859	7day	3	0	0.8690476190476191				0.2268161771816387		0.6071428571428571	1.0			False	False	False	not_testable
1_-_32634767_32634792	7day	3	3	0.3947368421052631	0.6655710795541304	0.2708342374488673	0.2708342374488673	0.3540427380808871	0.09615336666490241	0.0	0.6842105263157895	0.5945945945945946	0.775	True	True	False	strong
19_+_10808568_10808580	7day	3	3	0.9733333333333333	0.8921399597489937	-0.08119337358433953	0.08119337358433953	0.046188021535170036	0.019430208517922192	0.92	1.0	0.8805970149253731	0.914572864321608	True	True	True	small
12_-_6549475_6549484	7day	2	3	0.5	0.6489820565907521	0.14898205659075214	0.14898205659075214	0.7071067811865476	0.41820379359132953	0.0	1.0	0.1666666666666666	0.9107142857142856	True	False	False	exploratory
16_-_28905866_28905878	7day	3	3	0.9833333333333334	0.9940476190476191	0.010714285714285676	0.010714285714285676	0.028867513459481315	0.010309826235528995	0.95	1.0	0.9821428571428572	1.0	True	True	False	small
13_-_21425651_21425678	7day	3	3	1.0	0.9698989898989899	-0.030101010101010073	0.030101010101010073	0.0	0.030000510147687818	1.0	1.0	0.94	1.0	True	True	False	small
14_+_55137369_55137391	7day	1	3	1.0	1.0				0.0	1.0	1.0	1.0	1.0	False	False	False	not_testable
11_+_112230207_112230230	7day	3	3	0.6334659593280283	0.4943170360593228	-0.13914892326870548	0.13914892326870548	0.23368054187580178	0.04778070887334571	0.45	0.896551724137931	0.4393939393939394	0.5263157894736842	True	True	False	exploratory
17_-_8589080_8589108	7day	0	3		1.0				0.0			1.0	1.0	False	False	False	not_testable
19_+_18122106_18122127	7day	3	3	0.2857142857142857	0.8166666666666668	0.5309523809523811	0.5309523809523811	0.49487165930539345	0.2753785273643051	0.0	0.8571428571428571	0.5	1.0	True	True	False	strong
10_-_31839304_31839319	7day	3	1	0.9824561403508772	1.0			0.030386856273138165		0.9473684210526316	1.0	1.0	1.0	False	False	False	not_testable
19_+_53563762_53563792	7day	3	3	0.11946267432321574	0.28613053613053613	0.1666678618073204	0.1666678618073204	0.07910365285989793	0.15357108807022268	0.0377358490566037	0.1956521739130435	0.1538461538461538	0.4545454545454545	True	True	False	exploratory
16_+_57062158_57062173	7day	3	3	0.2836302552063663	0.06657393421685166	-0.21705632098951466	0.21705632098951466	0.031395068642548526	0.02531495308892724	0.2486187845303867	0.3092783505154639	0.044776119402985	0.0943396226415094	True	True	True	strong
20_-_63943652_63943669	7day	3	3	1.0	0.9862021857923496	-0.01379781420765036	0.01379781420765036	0.0	0.012700510428826748	1.0	1.0	0.975	1.0	True	True	False	small
6_-_34247466_34247492	7day	2	3	1.0	0.9467905974270896	-0.0532094025729104	0.0532094025729104	0.0	0.06036768198471389	1.0	1.0	0.8811881188118812	1.0	True	False	False	small
14_+_39279336_39279358	7day	3	3	1.0	1.0	0.0	0.0	0.0	0.0	1.0	1.0	1.0	1.0	True	True	False	small
3_+_184180644_184180650	7day	3	3	0.20879508939301492	0.22280723478543787	0.014012145392422959	0.014012145392422959	0.0772826637047588	0.042355900900356916	0.1272727272727272	0.2809917355371901	0.1750380517503805	0.2557803468208092	True	True	False	small
14_+_52004239_52004242	7day	3	3	0.03009078668307877	0.005421788893598967	-0.024668997789479803	0.024668997789479803	0.04759843815683571	0.008184861796717534	0.0	0.0849673202614379	0.0	0.0148367952522255	True	True	False	small
X_-_48998153_48998180	7day	3	3	0.9869791666666666	0.9241899063813682	-0.06278926028529841	0.06278926028529841	0.022552744890219755	0.07765251306125714	0.9609375	1.0	0.8349514563106796	0.9763779527559056	True	True	False	small
9_+_128627924_128627942	7day	3	3	0.8596598520589435	0.8086387900413133	-0.051021062017630125	0.051021062017630125	0.042358047425289834	0.022992339826003905	0.8247422680412371	0.9067796610169492	0.7866108786610879	0.8324873096446701	True	True	False	small
19_-_6479986_6479990	7day	3	3	0.11399785896430187	0.04875541125541124	-0.06524244770889062	0.06524244770889062	0.027864377073949096	0.03631363645330309	0.087248322147651	0.1428571428571428	0.0075757575757575	0.0761904761904762	True	True	True	small
16_+_3067983_3068010	7day	3	3	0.9691289294351525	0.9767680424130954	0.007639112977942952	0.007639112977942952	0.018119802485144252	0.0013279963838284728	0.950375939849624	0.9865410497981156	0.9756973542439842	0.9782540675844806	True	True	False	small
3_+_180915675_180915696	7day	3	0	0.9242424242424243				0.08436006610348516		0.8333333333333334	1.0			False	False	False	not_testable
9_+_131232283_131232308	7day	3	3	0.9165362545644236	0.9738920225624496	0.057355767998026	0.057355767998026	0.12099094800329437	0.02748811781873535	0.7777777777777778	1.0	0.9452054794520548	1.0	True	True	False	small
12_-_76049755_76049785	7day	3	3	0.8327128499699885	0.9024923759290067	0.06977952595901815	0.06977952595901815	0.034194040046538546	0.005123168604396641	0.7985004686035614	0.8668885191347754	0.8980263157894737	0.9080851063829788	True	True	True	small
19_+_55343977_55343997	7day	3	3	1.0	1.0	0.0	0.0	0.0	0.0	1.0	1.0	1.0	1.0	True	True	False	small
18_+_35972884_35972907	7day	3	3	0.43948615177889055	0.7786580086580086	0.33917185687911805	0.33917185687911805	0.1873614725856069	0.0368285320536115	0.2231404958677686	0.5481481481481482	0.7380952380952381	0.81	True	True	True	strong
5_+_176103755_176103780	7day	3	1	1.0	1.0			0.0		1.0	1.0	1.0	1.0	False	False	False	not_testable
16_+_31182397_31182422	7day	3	3	1.0	1.0	0.0	0.0	0.0	0.0	1.0	1.0	1.0	1.0	True	True	False	small
2_+_169614463_169614493	7day	3	3	0.9624413145539906	1.0	0.03755868544600938	0.03755868544600938	0.06505355145798598	0.0	0.8873239436619719	1.0	1.0	1.0	True	True	False	small
10_-_68073656_68073686	7day	3	3	1.0	1.0	0.0	0.0	0.0	0.0	1.0	1.0	1.0	1.0	True	True	False	small
5_+_111094919_111094947	7day	3	3	1.0	1.0	0.0	0.0	0.0	0.0	1.0	1.0	1.0	1.0	True	True	False	small
15_+_44716328_44716356	7day	3	3	0.3969342655657592	0.4082335554862207	0.011299289920461475	0.011299289920461475	0.01690246658146208	0.010950713585623618	0.381940176193403	0.4152514922955902	0.3955919395465995	0.4147998993204128	True	True	False	small
15_-_48166120_48166128	7day	1	3	1.0	1.0				0.0	1.0	1.0	1.0	1.0	False	False	False	not_testable
22_-_27897129_27897137	7day	3	3	1.0	1.0	0.0	0.0	0.0	0.0	1.0	1.0	1.0	1.0	True	True	False	small
2_-_95901177_95901206	7day	1	0	1.0						1.0	1.0			False	False	False	not_testable
16_+_81693157_81693184	7day	3	3	1.0	1.0	0.0	0.0	0.0	0.0	1.0	1.0	1.0	1.0	True	True	False	small
19_+_18433584_18433613	7day	3	3	0.9131742961530196	0.993514915693904	0.08034061954088445	0.08034061954088445	0.01541700987229811	0.011232495509525818	0.896969696969697	0.9276595744680852	0.980544747081712	1.0	True	True	True	small
16_-_23478882_23478911	7day	3	3	1.0	1.0	0.0	0.0	0.0	0.0	1.0	1.0	1.0	1.0	True	True	False	small
1_+_43958241_43958268	7day	0	3		1.0				0.0			1.0	1.0	False	False	False	not_testable
19_+_45070536_45070561	7day	3	3	1.0	1.0	0.0	0.0	0.0	0.0	1.0	1.0	1.0	1.0	True	True	False	small
9_+_130200957_130200982	7day	0	3		1.0				0.0			1.0	1.0	False	False	False	not_testable
8_+_2142374_2142397	7day	0	1		1.0							1.0	1.0	False	False	False	not_testable
1_+_223757368_223757380	7day	3	3	1.0	1.0	0.0	0.0	0.0	0.0	1.0	1.0	1.0	1.0	True	True	False	small
11_+_118349026_118349050	7day	3	3	1.0	1.0	0.0	0.0	0.0	0.0	1.0	1.0	1.0	1.0	True	True	False	small
6_+_144846804_144846827	7day	3	3	1.0	1.0	0.0	0.0	0.0	0.0	1.0	1.0	1.0	1.0	True	True	False	small
1_-_228397142_228397165	7day	3	3	1.0	1.0	0.0	0.0	0.0	0.0	1.0	1.0	1.0	1.0	True	True	False	small
15_-_50578638_50578664	7day	3	3	1.0	0.9606192549588776	-0.039380745041122434	0.039380745041122434	0.0	0.034193860505873856	1.0	1.0	0.9384615384615383	1.0	True	True	False	small
20_+_45813436_45813464	7day	0	3		1.0				0.0			1.0	1.0	False	False	False	not_testable
15_+_42402123_42402135	7day	3	3	0.800358422939068	0.5666666666666667	-0.23369175627240135	0.23369175627240135	0.28997656268461786	0.5131601439446883	0.4677419354838709	1.0	0.0	1.0	True	True	False	strong
2_+_205766782_205766803	7day	0	3		0.8283597883597884				0.07615166560016494			0.7428571428571429	0.8888888888888888	False	False	False	not_testable
14_-_75022994_75023018	7day	1	3	1.0	1.0				0.0	1.0	1.0	1.0	1.0	False	False	False	not_testable
11_-_62852655_62852681	7day	3	3	0.24504283865963813	0.051461988304093535	-0.1935808503555446	0.1935808503555446	0.025901167889486792	0.04579361859754826	0.2265625	0.2746478873239437	0.0	0.087719298245614	True	True	True	exploratory
22_+_31192683_31192702	7day	2	3	1.0	1.0	0.0	0.0	0.0	0.0	1.0	1.0	1.0	1.0	True	False	False	small
22_-_41468123_41468147	7day	3	3	0.9759744188056348	0.9967845659163986	0.020810147110763788	0.020810147110763788	0.020864835157092018	0.005569295201186174	0.962406015037594	1.0	0.990353697749196	1.0	True	True	False	small
19_+_17861292_17861307	7day	3	3	0.032020298200669504	0.2518122898691619	0.21979199166849236	0.21979199166849236	0.006031811128787793	0.05061726391835043	0.0275862068965517	0.0388888888888888	0.2179487179487179	0.31	True	True	True	strong
10_-_24666984_24667009	7day	1	3	1.0	1.0				0.0	1.0	1.0	1.0	1.0	False	False	False	not_testable
11_+_118307287_118307308	7day	3	3	1.0	1.0	0.0	0.0	0.0	0.0	1.0	1.0	1.0	1.0	True	True	False	small
10_-_114440081_114440089	7day	3	3	1.0	1.0	0.0	0.0	0.0	0.0	1.0	1.0	1.0	1.0	True	True	False	small
2_+_97207810_97207839	7day	2	0	1.0				0.0		1.0	1.0			False	False	False	not_testable
5_-_177740776_177740801	7day	3	2	1.0	1.0	0.0	0.0	0.0	0.0	1.0	1.0	1.0	1.0	True	False	False	small
22_+_17105590_17105602	7day	3	3	1.0	1.0	0.0	0.0	0.0	0.0	1.0	1.0	1.0	1.0	True	True	False	small
22_+_20553144_20553174	7day	3	3	0.9778590966215717	1.0	0.022140903378428334	0.022140903378428334	0.02415665845411874	0.0	0.9520958083832336	1.0	1.0	1.0	True	True	False	small
3_-_52409713_52409743	7day	3	3	1.0	1.0	0.0	0.0	0.0	0.0	1.0	1.0	1.0	1.0	True	True	False	small
11_+_48110057_48110076	7day	3	3	1.0	1.0	0.0	0.0	0.0	0.0	1.0	1.0	1.0	1.0	True	True	False	small
17_-_41620535_41620558	7day	0	3		1.0				0.0			1.0	1.0	False	False	False	not_testable
6_+_26448616_26448637	7day	3	1	1.0	1.0			0.0		1.0	1.0	1.0	1.0	False	False	False	not_testable
1_-_183564004_183564030	7day	0	3		1.0				0.0			1.0	1.0	False	False	False	not_testable
21_+_46000758_46000767	7day	3	3	1.0	1.0	0.0	0.0	0.0	0.0	1.0	1.0	1.0	1.0	True	True	False	small
1_+_168239130_168239160	7day	3	3	1.0	1.0	0.0	0.0	0.0	0.0	1.0	1.0	1.0	1.0	True	True	False	small
2_-_237359361_237359388	7day	2	0	1.0				0.0		1.0	1.0			False	False	False	not_testable
4_-_152644414_152644442	7day	1	2	1.0	1.0				0.0	1.0	1.0	1.0	1.0	False	False	False	not_testable
18_-_74260914_74260944	7day	3	3	1.0	0.9795186891961086	-0.020481310803891373	0.020481310803891373	0.0	0.024497437202059737	1.0	1.0	0.9523809523809524	1.0	True	True	False	small
12_+_110636480_110636501	7day	1	0	1.0						1.0	1.0			False	False	False	not_testable
1_+_42659227_42659251	7day	3	3	0.728102304149776	0.9687979539641942	0.24069564981441827	0.24069564981441827	0.2214617038538123	0.02957477345365482	0.4893617021276595	0.926829268292683	0.9411764705882352	1.0	True	True	True	strong
1_-_41160874_41160898	7day	2	0	1.0				0.0		1.0	1.0			False	False	False	not_testable
15_-_49028143_49028168	7day	3	3	1.0	1.0	0.0	0.0	0.0	0.0	1.0	1.0	1.0	1.0	True	True	False	small
3_+_42630545_42630575	7day	3	3	0.22160020226183183	0.5394957983193277	0.31789559605749584	0.31789559605749584	0.10181991799019743	0.12658709282454148	0.1571428571428571	0.3389830508474576	0.4	0.6470588235294118	True	True	True	strong
19_-_38922237_38922267	7day	3	3	0.521062271062271	0.947114556416882	0.42605228535461104	0.42605228535461104	0.1994803154409984	0.04678739190586039	0.3846153846153846	0.75	0.9111111111111112	1.0	True	True	True	strong
19_+_17275800_17275825	7day	3	3	0.9841269841269842	0.9687575450287316	-0.015369439098252613	0.015369439098252613	0.027492869961410715	0.004853142656527067	0.9523809523809524	1.0	0.9658119658119658	0.9743589743589745	True	True	False	small
17_-_28350765_28350792	7day	3	3	1.0	1.0	0.0	0.0	0.0	0.0	1.0	1.0	1.0	1.0	True	True	False	small
10_-_119161054_119161081	7day	2	3	0.8361111111111111	0.8516903451862801	0.015579234075168924	0.015579234075168924	0.04321208107251124	0.13423777954844698	0.8055555555555556	0.8666666666666667	0.7090909090909091	0.975609756097561	True	False	False	small
2_+_42264705_42264731	7day	3	3	1.0	1.0	0.0	0.0	0.0	0.0	1.0	1.0	1.0	1.0	True	True	False	small
11_+_121306458_121306486	7day	3	3	0.496937283685404	0.0	-0.496937283685404	0.496937283685404	0.20854129709688826	0.0	0.3673469387755102	0.7375	0.0	0.0	True	True	True	strong
14_-_52658123_52658150	7day	3	3	1.0	1.0	0.0	0.0	0.0	0.0	1.0	1.0	1.0	1.0	True	True	False	small
2_-_73023187_73023214	7day	1	3	1.0	1.0				0.0	1.0	1.0	1.0	1.0	False	False	False	not_testable
17_-_64353490_64353518	7day	3	3	1.0	1.0	0.0	0.0	0.0	0.0	1.0	1.0	1.0	1.0	True	True	False	small
17_+_27585656_27585661	7day	1	3	1.0	1.0				0.0	1.0	1.0	1.0	1.0	False	False	False	not_testable
2_+_113632914_113632944	7day	3	3	1.0	1.0	0.0	0.0	0.0	0.0	1.0	1.0	1.0	1.0	True	True	False	small
6_-_13652658_13652681	7day	3	3	1.0	1.0	0.0	0.0	0.0	0.0	1.0	1.0	1.0	1.0	True	True	False	small
3_-_129159153_129159176	7day	3	3	1.0	1.0	0.0	0.0	0.0	0.0	1.0	1.0	1.0	1.0	True	True	False	small
10_-_119159727_119159753	7day	2	3	1.0	1.0	0.0	0.0	0.0	0.0	1.0	1.0	1.0	1.0	True	False	False	small
6_+_25973053_25973076	7day	3	3	1.0	1.0	0.0	0.0	0.0	0.0	1.0	1.0	1.0	1.0	True	True	False	small
2_+_97250143_97250173	7day	3	2	1.0	1.0	0.0	0.0	0.0	0.0	1.0	1.0	1.0	1.0	True	False	False	small
19_+_35148693_35148723	7day	3	1	1.0	1.0			0.0		1.0	1.0	1.0	1.0	False	False	False	not_testable
2_-_95927380_95927409	7day	3	2	1.0	1.0	0.0	0.0	0.0	0.0	1.0	1.0	1.0	1.0	True	False	False	small
19_+_41893273_41893303	7day	3	3	1.0	0.9990627928772259	-0.0009372071227741197	0.0009372071227741197	0.0	0.001623290353860218	1.0	1.0	0.9971883786316776	1.0	True	True	False	small
11_+_113323993_113324015	7day	2	3	1.0	1.0	0.0	0.0	0.0	0.0	1.0	1.0	1.0	1.0	True	False	False	small
X_-_40729318_40729345	7day	3	3	1.0	1.0	0.0	0.0	0.0	0.0	1.0	1.0	1.0	1.0	True	True	False	small
1_-_19770541_19770569	7day	3	3	1.0	1.0	0.0	0.0	0.0	0.0	1.0	1.0	1.0	1.0	True	True	False	small
11_+_123584311_123584332	7day	0	3		1.0				0.0			1.0	1.0	False	False	False	not_testable
6_+_26466061_26466088	7day	3	3	1.0	1.0	0.0	0.0	0.0	0.0	1.0	1.0	1.0	1.0	True	True	False	small
6_-_135404950_135404977	7day	1	3	1.0	1.0				0.0	1.0	1.0	1.0	1.0	False	False	False	not_testable
2_-_174380803_174380814	7day	3	3	1.0	1.0	0.0	0.0	0.0	0.0	1.0	1.0	1.0	1.0	True	True	False	small
2_+_97217176_97217205	7day	3	3	1.0	1.0	0.0	0.0	0.0	0.0	1.0	1.0	1.0	1.0	True	True	False	small
6_+_26411108_26411135	7day	3	0	1.0				0.0		1.0	1.0			False	False	False	not_testable
17_-_3881626_3881648	7day	0	1		1.0							1.0	1.0	False	False	False	not_testable
11_+_5706593_5706616	7day	3	3	1.0	1.0	0.0	0.0	0.0	0.0	1.0	1.0	1.0	1.0	True	True	False	small
6_-_43568710_43568737	7day	3	3	1.0	1.0	0.0	0.0	0.0	0.0	1.0	1.0	1.0	1.0	True	True	False	small
2_+_97189086_97189115	7day	2	0	1.0				0.0		1.0	1.0			False	False	False	not_testable
2_-_168074981_168075011	7day	3	3	1.0	1.0	0.0	0.0	0.0	0.0	1.0	1.0	1.0	1.0	True	True	False	small
1_+_246641748_246641770	7day	3	3	1.0	1.0	0.0	0.0	0.0	0.0	1.0	1.0	1.0	1.0	True	True	False	small
2_+_97204067_97204096	7day	3	0	1.0				0.0		1.0	1.0			False	False	False	not_testable
5_-_39139232_39139252	7day	3	3	1.0	1.0	0.0	0.0	0.0	0.0	1.0	1.0	1.0	1.0	True	True	False	small
19_+_582305_582330	7day	3	3	1.0	1.0	0.0	0.0	0.0	0.0	1.0	1.0	1.0	1.0	True	True	False	small
5_+_139276120_139276150	7day	3	3	1.0	1.0	0.0	0.0	0.0	0.0	1.0	1.0	1.0	1.0	True	True	False	small
2_+_97202201_97202230	7day	3	1	1.0	1.0			0.0		1.0	1.0	1.0	1.0	False	False	False	not_testable
5_+_176097354_176097379	7day	3	1	1.0	1.0			0.0		1.0	1.0	1.0	1.0	False	False	False	not_testable
22_-_36327460_36327488	7day	3	3	1.0	1.0	0.0	0.0	0.0	0.0	1.0	1.0	1.0	1.0	True	True	False	small
13_-_49732746_49732776	7day	3	3	1.0	1.0	0.0	0.0	0.0	0.0	1.0	1.0	1.0	1.0	True	True	False	small
21_-_39348421_39348451	7day	3	3	0.5452954787959999	0.5996597578059356	0.05436427900993568	0.05436427900993568	0.06958813569158363	0.01820291802535664	0.4910714285714285	0.6237623762376238	0.5824064711830131	0.6186830015313936	True	True	False	small
8_+_17184788_17184815	7day	3	3	1.0	1.0	0.0	0.0	0.0	0.0	1.0	1.0	1.0	1.0	True	True	False	small
6_+_26409893_26409914	7day	3	3	0.8085531415959721	0.6474867724867724	-0.1610663691091997	0.1610663691091997	0.0504478027050267	0.2309811296858102	0.7653631284916201	0.864	0.4285714285714285	0.8888888888888888	True	True	False	exploratory
13_-_75537663_75537675	7day	3	3	1.0	0.9962825278810409	-0.0037174721189591198	0.0037174721189591198	0.0	0.0064388505857579294	1.0	1.0	0.9888475836431226	1.0	True	True	False	small
6_-_136705109_136705133	7day	3	3	1.0	1.0	0.0	0.0	0.0	0.0	1.0	1.0	1.0	1.0	True	True	False	small
12_+_123652706_123652735	7day	3	3	1.0	1.0	0.0	0.0	0.0	0.0	1.0	1.0	1.0	1.0	True	True	False	small
22_+_40251178_40251200	7day	3	1	1.0	1.0			0.0		1.0	1.0	1.0	1.0	False	False	False	not_testable
22_-_41607839_41607861	7day	3	3	1.0	1.0	0.0	0.0	0.0	0.0	1.0	1.0	1.0	1.0	True	True	False	small
17_-_48363788_48363814	7day	3	3	1.0	1.0	0.0	0.0	0.0	0.0	1.0	1.0	1.0	1.0	True	True	False	small
17_-_75937565_75937593	7day	0	1		1.0							1.0	1.0	False	False	False	not_testable
16_-_934243_934254	7day	3	3	0.9779314888010541	0.8253968253968255	-0.1525346634042286	0.1525346634042286	0.021746615072785316	0.3024215695755183	0.9565217391304348	1.0	0.4761904761904761	1.0	True	True	False	exploratory
X_-_80809012_80809042	7day	3	3	1.0	1.0	0.0	0.0	0.0	0.0	1.0	1.0	1.0	1.0	True	True	False	small
2_-_11218454_11218466	7day	2	2	0.2857142857142857	1.0	0.7142857142857143	0.7142857142857143	0.40406101782088427	0.0	0.0	0.5714285714285714	1.0	1.0	True	False	True	strong
19_+_6833710_6833733	7day	3	3	1.0	1.0	0.0	0.0	0.0	0.0	1.0	1.0	1.0	1.0	True	True	False	small
11_-_62852810_62852839	7day	3	3	0.2062848454264731	0.26403092120529537	0.057746075778822265	0.057746075778822265	0.007704840253308044	0.04095827360764039	0.2005988023952095	0.2150537634408602	0.2398081534772182	0.3113207547169811	True	True	True	small
19_-_3963642_3963669	7day	3	3	1.0	1.0	0.0	0.0	0.0	0.0	1.0	1.0	1.0	1.0	True	True	False	small
11_-_2951779_2951809	7day	3	3	1.0	1.0	0.0	0.0	0.0	0.0	1.0	1.0	1.0	1.0	True	True	False	small
11_+_5641166_5641189	7day	0	3		1.0				0.0			1.0	1.0	False	False	False	not_testable
19_+_17776246_17776271	7day	3	3	0.9080459770114943	0.9562579821200511	0.04821200510855683	0.04821200510855683	0.1592690397764485	0.013825437480594411	0.7241379310344828	1.0	0.9482758620689656	0.9722222222222222	True	True	False	small
7_+_36426014_36426036	7day	0	3		1.0				0.0			1.0	1.0	False	False	False	not_testable
5_-_39130589_39130612	7day	3	3	1.0	1.0	0.0	0.0	0.0	0.0	1.0	1.0	1.0	1.0	True	True	False	small
3_-_12600387_12600415	7day	3	3	0.6676124422026062	0.6459097640120032	-0.02170267819060301	0.02170267819060301	0.01783092779619079	0.005925472573188297	0.6502732240437158	0.6858974358974359	0.6403940886699507	0.6521739130434783	True	True	False	small
6_-_35870933_35870959	7day	3	3	1.0	1.0	0.0	0.0	0.0	0.0	1.0	1.0	1.0	1.0	True	True	False	small
3_-_15695187_15695214	7day	3	3	1.0	1.0	0.0	0.0	0.0	0.0	1.0	1.0	1.0	1.0	True	True	False	small
9_+_79654058_79654075	7day	2	3	1.0	1.0	0.0	0.0	0.0	0.0	1.0	1.0	1.0	1.0	True	False	False	small
11_+_5642816_5642843	7day	2	3	1.0	0.9682539682539683	-0.031746031746031744	0.031746031746031744	0.0	0.0549857399228215	1.0	1.0	0.9047619047619048	1.0	True	False	False	small
21_-_46213024_46213052	7day	3	3	1.0	1.0	0.0	0.0	0.0	0.0	1.0	1.0	1.0	1.0	True	True	False	small
22_+_44193800_44193823	7day	3	3	1.0	1.0	0.0	0.0	0.0	0.0	1.0	1.0	1.0	1.0	True	True	False	small
11_+_35735425_35735445	7day	3	3	1.0	1.0	0.0	0.0	0.0	0.0	1.0	1.0	1.0	1.0	True	True	False	small
22_-_50267256_50267286	7day	2	3	1.0	1.0	0.0	0.0	0.0	0.0	1.0	1.0	1.0	1.0	True	False	False	small
17_-_64390488_64390515	7day	3	3	1.0	1.0	0.0	0.0	0.0	0.0	1.0	1.0	1.0	1.0	True	True	False	small
9_-_127953574_127953604	7day	3	3	1.0	1.0	0.0	0.0	0.0	0.0	1.0	1.0	1.0	1.0	True	True	False	small
16_-_67738012_67738035	7day	3	3	1.0	1.0	0.0	0.0	0.0	0.0	1.0	1.0	1.0	1.0	True	True	False	small
1_-_40312455_40312479	7day	3	3	0.32675438596491224	0.37590106885408897	0.04914668288917673	0.04914668288917673	0.05747957202667174	0.1077925458532882	0.2631578947368421	0.375	0.3055555555555556	0.5	True	True	False	small
6_+_32179540_32179559	7day	2	3	1.0	1.0	0.0	0.0	0.0	0.0	1.0	1.0	1.0	1.0	True	False	False	small
12_-_96017556_96017580	7day	3	3	1.0	1.0	0.0	0.0	0.0	0.0	1.0	1.0	1.0	1.0	True	True	False	small
21_+_46003119_46003149	7day	3	3	1.0	1.0	0.0	0.0	0.0	0.0	1.0	1.0	1.0	1.0	True	True	False	small
4_+_112254746_112254773	7day	2	3	1.0	1.0	0.0	0.0	0.0	0.0	1.0	1.0	1.0	1.0	True	False	False	small
1_+_51748368_51748398	7day	2	3	1.0	1.0	0.0	0.0	0.0	0.0	1.0	1.0	1.0	1.0	True	False	False	small
11_-_62602758_62602779	7day	3	3	0.013530716150962102	0.0353528230960946	0.0218221069451325	0.0218221069451325	0.01248151317593023	0.020490703915940524	0.0031948881789137	0.0273972602739726	0.0161290322580645	0.056910569105691	True	True	False	small
10_+_97452894_97452923	7day	2	3	0.5	0.9299439073875164	0.4299439073875164	0.4299439073875164	0.7071067811865476	0.06310649551115322	0.0	1.0	0.8775510204081632	1.0	True	False	False	strong
2_-_95938986_95939015	7day	1	2	1.0	1.0				0.0	1.0	1.0	1.0	1.0	False	False	False	not_testable
1_+_198704471_198704498	7day	3	3	0.49827994584603696	0.5835445424738042	0.0852645966277672	0.0852645966277672	0.061858323386259524	0.07890161117692251	0.4392324093816631	0.562610229276896	0.4924623115577889	0.6309523809523809	True	True	False	small
22_+_44140123_44140143	7day	0	3		1.0				0.0			1.0	1.0	False	False	False	not_testable
6_+_138788365_138788388	7day	3	3	1.0	1.0	0.0	0.0	0.0	0.0	1.0	1.0	1.0	1.0	True	True	False	small
7_+_73202111_73202140	7day	2	2	1.0	1.0	0.0	0.0	0.0	0.0	1.0	1.0	1.0	1.0	True	False	False	small
22_+_23697837_23697861	7day	3	3	1.0	1.0	0.0	0.0	0.0	0.0	1.0	1.0	1.0	1.0	True	True	False	small
10_+_102862159_102862180	7day	2	3	1.0	1.0	0.0	0.0	0.0	0.0	1.0	1.0	1.0	1.0	True	False	False	small
6_+_96524381_96524410	7day	3	3	1.0	1.0	0.0	0.0	0.0	0.0	1.0	1.0	1.0	1.0	True	True	False	small
8_-_30712061_30712088	7day	3	3	1.0	1.0	0.0	0.0	0.0	0.0	1.0	1.0	1.0	1.0	True	True	False	small
16_+_67539727_67539751	7day	3	3	1.0	1.0	0.0	0.0	0.0	0.0	1.0	1.0	1.0	1.0	True	True	False	small
17_+_82889667_82889697	7day	3	3	1.0	1.0	0.0	0.0	0.0	0.0	1.0	1.0	1.0	1.0	True	True	False	small
6_+_26448727_26448754	7day	3	3	0.34245516388373526	0.4166666666666667	0.07421150278293143	0.07421150278293143	0.043659250294963974	0.15466012118972283	0.3163265306122449	0.3928571428571428	0.25	0.5555555555555556	True	True	False	small
1_-_21680807_21680834	7day	3	3	1.0	1.0	0.0	0.0	0.0	0.0	1.0	1.0	1.0	1.0	True	True	False	small
11_-_65551547_65551564	7day	3	3	1.0	1.0	0.0	0.0	0.0	0.0	1.0	1.0	1.0	1.0	True	True	False	small
14_-_70585755_70585783	7day	3	3	1.0	1.0	0.0	0.0	0.0	0.0	1.0	1.0	1.0	1.0	True	True	False	small
13_+_75840084_75840110	7day	3	3	0.5626811594202898	1.0	0.43731884057971016	0.43731884057971016	0.3036800386056203	0.0	0.375	0.9130434782608696	1.0	1.0	True	True	True	strong
6_-_32518053_32518077	7day	2	1	1.0	1.0			0.0		1.0	1.0	1.0	1.0	False	False	False	not_testable
1_-_54228448_54228477	7day	3	3	1.0	1.0	0.0	0.0	0.0	0.0	1.0	1.0	1.0	1.0	True	True	False	small
2_+_15596733_15596763	7day	3	3	1.0	1.0	0.0	0.0	0.0	0.0	1.0	1.0	1.0	1.0	True	True	False	small
3_-_194437555_194437573	7day	2	3	0.4888888888888889	0.434929883287235	-0.0539590056016539	0.0539590056016539	0.2514157444218835	0.038872318545598944	0.3111111111111111	0.6666666666666666	0.3902439024390244	0.4609375	True	False	False	small
6_+_33086218_33086242	7day	3	3	1.0	1.0	0.0	0.0	0.0	0.0	1.0	1.0	1.0	1.0	True	True	False	small
3_-_12915103_12915133	7day	3	3	1.0	1.0	0.0	0.0	0.0	0.0	1.0	1.0	1.0	1.0	True	True	False	small
7_-_105145282_105145308	7day	3	3	1.0	1.0	0.0	0.0	0.0	0.0	1.0	1.0	1.0	1.0	True	True	False	small
15_+_75354249_75354277	7day	1	3	0.6	0.5799259259259258				0.1338103196546908	0.6	0.6	0.4444444444444444	0.712	False	False	False	not_testable
17_+_82909284_82909307	7day	3	3	0.8142857142857144	0.9411856491825797	0.12689993489686535	0.12689993489686535	0.17899948694488096	0.03094037892628037	0.6428571428571429	1.0	0.9069767441860463	0.9672131147540984	True	True	False	exploratory
2_+_97196592_97196621	7day	3	0	1.0				0.0		1.0	1.0			False	False	False	not_testable
1_+_108606222_108606252	7day	3	3	1.0	1.0	0.0	0.0	0.0	0.0	1.0	1.0	1.0	1.0	True	True	False	small
18_-_23377645_23377671	7day	0	2		1.0				0.0			1.0	1.0	False	False	False	not_testable
20_+_41029430_41029455	7day	3	3	1.0	1.0	0.0	0.0	0.0	0.0	1.0	1.0	1.0	1.0	True	True	False	small
5_-_141571427_141571436	7day	3	3	1.0	1.0	0.0	0.0	0.0	0.0	1.0	1.0	1.0	1.0	True	True	False	small
12_+_132574318_132574348	7day	3	3	0.5288239281065872	0.4303902553704193	-0.09843367273616788	0.09843367273616788	0.09696692388539273	0.1153853070051472	0.4310850439882698	0.625	0.3166666666666666	0.5473684210526316	True	True	False	small
6_+_37534932_37534957	7day	3	0	1.0				0.0		1.0	1.0			False	False	False	not_testable
1_-_37943639_37943669	7day	2	3	1.0	1.0	0.0	0.0	0.0	0.0	1.0	1.0	1.0	1.0	True	False	False	small
15_+_78890988_78891014	7day	3	3	0.27165417389219176	0.24738796903745353	-0.024266204854738238	0.024266204854738238	0.024701802462310563	0.02207479705784106	0.2483660130718954	0.2975609756097561	0.2323232323232323	0.2727272727272727	True	True	False	small
4_-_67681562_67681591	7day	2	3	1.0	1.0	0.0	0.0	0.0	0.0	1.0	1.0	1.0	1.0	True	False	False	small
14_-_35109818_35109847	7day	3	3	0.26639863547758286	0.31250901132946	0.04611037585187716	0.04611037585187716	0.1012962821120219	0.04641559050396297	0.1555555555555555	0.3541666666666667	0.2590361445783132	0.3423913043478261	True	True	False	small
4_+_25388716_25388743	7day	3	3	1.0	1.0	0.0	0.0	0.0	0.0	1.0	1.0	1.0	1.0	True	True	False	small
19_+_35752803_35752833	7day	3	3	1.0	1.0	0.0	0.0	0.0	0.0	1.0	1.0	1.0	1.0	True	True	False	small
X_+_134490187_134490205	7day	3	3	1.0	1.0	0.0	0.0	0.0	0.0	1.0	1.0	1.0	1.0	True	True	False	small
6_-_79208546_79208576	7day	3	3	1.0	1.0	0.0	0.0	0.0	0.0	1.0	1.0	1.0	1.0	True	True	False	small
21_+_43685769_43685789	7day	2	3	1.0	1.0	0.0	0.0	0.0	0.0	1.0	1.0	1.0	1.0	True	False	False	small
2_+_97144517_97144546	7day	3	1	1.0	1.0			0.0		1.0	1.0	1.0	1.0	False	False	False	not_testable
6_+_26373275_26373296	7day	3	3	1.0	0.6886274509803921	-0.31137254901960787	0.31137254901960787	0.0	0.08138365149867148	1.0	1.0	0.6	0.76	True	True	True	strong
16_+_1758147_1758159	7day	3	3	1.0	1.0	0.0	0.0	0.0	0.0	1.0	1.0	1.0	1.0	True	True	False	small
1_-_154947981_154948005	7day	3	3	1.0	1.0	0.0	0.0	0.0	0.0	1.0	1.0	1.0	1.0	True	True	False	small
4_+_140527465_140527494	7day	1	3	1.0	1.0				0.0	1.0	1.0	1.0	1.0	False	False	False	not_testable
6_+_36136018_36136048	7day	0	2		1.0				0.0			1.0	1.0	False	False	False	not_testable
4_+_141224486_141224506	7day	3	3	1.0	1.0	0.0	0.0	0.0	0.0	1.0	1.0	1.0	1.0	True	True	False	small
2_+_173190894_173190923	7day	0	3		1.0				0.0			1.0	1.0	False	False	False	not_testable
X_+_47566883_47566911	7day	3	3	1.0	1.0	0.0	0.0	0.0	0.0	1.0	1.0	1.0	1.0	True	True	False	small
1_+_66984571_66984592	7day	3	3	0.0254237288135593	0.11310541310541311	0.08768168429185381	0.08768168429185381	0.04403519002293752	0.014207928934235527	0.0	0.0762711864406779	0.1	0.1282051282051282	True	True	True	small
2_-_191058201_191058219	7day	3	3	1.0	1.0	0.0	0.0	0.0	0.0	1.0	1.0	1.0	1.0	True	True	False	small
2_+_27772673_27772692	7day	3	3	1.0	1.0	0.0	0.0	0.0	0.0	1.0	1.0	1.0	1.0	True	True	False	small
5_-_177747768_177747793	7day	2	0	0.9210526315789473				0.11164843913471806		0.8421052631578947	1.0			False	False	False	not_testable
18_+_58714082_58714109	7day	3	3	1.0	1.0	0.0	0.0	0.0	0.0	1.0	1.0	1.0	1.0	True	True	False	small
21_+_45990257_45990284	7day	3	3	1.0	1.0	0.0	0.0	0.0	0.0	1.0	1.0	1.0	1.0	True	True	False	small
7_+_74700605_74700634	7day	3	3	1.0	1.0	0.0	0.0	0.0	0.0	1.0	1.0	1.0	1.0	True	True	False	small
11_+_3808293_3808315	7day	3	3	1.0	1.0	0.0	0.0	0.0	0.0	1.0	1.0	1.0	1.0	True	True	False	small
2_-_95880594_95880623	7day	2	2	1.0	1.0	0.0	0.0	0.0	0.0	1.0	1.0	1.0	1.0	True	False	False	small
7_-_32488624_32488652	7day	3	3	0.9528301886792453	0.9809078014184397	0.028077612739194402	0.028077612739194402	0.08170050979098475	0.018099135151290715	0.8584905660377359	1.0	0.964	1.0	True	True	False	small
21_+_46116650_46116677	7day	3	3	1.0	1.0	0.0	0.0	0.0	0.0	1.0	1.0	1.0	1.0	True	True	False	small
6_+_26374770_26374798	7day	3	3	1.0	1.0	0.0	0.0	0.0	0.0	1.0	1.0	1.0	1.0	True	True	False	small
12_+_123652531_123652561	7day	3	3	1.0	0.9858156028368795	-0.014184397163120477	0.014184397163120477	0.0	0.024568096561260643	1.0	1.0	0.9574468085106383	1.0	True	True	False	small
8_-_144401645_144401673	7day	3	3	1.0	1.0	0.0	0.0	0.0	0.0	1.0	1.0	1.0	1.0	True	True	False	small
15_-_73563235_73563257	7day	0	3		1.0				0.0			1.0	1.0	False	False	False	not_testable
22_+_46663837_46663863	7day	2	3	1.0	1.0	0.0	0.0	0.0	0.0	1.0	1.0	1.0	1.0	True	False	False	small
3_+_108651136_108651162	7day	1	2	1.0	1.0				0.0	1.0	1.0	1.0	1.0	False	False	False	not_testable
3_+_127674390_127674418	7day	3	3	0.08509747168023425	0.173780487804878	0.08868301612464376	0.08868301612464376	0.011343157197066401	0.14775667888703853	0.072	0.091743119266055	0.0416666666666666	0.3333333333333333	True	True	False	small
12_+_56117188_56117211	7day	3	3	0.8164137449851735	0.8737110842374	0.057297339252226465	0.057297339252226465	0.13961212420851865	0.0905654723011136	0.717948717948718	0.9761904761904762	0.7692307692307693	0.9298245614035088	True	True	False	small
6_-_30190012_30190035	7day	3	3	1.0	1.0	0.0	0.0	0.0	0.0	1.0	1.0	1.0	1.0	True	True	False	small
1_+_209763362_209763392	7day	3	3	1.0	1.0	0.0	0.0	0.0	0.0	1.0	1.0	1.0	1.0	True	True	False	small
17_-_39439164_39439193	7day	3	3	1.0	1.0	0.0	0.0	0.0	0.0	1.0	1.0	1.0	1.0	True	True	False	small
12_-_76053090_76053110	7day	3	3	1.0	1.0	0.0	0.0	0.0	0.0	1.0	1.0	1.0	1.0	True	True	False	small
2_+_189665421_189665451	7day	3	3	0.2645442052221713	0.2837191934279312	0.019174988205759913	0.019174988205759913	0.0993994755032156	0.046975473474466796	0.1949152542372881	0.3783783783783784	0.2307692307692307	0.3203883495145631	True	True	False	small
4_+_2511955_2511965	7day	3	3	1.0	1.0	0.0	0.0	0.0	0.0	1.0	1.0	1.0	1.0	True	True	False	small
8_+_22080617_22080625	7day	3	3	1.0	1.0	0.0	0.0	0.0	0.0	1.0	1.0	1.0	1.0	True	True	False	small
7_-_103277613_103277638	7day	0	3		0.9166666666666666				0.14433756729740646			0.75	1.0	False	False	False	not_testable
10_-_93340152_93340164	7day	0	1		1.0							1.0	1.0	False	False	False	not_testable
19_+_35614034_35614059	7day	3	3	1.0	0.9665036884542803	-0.03349631154571975	0.03349631154571975	0.0	0.037894637019284784	1.0	1.0	0.9253731343283582	1.0	True	True	False	small
8_-_143839171_143839195	7day	3	3	1.0	1.0	0.0	0.0	0.0	0.0	1.0	1.0	1.0	1.0	True	True	False	small
16_-_190540_190570	7day	3	3	1.0	1.0	0.0	0.0	0.0	0.0	1.0	1.0	1.0	1.0	True	True	False	small
1_+_209763067_209763092	7day	3	3	1.0	1.0	0.0	0.0	0.0	0.0	1.0	1.0	1.0	1.0	True	True	False	small
1_+_32204597_32204620	7day	3	3	1.0	1.0	0.0	0.0	0.0	0.0	1.0	1.0	1.0	1.0	True	True	False	small
2_+_97198462_97198491	7day	3	0	1.0				0.0		1.0	1.0			False	False	False	not_testable
21_+_45987154_45987175	7day	3	3	1.0	1.0	0.0	0.0	0.0	0.0	1.0	1.0	1.0	1.0	True	True	False	small
12_-_121255782_121255804	7day	2	3	1.0	1.0	0.0	0.0	0.0	0.0	1.0	1.0	1.0	1.0	True	False	False	small
5_+_140659314_140659333	7day	3	3	1.0	1.0	0.0	0.0	0.0	0.0	1.0	1.0	1.0	1.0	True	True	False	small
6_-_15593058_15593081	7day	3	3	1.0	1.0	0.0	0.0	0.0	0.0	1.0	1.0	1.0	1.0	True	True	False	small
5_-_39124252_39124278	7day	3	3	1.0	1.0	0.0	0.0	0.0	0.0	1.0	1.0	1.0	1.0	True	True	False	small
17_-_44196395_44196418	7day	3	3	1.0	1.0	0.0	0.0	0.0	0.0	1.0	1.0	1.0	1.0	True	True	False	small
3_-_47126647_47126663	7day	3	3	1.0	1.0	0.0	0.0	0.0	0.0	1.0	1.0	1.0	1.0	True	True	False	small
12_-_56664775_56664800	7day	3	3	1.0	1.0	0.0	0.0	0.0	0.0	1.0	1.0	1.0	1.0	True	True	False	small
20_-_33672397_33672422	7day	2	3	1.0	0.9286316144253455	-0.07136838557465452	0.07136838557465452	0.0	0.06249170335576109	1.0	1.0	0.8837209302325582	1.0	True	False	False	small
21_+_45488417_45488444	7day	3	3	1.0	1.0	0.0	0.0	0.0	0.0	1.0	1.0	1.0	1.0	True	True	False	small
6_+_36073690_36073720	7day	3	3	1.0	1.0	0.0	0.0	0.0	0.0	1.0	1.0	1.0	1.0	True	True	False	small
10_+_12238456_12238485	7day	3	3	1.0	1.0	0.0	0.0	0.0	0.0	1.0	1.0	1.0	1.0	True	True	False	small
22_-_50506637_50506666	7day	3	3	1.0	1.0	0.0	0.0	0.0	0.0	1.0	1.0	1.0	1.0	True	True	False	small
19_-_45638844_45638873	7day	3	3	1.0	1.0	0.0	0.0	0.0	0.0	1.0	1.0	1.0	1.0	True	True	False	small
2_-_152690961_152690978	7day	3	3	1.0	0.9974937343358397	-0.0025062656641603454	0.0025062656641603454	0.0	0.004340979467591139	1.0	1.0	0.9924812030075189	1.0	True	True	False	small
17_+_75573951_75573980	7day	3	2	1.0	1.0	0.0	0.0	0.0	0.0	1.0	1.0	1.0	1.0	True	False	False	small
1_+_66940027_66940052	7day	3	3	1.0	1.0	0.0	0.0	0.0	0.0	1.0	1.0	1.0	1.0	True	True	False	small
6_+_26450106_26450133	7day	3	2	1.0	1.0	0.0	0.0	0.0	0.0	1.0	1.0	1.0	1.0	True	False	False	small
12_+_75498693_75498720	7day	1	3	1.0	1.0				0.0	1.0	1.0	1.0	1.0	False	False	False	not_testable
1_-_173864483_173864502	7day	3	3	0.0070872951928997	0.013760950055098031	0.006673654862198331	0.006673654862198331	0.0039916589774195614	0.006686057686597651	0.0044642857142857	0.0116810563737938	0.0089418777943368	0.0213940648723257	True	True	False	small
17_+_43180794_43180817	7day	3	3	1.0	1.0	0.0	0.0	0.0	0.0	1.0	1.0	1.0	1.0	True	True	False	small
12_+_19518086_19518113	7day	3	3	1.0	1.0	0.0	0.0	0.0	0.0	1.0	1.0	1.0	1.0	True	True	False	small
10_-_103333924_103333952	7day	0	3		1.0				0.0			1.0	1.0	False	False	False	not_testable
11_+_58584855_58584884	7day	3	3	1.0	1.0	0.0	0.0	0.0	0.0	1.0	1.0	1.0	1.0	True	True	False	small
15_+_78541904_78541930	7day	3	3	1.0	0.9996372869060574	-0.00036271309394264595	0.00036271309394264595	0.0	0.00062823750727923	1.0	1.0	0.998911860718172	1.0	True	True	False	small
2_+_97185315_97185344	7day	2	1	1.0	1.0			0.0		1.0	1.0	1.0	1.0	False	False	False	not_testable
12_-_55794358_55794387	7day	3	3	1.0	1.0	0.0	0.0	0.0	0.0	1.0	1.0	1.0	1.0	True	True	False	small
19_+_8463496_8463504	7day	3	3	1.0	1.0	0.0	0.0	0.0	0.0	1.0	1.0	1.0	1.0	True	True	False	small
10_-_71752974_71753002	7day	3	3	1.0	1.0	0.0	0.0	0.0	0.0	1.0	1.0	1.0	1.0	True	True	False	small
17_-_4676500_4676507	7day	3	3	0.0	0.06724177180050933	0.06724177180050933	0.06724177180050933	0.0	0.022900155484039397	0.0	0.0	0.0508474576271186	0.0934065934065934	True	True	True	small
14_-_103913960_103913984	7day	3	3	0.988795518207283	0.9899271137882119	0.0011315955809289013	0.0011315955809289013	0.019406731737466407	0.005200959403227899	0.9663865546218487	1.0	0.983941605839416	0.9933444259567388	True	True	False	small
10_+_5720754_5720774	7day	2	3	1.0	1.0	0.0	0.0	0.0	0.0	1.0	1.0	1.0	1.0	True	False	False	small
X_-_154511847_154511871	7day	3	3	1.0	1.0	0.0	0.0	0.0	0.0	1.0	1.0	1.0	1.0	True	True	False	small
6_+_26390802_26390829	7day	0	3		1.0				0.0			1.0	1.0	False	False	False	not_testable
3_-_108050577_108050602	7day	3	3	0.9774011299435029	0.98989898989899	0.012497859955487023	0.012497859955487023	0.03914239113150008	0.017495462702715982	0.9322033898305084	1.0	0.9696969696969696	1.0	True	True	False	small
5_+_176093743_176093768	7day	3	1	1.0	1.0			0.0		1.0	1.0	1.0	1.0	False	False	False	not_testable
12_-_49559938_49559967	7day	3	3	1.0	1.0	0.0	0.0	0.0	0.0	1.0	1.0	1.0	1.0	True	True	False	small
15_-_70064453_70064470	7day	3	3	1.0	1.0	0.0	0.0	0.0	0.0	1.0	1.0	1.0	1.0	True	True	False	small
4_-_47879095_47879117	7day	3	3	1.0	1.0	0.0	0.0	0.0	0.0	1.0	1.0	1.0	1.0	True	True	False	small
2_-_97542078_97542107	7day	2	1	1.0	1.0			0.0		1.0	1.0	1.0	1.0	False	False	False	not_testable
12_+_132548002_132548032	7day	3	3	1.0	1.0	0.0	0.0	0.0	0.0	1.0	1.0	1.0	1.0	True	True	False	small
3_+_179757051_179757078	7day	1	2	1.0	1.0				0.0	1.0	1.0	1.0	1.0	False	False	False	not_testable
2_+_97213418_97213447	7day	3	2	0.8968253968253969	1.0	0.10317460317460314	0.10317460317460314	0.09014140231429006	0.0	0.8333333333333334	1.0	1.0	1.0	True	False	False	exploratory
21_+_45494544_45494571	7day	3	3	1.0	1.0	0.0	0.0	0.0	0.0	1.0	1.0	1.0	1.0	True	True	False	small
14_+_31080572_31080584	7day	2	3	1.0	0.9150326797385621	-0.08496732026143794	0.08496732026143794	0.0	0.08338137792269981	1.0	1.0	0.8333333333333334	1.0	True	False	False	small
19_+_5648015_5648043	7day	3	3	1.0	1.0	0.0	0.0	0.0	0.0	1.0	1.0	1.0	1.0	True	True	False	small
12_+_56154812_56154840	7day	3	3	0.6120120120120119	0.5951818215757064	-0.016830190436305514	0.016830190436305514	0.1271558139978896	0.07760133913905866	0.4666666666666667	0.7027027027027027	0.5119047619047619	0.6654676258992805	True	True	False	small
6_+_43500743_43500772	7day	3	3	0.8726425438596491	0.6314124381549712	-0.24123010570467796	0.24123010570467796	0.07525211789122284	0.14580578161243887	0.796875	0.9473684210526316	0.4680851063829787	0.7484662576687117	True	True	True	strong
1_-_1084480_1084506	7day	3	3	0.4761904761904761	0.417283950617284	-0.05890652557319209	0.05890652557319209	0.4364357804719847	0.4261888614071969	0.0	0.8571428571428571	0.0	0.8518518518518519	True	True	False	small
13_-_37026789_37026816	7day	3	3	1.0	1.0	0.0	0.0	0.0	0.0	1.0	1.0	1.0	1.0	True	True	False	small
2_+_97215300_97215329	7day	3	3	1.0	1.0	0.0	0.0	0.0	0.0	1.0	1.0	1.0	1.0	True	True	False	small
15_+_90961024_90961054	7day	2	3	1.0	1.0	0.0	0.0	0.0	0.0	1.0	1.0	1.0	1.0	True	False	False	small
4_+_41257114_41257126	7day	0	3		0.18075684380032206				0.14535129941337616			0.0833333333333333	0.3478260869565217	False	False	False	not_testable
2_+_135753538_135753567	7day	3	3	0.165079365079365	0.5160560016884691	0.3509766366091041	0.3509766366091041	0.06660640700616267	0.03104780406666101	0.0892857142857142	0.2142857142857142	0.4850746268656716	0.5471698113207547	True	True	True	strong
8_-_29126481_29126511	7day	2	3	1.0	1.0	0.0	0.0	0.0	0.0	1.0	1.0	1.0	1.0	True	False	False	small
21_+_45482794_45482821	7day	3	3	1.0	1.0	0.0	0.0	0.0	0.0	1.0	1.0	1.0	1.0	True	True	False	small
11_+_118308426_118308441	7day	3	3	1.0	1.0	0.0	0.0	0.0	0.0	1.0	1.0	1.0	1.0	True	True	False	small
21_+_45989751_45989778	7day	3	3	1.0	1.0	0.0	0.0	0.0	0.0	1.0	1.0	1.0	1.0	True	True	False	small
19_+_17217452_17217462	7day	3	3	1.0	1.0	0.0	0.0	0.0	0.0	1.0	1.0	1.0	1.0	True	True	False	small
10_+_110244827_110244857	7day	3	3	0.6665316824645965	0.9145299145299145	0.24799823206531801	0.24799823206531801	0.07799170217777676	0.14803853056144248	0.6037735849056604	0.7538461538461538	0.7435897435897436	1.0	True	True	False	strong
5_-_177744393_177744418	7day	3	3	1.0	1.0	0.0	0.0	0.0	0.0	1.0	1.0	1.0	1.0	True	True	False	small
3_-_52820290_52820317	7day	2	3	1.0	1.0	0.0	0.0	0.0	0.0	1.0	1.0	1.0	1.0	True	False	False	small
12_+_53455346_53455370	7day	3	3	0.5344642608879052	0.5560312711752418	0.02156701028733654	0.02156701028733654	0.03227182405700138	0.052989900531443826	0.5035612535612536	0.5679497250589159	0.4966442953020134	0.5984848484848485	True	True	False	small
6_-_136601021_136601042	7day	3	2	1.0	1.0	0.0	0.0	0.0	0.0	1.0	1.0	1.0	1.0	True	False	False	small
2_+_169504302_169504326	7day	2	1	1.0	1.0			0.0		1.0	1.0	1.0	1.0	False	False	False	not_testable
11_-_5665655_5665682	7day	2	3	1.0	0.9841269841269842	-0.015873015873015817	0.015873015873015817	0.0	0.027492869961410718	1.0	1.0	0.9523809523809524	1.0	True	False	False	small
18_-_693881_693908	7day	2	3	1.0	1.0	0.0	0.0	0.0	0.0	1.0	1.0	1.0	1.0	True	False	False	small
11_+_120406117_120406141	7day	0	3		1.0				0.0			1.0	1.0	False	False	False	not_testable
2_-_95919891_95919920	7day	1	3	1.0	1.0				0.0	1.0	1.0	1.0	1.0	False	False	False	not_testable
4_-_75491610_75491637	7day	3	3	1.0	0.9359966026632695	-0.06400339733673055	0.06400339733673055	0.0	0.03311032193922423	1.0	1.0	0.9090909090909092	0.972972972972973	True	True	True	small
4_-_154547037_154547064	7day	3	3	0.0	0.013151684916390766	0.013151684916390766	0.013151684916390766	0.0	0.014098666504303697	0.0	0.0	0.0043290043290043	0.0294117647058823	True	True	True	small
7_-_75190538_75190567	7day	3	3	1.0	1.0	0.0	0.0	0.0	0.0	1.0	1.0	1.0	1.0	True	True	False	small
7_-_25158500_25158530	7day	3	3	1.0	1.0	0.0	0.0	0.0	0.0	1.0	1.0	1.0	1.0	True	True	False	small
6_-_32580246_32580270	7day	3	3	0.9407407407407407	0.8628780596156226	-0.07786268112511807	0.07786268112511807	0.08413197549333735	0.012535671301796884	0.8444444444444444	1.0	0.8522727272727273	0.8767123287671232	True	True	False	small
9_+_127478933_127478963	7day	3	3	1.0	1.0	0.0	0.0	0.0	0.0	1.0	1.0	1.0	1.0	True	True	False	small
13_+_45149769_45149788	7day	3	3	1.0	1.0	0.0	0.0	0.0	0.0	1.0	1.0	1.0	1.0	True	True	False	small
1_+_236542760_236542787	7day	3	3	1.0	1.0	0.0	0.0	0.0	0.0	1.0	1.0	1.0	1.0	True	True	False	small
17_-_64329699_64329722	7day	3	3	1.0	1.0	0.0	0.0	0.0	0.0	1.0	1.0	1.0	1.0	True	True	False	small
9_-_136379836_136379864	7day	3	3	1.0	1.0	0.0	0.0	0.0	0.0	1.0	1.0	1.0	1.0	True	True	False	small
12_+_56158683_56158711	7day	3	3	0.4690283620091331	0.49271421255580455	0.02368585054667144	0.02368585054667144	0.026956363530335238	0.011483477529759348	0.4424860853432282	0.4963805584281282	0.4794652923176035	0.4998075442648191	True	True	False	small
7_+_139412550_139412580	7day	3	3	1.0	1.0	0.0	0.0	0.0	0.0	1.0	1.0	1.0	1.0	True	True	False	small
6_-_28907235_28907262	7day	3	3	1.0	1.0	0.0	0.0	0.0	0.0	1.0	1.0	1.0	1.0	True	True	False	small
21_+_46116376_46116403	7day	3	3	1.0	1.0	0.0	0.0	0.0	0.0	1.0	1.0	1.0	1.0	True	True	False	small
5_-_170258865_170258878	7day	3	3	1.0	1.0	0.0	0.0	0.0	0.0	1.0	1.0	1.0	1.0	True	True	False	small
1_+_150962129_150962158	7day	3	3	1.0	0.9940476190476191	-0.005952380952380931	0.005952380952380931	0.0	0.010309826235528995	1.0	1.0	0.9821428571428572	1.0	True	True	False	small
1_-_160999395_160999408	7day	3	3	1.0	1.0	0.0	0.0	0.0	0.0	1.0	1.0	1.0	1.0	True	True	False	small
6_+_43778888_43778918	7day	0	3		1.0				0.0			1.0	1.0	False	False	False	not_testable
17_+_40141206_40141234	7day	3	3	1.0	1.0	0.0	0.0	0.0	0.0	1.0	1.0	1.0	1.0	True	True	False	small
20_-_63215576_63215601	7day	3	3	1.0	1.0	0.0	0.0	0.0	0.0	1.0	1.0	1.0	1.0	True	True	False	small
2_+_97205939_97205968	7day	3	1	1.0	1.0			0.0		1.0	1.0	1.0	1.0	False	False	False	not_testable
7_-_99903575_99903598	7day	3	3	1.0	1.0	0.0	0.0	0.0	0.0	1.0	1.0	1.0	1.0	True	True	False	small
2_+_97194725_97194754	7day	2	1	1.0	1.0			0.0		1.0	1.0	1.0	1.0	False	False	False	not_testable
15_+_44759639_44759662	7day	0	3		1.0				0.0			1.0	1.0	False	False	False	not_testable
7_+_142801943_142801961	7day	3	3	1.0	1.0	0.0	0.0	0.0	0.0	1.0	1.0	1.0	1.0	True	True	False	small
7_-_34942614_34942639	7day	1	3	1.0	1.0				0.0	1.0	1.0	1.0	1.0	False	False	False	not_testable
5_-_81437429_81437458	7day	3	3	1.0	1.0	0.0	0.0	0.0	0.0	1.0	1.0	1.0	1.0	True	True	False	small
9_+_113362368_113362394	7day	0	3		1.0				0.0			1.0	1.0	False	False	False	not_testable
1_+_161218702_161218723	7day	3	3	1.0	1.0	0.0	0.0	0.0	0.0	1.0	1.0	1.0	1.0	True	True	False	small
8_-_123023712_123023739	7day	3	3	0.9795918367346937	0.993993993993994	0.014402157259300274	0.014402157259300274	0.035347975664671	0.010402707552966187	0.9387755102040816	1.0	0.981981981981982	1.0	True	True	False	small
17_-_44195799_44195828	7day	3	3	0.9473684210526315	0.9360809768178736	-0.011287444234757915	0.011287444234757915	0.09116056881941462	0.031614340222483724	0.8421052631578947	1.0	0.9042553191489362	0.967479674796748	True	True	False	small
7_-_26854136_26854162	7day	1	3	1.0	1.0				0.0	1.0	1.0	1.0	1.0	False	False	False	not_testable
8_+_27451484_27451509	7day	3	3	1.0	1.0	0.0	0.0	0.0	0.0	1.0	1.0	1.0	1.0	True	True	False	small
14_-_77441065_77441093	7day	2	3	1.0	1.0	0.0	0.0	0.0	0.0	1.0	1.0	1.0	1.0	True	False	False	small
17_-_29116443_29116455	7day	3	3	1.0	1.0	0.0	0.0	0.0	0.0	1.0	1.0	1.0	1.0	True	True	False	small
1_-_236230223_236230250	7day	3	2	1.0	1.0	0.0	0.0	0.0	0.0	1.0	1.0	1.0	1.0	True	False	False	small
6_-_166322856_166322886	7day	3	3	0.29201680672268904	0.5818518518518518	0.2898350451291628	0.2898350451291628	0.13684519827299377	0.15666403990443037	0.1428571428571428	0.4117647058823529	0.44	0.75	True	True	True	strong
2_+_97219049_97219078	7day	3	2	1.0	1.0	0.0	0.0	0.0	0.0	1.0	1.0	1.0	1.0	True	False	False	small
20_+_62966702_62966732	7day	3	3	1.0	1.0	0.0	0.0	0.0	0.0	1.0	1.0	1.0	1.0	True	True	False	small
5_+_178036011_178036036	7day	1	1	1.0	1.0					1.0	1.0	1.0	1.0	False	False	False	not_testable
1_-_169696534_169696553	7day	3	3	1.0	1.0	0.0	0.0	0.0	0.0	1.0	1.0	1.0	1.0	True	True	False	small
9_-_133779917_133779939	7day	1	2	1.0	1.0				0.0	1.0	1.0	1.0	1.0	False	False	False	not_testable
20_-_33669686_33669712	7day	3	3	0.33455882352941174	0.5500548415508922	0.2154960180214805	0.2154960180214805	0.29601867255000974	0.09430699029564697	0.0	0.5625	0.4728682170542636	0.6551724137931034	True	True	False	strong
17_-_3953692_3953710	7day	3	3	1.0	1.0	0.0	0.0	0.0	0.0	1.0	1.0	1.0	1.0	True	True	False	small
1_-_153952804_153952834	7day	3	3	1.0	1.0	0.0	0.0	0.0	0.0	1.0	1.0	1.0	1.0	True	True	False	small
16_+_28985712_28985740	7day	3	3	0.45613497108791196	0.4322720745464692	-0.023862896541442746	0.023862896541442746	0.02384676639325918	0.02627618503039344	0.4299065420560747	0.4765100671140939	0.403076923076923	0.4540229885057471	True	True	False	small
5_+_119475705_119475727	7day	2	3	0.6272727272727272	0.7489047832980344	0.12163205602530724	0.12163205602530724	0.2442732516826256	0.12258294513966553	0.4545454545454545	0.8	0.6086956521739131	0.835820895522388	True	False	False	exploratory
1_-_113833110_113833138	7day	3	3	1.0	1.0	0.0	0.0	0.0	0.0	1.0	1.0	1.0	1.0	True	True	False	small
6_+_30339907_30339930	7day	2	1	1.0	1.0			0.0		1.0	1.0	1.0	1.0	False	False	False	not_testable
4_+_112257771_112257797	7day	2	3	1.0	1.0	0.0	0.0	0.0	0.0	1.0	1.0	1.0	1.0	True	False	False	small
15_+_66532984_66533013	7day	0	3		1.0				0.0			1.0	1.0	False	False	False	not_testable
12_-_55790566_55790592	7day	3	3	1.0	1.0	0.0	0.0	0.0	0.0	1.0	1.0	1.0	1.0	True	True	False	small
21_-_39313071_39313101	7day	3	3	1.0	1.0	0.0	0.0	0.0	0.0	1.0	1.0	1.0	1.0	True	True	False	small
2_+_238347454_238347475	7day	2	3	1.0	1.0	0.0	0.0	0.0	0.0	1.0	1.0	1.0	1.0	True	False	False	small
21_+_46398234_46398255	7day	3	3	1.0	1.0	0.0	0.0	0.0	0.0	1.0	1.0	1.0	1.0	True	True	False	small
2_+_86131077_86131106	7day	3	3	0.8386838996595095	0.719077992673625	-0.11960590698588447	0.11960590698588447	0.05497043179740067	0.042444874978997425	0.7777777777777778	0.8846153846153846	0.674074074074074	0.7583892617449665	True	True	True	exploratory
7_-_92577654_92577676	7day	3	2	0.7471282593375617	0.49999999999999994	-0.24712825933756172	0.24712825933756172	0.027073712830453664	0.10101525445522111	0.7209302325581395	0.775	0.4285714285714285	0.5714285714285714	True	False	True	strong
9_+_137206280_137206309	7day	3	3	0.5444004524886877	0.1810958951481827	-0.36330455734050504	0.36330455734050504	0.32124642942280907	0.05335245363240868	0.1764705882352941	0.7692307692307693	0.1323529411764706	0.238095238095238	True	True	False	strong
12_-_79790466_79790483	7day	3	3	1.0	1.0	0.0	0.0	0.0	0.0	1.0	1.0	1.0	1.0	True	True	False	small
1_+_206421249_206421274	7day	0	3		1.0				0.0			1.0	1.0	False	False	False	not_testable
2_-_97507035_97507065	7day	3	2	0.9583333333333334	1.0	0.04166666666666663	0.04166666666666663	0.07216878364870323	0.0	0.875	1.0	1.0	1.0	True	False	False	small
16_+_30666511_30666541	7day	3	3	1.0	0.9930915371329879	-0.006908462867012077	0.006908462867012077	0.0	0.01196580868786787	1.0	1.0	0.9792746113989638	1.0	True	True	False	small
16_+_69459092_69459121	7day	3	3	1.0	0.9964912280701754	-0.0035087719298245723	0.0035087719298245723	0.0	0.006077371254627594	1.0	1.0	0.9894736842105264	1.0	True	True	False	small
2_-_27333973_27333999	7day	3	3	1.0	1.0	0.0	0.0	0.0	0.0	1.0	1.0	1.0	1.0	True	True	False	small
11_-_2955743_2955766	7day	3	3	1.0	1.0	0.0	0.0	0.0	0.0	1.0	1.0	1.0	1.0	True	True	False	small
11_+_828229_828259	7day	1	3	1.0	0.802226345083488				0.1580561283282662	1.0	1.0	0.6326530612244898	0.9454545454545454	False	False	False	not_testable
8_-_144426179_144426208	7day	3	3	0.2755337525122876	0.23638171493115348	-0.03915203758113414	0.03915203758113414	0.03116476939760756	0.013959271050357203	0.2395543175487465	0.2941176470588235	0.2246998284734133	0.251840942562592	True	True	False	small
9_-_129010669_129010693	7day	3	3	1.0	1.0	0.0	0.0	0.0	0.0	1.0	1.0	1.0	1.0	True	True	False	small
11_+_48149989_48149998	7day	3	3	1.0	1.0	0.0	0.0	0.0	0.0	1.0	1.0	1.0	1.0	True	True	False	small
1_+_203862195_203862222	7day	3	3	0.9327465163280503	0.9661063587281157	0.0333598424000654	0.0333598424000654	0.04545429453240881	0.011956394010168882	0.8907563025210085	0.981012658227848	0.953956834532374	0.977859778597786	True	True	False	small
1_+_39741894_39741921	7day	3	3	0.6512124271569513	0.6768715791513872	0.025659151994435914	0.025659151994435914	0.09475983496705503	0.06616627635853535	0.5691056910569106	0.7549019607843137	0.6101083032490975	0.7424242424242424	True	True	False	small
21_+_46112803_46112824	7day	3	3	1.0	1.0	0.0	0.0	0.0	0.0	1.0	1.0	1.0	1.0	True	True	False	small
13_+_75549975_75549987	7day	3	3	1.0	1.0	0.0	0.0	0.0	0.0	1.0	1.0	1.0	1.0	True	True	False	small
21_-_44337648_44337667	7day	3	3	1.0	1.0	0.0	0.0	0.0	0.0	1.0	1.0	1.0	1.0	True	True	False	small
17_-_7193843_7193871	7day	3	3	1.0	1.0	0.0	0.0	0.0	0.0	1.0	1.0	1.0	1.0	True	True	False	small
19_+_17775055_17775080	7day	3	3	0.9934640522875817	0.9833333333333333	-0.010130718954248441	0.010130718954248441	0.011320593513522033	0.014698618394803313	0.9803921568627452	1.0	0.9722222222222222	1.0	True	True	False	small
19_+_19335717_19335735	7day	3	3	0.9716312056737588	0.966183574879227	-0.00544763079453181	0.00544763079453181	0.04913619312252135	0.05857176643952725	0.9148936170212766	1.0	0.8985507246376812	1.0	True	True	False	small
2_-_106166055_106166083	7day	3	3	1.0	1.0	0.0	0.0	0.0	0.0	1.0	1.0	1.0	1.0	True	True	False	small
5_+_176656894_176656924	7day	3	3	0.34722222222222215	0.14127940249284635	-0.2059428197293758	0.2059428197293758	0.3342002615421101	0.004711224956207744	0.0	0.6666666666666666	0.1379310344827586	0.1466666666666666	True	True	False	strong
6_+_26411554_26411581	7day	3	3	1.0	1.0	0.0	0.0	0.0	0.0	1.0	1.0	1.0	1.0	True	True	False	small
11_+_118312152_118312170	7day	3	3	0.28128687436890426	0.2590875740936582	-0.02219930027524608	0.02219930027524608	0.05069163122209993	0.03615110617307988	0.2418397626112759	0.3384615384615385	0.2178952248493277	0.2855399633923124	True	True	False	small
6_-_43626921_43626948	7day	3	3	1.0	1.0	0.0	0.0	0.0	0.0	1.0	1.0	1.0	1.0	True	True	False	small
17_-_42329746_42329776	7day	3	3	1.0	0.9849223464430308	-0.015077653556969217	0.015077653556969217	0.0	0.01493911190894137	1.0	1.0	0.9676724137931034	0.9936305732484076	True	True	True	small
10_-_72072901_72072910	7day	3	3	1.0	1.0	0.0	0.0	0.0	0.0	1.0	1.0	1.0	1.0	True	True	False	small
5_+_119492099_119492124	7day	2	3	0.3904761904761904	0.4990748798519808	0.10859868937579037	0.10859868937579037	0.013468700594029546	0.0628334956304495	0.3809523809523809	0.4	0.4268292682926829	0.5409836065573771	True	False	True	exploratory
5_+_177365962_177365984	7day	3	3	1.0	1.0	0.0	0.0	0.0	0.0	1.0	1.0	1.0	1.0	True	True	False	small
6_-_29629086_29629107	7day	3	0	0.6487734487734488				0.2844341429610771		0.3333333333333333	0.8857142857142857			False	False	False	not_testable
3_-_123567761_123567780	7day	3	3	1.0	1.0	0.0	0.0	0.0	0.0	1.0	1.0	1.0	1.0	True	True	False	small
X_-_136677935_136677956	7day	3	3	1.0	1.0	0.0	0.0	0.0	0.0	1.0	1.0	1.0	1.0	True	True	False	small
1_+_198692346_198692373	7day	3	3	1.0	1.0	0.0	0.0	0.0	0.0	1.0	1.0	1.0	1.0	True	True	False	small
1_-_151406606_151406631	7day	3	3	0.5736659736659737	0.5978311229883556	0.024165149322381896	0.024165149322381896	0.10358132784209816	0.045260355469659876	0.4594594594594595	0.6615384615384615	0.5604395604395604	0.6481481481481481	True	True	False	small
17_+_78005057_78005079	7day	3	3	1.0	1.0	0.0	0.0	0.0	0.0	1.0	1.0	1.0	1.0	True	True	False	small
22_-_19899048_19899068	7day	2	3	1.0	1.0	0.0	0.0	0.0	0.0	1.0	1.0	1.0	1.0	True	False	False	small
3_+_48974957_48974979	7day	3	3	1.0	1.0	0.0	0.0	0.0	0.0	1.0	1.0	1.0	1.0	True	True	False	small
X_-_153790563_153790575	7day	2	3	1.0	1.0	0.0	0.0	0.0	0.0	1.0	1.0	1.0	1.0	True	False	False	small
12_+_122762186_122762206	7day	3	3	1.0	1.0	0.0	0.0	0.0	0.0	1.0	1.0	1.0	1.0	True	True	False	small
22_-_50777951_50777981	7day	3	3	0.9689922480620154	1.0	0.03100775193798455	0.03100775193798455	0.053707001785081566	0.0	0.9069767441860463	1.0	1.0	1.0	True	True	False	small
16_+_8748107_8748137	7day	0	3		1.0				0.0			1.0	1.0	False	False	False	not_testable
19_+_17218363_17218391	7day	3	3	1.0	1.0	0.0	0.0	0.0	0.0	1.0	1.0	1.0	1.0	True	True	False	small
14_-_52661292_52661304	7day	3	3	1.0	1.0	0.0	0.0	0.0	0.0	1.0	1.0	1.0	1.0	True	True	False	small
1_-_1299344_1299356	7day	3	3	1.0	1.0	0.0	0.0	0.0	0.0	1.0	1.0	1.0	1.0	True	True	False	small
8_+_27520882_27520909	7day	3	3	1.0	1.0	0.0	0.0	0.0	0.0	1.0	1.0	1.0	1.0	True	True	False	small
5_-_177739112_177739137	7day	3	2	1.0	1.0	0.0	0.0	0.0	0.0	1.0	1.0	1.0	1.0	True	False	False	small
17_+_62692111_62692138	7day	3	2	1.0	1.0	0.0	0.0	0.0	0.0	1.0	1.0	1.0	1.0	True	False	False	small
19_+_7630822_7630846	7day	3	3	0.9920634920634921	0.9936143039591315	0.0015508118956394368	0.0015508118956394368	0.013746434980705392	0.011060349984475618	0.9761904761904762	1.0	0.9808429118773946	1.0	True	True	False	small
X_+_119575374_119575400	7day	3	3	1.0	1.0	0.0	0.0	0.0	0.0	1.0	1.0	1.0	1.0	True	True	False	small
9_+_128598962_128598986	7day	3	3	0.3463389739457427	0.5296841191069305	0.18334514516118777	0.18334514516118777	0.15383467947796514	0.028511096069225667	0.22	0.5176470588235295	0.5019607843137255	0.5589225589225589	True	True	False	exploratory
12_-_56350411_56350432	7day	3	3	0.3702693706870687	0.1899594238182187	-0.18030994686885002	0.18030994686885002	0.12028393536729551	0.05744037166099174	0.297029702970297	0.509090909090909	0.1451612903225806	0.2547169811320754	True	True	True	exploratory
16_+_30661303_30661333	7day	3	3	1.0	1.0	0.0	0.0	0.0	0.0	1.0	1.0	1.0	1.0	True	True	False	small
19_+_4310272_4310295	7day	2	3	1.0	1.0	0.0	0.0	0.0	0.0	1.0	1.0	1.0	1.0	True	False	False	small
2_-_152677450_152677475	7day	3	3	1.0	1.0	0.0	0.0	0.0	0.0	1.0	1.0	1.0	1.0	True	True	False	small
4_-_2257981_2258011	7day	3	3	1.0	1.0	0.0	0.0	0.0	0.0	1.0	1.0	1.0	1.0	True	True	False	small
21_+_45492686_45492713	7day	3	3	1.0	1.0	0.0	0.0	0.0	0.0	1.0	1.0	1.0	1.0	True	True	False	small
2_+_231226773_231226798	7day	0	3		1.0				0.0			1.0	1.0	False	False	False	not_testable
19_+_1429966_1429996	7day	3	3	1.0	1.0	0.0	0.0	0.0	0.0	1.0	1.0	1.0	1.0	True	True	False	small
2_-_95921781_95921810	7day	1	0	1.0						1.0	1.0			False	False	False	not_testable
6_-_24870865_24870889	7day	3	3	1.0	1.0	0.0	0.0	0.0	0.0	1.0	1.0	1.0	1.0	True	True	False	small
7_+_843205_843232	7day	3	3	1.0	1.0	0.0	0.0	0.0	0.0	1.0	1.0	1.0	1.0	True	True	False	small
1_+_46309100_46309127	7day	3	3	1.0	0.9967320261437909	-0.0032679738562091387	0.0032679738562091387	0.0	0.005660296756761016	1.0	1.0	0.9901960784313726	1.0	True	True	False	small
17_-_56895925_56895952	7day	3	3	0.8571428571428571	0.981095311950161	0.12395245480730388	0.12395245480730388	0.24743582965269675	0.008708863300008522	0.5714285714285714	1.0	0.9759450171821306	0.991150442477876	True	True	False	exploratory
12_+_110282603_110282621	7day	3	3	1.0	1.0	0.0	0.0	0.0	0.0	1.0	1.0	1.0	1.0	True	True	False	small
14_-_57237337_57237366	7day	3	3	1.0	1.0	0.0	0.0	0.0	0.0	1.0	1.0	1.0	1.0	True	True	False	small
19_+_19104912_19104938	7day	3	3	1.0	1.0	0.0	0.0	0.0	0.0	1.0	1.0	1.0	1.0	True	True	False	small
17_-_42574195_42574210	7day	0	3		0.20372995549051884				0.06828021438488897			0.125	0.2467532467532467	False	False	False	not_testable
5_-_150699241_150699271	7day	3	3	1.0	1.0	0.0	0.0	0.0	0.0	1.0	1.0	1.0	1.0	True	True	False	small
2_-_190987038_190987068	7day	3	3	1.0	1.0	0.0	0.0	0.0	0.0	1.0	1.0	1.0	1.0	True	True	False	small
19_+_19340845_19340873	7day	3	3	1.0	1.0	0.0	0.0	0.0	0.0	1.0	1.0	1.0	1.0	True	True	False	small
2_+_97187197_97187226	7day	2	1	1.0	1.0			0.0		1.0	1.0	1.0	1.0	False	False	False	not_testable
2_+_97200333_97200362	7day	3	0	1.0				0.0		1.0	1.0			False	False	False	not_testable
12_+_25089762_25089790	7day	3	3	1.0	1.0	0.0	0.0	0.0	0.0	1.0	1.0	1.0	1.0	True	True	False	small
10_-_12170899_12170908	7day	3	3	0.7619047619047619	0.4415682119393041	-0.32033654996545774	0.32033654996545774	0.25084889887744616	0.018971139720886626	0.5	1.0	0.4257425742574257	0.4625984251968504	True	True	True	strong
X_-_153913023_153913051	7day	3	3	1.0	1.0	0.0	0.0	0.0	0.0	1.0	1.0	1.0	1.0	True	True	False	small
1_+_228369135_228369162	7day	3	0	1.0				0.0		1.0	1.0			False	False	False	not_testable
17_-_63698798_63698818	7day	3	3	0.0015201379142599336	0.0046700569590351	0.0031499190447751664	0.0031499190447751664	0.0015160867153116964	0.006940895139508928	0.0	0.003032140691328	0.0	0.0126459143968871	True	True	False	small
1_+_207339396_207339417	7day	3	3	0.9797979797979798	0.9712505607461065	-0.008547419051873284	0.008547419051873284	0.03499092540543183	0.03526409072494945	0.9393939393939394	1.0	0.931174089068826	0.9975308641975308	True	True	False	small
21_+_43800861_43800881	7day	2	3	1.0	1.0	0.0	0.0	0.0	0.0	1.0	1.0	1.0	1.0	True	False	False	small
12_+_118389926_118389946	7day	3	3	1.0	1.0	0.0	0.0	0.0	0.0	1.0	1.0	1.0	1.0	True	True	False	small
20_-_45960863_45960882	7day	3	3	1.0	1.0	0.0	0.0	0.0	0.0	1.0	1.0	1.0	1.0	True	True	False	small
21_+_34103496_34103519	7day	3	3	0.47792580982236155	0.20309447656131008	-0.27483133326105147	0.27483133326105147	0.2646421684607243	0.056138633961517234	0.1724137931034483	0.6363636363636364	0.1507936507936507	0.2624113475177305	True	True	False	strong
14_-_94129261_94129291	7day	2	3	1.0	1.0	0.0	0.0	0.0	0.0	1.0	1.0	1.0	1.0	True	False	False	small
21_+_45987498_45987519	7day	3	3	1.0	1.0	0.0	0.0	0.0	0.0	1.0	1.0	1.0	1.0	True	True	False	small
6_+_26390686_26390707	7day	0	2		1.0				0.0			1.0	1.0	False	False	False	not_testable
15_-_58901259_58901287	7day	3	3	0.945562435500516	1.0	0.054437564499484004	0.054437564499484004	0.01384802569692428	0.0	0.9298245614035088	0.9558823529411764	1.0	1.0	True	True	True	small
6_+_73723250_73723279	7day	0	3		1.0				0.0			1.0	1.0	False	False	False	not_testable
2_-_86153559_86153574	7day	3	3	1.0	1.0	0.0	0.0	0.0	0.0	1.0	1.0	1.0	1.0	True	True	False	small
19_-_5612539_5612567	7day	3	3	0.7889192932671194	1.0	0.2110807067328806	0.2110807067328806	0.02895860093993111	0.0	0.7636363636363637	0.8205128205128205	1.0	1.0	True	True	True	strong
6_-_79077699_79077729	7day	3	3	1.0	1.0	0.0	0.0	0.0	0.0	1.0	1.0	1.0	1.0	True	True	False	small
21_+_45492534_45492564	7day	3	3	1.0	1.0	0.0	0.0	0.0	0.0	1.0	1.0	1.0	1.0	True	True	False	small
11_-_4601663_4601686	7day	2	3	1.0	1.0	0.0	0.0	0.0	0.0	1.0	1.0	1.0	1.0	True	False	False	small
1_+_206419372_206419400	7day	0	3		1.0				0.0			1.0	1.0	False	False	False	not_testable
17_+_48862275_48862304	7day	3	3	1.0	1.0	0.0	0.0	0.0	0.0	1.0	1.0	1.0	1.0	True	True	False	small
2_-_43950572_43950600	7day	3	3	1.0	1.0	0.0	0.0	0.0	0.0	1.0	1.0	1.0	1.0	True	True	False	small
1_+_52414620_52414647	7day	3	3	1.0	1.0	0.0	0.0	0.0	0.0	1.0	1.0	1.0	1.0	True	True	False	small
11_-_4386967_4386990	7day	3	3	1.0	1.0	0.0	0.0	0.0	0.0	1.0	1.0	1.0	1.0	True	True	False	small
X_-_81119787_81119817	7day	0	3		0.9761904761904763				0.041239304942116105			0.9285714285714286	1.0	False	False	False	not_testable
6_+_26410005_26410032	7day	3	2	0.6289759146902004	0.25555555555555554	-0.3734203591346449	0.3734203591346449	0.08188073195641427	0.2042752923427804	0.5510204081632653	0.7142857142857143	0.1111111111111111	0.4	True	False	True	strong
11_+_65205709_65205721	7day	3	3	1.0	1.0	0.0	0.0	0.0	0.0	1.0	1.0	1.0	1.0	True	True	False	small
6_+_26373386_26373413	7day	3	3	1.0	0.4583333333333333	-0.5416666666666667	0.5416666666666667	0.0	0.12332207155790616	1.0	1.0	0.375	0.6	True	True	True	strong
3_-_160535660_160535690	7day	3	3	1.0	1.0	0.0	0.0	0.0	0.0	1.0	1.0	1.0	1.0	True	True	False	small
16_+_28986539_28986569	7day	3	3	0.5708808478840307	0.46095538360309435	-0.10992546428093636	0.10992546428093636	0.055350999984467894	0.03181790851257644	0.5189873417721519	0.6291390728476821	0.4245014245014245	0.4831460674157303	True	True	True	exploratory
3_+_184189254_184189277	7day	3	3	0.2801217691492255	0.3063063568792556	0.02618458773003013	0.02618458773003013	0.054235953762699615	0.08552854143432166	0.2413793103448276	0.3421052631578947	0.2075471698113207	0.356	True	True	False	small
5_-_170262841_170262861	7day	3	3	1.0	1.0	0.0	0.0	0.0	0.0	1.0	1.0	1.0	1.0	True	True	False	small
7_+_74755508_74755537	7day	3	3	0.8867910447761194	1.0	0.11320895522388064	0.11320895522388064	0.034244462700745236	0.0	0.86	0.9253731343283582	1.0	1.0	True	True	True	exploratory
4_+_53440581_53440608	7day	3	3	0.26556225300387204	0.43840124018926024	0.1728389871853882	0.1728389871853882	0.06865797061879263	0.0458891557002118	0.202127659574468	0.3384615384615385	0.4011299435028249	0.4896551724137931	True	True	True	exploratory
8_+_63169386_63169411	7day	3	3	1.0	1.0	0.0	0.0	0.0	0.0	1.0	1.0	1.0	1.0	True	True	False	small
5_-_170262966_170262992	7day	3	3	1.0	1.0	0.0	0.0	0.0	0.0	1.0	1.0	1.0	1.0	True	True	False	small
18_+_10533535_10533553	7day	1	3	1.0	1.0				0.0	1.0	1.0	1.0	1.0	False	False	False	not_testable
19_+_50419945_50419973	7day	0	3		1.0				0.0			1.0	1.0	False	False	False	not_testable
17_+_43179393_43179412	7day	3	3	1.0	1.0	0.0	0.0	0.0	0.0	1.0	1.0	1.0	1.0	True	True	False	small
7_+_142792521_142792539	7day	3	3	1.0	1.0	0.0	0.0	0.0	0.0	1.0	1.0	1.0	1.0	True	True	False	small
19_+_39421282_39421299	7day	3	3	1.0	1.0	0.0	0.0	0.0	0.0	1.0	1.0	1.0	1.0	True	True	False	small
6_-_28911695_28911718	7day	3	3	0.9393939393939394	0.9869281045751634	0.047534165181224	0.047534165181224	0.10497277621629557	0.02264118702704413	0.8181818181818182	1.0	0.9607843137254902	1.0	True	True	False	small
7_+_35831491_35831496	7day	3	3	0.903225806451613	0.69187675070028	-0.211349055751333	0.211349055751333	0.1676178200873107	0.1480359693190343	0.7096774193548387	1.0	0.5714285714285714	0.8571428571428571	True	True	False	strong
2_-_121401867_121401870	7day	1	3	1.0	0.9801169590643276				0.01757307508925927	1.0	1.0	0.9666666666666668	1.0	False	False	False	not_testable
2_-_25835537_25835540	7day	3	3	1.0	0.9118629908103593	-0.08813700918964074	0.08813700918964074	0.0	0.13053249789337318	1.0	1.0	0.7619047619047619	1.0	True	True	False	small
14_+_96874456_96874459	7day	0	3		0.44836601307189544				0.13704933251849574			0.3333333333333333	0.6	False	False	False	not_testable
19_+_48477716_48477719	7day	3	3	0.5322510822510823	0.6129264450239026	0.08067536277282028	0.08067536277282028	0.09118773006223711	0.06477552201151313	0.4285714285714285	0.6	0.5384615384615384	0.65625	True	True	False	small
17_-_78696006_78696009	7day	3	3	0.9905880916243611	0.978587089609613	-0.012001002014748074	0.012001002014748074	0.009086975193024604	0.018720364805478902	0.9818652849740932	1.0	0.9653179190751444	1.0	True	True	False	small
6_-_166370217_166370221	7day	3	3	1.0	1.0	0.0	0.0	0.0	0.0	1.0	1.0	1.0	1.0	True	True	False	small
14_-_50438091_50438094	7day	3	3	1.0	1.0	0.0	0.0	0.0	0.0	1.0	1.0	1.0	1.0	True	True	False	small
