ME	condition	n_valid	mean_PSI	median_PSI	sd_PSI	min_PSI	max_PSI	range_PSI
4_+_88676217_88676241	Ctrl	3	0.9761904761904763	1.0	0.041239304942116105	0.9285714285714286	1.0	0.0714285714285714
4_+_88676217_88676241	30min	3	0.8811688311688312	0.8863636363636364	0.12151188197021169	0.7571428571428571	1.0	0.24285714285714288
4_+_88676217_88676241	3hr	3	0.7955555555555556	0.84	0.11339867397487179	0.6666666666666666	0.88	0.21333333333333337
4_+_88676217_88676241	12hr	2	0.7638888888888888	0.7638888888888888	0.019641855032959663	0.75	0.7777777777777778	0.02777777777777779
4_+_88676217_88676241	24hr	3	0.8745098039215686	0.8235294117647058	0.10931262639032434	0.8	1.0	0.19999999999999996
4_+_88676217_88676241	48hr	2	0.75	0.75	0.3535533905932738	0.5	1.0	0.5
4_+_88676217_88676241	72hr	2	0.8928571428571428	0.8928571428571428	0.15152288168283162	0.7857142857142857	1.0	0.2142857142857143
4_+_88676217_88676241	7day	3	0.9791666666666666	1.0	0.03608439182435161	0.9375	1.0	0.0625
10_-_73439871_73439901	Ctrl	3	0.7770753460042963	0.7608695652173914	0.09392501507994556	0.6923076923076923	0.8780487804878049	0.1857410881801126
10_-_73439871_73439901	30min	3	0.9195906432748537	0.9166666666666666	0.07898796876748598	0.8421052631578947	1.0	0.1578947368421053
10_-_73439871_73439901	3hr	3	0.9046296296296296	0.8888888888888888	0.08855550908498248	0.825	1.0	0.17500000000000004
10_-_73439871_73439901	12hr	3	0.9493176957716579	0.9620253164556962	0.040382781794173025	0.9041095890410958	0.9818181818181818	0.07770859277708597
10_-_73439871_73439901	24hr	3	0.8979497931110835	0.935483870967742	0.11365973078623466	0.7702702702702703	0.988095238095238	0.21782496782496774
10_-_73439871_73439901	48hr	3	0.932970208264804	0.9158878504672896	0.03961539685187278	0.9047619047619048	0.9782608695652174	0.07349896480331264
10_-_73439871_73439901	72hr	3	0.8807588075880758	0.975609756097561	0.1858098614246282	0.6666666666666666	1.0	0.33333333333333337
10_-_73439871_73439901	7day	3	0.9395183360700603	0.913793103448276	0.052572943528290374	0.9047619047619048	1.0	0.09523809523809523
14_-_93076594_93076619	Ctrl	3	1.0	1.0	0.0	1.0	1.0	0.0
14_-_93076594_93076619	30min	3	1.0	1.0	0.0	1.0	1.0	0.0
14_-_93076594_93076619	3hr	3	0.9777777777777777	1.0	0.038490017945975105	0.9333333333333332	1.0	0.06666666666666676
14_-_93076594_93076619	12hr	3	0.9831791016001542	0.989010989010989	0.02037280342435919	0.9605263157894736	1.0	0.03947368421052644
14_-_93076594_93076619	24hr	3	0.9632755969987133	0.9590163934426228	0.007976019812479843	0.9583333333333334	0.9724770642201837	0.014143730886850281
14_-_93076594_93076619	48hr	3	0.9836065573770493	1.0	0.028394275533915988	0.9508196721311476	1.0	0.0491803278688524
14_-_93076594_93076619	72hr	3	1.0	1.0	0.0	1.0	1.0	0.0
14_-_93076594_93076619	7day	3	0.9389278815275018	0.9411764705882352	0.03920333291503195	0.8986486486486487	0.976958525345622	0.07830987669697331
5_+_57221375_57221396	Ctrl	3	0.7467343147410553	0.8172043010752689	0.14307830943169886	0.582089552238806	0.8409090909090909	0.25881953867028495
5_+_57221375_57221396	30min	3	0.7213949207413259	0.7283950617283951	0.038883166713048166	0.6794871794871795	0.7563025210084033	0.07681534152122382
5_+_57221375_57221396	3hr	3	0.3970875047776161	0.4177215189873418	0.06472475031630849	0.3245614035087719	0.4489795918367347	0.12441818832796281
5_+_57221375_57221396	12hr	3	0.23439153439153435	0.2142857142857142	0.04773354840749853	0.2	0.2888888888888888	0.0888888888888888
5_+_57221375_57221396	24hr	3	0.2437694844247338	0.2117647058823529	0.07519324128381494	0.189873417721519	0.3296703296703296	0.1397969119488106
5_+_57221375_57221396	48hr	3	0.1966078575611037	0.1791044776119403	0.0382762653290782	0.1702127659574468	0.240506329113924	0.0702935631564772
5_+_57221375_57221396	72hr	3	0.24900213496704718	0.1851851851851851	0.12130029287711028	0.1729323308270676	0.3888888888888889	0.2159565580618213
5_+_57221375_57221396	7day	3	0.2873510577132774	0.2906976744186046	0.06221588019520595	0.2235294117647059	0.3478260869565217	0.12429667519181578
11_-_75271700_75271724	Ctrl	3	0.3101851851851852	0.3333333333333333	0.07897556532051844	0.2222222222222222	0.375	0.1527777777777778
11_-_75271700_75271724	30min	3	0.2631578947368421	0.1578947368421052	0.32868410517886304	0.0	0.631578947368421	0.631578947368421
11_-_75271700_75271724	3hr	3	0.5205128205128206	0.5	0.07147364033213514	0.4615384615384615	0.6	0.13846153846153847
11_-_75271700_75271724	12hr	3	0.41335814722911496	0.4516129032258064	0.1479867715715638	0.25	0.5384615384615384	0.28846153846153844
11_-_75271700_75271724	24hr	3	0.3556636513625761	0.3703703703703703	0.04082409704933842	0.3095238095238095	0.3870967741935484	0.0775729646697389
11_-_75271700_75271724	48hr	3	0.1037037037037037	0.1111111111111111	0.10020555006273099	0.0	0.2	0.2
11_-_75271700_75271724	72hr	3	0.17195767195767195	0.1111111111111111	0.1411568420312603	0.0714285714285714	0.3333333333333333	0.2619047619047619
11_-_75271700_75271724	7day	3	0.2672839506172839	0.1851851851851851	0.15850741278738525	0.1666666666666666	0.45	0.28333333333333344
17_+_30510879_30510909	Ctrl	3	0.9393939393939394	1.0	0.10497277621629557	0.8181818181818182	1.0	0.18181818181818177
17_+_30510879_30510909	30min	3	0.9880952380952381	1.0	0.02061965247105799	0.9642857142857144	1.0	0.03571428571428559
17_+_30510879_30510909	3hr	3	0.9659340659340659	0.9692307692307692	0.03582822063055187	0.9285714285714286	1.0	0.0714285714285714
17_+_30510879_30510909	12hr	3	1.0	1.0	0.0	1.0	1.0	0.0
17_+_30510879_30510909	24hr	3	0.9871975569649988	0.9848484848484848	0.011804525637070486	0.9767441860465116	1.0	0.023255813953488413
17_+_30510879_30510909	48hr	3	0.9665401044138585	0.9693877551020408	0.034970785260982885	0.9302325581395348	1.0	0.06976744186046524
17_+_30510879_30510909	72hr	3	1.0	1.0	0.0	1.0	1.0	0.0
17_+_30510879_30510909	7day	3	0.9966996699669967	1.0	0.005716339298907255	0.99009900990099	1.0	0.00990099009901002
8_-_54065787_54065813	Ctrl	3	0.0	0.0	0.0	0.0	0.0	0.0
8_-_54065787_54065813	30min	3	0.0	0.0	0.0	0.0	0.0	0.0
8_-_54065787_54065813	3hr	3	0.0	0.0	0.0	0.0	0.0	0.0
8_-_54065787_54065813	12hr	3	0.12027027027027022	0.1486486486486486	0.06122978788761721	0.05	0.1621621621621621	0.11216216216216209
8_-_54065787_54065813	24hr	3	0.0553170267821366	0.0632183908045977	0.014823646352422247	0.0382165605095541	0.064516129032258	0.026299568522703896
8_-_54065787_54065813	48hr	3	0.049329795196298536	0.0610328638497652	0.04464393049646032	0.0	0.0869565217391304	0.0869565217391304
8_-_54065787_54065813	72hr	3	0.11895424836601305	0.0333333333333333	0.17794950375732768	0.0	0.3235294117647059	0.3235294117647059
8_-_54065787_54065813	7day	3	0.028112449799196765	0.0	0.048692191377438285	0.0	0.0843373493975903	0.0843373493975903
X_-_154357250_154357274	Ctrl	3	0.7339657009313675	0.7311320754716981	0.018876043114411663	0.7166666666666667	0.7540983606557377	0.03743169398907098
X_-_154357250_154357274	30min	3	0.7579575373693022	0.7876447876447876	0.08442542381803592	0.6626984126984127	0.8235294117647058	0.16083099906629317
X_-_154357250_154357274	3hr	3	0.610629799856096	0.6363636363636364	0.06511037697038821	0.5365853658536586	0.6589403973509934	0.12235503149733484
X_-_154357250_154357274	12hr	3	0.5620655721661795	0.5650118203309693	0.008822235300618554	0.5521472392638037	0.5690376569037657	0.01689041763996202
X_-_154357250_154357274	24hr	3	0.4951533790096543	0.4852071005917159	0.018454443695367594	0.4838056680161943	0.5164473684210527	0.032641700404858365
X_-_154357250_154357274	48hr	3	0.5303536851645861	0.514336917562724	0.03152067391939705	0.5100574712643678	0.5666666666666667	0.056609195402298806
X_-_154357250_154357274	72hr	3	0.49600274042414766	0.4984025559105431	0.020290262629361545	0.4746192893401015	0.5149863760217984	0.04036708668169692
X_-_154357250_154357274	7day	3	0.5109959029142223	0.5081481481481481	0.016347529948219395	0.4962593516209476	0.5285802089735709	0.032320857352623356
9_+_133054943_133054964	Ctrl	3	0.3791035353535353	0.3333333333333333	0.12707872306439813	0.28125	0.5227272727272727	0.2414772727272727
9_+_133054943_133054964	30min	3	0.45162907268170427	0.4285714285714285	0.06623942090271566	0.4	0.5263157894736842	0.12631578947368416
9_+_133054943_133054964	3hr	3	0.20160335856724945	0.1818181818181818	0.09441960270533728	0.1186440677966101	0.3043478260869565	0.18570375829034638
9_+_133054943_133054964	12hr	3	0.18941070404065238	0.1686746987951807	0.07938748720116928	0.1224489795918367	0.2771084337349397	0.154659454143103
9_+_133054943_133054964	24hr	3	0.2850045167118338	0.2777777777777778	0.04515130707897711	0.2439024390243902	0.3333333333333333	0.0894308943089431
9_+_133054943_133054964	48hr	3	0.24735982237428233	0.2440944881889764	0.013444204436661026	0.2358490566037736	0.2621359223300971	0.026286865726323494
9_+_133054943_133054964	72hr	3	0.328426631504852	0.336405529953917	0.1332584305022876	0.191358024691358	0.457516339869281	0.266158315177923
9_+_133054943_133054964	7day	3	0.20898695898695893	0.2272727272727272	0.034743952860113836	0.1689189189189189	0.2307692307692307	0.06185031185031181
20_+_44478623_44478647	Ctrl	0						
20_+_44478623_44478647	30min	3	1.0	1.0	0.0	1.0	1.0	0.0
20_+_44478623_44478647	3hr	3	0.5934391534391534	0.5714285714285714	0.11711718793621413	0.4888888888888889	0.72	0.2311111111111111
20_+_44478623_44478647	12hr	3	0.2970521541950113	0.3095238095238095	0.2094623256963593	0.0816326530612244	0.5	0.4183673469387756
20_+_44478623_44478647	24hr	3	0.18589235377026073	0.1627906976744186	0.08616175288106813	0.1136363636363636	0.28125	0.1676136363636364
20_+_44478623_44478647	48hr	3	0.21553065670712723	0.1372549019607843	0.1445635782323236	0.1269841269841269	0.3823529411764705	0.2553688141923436
20_+_44478623_44478647	72hr	2	0.0510204081632653	0.0510204081632653	0.07215375318230076	0.0	0.1020408163265306	0.1020408163265306
20_+_44478623_44478647	7day	3	0.14742063492063492	0.1714285714285714	0.13700350131525085	0.0	0.2708333333333333	0.2708333333333333
4_-_142202739_142202766	Ctrl	3	0.4932191653577882	0.4883720930232558	0.31919971567110417	0.1764705882352941	0.8148148148148148	0.6383442265795207
4_-_142202739_142202766	30min	3	0.7018137436658014	0.7083333333333334	0.04374741557405237	0.6551724137931034	0.7419354838709677	0.08676307007786432
4_-_142202739_142202766	3hr	2	0.8571428571428572	0.8571428571428572	0.20203050891044214	0.7142857142857143	1.0	0.2857142857142857
4_-_142202739_142202766	12hr	3	0.1026968200881244	0.1304347826086956	0.069313975585125	0.0238095238095238	0.1538461538461538	0.13003663003663
4_-_142202739_142202766	24hr	3	0.16989039329464858	0.1914893617021276	0.07070110966441026	0.0909090909090909	0.2272727272727272	0.1363636363636363
4_-_142202739_142202766	48hr	3	0.17472133150099248	0.1525423728813559	0.06700135567922628	0.1216216216216216	0.25	0.1283783783783784
4_-_142202739_142202766	72hr	3	0.2063235484288116	0.2027027027027027	0.15553400566336378	0.0526315789473684	0.3636363636363636	0.3110047846889952
4_-_142202739_142202766	7day	3	0.18557422969187667	0.2352941176470588	0.08855428976108448	0.0833333333333333	0.238095238095238	0.1547619047619047
3_+_47819235_47819264	Ctrl	2	0.8125	0.8125	0.2651650429449553	0.625	1.0	0.375
3_+_47819235_47819264	30min	2	0.7279411764705883	0.7279411764705883	0.03119588740528883	0.7058823529411765	0.75	0.044117647058823484
3_+_47819235_47819264	3hr	3	0.6602564102564102	0.7307692307692307	0.37993952596762676	0.25	1.0	0.75
3_+_47819235_47819264	12hr	3	0.5343434343434343	0.5	0.08991033863221683	0.4666666666666667	0.6363636363636364	0.16969696969696968
3_+_47819235_47819264	24hr	3	0.5102707749766573	0.5	0.10402244054306582	0.4117647058823529	0.6190476190476191	0.20728291316526615
3_+_47819235_47819264	48hr	3	0.5099493264120628	0.4838709677419355	0.14544234087230976	0.3793103448275862	0.6666666666666666	0.28735632183908044
3_+_47819235_47819264	72hr	3	0.35434782608695653	0.4130434782608695	0.3289511889142381	0.0	0.65	0.65
3_+_47819235_47819264	7day	3	0.7061904761904761	0.75	0.24721441298272753	0.44	0.9285714285714286	0.4885714285714286
19_+_47780724_47780749	Ctrl	3	0.6376478988168094	0.5263157894736842	0.20568409861998962	0.5116279069767442	0.875	0.3633720930232558
19_+_47780724_47780749	30min	3	0.891170710940826	0.92	0.05514545326168907	0.8275862068965517	0.925925925925926	0.09833971902937433
19_+_47780724_47780749	3hr	3	0.6071428571428571	0.5714285714285714	0.1287696884094282	0.5	0.75	0.25
19_+_47780724_47780749	12hr	3	0.7118506493506493	0.6875	0.13477692741564715	0.5909090909090909	0.8571428571428571	0.26623376623376616
19_+_47780724_47780749	24hr	3	0.6015217844486137	0.5897435897435898	0.04754239048236701	0.5609756097560976	0.6538461538461539	0.09287054409005624
19_+_47780724_47780749	48hr	3	0.6551007147498376	0.6296296296296297	0.1582698757943072	0.5111111111111111	0.8245614035087719	0.31345029239766087
19_+_47780724_47780749	72hr	3	0.8244810744810745	0.7948717948717948	0.1627470851102668	0.6785714285714286	1.0	0.3214285714285714
19_+_47780724_47780749	7day	3	0.8035714285714285	0.7916666666666666	0.09579450559185167	0.7142857142857143	0.9047619047619048	0.19047619047619047
17_+_7578226_7578244	Ctrl	3	0.0004960317460317333	0.0	0.000859152186294064	0.0	0.0014880952380952	0.0014880952380952
17_+_7578226_7578244	30min	3	0.0016359918200408998	0.0	0.002833620953077918	0.0	0.0049079754601227	0.0049079754601227
17_+_7578226_7578244	3hr	3	0.0043994250582311	0.0027472527472527	0.002956309521888683	0.0026385224274406	0.0078125	0.0051739775725594
17_+_7578226_7578244	12hr	3	0.004589748409194134	0.0042442820089601	0.002057899199168795	0.0027264465313541	0.0067985166872682	0.0040720701559141
17_+_7578226_7578244	24hr	3	0.0023674516802090003	0.0023651145602365	0.00040476041465229226	0.0019638648860958	0.0027733755942947	0.0008095107081989
17_+_7578226_7578244	48hr	3	0.0023089882380746	0.0023702299123014	0.0009224273308036902	0.0013574660633484	0.003199268738574	0.0018418026752256
17_+_7578226_7578244	72hr	3	0.0022990794794149334	0.0024096385542168	0.0008742990996822014	0.001374759417102	0.003112840466926	0.001738081049824
17_+_7578226_7578244	7day	3	0.005054901105717866	0.0055908513341804	0.0010308930849961548	0.003866432337434	0.0057074196455392	0.0018409873081052003
3_-_146536539_146536565	Ctrl	3	1.0	1.0	0.0	1.0	1.0	0.0
3_-_146536539_146536565	30min	3	1.0	1.0	0.0	1.0	1.0	0.0
3_-_146536539_146536565	3hr	3	1.0	1.0	0.0	1.0	1.0	0.0
3_-_146536539_146536565	12hr	3	0.9592803030303031	0.96875	0.04618844090248935	0.9090909090909092	1.0	0.09090909090909083
3_-_146536539_146536565	24hr	3	0.9534934524688623	0.9590163934426228	0.014069914886779823	0.9375	0.963963963963964	0.026463963963964
3_-_146536539_146536565	48hr	3	0.8836668142232998	0.9124087591240876	0.058356855200011465	0.8165137614678899	0.922077922077922	0.10556416061003215
3_-_146536539_146536565	72hr	3	0.9384778113665707	0.948019801980198	0.02042083631968817	0.915032679738562	0.9523809523809524	0.03734827264239049
3_-_146536539_146536565	7day	3	0.9852836128607313	0.9842271293375394	0.0062869500235453995	0.979591836734694	0.9920318725099602	0.0124400357752662
17_-_35014739_35014763	Ctrl	3	1.0	1.0	0.0	1.0	1.0	0.0
17_-_35014739_35014763	30min	3	1.0	1.0	0.0	1.0	1.0	0.0
17_-_35014739_35014763	3hr	3	1.0	1.0	0.0	1.0	1.0	0.0
17_-_35014739_35014763	12hr	3	0.9583333333333334	1.0	0.07216878364870323	0.875	1.0	0.125
17_-_35014739_35014763	24hr	3	0.8982456140350877	0.8947368421052632	0.1000461573991807	0.8	1.0	0.19999999999999996
17_-_35014739_35014763	48hr	3	0.9696969696969697	1.0	0.05248638810814775	0.9090909090909092	1.0	0.09090909090909083
17_-_35014739_35014763	72hr	2	1.0	1.0	0.0	1.0	1.0	0.0
17_-_35014739_35014763	7day	3	0.9733333333333333	1.0	0.046188021535170036	0.92	1.0	0.07999999999999996
11_+_67416175_67416202	Ctrl	3	0.42372134038800696	0.4464285714285714	0.18129455784052992	0.2321428571428571	0.5925925925925926	0.36044973544973546
11_+_67416175_67416202	30min	3	0.29820825169662374	0.3076923076923077	0.05597683927576481	0.238095238095238	0.3488372093023256	0.11074197120708759
11_+_67416175_67416202	3hr	2	0.668560606060606	0.668560606060606	0.17409826051941513	0.5454545454545454	0.7916666666666666	0.24621212121212122
11_+_67416175_67416202	12hr	0						
11_+_67416175_67416202	24hr	2	0.8	0.8	0.28284271247461906	0.6	1.0	0.4
11_+_67416175_67416202	48hr	0						
11_+_67416175_67416202	72hr	0						
11_+_67416175_67416202	7day	3	0.6285612535612536	0.625	0.24147268784853085	0.3888888888888889	0.8717948717948718	0.4829059829059829
12_-_57538518_57538524	Ctrl	3	0.20035810078182958	0.1818181818181818	0.11354676953652378	0.0972222222222222	0.3220338983050847	0.2248116760828625
12_-_57538518_57538524	30min	3	0.1346153846153846	0.1923076923076923	0.11697620250573498	0.0	0.2115384615384615	0.2115384615384615
12_-_57538518_57538524	3hr	3	0.2587344429449692	0.3055555555555556	0.1362349279782339	0.1052631578947368	0.3653846153846153	0.2601214574898785
12_-_57538518_57538524	12hr	3	0.1491993769819481	0.1558441558441558	0.01895220056429958	0.1278195488721804	0.1639344262295081	0.03611487735732771
12_-_57538518_57538524	24hr	3	0.1193521947543927	0.1484375	0.057520583745039	0.0530973451327433	0.1565217391304348	0.10342439399769149
12_-_57538518_57538524	48hr	3	0.08699414725239683	0.0691056910569105	0.04941020535445645	0.0490196078431372	0.1428571428571428	0.0938375350140056
12_-_57538518_57538524	72hr	3	0.16255944291924765	0.1433962264150943	0.07246280431331649	0.1016042780748663	0.2426778242677824	0.1410735461929161
12_-_57538518_57538524	7day	3	0.23122356464897895	0.2071428571428571	0.10685714387297544	0.1384615384615384	0.3480662983425414	0.20960475988100297
12_-_6965910_6965916	Ctrl	3	0.9943693693693693	1.0	0.009752538330905901	0.983108108108108	1.0	0.016891891891891997
12_-_6965910_6965916	30min	3	0.9912905779889153	1.0	0.015085161427757364	0.973871733966746	1.0	0.026128266033254022
12_-_6965910_6965916	3hr	3	1.0	1.0	0.0	1.0	1.0	0.0
12_-_6965910_6965916	12hr	3	1.0	1.0	0.0	1.0	1.0	0.0
12_-_6965910_6965916	24hr	3	0.9993527508090615	1.0	0.0011210684838634018	0.9980582524271844	1.0	0.001941747572815622
12_-_6965910_6965916	48hr	3	0.9992361794921686	0.9993093922651932	0.0008029341789892398	0.9983991462113126	1.0	0.0016008537886873508
12_-_6965910_6965916	72hr	3	0.9994317455289847	0.9992982456140352	0.0005146585737848068	0.9989969909729188	1.0	0.0010030090270811698
12_-_6965910_6965916	7day	3	1.0	1.0	0.0	1.0	1.0	0.0
20_+_62304460_62304485	Ctrl	3	0.0	0.0	0.0	0.0	0.0	0.0
20_+_62304460_62304485	30min	3	0.0	0.0	0.0	0.0	0.0	0.0
20_+_62304460_62304485	3hr	3	0.0	0.0	0.0	0.0	0.0	0.0
20_+_62304460_62304485	12hr	3	0.0	0.0	0.0	0.0	0.0	0.0
20_+_62304460_62304485	24hr	3	0.0005541701302299667	0.0	0.0009598508215953637	0.0	0.0016625103906899	0.0016625103906899
20_+_62304460_62304485	48hr	3	0.007996092632704366	0.0043859649122807	0.0093736035276713	0.0009643201542912	0.0186379928315412	0.01767367267725
20_+_62304460_62304485	72hr	3	0.0402571166947866	0.0439121756487025	0.011195681685382663	0.0276907001044932	0.0491684743311641	0.0214777742266709
20_+_62304460_62304485	7day	3	0.007827019696767534	0.0073529411764705	0.0011925181294606803	0.0069444444444444	0.0091836734693877	0.0022392290249433006
16_+_70550649_70550678	Ctrl	3	0.6234819734345352	0.6470588235294118	0.06651772478906715	0.5483870967741935	0.675	0.12661290322580654
16_+_70550649_70550678	30min	3	0.603277591973244	0.5652173913043478	0.2643704968410894	0.36	0.8846153846153846	0.5246153846153846
16_+_70550649_70550678	3hr	3	0.29579627843851564	0.2352941176470588	0.22123059051728464	0.1111111111111111	0.5409836065573771	0.429872495446266
16_+_70550649_70550678	12hr	3	0.09903401505576108	0.1073446327683615	0.0206985926558702	0.0754716981132075	0.1142857142857142	0.038814016172506696
16_+_70550649_70550678	24hr	3	0.08715659050448173	0.0954773869346733	0.031476131275883744	0.0523560209424083	0.1136363636363636	0.061280342693955304
16_+_70550649_70550678	48hr	3	0.14460526286454464	0.1318681318681318	0.028653826098890618	0.1245283018867924	0.1774193548387097	0.05289105295191729
16_+_70550649_70550678	72hr	3	0.25591249434166685	0.2698412698412698	0.0566977690065803	0.1935483870967742	0.3043478260869565	0.1107994389901823
16_+_70550649_70550678	7day	3	0.25378202227876506	0.2588235294117647	0.12049927158028025	0.1308411214953271	0.3716814159292035	0.24084029443387642
14_+_94114850_94114880	Ctrl	0						
14_+_94114850_94114880	30min	0						
14_+_94114850_94114880	3hr	0						
14_+_94114850_94114880	12hr	0						
14_+_94114850_94114880	24hr	0						
14_+_94114850_94114880	48hr	0						
14_+_94114850_94114880	72hr	2	1.0	1.0	0.0	1.0	1.0	0.0
14_+_94114850_94114880	7day	3	0.9743589743589745	1.0	0.04441155916843266	0.9230769230769232	1.0	0.07692307692307676
19_+_47205103_47205129	Ctrl	3	0.16801619433198378	0.1578947368421052	0.17329874271922663	0.0	0.3461538461538461	0.3461538461538461
19_+_47205103_47205129	30min	3	0.07952780366573466	0.1034482758620689	0.07067190339568834	0.0	0.1351351351351351	0.1351351351351351
19_+_47205103_47205129	3hr	3	0.0579710144927536	0.0	0.10040874246776096	0.0	0.1739130434782608	0.1739130434782608
19_+_47205103_47205129	12hr	3	0.2111934425435569	0.2063492063492063	0.018446767493479635	0.1956521739130435	0.231578947368421	0.03592677345537751
19_+_47205103_47205129	24hr	3	0.20993628036638787	0.2	0.0543002647476266	0.1612903225806451	0.2685185185185185	0.10722819593787339
19_+_47205103_47205129	48hr	3	0.16371068171775194	0.1653225806451612	0.015241520308060428	0.1477272727272727	0.1780821917808219	0.0303549190535492
19_+_47205103_47205129	72hr	3	0.1279115856307771	0.1340782122905028	0.04381524004743288	0.0813397129186602	0.1683168316831683	0.0869771187645081
19_+_47205103_47205129	7day	3	0.21183835657519864	0.2115384615384615	0.010237213148059797	0.2017543859649122	0.2222222222222222	0.020467836257310024
16_-_31093311_31093321	Ctrl	3	0.05471956224350203	0.0465116279069767	0.05925145780494586	0.0	0.1176470588235294	0.1176470588235294
16_-_31093311_31093321	30min	3	0.09379509379509376	0.0909090909090909	0.09527088508077379	0.0	0.1904761904761904	0.1904761904761904
16_-_31093311_31093321	3hr	3	0.0	0.0	0.0	0.0	0.0	0.0
16_-_31093311_31093321	12hr	3	0.036003409212758235	0.045045045045045	0.016708572472015557	0.0167224080267558	0.0462427745664739	0.029520366539718103
16_-_31093311_31093321	24hr	3	0.0275539162680294	0.0271186440677966	0.016906190169890194	0.0108695652173913	0.0446735395189003	0.033803974301509
16_-_31093311_31093321	48hr	3	0.033067310300847606	0.0273037542662116	0.016759497929643253	0.0199501246882793	0.0519480519480519	0.0319979272597726
16_-_31093311_31093321	72hr	3	0.021457806669074233	0.0256410256410256	0.019702133997618748	0.0	0.0387323943661971	0.0387323943661971
16_-_31093311_31093321	7day	3	0.008064923104613334	0.0095693779904306	0.0037511670056501922	0.0037950664136622	0.0108303249097472	0.007035258496085
1_-_156476493_156476514	Ctrl	3	0.049851263443496434	0.0485436893203883	0.050517743804363115	0.0	0.101010101010101	0.101010101010101
1_-_156476493_156476514	30min	3	0.19331661644734333	0.2028985507246377	0.0515828169686316	0.1376146788990825	0.2394366197183098	0.1018219408192273
1_-_156476493_156476514	3hr	3	0.08730610232487575	0.0588235294117647	0.08397525191722767	0.0212765957446808	0.1818181818181818	0.160541586073501
1_-_156476493_156476514	12hr	3	0.23025583982202447	0.2068965517241379	0.052445718505567465	0.1935483870967742	0.2903225806451613	0.09677419354838712
1_-_156476493_156476514	24hr	3	0.19248366013071894	0.2	0.10559298391443617	0.0833333333333333	0.2941176470588235	0.21078431372549017
1_-_156476493_156476514	48hr	3	0.1386554621848739	0.1666666666666666	0.07015394838301506	0.0588235294117647	0.1904761904761904	0.13165266106442572
1_-_156476493_156476514	72hr	3	0.0753205128205128	0.0384615384615384	0.0990353497146178	0.0	0.1875	0.1875
1_-_156476493_156476514	7day	3	0.24642306845696674	0.2457627118644068	0.010405337917141546	0.2363636363636363	0.2571428571428571	0.020779220779220814
19_+_41897314_41897326	Ctrl	3	0.8748691516407558	0.8597014925373134	0.0414520173907069	0.8431372549019608	0.9217687074829932	0.07863145258103243
19_+_41897314_41897326	30min	3	0.8509081020145647	0.8498293515358362	0.015247836021131271	0.8362282878411911	0.8666666666666667	0.03043837882547562
19_+_41897314_41897326	3hr	3	0.8508495321867934	0.7982456140350878	0.10251879712113485	0.7853107344632768	0.9689922480620154	0.18368151359873863
19_+_41897314_41897326	12hr	3	0.8153411857399587	0.8068181818181818	0.058168134215036846	0.7619047619047619	0.8773006134969326	0.1153958515921707
19_+_41897314_41897326	24hr	3	0.818001443001443	0.8246753246753247	0.0487743960007749	0.7662337662337663	0.8630952380952381	0.09686147186147187
19_+_41897314_41897326	48hr	3	0.6850556280586694	0.6438356164383562	0.07256618292090049	0.6424870466321243	0.7688442211055276	0.12635717447340333
19_+_41897314_41897326	72hr	3	0.34184284119851127	0.3303571428571428	0.04527311401572023	0.3034188034188034	0.3917525773195876	0.08833377390078423
19_+_41897314_41897326	7day	3	0.5563642274725064	0.5795724465558195	0.05164578788955234	0.4971857410881801	0.5923344947735192	0.0951487536853391
9_-_137023837_137023840	Ctrl	3	0.7754595443833464	0.76	0.11234811340795099	0.6716417910447762	0.8947368421052632	0.223095051060487
9_-_137023837_137023840	30min	3	0.843956043956044	0.8461538461538461	0.042899387463611244	0.8	0.8857142857142857	0.08571428571428563
9_-_137023837_137023840	3hr	3	0.6568627450980392	0.5	0.29752923344104937	0.4705882352941176	1.0	0.5294117647058825
9_-_137023837_137023840	12hr	2	0.9	0.9	0.14142135623730948	0.8	1.0	0.19999999999999996
9_-_137023837_137023840	24hr	3	0.9027777777777778	0.875	0.08673608331108884	0.8333333333333334	1.0	0.16666666666666663
9_-_137023837_137023840	48hr	0						
9_-_137023837_137023840	72hr	0						
9_-_137023837_137023840	7day	3	0.6888838906382766	0.7105263157894737	0.06542045143450193	0.6153846153846154	0.7407407407407407	0.12535612535612528
11_-_64015251_64015281	Ctrl	3	1.0	1.0	0.0	1.0	1.0	0.0
11_-_64015251_64015281	30min	3	1.0	1.0	0.0	1.0	1.0	0.0
11_-_64015251_64015281	3hr	3	1.0	1.0	0.0	1.0	1.0	0.0
11_-_64015251_64015281	12hr	3	0.9733333333333333	1.0	0.046188021535170036	0.92	1.0	0.07999999999999996
11_-_64015251_64015281	24hr	3	0.9761904761904763	1.0	0.041239304942116105	0.9285714285714286	1.0	0.0714285714285714
11_-_64015251_64015281	48hr	3	0.9243474243474245	0.9487179487179488	0.051792626648970656	0.8648648648648649	0.9594594594594594	0.09459459459459452
11_-_64015251_64015281	72hr	3	0.9623655913978495	1.0	0.06518470781173194	0.8870967741935484	1.0	0.11290322580645162
11_-_64015251_64015281	7day	3	0.9930555555555555	1.0	0.012028130608117225	0.9791666666666666	1.0	0.02083333333333337
13_+_75809153_75809183	Ctrl	3	1.0	1.0	0.0	1.0	1.0	0.0
13_+_75809153_75809183	30min	3	0.9036764705882353	0.9375	0.06969021293228135	0.8235294117647058	0.95	0.1264705882352941
13_+_75809153_75809183	3hr	2	1.0	1.0	0.0	1.0	1.0	0.0
13_+_75809153_75809183	12hr	2	0.8015873015873016	0.8015873015873016	0.12346308877860349	0.7142857142857143	0.8888888888888888	0.17460317460317454
13_+_75809153_75809183	24hr	1	0.8888888888888888	0.8888888888888888		0.8888888888888888	0.8888888888888888	0.0
13_+_75809153_75809183	48hr	1	1.0	1.0		1.0	1.0	0.0
13_+_75809153_75809183	72hr	0						
13_+_75809153_75809183	7day	2	1.0	1.0	0.0	1.0	1.0	0.0
18_-_50285324_50285351	Ctrl	3	0.9123152709359607	0.9655172413793104	0.12322362490239934	0.7714285714285715	1.0	0.22857142857142854
18_-_50285324_50285351	30min	3	0.8425709544130596	0.9210526315789472	0.15798356002352043	0.6607142857142857	0.945945945945946	0.28523166023166036
18_-_50285324_50285351	3hr	3	0.9575996503179119	0.9767441860465116	0.03427186454670308	0.918032786885246	0.978021978021978	0.059989191136731956
18_-_50285324_50285351	12hr	3	1.0	1.0	0.0	1.0	1.0	0.0
18_-_50285324_50285351	24hr	3	0.9740852130325814	0.9736842105263158	0.025716630651262243	0.9485714285714286	1.0	0.05142857142857138
18_-_50285324_50285351	48hr	3	0.9916950599009832	0.9915966386554622	0.0014555062456945498	0.9902912621359224	0.9931972789115646	0.002906016775642173
18_-_50285324_50285351	72hr	3	0.8943035248966954	0.8860759493670886	0.03291863310708595	0.8662790697674418	0.9305555555555556	0.06427648578811374
18_-_50285324_50285351	7day	3	0.9691941075973535	0.9734513274336284	0.018857983262120025	0.9485714285714286	0.9855595667870036	0.036988138215575006
5_+_181233412_181233435	Ctrl	3	0.5079474216380181	0.4782608695652174	0.19887804668746348	0.3255813953488372	0.72	0.3944186046511628
5_+_181233412_181233435	30min	3	0.5220238095238096	0.45	0.1437065521444715	0.4285714285714285	0.6875	0.2589285714285715
5_+_181233412_181233435	3hr	3	0.42735042735042733	0.3333333333333333	0.16284238361758677	0.3333333333333333	0.6153846153846154	0.2820512820512821
5_+_181233412_181233435	12hr	3	0.4844354545503877	0.4811320754716981	0.02722149473488054	0.4590163934426229	0.5131578947368421	0.05414150129421924
5_+_181233412_181233435	24hr	3	0.41040570895584166	0.4054054054054054	0.057137990055069234	0.3559322033898305	0.4698795180722891	0.11394731468245861
5_+_181233412_181233435	48hr	3	0.49669708822251196	0.559322033898305	0.1103946330029207	0.3692307692307692	0.5615384615384615	0.19230769230769235
5_+_181233412_181233435	72hr	3	0.5807196969696969	0.5909090909090909	0.05632058625972493	0.52	0.63125	0.11124999999999996
5_+_181233412_181233435	7day	3	0.5314537156033657	0.5111111111111111	0.11742220710781189	0.425531914893617	0.6577181208053692	0.23218620591175215
4_-_75918760_75918789	Ctrl	2	0.35185185185185186	0.35185185185185186	0.4975936608349779	0.0	0.7037037037037037	0.7037037037037037
4_-_75918760_75918789	30min	3	0.317016317016317	0.1818181818181818	0.4020421568736669	0.0	0.7692307692307693	0.7692307692307693
4_-_75918760_75918789	3hr	1	1.0	1.0		1.0	1.0	0.0
4_-_75918760_75918789	12hr	3	0.7449506118236768	0.7894736842105263	0.13987332606366665	0.5882352941176471	0.8571428571428571	0.26890756302521
4_-_75918760_75918789	24hr	3	0.6282096171802053	0.5625	0.2858339955193526	0.3809523809523809	0.9411764705882352	0.5602240896358543
4_-_75918760_75918789	48hr	3	0.5675	0.5625	0.0701338006955277	0.5	0.64	0.14
4_-_75918760_75918789	72hr	1	0.8571428571428571	0.8571428571428571		0.8571428571428571	0.8571428571428571	0.0
4_-_75918760_75918789	7day	2	0.6862745098039216	0.6862745098039216	0.02772967769359016	0.6666666666666666	0.7058823529411765	0.03921568627450989
11_+_59145826_59145856	Ctrl	3	0.7109090909090909	0.76	0.19115136142650568	0.5	0.8727272727272727	0.3727272727272727
11_+_59145826_59145856	30min	3	0.8690476190476191	0.8571428571428571	0.12542444943872308	0.75	1.0	0.25
11_+_59145826_59145856	3hr	0						
11_+_59145826_59145856	12hr	1	0.3125	0.3125		0.3125	0.3125	0.0
11_+_59145826_59145856	24hr	3	0.6697790227201992	0.5714285714285714	0.18426540984166395	0.5555555555555556	0.8823529411764706	0.326797385620915
11_+_59145826_59145856	48hr	3	0.8565626650733034	0.873015873015873	0.1311636012515578	0.717948717948718	0.9787234042553192	0.2607746863066013
11_+_59145826_59145856	72hr	3	0.7106816961889426	0.7407407407407407	0.3054590952376137	0.391304347826087	1.0	0.6086956521739131
11_+_59145826_59145856	7day	3	0.8094026201968282	0.7358490566037735	0.14051672314048455	0.7209302325581395	0.9714285714285714	0.25049833887043194
12_+_27674191_27674221	Ctrl	1	1.0	1.0		1.0	1.0	0.0
12_+_27674191_27674221	30min	0						
12_+_27674191_27674221	3hr	0						
12_+_27674191_27674221	12hr	2	0.75	0.75	0.3535533905932738	0.5	1.0	0.5
12_+_27674191_27674221	24hr	3	0.9166666666666666	1.0	0.14433756729740646	0.75	1.0	0.25
12_+_27674191_27674221	48hr	2	0.7333333333333333	0.7333333333333333	0.28284271247461895	0.5333333333333333	0.9333333333333332	0.3999999999999999
12_+_27674191_27674221	72hr	2	1.0	1.0	0.0	1.0	1.0	0.0
12_+_27674191_27674221	7day	3	0.9076479076479077	0.9047619047619048	0.09094344159647172	0.8181818181818182	1.0	0.18181818181818177
12_-_122514711_122514728	Ctrl	3	0.3050934097200119	0.3177570093457944	0.12278179444913952	0.1764705882352941	0.4210526315789473	0.2445820433436532
12_-_122514711_122514728	30min	3	0.3564335990806579	0.3725490196078431	0.04793172375192767	0.3025210084033613	0.3942307692307692	0.0917097608274079
12_-_122514711_122514728	3hr	3	0.0691823899371069	0.0	0.11982741436011098	0.0	0.2075471698113207	0.2075471698113207
12_-_122514711_122514728	12hr	3	0.015384615384615366	0.0	0.02664693550105962	0.0	0.0461538461538461	0.0461538461538461
12_-_122514711_122514728	24hr	3	0.014184397163120567	0.0	0.024568096561260667	0.0	0.0425531914893617	0.0425531914893617
12_-_122514711_122514728	48hr	3	0.012820512820512801	0.0	0.02220577958421634	0.0	0.0384615384615384	0.0384615384615384
12_-_122514711_122514728	72hr	3	0.0	0.0	0.0	0.0	0.0	0.0
12_-_122514711_122514728	7day	3	0.03381642512077294	0.0	0.05857176643952723	0.0	0.1014492753623188	0.1014492753623188
8_+_22539468_22539498	Ctrl	3	0.8673569023569024	0.8533333333333334	0.05748442901303384	0.8181818181818182	0.9305555555555556	0.11237373737373735
8_+_22539468_22539498	30min	3	0.8768392756083757	0.875	0.009472742213199234	0.868421052631579	0.8870967741935484	0.018675721561969394
8_+_22539468_22539498	3hr	3	0.9119074281448301	0.8936170212765957	0.08052075023348695	0.8421052631578947	1.0	0.1578947368421053
8_+_22539468_22539498	12hr	3	0.6342592592592592	0.6666666666666666	0.1105657914487258	0.5111111111111111	0.725	0.2138888888888889
8_+_22539468_22539498	24hr	3	0.557602554654876	0.5423728813559322	0.06653769863873296	0.5	0.6304347826086957	0.13043478260869568
8_+_22539468_22539498	48hr	3	0.7153735632183907	0.7	0.037971014718851406	0.6875	0.7586206896551724	0.07112068965517238
8_+_22539468_22539498	72hr	3	0.750634707287933	0.8194444444444444	0.13620717982547664	0.59375	0.8387096774193549	0.24495967741935487
8_+_22539468_22539498	7day	3	0.9524822695035461	0.9574468085106383	0.05018450941938861	0.9	1.0	0.09999999999999998
16_+_85802753_85802757	Ctrl	3	0.9938967562441863	0.9937611408199644	0.0008084107892508102	0.9931647300068353	0.9947643979057592	0.001599667898923962
16_+_85802753_85802757	30min	3	0.9973626088086268	0.9976744186046512	0.00280631823830601	0.994413407821229	1.0	0.005586592178770999
16_+_85802753_85802757	3hr	3	0.9902605749593905	0.9940199335548172	0.0074397145495302035	0.981691368788143	0.9950704225352112	0.01337905374706816
16_+_85802753_85802757	12hr	3	0.9919343786839151	0.9933969185619956	0.004218269511622516	0.9871794871794872	0.9952267303102624	0.008047243130775206
16_+_85802753_85802757	24hr	3	0.9958832245630508	0.9940828402366864	0.003574555321860562	0.993566833452466	1.0	0.006433166547534008
16_+_85802753_85802757	48hr	3	0.9923540941688893	0.992773261065944	0.003745156630614817	0.9884169884169884	0.9958720330237358	0.007455044606747396
16_+_85802753_85802757	72hr	3	0.9926153594863041	0.993939393939394	0.005238276821641852	0.986842105263158	0.99706457925636	0.010222473993202086
16_+_85802753_85802757	7day	3	0.9959839357429718	1.0	0.0069560273396340674	0.9879518072289156	1.0	0.012048192771084376
17_-_37210466_37210490	Ctrl	0						
17_-_37210466_37210490	30min	3	1.0	1.0	0.0	1.0	1.0	0.0
17_-_37210466_37210490	3hr	1	1.0	1.0		1.0	1.0	0.0
17_-_37210466_37210490	12hr	3	0.6944444444444445	0.75	0.3367876570272817	0.3333333333333333	1.0	0.6666666666666667
17_-_37210466_37210490	24hr	3	0.8841269841269841	0.8666666666666667	0.10820461566447152	0.7857142857142857	1.0	0.2142857142857143
17_-_37210466_37210490	48hr	3	0.8666666666666667	1.0	0.23094010767585033	0.6	1.0	0.4
17_-_37210466_37210490	72hr	2	0.8636363636363636	0.8636363636363636	0.1928473039599675	0.7272727272727273	1.0	0.2727272727272727
17_-_37210466_37210490	7day	3	0.9523809523809524	1.0	0.08247860988423228	0.8571428571428571	1.0	0.1428571428571429
16_-_89653903_89653923	Ctrl	3	0.7886904761904763	0.6875	0.1830538608890688	0.6785714285714286	1.0	0.3214285714285714
16_-_89653903_89653923	30min	3	0.9387254901960783	0.9411764705882352	0.06253603344202487	0.875	1.0	0.125
16_-_89653903_89653923	3hr	3	0.9677719527505445	0.97196261682243	0.027370809223821502	0.9385474860335196	0.9928057553956836	0.05425826936216405
16_-_89653903_89653923	12hr	3	0.9658214448570126	0.9747899159663864	0.01571613677651775	0.9476744186046512	0.975	0.027325581395348797
16_-_89653903_89653923	24hr	3	0.9300401555742384	0.9347826086956522	0.021629690413768103	0.9064327485380116	0.948905109489051	0.042472360951039456
16_-_89653903_89653923	48hr	3	0.9231094547217156	0.9315068493150684	0.025688518306996987	0.8942731277533039	0.9435483870967742	0.04927525934347032
16_-_89653903_89653923	72hr	3	0.9325929134439773	0.915057915057915	0.04606321255589966	0.8978723404255319	0.9848484848484848	0.08697614442295287
16_-_89653903_89653923	7day	3	0.9617195974799442	0.9693877551020408	0.018211226262274834	0.940928270042194	0.9748427672955976	0.033914497253403564
12_+_9650332_9650361	Ctrl	3	0.18088460444541263	0.1428571428571428	0.12244311104242848	0.081967213114754	0.3178294573643411	0.2358622442495871
12_+_9650332_9650361	30min	3	0.19600212906849057	0.1868131868131868	0.028786095507262063	0.1729323308270676	0.2282608695652173	0.05532853873814969
12_+_9650332_9650361	3hr	3	0.10014090177133654	0.1111111111111111	0.05205189078683561	0.0434782608695652	0.1458333333333333	0.10235507246376808
12_+_9650332_9650361	12hr	3	0.05623805623805623	0.0606060606060606	0.05418625615686856	0.0	0.1081081081081081	0.1081081081081081
12_+_9650332_9650361	24hr	3	0.081776052481117	0.0789473684210526	0.008098108681497487	0.0754716981132075	0.0909090909090909	0.015437392795883395
12_+_9650332_9650361	48hr	3	0.05614529284742046	0.0568181818181818	0.03994008389158208	0.0158730158730158	0.0957446808510638	0.079871664978048
12_+_9650332_9650361	72hr	3	0.019108280254777066	0.0	0.03309651224653905	0.0	0.0573248407643312	0.0573248407643312
12_+_9650332_9650361	7day	3	0.011733099648436633	0.0121028744326777	0.007970418629371034	0.003584229390681	0.0195121951219512	0.0159279657312702
11_-_65662178_65662205	Ctrl	3	0.4825764834620368	0.4703196347031963	0.04523779938316267	0.4447300771208226	0.5326797385620915	0.08794966144126892
11_-_65662178_65662205	30min	3	0.5049956129060106	0.5096774193548387	0.012531233538619386	0.4907975460122699	0.5145118733509235	0.02371432733865364
11_-_65662178_65662205	3hr	3	0.4944944818128619	0.5192307692307693	0.05433494503229771	0.4321926489226869	0.5320600272851296	0.0998673783624427
11_-_65662178_65662205	12hr	3	0.5235947309745937	0.5377574370709383	0.02514276106265672	0.4945652173913043	0.5384615384615384	0.04389632107023411
11_-_65662178_65662205	24hr	3	0.5308674138251805	0.5234899328859061	0.02847032000292567	0.5068119891008175	0.5623003194888179	0.055488330388000384
11_-_65662178_65662205	48hr	3	0.48340898796790843	0.48	0.01675636268484749	0.4686192468619247	0.5016077170418006	0.03298847017987594
11_-_65662178_65662205	72hr	3	0.38289885407312135	0.4089068825910931	0.19876135683399918	0.1724137931034483	0.5673758865248227	0.39496209342137445
11_-_65662178_65662205	7day	3	0.5019296592866516	0.4950099800399201	0.02449245619257184	0.4816414686825054	0.5291375291375291	0.04749606045502369
11_+_63906087_63906114	Ctrl	3	0.0182310914018231	0.024390243902439	0.016062994149005208	0.0	0.0303030303030303	0.0303030303030303
11_+_63906087_63906114	30min	3	0.0222222222222222	0.0	0.03849001794597501	0.0	0.0666666666666666	0.0666666666666666
11_+_63906087_63906114	3hr	3	0.0597222222222222	0.0625	0.008673608331108857	0.05	0.0666666666666666	0.016666666666666594
11_+_63906087_63906114	12hr	3	0.24716049382716046	0.26	0.09325785699923424	0.1481481481481481	0.3333333333333333	0.1851851851851852
11_+_63906087_63906114	24hr	3	0.23029439696106357	0.1538461538461538	0.13737640434083798	0.1481481481481481	0.3888888888888889	0.24074074074074078
11_+_63906087_63906114	48hr	3	0.2168642951251647	0.2	0.13910872390192133	0.0869565217391304	0.3636363636363636	0.27667984189723316
11_+_63906087_63906114	72hr	3	0.24854921467141664	0.2592592592592592	0.03395907760931389	0.2105263157894736	0.2758620689655172	0.06533575317604359
11_+_63906087_63906114	7day	3	0.06779302168021677	0.073170731707317	0.01881468419115217	0.046875	0.0833333333333333	0.0364583333333333
3_+_139351030_139351060	Ctrl	3	0.028132066938037065	0.0298507462686567	0.027313312630907388	0.0	0.0545454545454545	0.0545454545454545
3_+_139351030_139351060	30min	3	0.034051027244271934	0.0297619047619047	0.011539035800516174	0.0252707581227436	0.0471204188481675	0.021849660725423898
3_+_139351030_139351060	3hr	3	0.0043478260869565	0.0	0.007530655685082038	0.0	0.0130434782608695	0.0130434782608695
3_+_139351030_139351060	12hr	3	0.028517993300039037	0.0120845921450151	0.03939518040850733	0.0	0.073469387755102	0.073469387755102
3_+_139351030_139351060	24hr	3	0.023666246137337532	0.0214797136038186	0.018547280939694693	0.0063091482649842	0.0432098765432098	0.036900728278225596
3_+_139351030_139351060	48hr	3	0.024116771465094795	0.0268456375838926	0.006970830721678468	0.0161943319838056	0.0293103448275862	0.0131160128437806
3_+_139351030_139351060	72hr	3	0.014041188910230233	0.0138888888888888	0.0032766211390815353	0.0108433734939759	0.017391304347826	0.0065479308538501
3_+_139351030_139351060	7day	3	0.015625406319999	0.0171919770773638	0.009385142759563602	0.0055555555555555	0.0241286863270777	0.0185731307715222
20_+_2975214_2975241	Ctrl	3	0.31634669678147936	0.3571428571428571	0.1857040726697684	0.1136363636363636	0.4782608695652174	0.3646245059288538
20_+_2975214_2975241	30min	3	0.3148148148148148	0.3333333333333333	0.19510469912690256	0.1111111111111111	0.5	0.3888888888888889
20_+_2975214_2975241	3hr	3	0.1304429429429429	0.1621621621621621	0.058883403960868046	0.0625	0.1666666666666666	0.1041666666666666
20_+_2975214_2975241	12hr	3	0.1898338220918866	0.2	0.08841597648659069	0.0967741935483871	0.2727272727272727	0.1759530791788856
20_+_2975214_2975241	24hr	3	0.337037037037037	0.2888888888888888	0.09318330092895648	0.2777777777777778	0.4444444444444444	0.16666666666666663
20_+_2975214_2975241	48hr	3	0.13840996168582373	0.125	0.06286364242616604	0.0833333333333333	0.2068965517241379	0.1235632183908046
20_+_2975214_2975241	72hr	3	0.27946127946127947	0.3939393939393939	0.24333443050713338	0.0	0.4444444444444444	0.4444444444444444
20_+_2975214_2975241	7day	3	0.32093091866376183	0.265625	0.20607896612446844	0.1481481481481481	0.5490196078431373	0.40087145969498916
6_+_29929018_29929045	Ctrl	3	1.0	1.0	0.0	1.0	1.0	0.0
6_+_29929018_29929045	30min	3	0.7619047619047619	1.0	0.4123930494211613	0.2857142857142857	1.0	0.7142857142857143
6_+_29929018_29929045	3hr	3	1.0	1.0	0.0	1.0	1.0	0.0
6_+_29929018_29929045	12hr	3	0.9914529914529915	1.0	0.014803853056144197	0.9743589743589745	1.0	0.02564102564102555
6_+_29929018_29929045	24hr	3	1.0	1.0	0.0	1.0	1.0	0.0
6_+_29929018_29929045	48hr	2	1.0	1.0	0.0	1.0	1.0	0.0
6_+_29929018_29929045	72hr	3	1.0	1.0	0.0	1.0	1.0	0.0
6_+_29929018_29929045	7day	3	1.0	1.0	0.0	1.0	1.0	0.0
22_-_41681539_41681559	Ctrl	3	0.24502804705750694	0.2466666666666666	0.04304870151175994	0.2011834319526627	0.2872340425531915	0.08605061060052882
22_-_41681539_41681559	30min	3	0.27321471363527433	0.2523364485981308	0.03820350539109799	0.25	0.3173076923076923	0.06730769230769229
22_-_41681539_41681559	3hr	3	0.11963712823311677	0.1282051282051282	0.018047915038650195	0.0989010989010989	0.1318051575931232	0.0329040586920243
22_-_41681539_41681559	12hr	3	0.002624671916010467	0.0	0.004546065111729281	0.0	0.0078740157480314	0.0078740157480314
22_-_41681539_41681559	24hr	3	0.0011695906432748332	0.0	0.0020257904182091778	0.0	0.0035087719298245	0.0035087719298245
22_-_41681539_41681559	48hr	3	0.0020242914979757003	0.0	0.0035061757238236233	0.0	0.0060728744939271	0.0060728744939271
22_-_41681539_41681559	72hr	3	0.0040738298324702665	0.0021459227467811	0.005307247934182702	0.0	0.0100755667506297	0.0100755667506297
22_-_41681539_41681559	7day	3	0.023101183270657365	0.0273556231003039	0.015534860752702832	0.0058823529411764	0.0360655737704918	0.030183220829315398
5_+_65655635_65655653	Ctrl	3	1.0	1.0	0.0	1.0	1.0	0.0
5_+_65655635_65655653	30min	3	0.7142857142857143	1.0	0.4948716593053935	0.1428571428571428	1.0	0.8571428571428572
5_+_65655635_65655653	3hr	3	0.8888888888888888	1.0	0.1924500897298753	0.6666666666666666	1.0	0.33333333333333337
5_+_65655635_65655653	12hr	3	0.8158974358974359	0.8076923076923077	0.18014020399857147	0.64	1.0	0.36
5_+_65655635_65655653	24hr	3	0.844142785319256	0.9230769230769232	0.1367179370479205	0.6862745098039216	0.9230769230769232	0.23680241327300167
5_+_65655635_65655653	48hr	3	0.7337873470925276	0.7608695652173914	0.16379459120773468	0.5581395348837209	0.8823529411764706	0.32421340629274964
5_+_65655635_65655653	72hr	3	0.673153153153153	0.56	0.2874869493443844	0.4594594594594595	1.0	0.5405405405405406
5_+_65655635_65655653	7day	3	0.7222222222222223	0.8333333333333334	0.1924500897298753	0.5	0.8333333333333334	0.33333333333333337
4_+_159344035_159344059	Ctrl	0						
4_+_159344035_159344059	30min	1	1.0	1.0		1.0	1.0	0.0
4_+_159344035_159344059	3hr	3	0.42727272727272725	0.3333333333333333	0.22294876638686556	0.2666666666666666	0.6818181818181818	0.41515151515151516
4_+_159344035_159344059	12hr	2	0.5075757575757576	0.5075757575757576	0.46069078168214467	0.1818181818181818	0.8333333333333334	0.6515151515151516
4_+_159344035_159344059	24hr	3	0.6698924731182796	0.7096774193548387	0.15390624243442638	0.5	0.8	0.30000000000000004
4_+_159344035_159344059	48hr	3	0.5833333333333334	0.75	0.33291640592396965	0.2	0.8	0.6000000000000001
4_+_159344035_159344059	72hr	1	0.4285714285714285	0.4285714285714285		0.4285714285714285	0.4285714285714285	0.0
4_+_159344035_159344059	7day	2	0.7916666666666667	0.7916666666666667	0.29462782549439476	0.5833333333333334	1.0	0.41666666666666663
5_+_146481446_146481476	Ctrl	3	0.4722738218094255	0.4736842105263157	0.2049056012667931	0.2666666666666666	0.6764705882352942	0.40980392156862755
5_+_146481446_146481476	30min	3	0.6766788766788766	0.6538461538461539	0.04937089410510941	0.6428571428571429	0.7333333333333333	0.09047619047619038
5_+_146481446_146481476	3hr	3	0.368979850004518	0.3548387096774194	0.05392991017069255	0.3235294117647059	0.4285714285714285	0.1050420168067226
5_+_146481446_146481476	12hr	3	0.0	0.0	0.0	0.0	0.0	0.0
5_+_146481446_146481476	24hr	3	0.0	0.0	0.0	0.0	0.0	0.0
5_+_146481446_146481476	48hr	3	0.0	0.0	0.0	0.0	0.0	0.0
5_+_146481446_146481476	72hr	3	0.0	0.0	0.0	0.0	0.0	0.0
5_+_146481446_146481476	7day	3	0.0	0.0	0.0	0.0	0.0	0.0
8_-_140426614_140426641	Ctrl	3	0.821501014198783	0.7586206896551724	0.15681756594491258	0.7058823529411765	1.0	0.2941176470588235
8_-_140426614_140426641	30min	3	0.7569726589334432	0.7567567567567568	0.1688454194317426	0.5882352941176471	0.925925925925926	0.33769063180827896
8_-_140426614_140426641	3hr	3	0.7649572649572649	0.6666666666666666	0.1702443101456589	0.6666666666666666	0.9615384615384616	0.29487179487179493
8_-_140426614_140426641	12hr	3	0.8571428571428571	1.0	0.24743582965269678	0.5714285714285714	1.0	0.4285714285714286
8_-_140426614_140426641	24hr	3	0.7744047619047619	0.7857142857142857	0.16903399509151595	0.6	0.9375	0.3375
8_-_140426614_140426641	48hr	2	0.4128205128205128	0.4128205128205128	0.3952545597401727	0.1333333333333333	0.6923076923076923	0.558974358974359
8_-_140426614_140426641	72hr	1	1.0	1.0		1.0	1.0	0.0
8_-_140426614_140426641	7day	3	0.8952991452991452	0.9166666666666666	0.11685905054594285	0.7692307692307693	1.0	0.23076923076923073
17_-_1543019_1543027	Ctrl	3	1.0	1.0	0.0	1.0	1.0	0.0
17_-_1543019_1543027	30min	3	1.0	1.0	0.0	1.0	1.0	0.0
17_-_1543019_1543027	3hr	3	0.9961685823754789	1.0	0.006636209990685346	0.9885057471264368	1.0	0.011494252873563204
17_-_1543019_1543027	12hr	3	0.9888905619970219	0.9885057471264368	0.010922116016562433	0.9781659388646288	1.0	0.02183406113537123
17_-_1543019_1543027	24hr	3	0.9777898158179849	0.971830985915493	0.01991113320638038	0.9615384615384616	1.0	0.038461538461538436
17_-_1543019_1543027	48hr	3	0.9934640522875817	1.0	0.011320593513522033	0.9803921568627452	1.0	0.019607843137254832
17_-_1543019_1543027	72hr	3	0.927536231884058	1.0	0.12551092808470124	0.782608695652174	1.0	0.21739130434782605
17_-_1543019_1543027	7day	3	0.998158379373849	1.0	0.003189780492760355	0.994475138121547	1.0	0.0055248618784530246
10_+_90895453_90895483	Ctrl	3	0.10897435897435896	0.0769230769230769	0.12804477150921909	0.0	0.25	0.25
10_+_90895453_90895483	30min	3	0.16295093795093793	0.1714285714285714	0.08403345726476266	0.075	0.2424242424242424	0.16742424242424242
10_+_90895453_90895483	3hr	3	0.3773007926574885	0.3676470588235294	0.023654370652085477	0.36	0.4042553191489361	0.0442553191489361
10_+_90895453_90895483	12hr	3	0.4609727128628132	0.4607329842931937	0.02072664447759473	0.4403669724770642	0.4818181818181818	0.04145120934111762
10_+_90895453_90895483	24hr	3	0.4962650731706712	0.5459459459459459	0.08927277347942901	0.3932038834951456	0.549645390070922	0.15644150657577632
10_+_90895453_90895483	48hr	3	0.5362356621123695	0.5365853658536586	0.047811116696067094	0.4882506527415143	0.5838709677419355	0.09562031500042117
10_+_90895453_90895483	72hr	3	0.5874332027457753	0.6041666666666666	0.031927462201844295	0.5506172839506173	0.6075156576200418	0.05689837366942452
10_+_90895453_90895483	7day	3	0.4812510337624493	0.4725274725274725	0.06278855286314627	0.4232804232804232	0.547945205479452	0.12466478219902882
3_-_112125225_112125254	Ctrl	2	1.0	1.0	0.0	1.0	1.0	0.0
3_-_112125225_112125254	30min	1	1.0	1.0		1.0	1.0	0.0
3_-_112125225_112125254	3hr	3	1.0	1.0	0.0	1.0	1.0	0.0
3_-_112125225_112125254	12hr	1	1.0	1.0		1.0	1.0	0.0
3_-_112125225_112125254	24hr	0						
3_-_112125225_112125254	48hr	1	1.0	1.0		1.0	1.0	0.0
3_-_112125225_112125254	72hr	1	1.0	1.0		1.0	1.0	0.0
3_-_112125225_112125254	7day	1	1.0	1.0		1.0	1.0	0.0
2_+_272036_272065	Ctrl	3	0.08057940844826088	0.0952380952380952	0.04340210368837335	0.0317460317460317	0.1147540983606557	0.083008066614624
2_+_272036_272065	30min	3	0.0726403378042722	0.075	0.03515631255003586	0.0363636363636363	0.1065573770491803	0.07019374068554399
2_+_272036_272065	3hr	3	0.06983723181012337	0.05625	0.042161566162588655	0.036144578313253	0.1171171171171171	0.0809725388038641
2_+_272036_272065	12hr	3	0.024653918080642167	0.0257936507936507	0.014742131651026268	0.009375	0.0387931034482758	0.0294181034482758
2_+_272036_272065	24hr	3	0.0092366703556505	0.0113636363636363	0.005649077076332723	0.0028328611898017	0.0135135135135135	0.010680652323711801
2_+_272036_272065	48hr	3	0.024932663053661	0.0246913580246913	0.010371133385248947	0.0146842878120411	0.0354223433242506	0.020738055512209502
2_+_272036_272065	72hr	3	0.042205386013358805	0.0396551724137931	0.006883434172856968	0.0369609856262833	0.05	0.013039014373716705
2_+_272036_272065	7day	3	0.042295912845986904	0.0399002493765586	0.00416172269113954	0.0398860398860398	0.0471014492753623	0.007215409389322497
19_-_39390259_39390289	Ctrl	3	0.32455296168054	0.2941176470588235	0.15830682675258917	0.1836734693877551	0.4958677685950413	0.31219429920728614
19_-_39390259_39390289	30min	3	0.6394278715772899	0.6549295774647887	0.05477618880418713	0.5785714285714286	0.6847826086956522	0.10621118012422359
19_-_39390259_39390289	3hr	3	0.6488867630612528	0.6440677966101694	0.009414631959819652	0.6428571428571429	0.6597353497164461	0.01687820685930319
19_-_39390259_39390289	12hr	3	0.6512355660530577	0.6521739130434783	0.009367444387715775	0.6414342629482072	0.6600985221674877	0.0186642592192805
19_-_39390259_39390289	24hr	3	0.6700053704379231	0.6353790613718412	0.09401489995296614	0.5982142857142857	0.7764227642276422	0.17820847851335653
19_-_39390259_39390289	48hr	3	0.6810648945770778	0.6823529411764706	0.03926025068032415	0.6411764705882353	0.7196652719665272	0.07848880137829184
19_-_39390259_39390289	72hr	3	0.696941957293291	0.6742857142857143	0.057625265473614774	0.6540880503144654	0.7624521072796935	0.1083640569652281
19_-_39390259_39390289	7day	3	0.687744373475483	0.6984924623115578	0.0423027974262882	0.6411042944785276	0.7236363636363636	0.08253206915783606
14_+_105468337_105468349	Ctrl	3	0.08149058149058147	0.1081081081081081	0.07197311910015129	0.0	0.1363636363636363	0.1363636363636363
14_+_105468337_105468349	30min	3	0.16444444444444442	0.16	0.16671110518676488	0.0	0.3333333333333333	0.3333333333333333
14_+_105468337_105468349	3hr	3	0.08974358974358974	0.0	0.15544045708951462	0.0	0.2692307692307692	0.2692307692307692
14_+_105468337_105468349	12hr	3	0.20456941231589118	0.2115384615384615	0.05278242985723059	0.1486486486486486	0.2535211267605634	0.10487247811191477
14_+_105468337_105468349	24hr	3	0.15230824996375233	0.1368421052631579	0.03289197881401186	0.13	0.1900826446280991	0.06008264462809909
14_+_105468337_105468349	48hr	3	0.1370175662863656	0.1293103448275862	0.06429549325127087	0.0769230769230769	0.2048192771084337	0.1278962001853568
14_+_105468337_105468349	72hr	3	0.0475040257648953	0.0555555555555555	0.04403384513325382	0.0	0.0869565217391304	0.0869565217391304
14_+_105468337_105468349	7day	3	0.10897435897435896	0.05	0.14758075381113725	0.0	0.2769230769230769	0.2769230769230769
19_+_39458293_39458305	Ctrl	3	0.9908743795341733	0.9948453608247424	0.011631135345743143	0.9777777777777776	1.0	0.022222222222222365
19_+_39458293_39458305	30min	3	1.0	1.0	0.0	1.0	1.0	0.0
19_+_39458293_39458305	3hr	3	0.9904036418122133	0.9867549668874172	0.008389810944592069	0.9844559585492229	1.0	0.015544041450777146
19_+_39458293_39458305	12hr	3	0.9829955683911766	0.9887218045112782	0.02047710587271921	0.9602649006622516	1.0	0.039735099337748436
19_+_39458293_39458305	24hr	3	0.9729859581373003	0.9761904761904762	0.00960833421098216	0.96218487394958	0.9805825242718448	0.018397650322264814
19_+_39458293_39458305	48hr	3	0.9397169157765574	0.9409448818897638	0.028484493370768683	0.9106382978723404	0.9675675675675676	0.05692926969522716
19_+_39458293_39458305	72hr	3	0.9755485590899768	0.9867549668874172	0.0315827382658884	0.9398907103825136	1.0	0.060109289617486406
19_+_39458293_39458305	7day	3	0.9395989489785793	0.9302325581395348	0.022968070264300176	0.9227941176470588	0.9657701711491442	0.04297605350208544
5_-_141588223_141588250	Ctrl	3	0.2622568559419411	0.2758620689655172	0.12348752100411846	0.1325301204819277	0.3783783783783784	0.2458482578964507
5_-_141588223_141588250	30min	3	0.36970403687045367	0.396551724137931	0.08187324328861521	0.2777777777777778	0.4347826086956521	0.15700483091787432
5_-_141588223_141588250	3hr	3	0.18219241341396367	0.1682242990654205	0.093958426099636	0.096	0.2823529411764706	0.18635294117647058
5_-_141588223_141588250	12hr	3	0.1272797404071014	0.1402714932126696	0.035460188046809026	0.0871559633027523	0.1544117647058823	0.06725580140313
5_-_141588223_141588250	24hr	3	0.15941123030408744	0.1631944444444444	0.010359085996266521	0.1476923076923077	0.1673469387755102	0.019654631083202506
5_-_141588223_141588250	48hr	3	0.1365801927725582	0.1269349845201238	0.02237685808627582	0.1206434316353887	0.1621621621621621	0.04151873052677339
5_-_141588223_141588250	72hr	3	0.21347271585207794	0.1785714285714285	0.06817812089711206	0.1698113207547169	0.2920353982300885	0.12222407747537162
5_-_141588223_141588250	7day	3	0.27006010434053634	0.2461538461538461	0.06449623928069302	0.2209302325581395	0.3430962343096234	0.12216600175148387
4_+_159243773_159243791	Ctrl	0						
4_+_159243773_159243791	30min	1	1.0	1.0		1.0	1.0	0.0
4_+_159243773_159243791	3hr	3	1.0	1.0	0.0	1.0	1.0	0.0
4_+_159243773_159243791	12hr	3	1.0	1.0	0.0	1.0	1.0	0.0
4_+_159243773_159243791	24hr	3	1.0	1.0	0.0	1.0	1.0	0.0
4_+_159243773_159243791	48hr	0						
4_+_159243773_159243791	72hr	1	1.0	1.0		1.0	1.0	0.0
4_+_159243773_159243791	7day	3	1.0	1.0	0.0	1.0	1.0	0.0
6_-_32181605_32181632	Ctrl	3	0.44051932367149754	0.3541666666666667	0.24536960666275687	0.25	0.717391304347826	0.46739130434782605
6_-_32181605_32181632	30min	3	0.3226275917065391	0.2894736842105263	0.15439771791791768	0.1875	0.4909090909090909	0.3034090909090909
6_-_32181605_32181632	3hr	3	0.30158730158730157	0.3333333333333333	0.287033989206748	0.0	0.5714285714285714	0.5714285714285714
6_-_32181605_32181632	12hr	3	0.6803751803751803	0.6363636363636364	0.09163627256253114	0.6190476190476191	0.7857142857142857	0.16666666666666663
6_-_32181605_32181632	24hr	3	0.3723355040745881	0.3529411764705882	0.06833934250647639	0.3157894736842105	0.4482758620689655	0.13248638838475502
6_-_32181605_32181632	48hr	2	0.744360902255639	0.744360902255639	0.1594977701924543	0.631578947368421	0.8571428571428571	0.22556390977443608
6_-_32181605_32181632	72hr	3	0.8706097823744883	0.8627450980392157	0.054456915434690965	0.8205128205128205	0.9285714285714286	0.10805860805860812
6_-_32181605_32181632	7day	2	0.48529411764705876	0.48529411764705876	0.020797258270192617	0.4705882352941176	0.5	0.029411764705882415
17_-_15993756_15993778	Ctrl	3	1.0	1.0	0.0	1.0	1.0	0.0
17_-_15993756_15993778	30min	3	1.0	1.0	0.0	1.0	1.0	0.0
17_-_15993756_15993778	3hr	3	1.0	1.0	0.0	1.0	1.0	0.0
17_-_15993756_15993778	12hr	3	0.9941231054747913	0.9918032786885246	0.005126997975332711	0.9905660377358492	1.0	0.00943396226415083
17_-_15993756_15993778	24hr	3	1.0	1.0	0.0	1.0	1.0	0.0
17_-_15993756_15993778	48hr	3	0.9941520467836257	1.0	0.010128952091046034	0.9824561403508772	1.0	0.01754385964912275
17_-_15993756_15993778	72hr	3	1.0	1.0	0.0	1.0	1.0	0.0
17_-_15993756_15993778	7day	3	1.0	1.0	0.0	1.0	1.0	0.0
2_+_101868028_101868037	Ctrl	3	0.07086077674312963	0.0504201680672268	0.08299099693073872	0.0	0.1621621621621621	0.1621621621621621
2_+_101868028_101868037	30min	3	0.16822449581070265	0.1896551724137931	0.08805863231237963	0.0714285714285714	0.2435897435897435	0.1721611721611721
2_+_101868028_101868037	3hr	3	0.16634460547504024	0.0555555555555555	0.20244159109405857	0.0434782608695652	0.4	0.35652173913043483
2_+_101868028_101868037	12hr	3	0.47442680776014107	0.5185185185185185	0.12502157741409017	0.3333333333333333	0.5714285714285714	0.23809523809523808
2_+_101868028_101868037	24hr	3	0.4002760524499654	0.391304347826087	0.26201998572872953	0.1428571428571428	0.6666666666666666	0.5238095238095238
2_+_101868028_101868037	48hr	3	0.3317230273752012	0.3703703703703703	0.10073104137219592	0.217391304347826	0.4074074074074074	0.1900161030595814
2_+_101868028_101868037	72hr	3	0.4022366522366522	0.4090909090909091	0.3512406385865131	0.0476190476190476	0.75	0.7023809523809524
2_+_101868028_101868037	7day	3	0.32789115646258504	0.3	0.15999704981314555	0.1836734693877551	0.5	0.3163265306122449
1_+_28457831_28457855	Ctrl	2	0.15625	0.15625	0.2209708691207961	0.0	0.3125	0.3125
1_+_28457831_28457855	30min	3	0.1164021164021164	0.0714285714285714	0.1442466230710644	0.0	0.2777777777777778	0.2777777777777778
1_+_28457831_28457855	3hr	3	0.24074074074074073	0.2222222222222222	0.05250906251391786	0.2	0.3	0.09999999999999998
1_+_28457831_28457855	12hr	3	0.24623015873015872	0.2	0.21068429748046597	0.0625	0.4761904761904761	0.4136904761904761
1_+_28457831_28457855	24hr	3	0.33809523809523806	0.3	0.07867957924694428	0.2857142857142857	0.4285714285714285	0.1428571428571428
1_+_28457831_28457855	48hr	2	0.5	0.5	0.7071067811865476	0.0	1.0	1.0
1_+_28457831_28457855	72hr	2	0.42727272727272725	0.42727272727272725	0.038569460791993436	0.4	0.4545454545454545	0.05454545454545445
1_+_28457831_28457855	7day	3	0.42203460496143425	0.5384615384615384	0.22144143420609955	0.1666666666666666	0.5609756097560976	0.394308943089431
11_+_5708576_5708603	Ctrl	3	1.0	1.0	0.0	1.0	1.0	0.0
11_+_5708576_5708603	30min	3	1.0	1.0	0.0	1.0	1.0	0.0
11_+_5708576_5708603	3hr	3	0.9984089101034209	1.0	0.002755848540284667	0.9952267303102624	1.0	0.004773269689737569
11_+_5708576_5708603	12hr	3	0.9959839357429718	1.0	0.0069560273396340674	0.9879518072289156	1.0	0.012048192771084376
11_+_5708576_5708603	24hr	3	1.0	1.0	0.0	1.0	1.0	0.0
11_+_5708576_5708603	48hr	3	1.0	1.0	0.0	1.0	1.0	0.0
11_+_5708576_5708603	72hr	3	1.0	1.0	0.0	1.0	1.0	0.0
11_+_5708576_5708603	7day	3	1.0	1.0	0.0	1.0	1.0	0.0
16_-_70679314_70679323	Ctrl	3	1.0	1.0	0.0	1.0	1.0	0.0
16_-_70679314_70679323	30min	3	0.87526395173454	0.8846153846153846	0.07105129087237902	0.8	0.9411764705882352	0.14117647058823513
16_-_70679314_70679323	3hr	2	0.6846153846153846	0.6846153846153846	0.1196642245084927	0.6	0.7692307692307693	0.1692307692307693
16_-_70679314_70679323	12hr	3	0.4444444444444444	0.5	0.09622504486493764	0.3333333333333333	0.5	0.16666666666666669
16_-_70679314_70679323	24hr	2	0.46753246753246747	0.46753246753246747	0.1469312792075943	0.3636363636363636	0.5714285714285714	0.2077922077922078
16_-_70679314_70679323	48hr	3	0.26519607843137255	0.2	0.1817847726723772	0.125	0.4705882352941176	0.3455882352941176
16_-_70679314_70679323	72hr	1	0.3333333333333333	0.3333333333333333		0.3333333333333333	0.3333333333333333	0.0
16_-_70679314_70679323	7day	1	0.3333333333333333	0.3333333333333333		0.3333333333333333	0.3333333333333333	0.0
19_+_1106241_1106266	Ctrl	3	0.9753585677185203	0.9883720930232558	0.02408565611234544	0.947565543071161	0.990138067061144	0.04257252398998301
19_+_1106241_1106266	30min	3	0.980171970895119	0.9794628751974724	0.0020981136204975812	0.9785202863961814	0.982532751091703	0.004012464695521634
19_+_1106241_1106266	3hr	3	0.9523485323831401	0.9535962877030162	0.00826192762451162	0.9435336976320584	0.959915611814346	0.016381914182287627
19_+_1106241_1106266	12hr	3	0.9839503798458962	0.9839357429718876	0.001993810721932755	0.9819639278557114	0.9859514687100894	0.003987540854378024
19_+_1106241_1106266	24hr	3	0.9826934365463093	0.9810055865921788	0.0031522144935699605	0.980744544287548	0.9863301787592008	0.005585634471652834
19_+_1106241_1106266	48hr	3	0.9846534277482878	0.9898477157360406	0.00957612620432961	0.9736024844720496	0.9905100830367736	0.016907598564724013
19_+_1106241_1106266	72hr	3	0.9795963889453764	0.9793427230046948	0.008005890861610087	0.97172034564022	0.9877260981912144	0.016005752550994345
19_+_1106241_1106266	7day	3	0.9755953103480928	0.9746954076850984	0.009796597288673017	0.9662797125483692	0.9858108108108108	0.019531098262441593
14_+_55061679_55061701	Ctrl	3	0.8193214570056774	0.8582089552238806	0.09321132455409084	0.7129629629629629	0.8867924528301887	0.1738294898672258
14_+_55061679_55061701	30min	3	0.892740749057143	0.8651685393258427	0.052923322412164915	0.8592964824120602	0.953757225433526	0.09446074302146579
14_+_55061679_55061701	3hr	3	0.9765195817827396	0.9757575757575756	0.012006453469973142	0.9649122807017544	0.9888888888888888	0.02397660818713443
14_+_55061679_55061701	12hr	3	0.9834544201092433	0.9908256880733946	0.021214469315016533	0.9595375722543352	1.0	0.040462427745664775
14_+_55061679_55061701	24hr	3	0.9742802448870229	0.9657534246575342	0.01523546197372029	0.9652173913043478	0.991869918699187	0.026652527394839143
14_+_55061679_55061701	48hr	3	0.9568495673680492	0.9696969696969696	0.04381605662180339	0.9080459770114944	0.9928057553956836	0.08475977838418924
14_+_55061679_55061701	72hr	3	0.8831230497897166	0.9285714285714286	0.10852826944668421	0.7592592592592593	0.9615384615384616	0.20227920227920226
14_+_55061679_55061701	7day	3	0.9771594684385382	0.9702380952380952	0.020285646303644565	0.9612403100775194	1.0	0.03875968992248058
14_+_103465423_103465450	Ctrl	3	0.46349206349206346	0.5	0.08469410521875624	0.3666666666666666	0.5238095238095238	0.15714285714285725
14_+_103465423_103465450	30min	3	0.509827441077441	0.5454545454545454	0.09114500843199529	0.40625	0.5777777777777777	0.17152777777777772
14_+_103465423_103465450	3hr	3	0.04	0.0	0.06928203230275509	0.0	0.12	0.12
14_+_103465423_103465450	12hr	3	0.0	0.0	0.0	0.0	0.0	0.0
14_+_103465423_103465450	24hr	3	0.0	0.0	0.0	0.0	0.0	0.0
14_+_103465423_103465450	48hr	3	0.0	0.0	0.0	0.0	0.0	0.0
14_+_103465423_103465450	72hr	3	0.0	0.0	0.0	0.0	0.0	0.0
14_+_103465423_103465450	7day	3	0.015151515151515133	0.0	0.026243194054073868	0.0	0.0454545454545454	0.0454545454545454
5_-_132706450_132706459	Ctrl	1	1.0	1.0		1.0	1.0	0.0
5_-_132706450_132706459	30min	0						
5_-_132706450_132706459	3hr	2	0.6160714285714286	0.6160714285714286	0.3409264837863711	0.375	0.8571428571428571	0.4821428571428571
5_-_132706450_132706459	12hr	1	0.8571428571428571	0.8571428571428571		0.8571428571428571	0.8571428571428571	0.0
5_-_132706450_132706459	24hr	3	0.7222222222222222	0.6666666666666666	0.2545875386086578	0.5	1.0	0.5
5_-_132706450_132706459	48hr	1	0.4444444444444444	0.4444444444444444		0.4444444444444444	0.4444444444444444	0.0
5_-_132706450_132706459	72hr	0						
5_-_132706450_132706459	7day	3	0.8536324786324786	0.7916666666666666	0.12725341196562234	0.7692307692307693	1.0	0.23076923076923073
12_-_57305639_57305663	Ctrl	3	0.1054673238408178	0.1477272727272727	0.09193593401562618	0.0	0.1686746987951807	0.1686746987951807
12_-_57305639_57305663	30min	3	0.25692078245170547	0.2568807339449541	0.003928911599949682	0.253012048192771	0.2608695652173913	0.007857517024620286
12_-_57305639_57305663	3hr	3	0.08333333333333333	0.0	0.14433756729740646	0.0	0.25	0.25
12_-_57305639_57305663	12hr	3	0.3649616368286445	0.3478260869565217	0.27393166922137907	0.1	0.6470588235294118	0.5470588235294118
12_-_57305639_57305663	24hr	3	0.4608225108225108	0.4333333333333333	0.09659428917170301	0.3809523809523809	0.5681818181818182	0.18722943722943736
12_-_57305639_57305663	48hr	2	0.16041666666666665	0.16041666666666665	0.03830161731427135	0.1333333333333333	0.1875	0.054166666666666696
12_-_57305639_57305663	72hr	3	0.3	0.0	0.5196152422706632	0.0	0.9	0.9
12_-_57305639_57305663	7day	2	0.6234817813765182	0.6234817813765182	0.011451121962535135	0.6153846153846154	0.631578947368421	0.0161943319838056
20_+_58659622_58659634	Ctrl	3	0.23215360304781696	0.2689655172413793	0.07152758594902812	0.1497175141242938	0.2777777777777778	0.128060263653484
20_+_58659622_58659634	30min	3	0.21187414761291223	0.1626506024096385	0.09524268592495734	0.1513157894736842	0.321656050955414	0.1703402614817298
20_+_58659622_58659634	3hr	3	0.2254220397897809	0.2061855670103092	0.08479414732319077	0.1518987341772152	0.3181818181818182	0.16628308400460298
20_+_58659622_58659634	12hr	3	0.1987463320632418	0.225	0.08037520919830299	0.1085271317829457	0.2627118644067797	0.15418473262383398
20_+_58659622_58659634	24hr	3	0.17499963943552646	0.1774193548387097	0.06365479238195253	0.1101694915254237	0.237410071942446	0.1272405804170223
20_+_58659622_58659634	48hr	3	0.10473038288572267	0.1136363636363636	0.0715679930645915	0.029126213592233	0.1714285714285714	0.1423023578363384
20_+_58659622_58659634	72hr	3	0.22400936951005268	0.2234042553191489	0.1243130311703499	0.1	0.3486238532110092	0.2486238532110092
20_+_58659622_58659634	7day	3	0.35361988940543476	0.2887700534759358	0.1460207952532129	0.2512562814070351	0.5208333333333334	0.2695770519262983
19_+_45009813_45009822	Ctrl	3	0.9597701149425287	1.0	0.06968020490219623	0.8793103448275862	1.0	0.12068965517241381
19_+_45009813_45009822	30min	3	0.948051948051948	1.0	0.0899766653282534	0.8441558441558441	1.0	0.1558441558441559
19_+_45009813_45009822	3hr	3	0.9396075865379961	0.9313984168865436	0.02209316231479711	0.9227941176470588	0.964630225080386	0.04183610743332722
19_+_45009813_45009822	12hr	3	0.9443962778862728	0.9411764705882352	0.009200419492408065	0.9372384937238494	0.9547738693467336	0.01753537562288421
19_+_45009813_45009822	24hr	3	0.9316854232642274	0.946058091286307	0.03345794806536705	0.8934426229508197	0.9555555555555556	0.06211293260473594
19_+_45009813_45009822	48hr	3	0.9072110205263507	0.9051724137931034	0.052838140535754106	0.8554216867469879	0.961038961038961	0.1056172742919731
19_+_45009813_45009822	72hr	3	0.7847503373819164	0.8333333333333334	0.11902076596023563	0.6491228070175439	0.8717948717948718	0.22267206477732793
19_+_45009813_45009822	7day	3	0.9359506714030181	0.9465648854961832	0.060063987612547456	0.8712871287128713	0.99	0.11871287128712871
2_+_69921735_69921765	Ctrl	3	1.0	1.0	0.0	1.0	1.0	0.0
2_+_69921735_69921765	30min	3	0.9914529914529915	1.0	0.014803853056144197	0.9743589743589745	1.0	0.02564102564102555
2_+_69921735_69921765	3hr	3	1.0	1.0	0.0	1.0	1.0	0.0
2_+_69921735_69921765	12hr	2	1.0	1.0	0.0	1.0	1.0	0.0
2_+_69921735_69921765	24hr	2	1.0	1.0	0.0	1.0	1.0	0.0
2_+_69921735_69921765	48hr	2	1.0	1.0	0.0	1.0	1.0	0.0
2_+_69921735_69921765	72hr	2	1.0	1.0	0.0	1.0	1.0	0.0
2_+_69921735_69921765	7day	3	1.0	1.0	0.0	1.0	1.0	0.0
3_+_56559568_56559594	Ctrl	3	0.5038594149705261	0.5061728395061729	0.09731792235333765	0.4054054054054054	0.6	0.1945945945945946
3_+_56559568_56559594	30min	3	0.525925925925926	0.5	0.07563176983948941	0.4666666666666667	0.6111111111111112	0.1444444444444445
3_+_56559568_56559594	3hr	3	0.8713219148001756	0.8260869565217391	0.11306415544186402	0.7878787878787878	1.0	0.21212121212121215
3_+_56559568_56559594	12hr	3	0.9533333333333333	0.96	0.05033222956847165	0.9	1.0	0.09999999999999998
3_+_56559568_56559594	24hr	3	0.8680961663417803	0.8148148148148148	0.11493262907189307	0.7894736842105263	1.0	0.21052631578947367
3_+_56559568_56559594	48hr	3	0.8541666666666666	0.8125	0.1301041249666333	0.75	1.0	0.25
3_+_56559568_56559594	72hr	3	0.8397435897435898	0.7692307692307693	0.1391188103475045	0.75	1.0	0.25
3_+_56559568_56559594	7day	3	0.9606481481481483	0.9444444444444444	0.03425613098830728	0.9375	1.0	0.0625
10_+_6228195_6228218	Ctrl	3	0.027777777777777766	0.0	0.048112522432468795	0.0	0.0833333333333333	0.0833333333333333
10_+_6228195_6228218	30min	3	0.0	0.0	0.0	0.0	0.0	0.0
10_+_6228195_6228218	3hr	3	0.13751443834957103	0.1361256544502617	0.07648989158481184	0.0617283950617283	0.2146892655367231	0.1529608704749948
10_+_6228195_6228218	12hr	3	0.07985347985347983	0.0857142857142857	0.07709034665454001	0.0	0.1538461538461538	0.1538461538461538
10_+_6228195_6228218	24hr	3	0.031937734836285536	0.0217391304347826	0.03807559272403539	0.0	0.074074074074074	0.074074074074074
10_+_6228195_6228218	48hr	3	0.0	0.0	0.0	0.0	0.0	0.0
10_+_6228195_6228218	72hr	3	0.0074074074074074	0.0	0.01283000598199167	0.0	0.0222222222222222	0.0222222222222222
10_+_6228195_6228218	7day	3	0.05597749648382557	0.0666666666666666	0.05147218166611402	0.0	0.1012658227848101	0.1012658227848101
22_-_29329711_29329720	Ctrl	3	0.5686783804430863	0.5294117647058824	0.07677323841192839	0.5194805194805194	0.6571428571428571	0.1376623376623377
22_-_29329711_29329720	30min	3	0.5335480407944175	0.4259259259259259	0.2361588400296197	0.3703703703703703	0.8043478260869565	0.43397745571658625
22_-_29329711_29329720	3hr	3	0.43003663003663	0.4615384615384615	0.10867484106705814	0.3090909090909091	0.5194805194805194	0.21038961038961035
22_-_29329711_29329720	12hr	3	0.4311307549688359	0.422077922077922	0.030872141419552454	0.4057971014492754	0.4655172413793103	0.05972013993003489
22_-_29329711_29329720	24hr	3	0.4040429505135387	0.4117647058823529	0.046380975162535996	0.3542857142857142	0.446078431372549	0.09179271708683479
22_-_29329711_29329720	48hr	3	0.4208525821227074	0.4437869822485207	0.045211029874097586	0.3687707641196013	0.45	0.08122923588039871
22_-_29329711_29329720	72hr	3	0.44634064821305913	0.4413145539906103	0.01269983751017742	0.4369230769230769	0.4607843137254901	0.0238612368024132
22_-_29329711_29329720	7day	3	0.4612663906142167	0.4492753623188406	0.034345617617157195	0.4345238095238095	0.5	0.06547619047619052
1_-_173864674_173864704	Ctrl	3	0.0161533923198723	0.0170565302144249	0.002349327868520693	0.0134865134865134	0.0179171332586786	0.004430619772165202
1_-_173864674_173864704	30min	3	0.010421030365461667	0.0106635071090047	0.002367766016256886	0.0079413561392791	0.0126582278481012	0.004716871708822099
1_-_173864674_173864704	3hr	3	0.015104681186349734	0.0099403578528827	0.014149687448242035	0.0042625745950554	0.0311111111111111	0.0268485365160557
1_-_173864674_173864704	12hr	3	0.010812325873697968	0.0121703853955375	0.003138853992098638	0.0072231139646869	0.0130434782608695	0.0058203642961826
1_-_173864674_173864704	24hr	3	0.0182556604422372	0.0172972972972972	0.0028074480905816226	0.0160528800755429	0.0214168039538715	0.0053639238783286
1_-_173864674_173864704	48hr	3	0.030560106214862867	0.0324022346368715	0.009193468964962356	0.0205850487540628	0.0386930352536543	0.0181079864995915
1_-_173864674_173864704	72hr	3	0.017448949378263467	0.0180817610062893	0.0012259364364338517	0.0160359204618345	0.0182291666666666	0.0021932462048320986
1_-_173864674_173864704	7day	3	0.0164081557686424	0.0125553914327917	0.009124993116656897	0.0098414434117003	0.0268276324614352	0.0169861890497349
3_+_133587158_133587161	Ctrl	3	0.28362999452654625	0.1904761904761904	0.17721988292126634	0.1724137931034483	0.488	0.3155862068965517
3_+_133587158_133587161	30min	3	0.29594703292005825	0.3212121212121212	0.06212922897871804	0.2251655629139073	0.3414634146341463	0.11629785172023901
3_+_133587158_133587161	3hr	3	0.2795825771324864	0.25	0.05886229310439251	0.2413793103448276	0.3473684210526316	0.10598911070780401
3_+_133587158_133587161	12hr	3	0.19495054331587802	0.1707317073170731	0.05191132901559796	0.1595744680851064	0.2545454545454545	0.09497098646034813
3_+_133587158_133587161	24hr	3	0.10077819426815994	0.1172839506172839	0.03400195811367542	0.0616740088105726	0.1233766233766233	0.06170261456605071
3_+_133587158_133587161	48hr	3	0.12829730291011587	0.1402439024390244	0.027202324531597086	0.097165991902834	0.1474820143884892	0.05031602248565521
3_+_133587158_133587161	72hr	3	0.08498202901379126	0.0859375	0.01076564874555883	0.0737704918032786	0.0952380952380952	0.0214676034348166
3_+_133587158_133587161	7day	3	0.13518518518518516	0.1833333333333333	0.09674838641005173	0.0238095238095238	0.1984126984126984	0.1746031746031746
6_-_85538837_85538864	Ctrl	3	0.5695806100217865	0.4375	0.2779003998540212	0.3823529411764705	0.8888888888888888	0.5065359477124183
6_-_85538837_85538864	30min	3	0.38580246913580246	0.4074074074074074	0.37546648321559933	0.0	0.75	0.75
6_-_85538837_85538864	3hr	3	0.19376114081996434	0.1176470588235294	0.14738062344308103	0.1	0.3636363636363636	0.26363636363636356
6_-_85538837_85538864	12hr	3	0.6156156156156156	0.5833333333333334	0.12150339042469352	0.5135135135135135	0.75	0.2364864864864865
6_-_85538837_85538864	24hr	3	0.20912698412698408	0.175	0.06645729594581266	0.1666666666666666	0.2857142857142857	0.1190476190476191
6_-_85538837_85538864	48hr	3	0.1152882205513784	0.0789473684210526	0.08673815779785565	0.0526315789473684	0.2142857142857142	0.1616541353383458
6_-_85538837_85538864	72hr	3	0.21333333333333335	0.28	0.18903262505010432	0.0	0.36	0.36
6_-_85538837_85538864	7day	3	0.2938859272538567	0.2926829268292683	0.06722277389105565	0.2272727272727272	0.3617021276595745	0.13442940038684728
17_-_29578961_29578988	Ctrl	3	0.03174603174603174	0.0	0.05498573992282148	0.0	0.0952380952380952	0.0952380952380952
17_-_29578961_29578988	30min	3	0.0552362707535121	0.0277777777777777	0.07295011443270549	0.0	0.1379310344827586	0.1379310344827586
17_-_29578961_29578988	3hr	3	0.0	0.0	0.0	0.0	0.0	0.0
17_-_29578961_29578988	12hr	3	0.07535608011949707	0.0851063829787234	0.041498349701731246	0.0298507462686567	0.1111111111111111	0.08126036484245441
17_-_29578961_29578988	24hr	3	0.08849607182940515	0.1	0.03245900101094108	0.0518518518518518	0.1136363636363636	0.0617845117845118
17_-_29578961_29578988	48hr	3	0.09909571475404987	0.0890410958904109	0.03735545309133697	0.0677966101694915	0.1404494382022472	0.0726528280327557
17_-_29578961_29578988	72hr	3	0.1280008661412836	0.0980392156862745	0.05299441695417998	0.0967741935483871	0.1891891891891892	0.0924149956408021
17_-_29578961_29578988	7day	3	0.0585254988501647	0.0319148936170212	0.05300629865228556	0.0240963855421686	0.1195652173913043	0.0954688318491357
5_+_32586491_32586501	Ctrl	3	0.6422147722435079	0.5925925925925926	0.2738668103741617	0.396551724137931	0.9375	0.540948275862069
5_+_32586491_32586501	30min	3	0.28807471264367807	0.2758620689655172	0.0211529193453096	0.2758620689655172	0.3125	0.03663793103448282
5_+_32586491_32586501	3hr	3	0.44637345679012347	0.4166666666666667	0.24383784308134832	0.21875	0.7037037037037037	0.4849537037037037
5_+_32586491_32586501	12hr	3	0.1697712418300653	0.1470588235294117	0.0480800480061719	0.1372549019607843	0.225	0.08774509803921571
5_+_32586491_32586501	24hr	3	0.0896851286728167	0.1046511627906976	0.03562394123912025	0.0490196078431372	0.1153846153846153	0.06636500754147809
5_+_32586491_32586501	48hr	3	0.020447268234878798	0.017094017094017	0.022313670630778996	0.0	0.0442477876106194	0.0442477876106194
5_+_32586491_32586501	72hr	3	0.006535947712418301	0.0	0.011320593513522074	0.0	0.0196078431372549	0.0196078431372549
5_+_32586491_32586501	7day	3	0.06627184547453427	0.073170731707317	0.046260685491026944	0.0169491525423728	0.108695652173913	0.09174649963154019
2_-_156326311_156326328	Ctrl	3	0.0014214641080312668	0.0	0.002462048056245729	0.0	0.0042643923240938	0.0042643923240938
2_-_156326311_156326328	30min	3	0.014825389365492334	0.0132090132090132	0.0035734828955149883	0.0123456790123456	0.0189214758751182	0.0065757968627726
2_-_156326311_156326328	3hr	3	0.020495178983777434	0.0208636584182435	0.004763699787345581	0.015557939914163	0.0250639386189258	0.0095059987047628
2_-_156326311_156326328	12hr	3	0.009213284784287732	0.0087719298245614	0.009441702158603576	0.0	0.0188679245283018	0.0188679245283018
2_-_156326311_156326328	24hr	3	0.029978354978354934	0.0363636363636363	0.027350564044875417	0.0	0.0535714285714285	0.0535714285714285
2_-_156326311_156326328	48hr	3	0.02598339253071727	0.0103626943005181	0.030789809128760684	0.0061349693251533	0.0614525139664804	0.055317544641327106
2_-_156326311_156326328	72hr	3	0.026175988056100302	0.0297872340425531	0.010106290260840558	0.014760147601476	0.0339805825242718	0.0192204349227958
2_-_156326311_156326328	7day	3	0.08148148148148147	0.0	0.14113006580190848	0.0	0.2444444444444444	0.2444444444444444
16_+_31183486_31183489	Ctrl	3	0.06025641025641023	0.0307692307692307	0.07922827977169423	0.0	0.15	0.15
16_+_31183486_31183489	30min	3	0.07882274513878063	0.0967741935483871	0.06255052149866157	0.0092592592592592	0.1304347826086956	0.12117552334943639
16_+_31183486_31183489	3hr	3	0.05208127121324133	0.0542797494780793	0.008780231702834576	0.0424107142857142	0.0595533498759305	0.017142635590216303
16_+_31183486_31183489	12hr	3	0.05079706152433424	0.056	0.015794116961296484	0.0330578512396694	0.0633333333333333	0.030275482093663895
16_+_31183486_31183489	24hr	3	0.04675489315424194	0.0414746543778801	0.013176883157380694	0.037037037037037	0.0617529880478087	0.024715951010771703
16_+_31183486_31183489	48hr	3	0.060651206055218565	0.0666666666666666	0.012718805280322725	0.0460405156537753	0.0692464358452138	0.023205920191438495
16_+_31183486_31183489	72hr	3	0.04939361161422063	0.0443864229765013	0.029144684891918002	0.023076923076923	0.0807174887892376	0.0576405657123146
16_+_31183486_31183489	7day	3	0.08329778519651933	0.0833333333333333	0.010752582671654898	0.0725274725274725	0.0940325497287522	0.0215050772012797
17_-_41896619_41896649	Ctrl	3	1.0	1.0	0.0	1.0	1.0	0.0
17_-_41896619_41896649	30min	3	0.8149650349650349	0.84	0.12256225831863791	0.6818181818181818	0.9230769230769232	0.24125874125874147
17_-_41896619_41896649	3hr	3	0.749546279491833	0.8275862068965517	0.2972586189707808	0.4210526315789473	1.0	0.5789473684210527
17_-_41896619_41896649	12hr	3	0.8620587789030364	0.8451612903225807	0.0604250858874601	0.8118811881188119	0.9291338582677166	0.11725267014890461
17_-_41896619_41896649	24hr	3	0.824162217552678	0.8321678321678322	0.0364384430018679	0.7843866171003717	0.8559322033898306	0.07154558628945884
17_-_41896619_41896649	48hr	3	0.8768589118968436	0.8642384105960265	0.033054737307533916	0.8519736842105263	0.914364640883978	0.062390956673451625
17_-_41896619_41896649	72hr	3	0.901959092361777	0.8785714285714286	0.04427204912918792	0.8742857142857143	0.953020134228188	0.07873441994247365
17_-_41896619_41896649	7day	3	0.8987293604606762	0.8875	0.0393234852833534	0.8662420382165605	0.9424460431654677	0.07620400494890711
12_-_88130544_88130565	Ctrl	3	1.0	1.0	0.0	1.0	1.0	0.0
12_-_88130544_88130565	30min	3	1.0	1.0	0.0	1.0	1.0	0.0
12_-_88130544_88130565	3hr	1	0.5	0.5		0.5	0.5	0.0
12_-_88130544_88130565	12hr	3	0.9166666666666666	1.0	0.14433756729740646	0.75	1.0	0.25
12_-_88130544_88130565	24hr	3	1.0	1.0	0.0	1.0	1.0	0.0
12_-_88130544_88130565	48hr	3	1.0	1.0	0.0	1.0	1.0	0.0
12_-_88130544_88130565	72hr	1	1.0	1.0		1.0	1.0	0.0
12_-_88130544_88130565	7day	3	1.0	1.0	0.0	1.0	1.0	0.0
2_-_121409023_121409047	Ctrl	3	0.7836257309941521	0.6842105263157895	0.1875908179221689	0.6666666666666666	1.0	0.33333333333333337
2_-_121409023_121409047	30min	3	0.8908908908908909	0.8888888888888888	0.1081220100059484	0.7837837837837838	1.0	0.21621621621621623
2_-_121409023_121409047	3hr	3	0.382716049382716	0.4814814814814814	0.34413234233990997	0.0	0.6666666666666666	0.6666666666666666
2_-_121409023_121409047	12hr	3	0.35555555555555557	0.3333333333333333	0.03849001794597508	0.3333333333333333	0.4	0.06666666666666671
2_-_121409023_121409047	24hr	3	0.4194266381766381	0.34375	0.272942425115486	0.1923076923076923	0.7222222222222222	0.5299145299145299
2_-_121409023_121409047	48hr	3	0.6407407407407407	0.5333333333333333	0.21554791891779942	0.5	0.8888888888888888	0.38888888888888884
2_-_121409023_121409047	72hr	3	0.15555555555555553	0.0666666666666666	0.21430335024428793	0.0	0.4	0.4
2_-_121409023_121409047	7day	3	0.7388888888888889	0.8	0.21495046802392337	0.5	0.9166666666666666	0.41666666666666663
1_-_1388491_1388510	Ctrl	3	0.0717115739529187	0.0684410646387832	0.040113613370464755	0.0333333333333333	0.1133603238866396	0.0800269905533063
1_-_1388491_1388510	30min	3	0.06455429240084913	0.0577617328519855	0.019072008378810318	0.0498084291187739	0.086092715231788	0.036284286113014104
1_-_1388491_1388510	3hr	3	0.06442060195867297	0.0654545454545454	0.008115615338623105	0.0558375634517766	0.0719696969696969	0.016132133517920304
1_-_1388491_1388510	12hr	3	0.01705571117335823	0.0130718954248366	0.0193575536244084	0.0	0.0380952380952381	0.0380952380952381
1_-_1388491_1388510	24hr	3	0.0	0.0	0.0	0.0	0.0	0.0
1_-_1388491_1388510	48hr	3	0.0063955201886236	0.0076923076923076	0.0058558266412725365	0.0	0.0114942528735632	0.0114942528735632
1_-_1388491_1388510	72hr	3	0.0128558005858619	0.0061349693251533	0.017229127894274325	0.0	0.0324324324324324	0.0324324324324324
1_-_1388491_1388510	7day	3	0.03507049964135787	0.037037037037037	0.013921524853353457	0.0202702702702702	0.0479041916167664	0.027633921346496202
12_-_110499534_110499546	Ctrl	2	0.5	0.5	0.7071067811865476	0.0	1.0	1.0
12_-_110499534_110499546	30min	2	0.8636363636363636	0.8636363636363636	0.1928473039599675	0.7272727272727273	1.0	0.2727272727272727
12_-_110499534_110499546	3hr	3	0.9555555555555556	1.0	0.07698003589195009	0.8666666666666667	1.0	0.1333333333333333
12_-_110499534_110499546	12hr	3	0.9265407794819559	0.9102564102564102	0.05419701845517755	0.8823529411764706	0.987012987012987	0.10466004583651645
12_-_110499534_110499546	24hr	3	0.9027288165709776	0.9306930693069309	0.049605537697231195	0.8454545454545455	0.9320388349514565	0.086584289496911
12_-_110499534_110499546	48hr	3	0.8288328939764567	0.8170731707317073	0.05093123502192491	0.7848101265822784	0.8846153846153846	0.09980525803310614
12_-_110499534_110499546	72hr	3	0.8553673778302585	0.8404255319148937	0.0664905636419717	0.7976190476190477	0.9280575539568344	0.13043850633778675
12_-_110499534_110499546	7day	3	0.7863630565123102	0.7538461538461538	0.06299726620746432	0.746268656716418	0.8589743589743589	0.11270570225794097
1_+_28737657_28737682	Ctrl	3	0.9693459693459694	0.972972972972973	0.03261912063518879	0.935064935064935	1.0	0.06493506493506496
1_+_28737657_28737682	30min	3	0.9366332624759591	0.9391891891891893	0.03094019675248633	0.904494382022472	0.9662162162162162	0.06172183419374422
1_+_28737657_28737682	3hr	3	0.9055963921735734	0.8993288590604027	0.02057030547676927	0.8888888888888888	0.9285714285714286	0.039682539682539764
1_+_28737657_28737682	12hr	3	0.9850872183999811	0.9831932773109244	0.008037388814543949	0.9781659388646288	0.9939024390243902	0.01573650015976147
1_+_28737657_28737682	24hr	3	0.9901315789473685	0.9943181818181818	0.012499141473688016	0.9760765550239234	1.0	0.02392344497607657
1_+_28737657_28737682	48hr	3	0.9925727513227512	0.9911111111111112	0.006815016485193409	0.9866071428571428	1.0	0.013392857142857206
1_+_28737657_28737682	72hr	3	0.9547179108154719	0.9454545454545454	0.041434442222663466	0.91869918699187	1.0	0.08130081300812997
1_+_28737657_28737682	7day	3	0.9817542583500031	0.975177304964539	0.016005062070412364	0.97008547008547	1.0	0.02991452991453003
X_+_150712341_150712365	Ctrl	3	1.0	1.0	0.0	1.0	1.0	0.0
X_+_150712341_150712365	30min	3	0.8543083900226757	0.979591836734694	0.23489302733970222	0.5833333333333334	1.0	0.41666666666666663
X_+_150712341_150712365	3hr	3	1.0	1.0	0.0	1.0	1.0	0.0
X_+_150712341_150712365	12hr	3	0.9581529581529581	0.9696969696969696	0.048657187013239137	0.9047619047619048	1.0	0.09523809523809523
X_+_150712341_150712365	24hr	3	0.8585417258690917	0.8431372549019608	0.048663827194076706	0.8194444444444444	0.9130434782608696	0.0935990338164252
X_+_150712341_150712365	48hr	3	0.7646464646464647	0.7666666666666667	0.03640569957765678	0.7272727272727273	0.8	0.07272727272727275
X_+_150712341_150712365	72hr	1	0.6086956521739131	0.6086956521739131		0.6086956521739131	0.6086956521739131	0.0
X_+_150712341_150712365	7day	3	1.0	1.0	0.0	1.0	1.0	0.0
10_-_103105357_103105381	Ctrl	3	0.936936936936937	1.0	0.10922842930614539	0.8108108108108109	1.0	0.18918918918918914
10_-_103105357_103105381	30min	3	0.8051027217693886	0.8108108108108109	0.12377600151383394	0.6785714285714286	0.925925925925926	0.24735449735449744
10_-_103105357_103105381	3hr	3	0.57698785742264	0.55	0.11462893374592324	0.4782608695652174	0.7027027027027027	0.22444183313748534
10_-_103105357_103105381	12hr	3	0.5334948320413436	0.5625	0.08926603216637358	0.4333333333333333	0.6046511627906976	0.17131782945736435
10_-_103105357_103105381	24hr	3	0.33173726615972354	0.3095238095238095	0.14896939385711047	0.1951219512195122	0.490566037735849	0.2954440865163368
10_-_103105357_103105381	48hr	3	0.45979532163742687	0.4210526315789473	0.07093657043250368	0.4166666666666667	0.5416666666666666	0.12499999999999994
10_-_103105357_103105381	72hr	3	0.452991452991453	0.3846153846153846	0.1890029434828716	0.3076923076923077	0.6666666666666666	0.3589743589743589
10_-_103105357_103105381	7day	3	0.6474984171050068	0.640625	0.15952080104494354	0.4915254237288136	0.8103448275862069	0.31881940385739327
20_+_49096175_49096200	Ctrl	3	0.0	0.0	0.0	0.0	0.0	0.0
20_+_49096175_49096200	30min	3	0.0	0.0	0.0	0.0	0.0	0.0
20_+_49096175_49096200	3hr	3	0.0	0.0	0.0	0.0	0.0	0.0
20_+_49096175_49096200	12hr	3	0.047756758715662796	0.0444444444444444	0.022201749027312284	0.0273972602739726	0.0714285714285714	0.044031311154598796
20_+_49096175_49096200	24hr	3	0.0374561539717235	0.0303030303030303	0.024867517028067443	0.0169491525423728	0.0651162790697674	0.0481671265273946
20_+_49096175_49096200	48hr	3	0.0385112663897145	0.025	0.026943005534398413	0.0209973753280839	0.0695364238410596	0.0485390485129757
20_+_49096175_49096200	72hr	3	0.020043617123500734	0.0198198198198198	0.0018728881830868784	0.0182926829268292	0.0220183486238532	0.003725665697023997
20_+_49096175_49096200	7day	3	0.007196969696969667	0.009090909090909	0.006461637162587858	0.0	0.0125	0.0125
2_-_70289349_70289372	Ctrl	3	0.9891633211147961	0.9852941176470588	0.00951183626932195	0.9821958456973294	1.0	0.017804154302670572
2_-_70289349_70289372	30min	3	1.0	1.0	0.0	1.0	1.0	0.0
2_-_70289349_70289372	3hr	3	0.9855140715066119	0.9880382775119616	0.015899031667654343	0.968503937007874	1.0	0.03149606299212604
2_-_70289349_70289372	12hr	3	0.9731522974376773	0.9776785714285714	0.009049289336203482	0.9627329192546584	0.979045401629802	0.0163124823751436
2_-_70289349_70289372	24hr	3	0.9712762309185247	0.97531512605042	0.01006282392079752	0.9598214285714286	0.9786921381337252	0.01887070956229664
2_-_70289349_70289372	48hr	3	0.9605796595834315	0.966286307053942	0.010484735671645692	0.948479427549195	0.9669732441471572	0.01849381659796223
2_-_70289349_70289372	72hr	3	0.9346723251795025	0.9308152580403888	0.014779740584989083	0.9222035323801514	0.9509981851179672	0.028794652737815785
2_-_70289349_70289372	7day	3	0.9706672704311385	0.970620239390642	0.010463592496379221	0.9602272727272728	0.9811542991755006	0.020927026448227748
1_+_172577538_172577559	Ctrl	3	1.0	1.0	0.0	1.0	1.0	0.0
1_+_172577538_172577559	30min	3	1.0	1.0	0.0	1.0	1.0	0.0
1_+_172577538_172577559	3hr	3	1.0	1.0	0.0	1.0	1.0	0.0
1_+_172577538_172577559	12hr	3	1.0	1.0	0.0	1.0	1.0	0.0
1_+_172577538_172577559	24hr	3	0.9487179487179488	1.0	0.0888231183368655	0.8461538461538461	1.0	0.15384615384615385
1_+_172577538_172577559	48hr	3	1.0	1.0	0.0	1.0	1.0	0.0
1_+_172577538_172577559	72hr	1	1.0	1.0		1.0	1.0	0.0
1_+_172577538_172577559	7day	3	1.0	1.0	0.0	1.0	1.0	0.0
7_-_43887789_43887816	Ctrl	2	1.0	1.0	0.0	1.0	1.0	0.0
7_-_43887789_43887816	30min	2	1.0	1.0	0.0	1.0	1.0	0.0
7_-_43887789_43887816	3hr	3	1.0	1.0	0.0	1.0	1.0	0.0
7_-_43887789_43887816	12hr	3	0.8680555555555555	0.9166666666666666	0.16182194719070894	0.6875	1.0	0.3125
7_-_43887789_43887816	24hr	3	0.9333333333333332	1.0	0.11547005383792512	0.8	1.0	0.19999999999999996
7_-_43887789_43887816	48hr	3	0.9523809523809524	1.0	0.08247860988423228	0.8571428571428571	1.0	0.1428571428571429
7_-_43887789_43887816	72hr	3	1.0	1.0	0.0	1.0	1.0	0.0
7_-_43887789_43887816	7day	3	0.9296969696969697	0.9090909090909092	0.0625975822238805	0.88	1.0	0.12
4_+_27007982_27008006	Ctrl	3	0.5048948670891573	0.4939759036144578	0.16915544766542312	0.3414634146341463	0.6792452830188679	0.3377818683847216
4_+_27007982_27008006	30min	3	0.5233718487394957	0.53125	0.21596913903642784	0.3035714285714285	0.7352941176470589	0.4317226890756304
4_+_27007982_27008006	3hr	3	0.3376844688320098	0.3076923076923077	0.10989259725050239	0.2459016393442623	0.4594594594594595	0.2135578201151972
4_+_27007982_27008006	12hr	3	0.18551587301587302	0.1875	0.06549873349303202	0.119047619047619	0.25	0.130952380952381
4_+_27007982_27008006	24hr	3	0.14603174603174598	0.1666666666666666	0.0667233319269324	0.0714285714285714	0.2	0.12857142857142861
4_+_27007982_27008006	48hr	3	0.08932461873638343	0.1111111111111111	0.08066888270838178	0.0	0.1568627450980392	0.1568627450980392
4_+_27007982_27008006	72hr	3	0.3093808109090132	0.3076923076923077	0.11351317008580533	0.1967213114754098	0.423728813559322	0.2270075020839122
4_+_27007982_27008006	7day	3	0.14789869628579302	0.1451612903225806	0.030312623774384734	0.119047619047619	0.1794871794871795	0.06043956043956049
1_-_155203512_155203539	Ctrl	3	0.9655172413793104	1.0	0.05972588991616817	0.896551724137931	1.0	0.10344827586206895
1_-_155203512_155203539	30min	3	1.0	1.0	0.0	1.0	1.0	0.0
1_-_155203512_155203539	3hr	2	1.0	1.0	0.0	1.0	1.0	0.0
1_-_155203512_155203539	12hr	2	1.0	1.0	0.0	1.0	1.0	0.0
1_-_155203512_155203539	24hr	2	1.0	1.0	0.0	1.0	1.0	0.0
1_-_155203512_155203539	48hr	0						
1_-_155203512_155203539	72hr	1	1.0	1.0		1.0	1.0	0.0
1_-_155203512_155203539	7day	2	1.0	1.0	0.0	1.0	1.0	0.0
5_+_176099020_176099045	Ctrl	3	1.0	1.0	0.0	1.0	1.0	0.0
5_+_176099020_176099045	30min	3	1.0	1.0	0.0	1.0	1.0	0.0
5_+_176099020_176099045	3hr	3	1.0	1.0	0.0	1.0	1.0	0.0
5_+_176099020_176099045	12hr	0						
5_+_176099020_176099045	24hr	1	1.0	1.0		1.0	1.0	0.0
5_+_176099020_176099045	48hr	0						
5_+_176099020_176099045	72hr	0						
5_+_176099020_176099045	7day	0						
X_-_23734340_23734367	Ctrl	3	1.0	1.0	0.0	1.0	1.0	0.0
X_-_23734340_23734367	30min	3	1.0	1.0	0.0	1.0	1.0	0.0
X_-_23734340_23734367	3hr	3	1.0	1.0	0.0	1.0	1.0	0.0
X_-_23734340_23734367	12hr	3	0.9658119658119658	1.0	0.059215412224576984	0.8974358974358975	1.0	0.10256410256410253
X_-_23734340_23734367	24hr	3	0.9391078270388616	0.9482758620689656	0.019542701981950225	0.9166666666666666	0.9523809523809524	0.03571428571428581
X_-_23734340_23734367	48hr	3	0.9075778388278389	0.90625	0.007234830691025293	0.9010989010989012	0.9153846153846154	0.014285714285714124
X_-_23734340_23734367	72hr	3	0.8656375227686702	0.8852459016393442	0.06637565444169297	0.7916666666666666	0.92	0.1283333333333334
X_-_23734340_23734367	7day	3	0.8979283721285785	0.9074074074074074	0.024045312856406355	0.8705882352941177	0.9157894736842104	0.04520123839009271
1_-_205115857_205115883	Ctrl	1	1.0	1.0		1.0	1.0	0.0
1_-_205115857_205115883	30min	3	0.8636363636363636	1.0	0.23618874648666507	0.5909090909090909	1.0	0.40909090909090906
1_-_205115857_205115883	3hr	3	1.0	1.0	0.0	1.0	1.0	0.0
1_-_205115857_205115883	12hr	3	0.9959349593495935	1.0	0.00704085694133697	0.9878048780487804	1.0	0.012195121951219634
1_-_205115857_205115883	24hr	3	1.0	1.0	0.0	1.0	1.0	0.0
1_-_205115857_205115883	48hr	3	0.98	1.0	0.034641016151377574	0.94	1.0	0.06000000000000005
1_-_205115857_205115883	72hr	2	1.0	1.0	0.0	1.0	1.0	0.0
1_-_205115857_205115883	7day	3	1.0	1.0	0.0	1.0	1.0	0.0
17_+_45234831_45234849	Ctrl	3	0.13661794458895904	0.1481481481481481	0.05484641140618994	0.0769230769230769	0.1847826086956521	0.1078595317725752
17_+_45234831_45234849	30min	3	0.11707031707031701	0.1272727272727272	0.0321268942257672	0.081081081081081	0.1428571428571428	0.06177606177606179
17_+_45234831_45234849	3hr	3	0.08763971175514733	0.0918367346938775	0.013636347360783143	0.0723981900452488	0.0986842105263157	0.026286020481066888
17_+_45234831_45234849	12hr	3	0.21490929705215414	0.1768707482993197	0.11380084387598233	0.125	0.3428571428571428	0.2178571428571428
17_+_45234831_45234849	24hr	3	0.14414309371965084	0.130718954248366	0.026073662029592416	0.1275167785234899	0.1741935483870967	0.046676769863606804
17_+_45234831_45234849	48hr	3	0.19868149279913982	0.1861471861471861	0.032228547505634	0.1746031746031746	0.2352941176470588	0.0606909430438842
17_+_45234831_45234849	72hr	3	0.06863439006595037	0.0296052631578947	0.08784483706719771	0.0070671378091872	0.1692307692307692	0.16216363142158202
17_+_45234831_45234849	7day	3	0.1175265633777381	0.1421800947867298	0.0466406333824748	0.0637329286798179	0.1466666666666666	0.08293373798684871
11_+_118364677_118364703	Ctrl	3	0.5074074074074074	0.6333333333333333	0.4576285265504732	0.0	0.8888888888888888	0.8888888888888888
11_+_118364677_118364703	30min	3	0.4019157088122605	0.3333333333333333	0.24355975580613956	0.2	0.6724137931034483	0.4724137931034483
11_+_118364677_118364703	3hr	3	0.4110579479000531	0.4210526315789473	0.3607099267031651	0.0454545454545454	0.7666666666666667	0.7212121212121213
11_+_118364677_118364703	12hr	3	0.12037037037037036	0.1111111111111111	0.12525693757841375	0.0	0.25	0.25
11_+_118364677_118364703	24hr	3	0.06349206349206347	0.0	0.10997147984564296	0.0	0.1904761904761904	0.1904761904761904
11_+_118364677_118364703	48hr	3	0.2151970836181362	0.2105263157894736	0.14615987996307336	0.0714285714285714	0.3636363636363636	0.2922077922077922
11_+_118364677_118364703	72hr	2	0.0	0.0	0.0	0.0	0.0	0.0
11_+_118364677_118364703	7day	3	0.10256410256410257	0.0	0.177646236673731	0.0	0.3076923076923077	0.3076923076923077
15_+_40854059_40854086	Ctrl	0						
15_+_40854059_40854086	30min	0						
15_+_40854059_40854086	3hr	1	1.0	1.0		1.0	1.0	0.0
15_+_40854059_40854086	12hr	3	1.0	1.0	0.0	1.0	1.0	0.0
15_+_40854059_40854086	24hr	3	1.0	1.0	0.0	1.0	1.0	0.0
15_+_40854059_40854086	48hr	3	1.0	1.0	0.0	1.0	1.0	0.0
15_+_40854059_40854086	72hr	1	1.0	1.0		1.0	1.0	0.0
15_+_40854059_40854086	7day	3	1.0	1.0	0.0	1.0	1.0	0.0
10_+_89013342_89013367	Ctrl	0						
10_+_89013342_89013367	30min	3	0.0	0.0	0.0	0.0	0.0	0.0
10_+_89013342_89013367	3hr	3	0.12126068376068373	0.0512820512820512	0.16759122665785536	0.0	0.3125	0.3125
10_+_89013342_89013367	12hr	3	0.2009779521564723	0.2040816326530612	0.03482411470284658	0.1647058823529411	0.2341463414634146	0.0694404591104735
10_+_89013342_89013367	24hr	3	0.25810428119273693	0.2869565217391304	0.05032018064080713	0.2	0.2873563218390804	0.08735632183908038
10_+_89013342_89013367	48hr	3	0.10809107626190621	0.088235294117647	0.03974011017592052	0.0821917808219178	0.1538461538461538	0.071654373024236
10_+_89013342_89013367	72hr	3	0.2112545219311908	0.1957831325301204	0.06935338985783109	0.1509433962264151	0.287037037037037	0.1360936408106219
10_+_89013342_89013367	7day	3	0.18658149389442172	0.1910828025477707	0.018089205039852018	0.1666666666666666	0.2019950124688279	0.03532834580216129
1_+_78620943_78620971	Ctrl	2	0.2727272727272727	0.2727272727272727	0.385694607919935	0.0	0.5454545454545454	0.5454545454545454
1_+_78620943_78620971	30min	2	0.0	0.0	0.0	0.0	0.0	0.0
1_+_78620943_78620971	3hr	1	0.0833333333333333	0.0833333333333333		0.0833333333333333	0.0833333333333333	0.0
1_+_78620943_78620971	12hr	3	0.13095238095238093	0.1428571428571428	0.12542444943872308	0.0	0.25	0.25
1_+_78620943_78620971	24hr	2	0.21428571428571425	0.21428571428571425	0.3030457633656632	0.0	0.4285714285714285	0.4285714285714285
1_+_78620943_78620971	48hr	0						
1_+_78620943_78620971	72hr	3	0.0	0.0	0.0	0.0	0.0	0.0
1_+_78620943_78620971	7day	3	0.15661930451080205	0.1495327102803738	0.02752225463985126	0.1333333333333333	0.1869918699186991	0.05365853658536579
4_-_82899712_82899737	Ctrl	3	0.6198879551820728	0.5882352941176471	0.1384549947141068	0.5	0.7714285714285715	0.27142857142857146
4_-_82899712_82899737	30min	3	0.6790919952210275	0.6	0.1835130114988092	0.5483870967741935	0.8888888888888888	0.34050179211469533
4_-_82899712_82899737	3hr	3	0.45477207977207973	0.4583333333333333	0.009086432209524981	0.4444444444444444	0.4615384615384615	0.01709401709401709
4_-_82899712_82899737	12hr	3	0.0	0.0	0.0	0.0	0.0	0.0
4_-_82899712_82899737	24hr	3	0.0	0.0	0.0	0.0	0.0	0.0
4_-_82899712_82899737	48hr	3	0.1111111111111111	0.0	0.19245008972987526	0.0	0.3333333333333333	0.3333333333333333
4_-_82899712_82899737	72hr	3	0.13862433862433857	0.1777777777777777	0.12378238747521218	0.0	0.238095238095238	0.238095238095238
4_-_82899712_82899737	7day	3	0.15311986863710994	0.1379310344827586	0.05516270000108736	0.1071428571428571	0.2142857142857142	0.1071428571428571
1_+_161339561_161339588	Ctrl	3	0.26809269162210336	0.2	0.2503595363331791	0.0588235294117647	0.5454545454545454	0.4866310160427807
1_+_161339561_161339588	30min	3	0.37784188635581817	0.3863636363636363	0.058260853009493796	0.3157894736842105	0.4313725490196078	0.1155830753353973
1_+_161339561_161339588	3hr	3	0.25026455026455025	0.3	0.1016410241546948	0.1333333333333333	0.3174603174603174	0.18412698412698408
1_+_161339561_161339588	12hr	3	0.0	0.0	0.0	0.0	0.0	0.0
1_+_161339561_161339588	24hr	3	0.005578800557880033	0.0	0.009662766011541816	0.0	0.0167364016736401	0.0167364016736401
1_+_161339561_161339588	48hr	3	0.006293706293706233	0.0034965034965034	0.008064729087182344	0.0	0.0153846153846153	0.0153846153846153
1_+_161339561_161339588	72hr	3	0.0	0.0	0.0	0.0	0.0	0.0
1_+_161339561_161339588	7day	3	0.022124863088718468	0.0181818181818181	0.024337142366149093	0.0	0.0481927710843373	0.0481927710843373
14_-_65101545_65101572	Ctrl	3	0.8998694885361552	0.9007936507936508	0.08459637863670637	0.8148148148148148	0.984	0.16918518518518522
14_-_65101545_65101572	30min	3	0.8525902596339258	0.8356807511737089	0.030646883106216383	0.8341232227488151	0.8879668049792531	0.05384358223043795
14_-_65101545_65101572	3hr	3	0.7747178324885949	0.7730769230769231	0.029094139911341337	0.7464788732394366	0.8045977011494253	0.05811882790998868
14_-_65101545_65101572	12hr	3	0.7784084721319265	0.7869822485207101	0.04468150034225311	0.7300613496932515	0.8181818181818182	0.0881204684885667
14_-_65101545_65101572	24hr	3	0.8098658696665342	0.8163265306122449	0.031081507314434837	0.7760617760617761	0.8372093023255814	0.061147526263805374
14_-_65101545_65101572	48hr	3	0.6736714975845409	0.6630434782608695	0.05655115052940105	0.6231884057971014	0.7347826086956522	0.11159420289855071
14_-_65101545_65101572	72hr	3	0.6127623772006614	0.6304347826086957	0.07549380577496236	0.53	0.6778523489932886	0.14785234899328858
14_-_65101545_65101572	7day	3	0.882922528388172	0.8851063829787233	0.03488736705907368	0.8469945355191257	0.9166666666666666	0.0696721311475409
14_-_21263310_21263336	Ctrl	3	0.2662915757673248	0.2756410256410256	0.035171353339094054	0.2273901808785529	0.295843520782396	0.06845333990384311
14_-_21263310_21263336	30min	3	0.2902952405631427	0.2978723404255319	0.0266351949465874	0.2606924643584521	0.3123209169054441	0.051628452546992
14_-_21263310_21263336	3hr	3	0.62492025481968	0.6239737274220033	0.023926083065277225	0.6014814814814815	0.6493055555555556	0.047824074074074074
14_-_21263310_21263336	12hr	3	0.9155113022245005	0.9144451332920024	0.011393556449588072	0.904688304997424	0.927400468384075	0.02271216338665094
14_-_21263310_21263336	24hr	3	0.9222332079142245	0.920741989881956	0.0060701045151810105	0.9170476812540824	0.9289099526066352	0.0118622713525528
14_-_21263310_21263336	48hr	3	0.9553807628334945	0.9550496205487448	0.001995618391890323	0.9535714285714286	0.95752123938031	0.003949810808881349
14_-_21263310_21263336	72hr	3	0.9341180946725993	0.9226277372262772	0.020160196108767903	0.9223300970873788	0.957396449704142	0.03506635261676316
14_-_21263310_21263336	7day	3	0.8087595336597996	0.8125633232016211	0.02926584926839412	0.7777777777777778	0.8359375	0.05815972222222221
5_-_177310667_177310697	Ctrl	2	1.0	1.0	0.0	1.0	1.0	0.0
5_-_177310667_177310697	30min	3	1.0	1.0	0.0	1.0	1.0	0.0
5_-_177310667_177310697	3hr	2	1.0	1.0	0.0	1.0	1.0	0.0
5_-_177310667_177310697	12hr	2	1.0	1.0	0.0	1.0	1.0	0.0
5_-_177310667_177310697	24hr	3	1.0	1.0	0.0	1.0	1.0	0.0
5_-_177310667_177310697	48hr	2	0.85	0.85	0.21213203435596428	0.7	1.0	0.30000000000000004
5_-_177310667_177310697	72hr	3	0.9643843843843843	0.9864864864864864	0.050439617026466294	0.9066666666666666	1.0	0.09333333333333338
5_-_177310667_177310697	7day	3	0.9537037037037036	0.9444444444444444	0.020566989432442048	0.9393939393939394	0.9772727272727272	0.037878787878787734
3_+_37337142_37337163	Ctrl	3	0.9102564102564102	1.0	0.15544045708951465	0.7307692307692307	1.0	0.2692307692307693
3_+_37337142_37337163	30min	3	0.9844961240310077	1.0	0.026853500892540783	0.9534883720930232	1.0	0.04651162790697683
3_+_37337142_37337163	3hr	3	0.9794871794871794	1.0	0.035529247334746265	0.9384615384615383	1.0	0.06153846153846165
3_+_37337142_37337163	12hr	3	0.9467485919098823	0.935483870967742	0.04860806671297825	0.9047619047619048	1.0	0.09523809523809523
3_+_37337142_37337163	24hr	3	0.9493797519007603	0.9705882352941176	0.06392016877836956	0.8775510204081632	1.0	0.12244897959183676
3_+_37337142_37337163	48hr	3	0.9672764227642277	0.975	0.03719178980142993	0.926829268292683	1.0	0.07317073170731703
3_+_37337142_37337163	72hr	3	0.9761904761904763	1.0	0.041239304942116105	0.9285714285714286	1.0	0.0714285714285714
3_+_37337142_37337163	7day	3	0.8519204200055265	0.8297872340425532	0.09354334108457012	0.7714285714285715	0.9545454545454546	0.18311688311688312
1_+_39436481_39436490	Ctrl	3	0.8094325852946542	0.8333333333333334	0.10120870859981577	0.6984126984126984	0.896551724137931	0.19813902572523268
1_+_39436481_39436490	30min	3	0.7982777188819897	0.8055555555555556	0.07658872288885411	0.7183098591549296	0.8709677419354839	0.15265788278055425
1_+_39436481_39436490	3hr	3	0.8199847444698704	0.8947368421052632	0.22682567377110915	0.5652173913043478	1.0	0.4347826086956522
1_+_39436481_39436490	12hr	3	0.9895833333333334	1.0	0.018042195912175808	0.96875	1.0	0.03125
1_+_39436481_39436490	24hr	3	0.9937106918238993	1.0	0.0108934013054647	0.981132075471698	1.0	0.018867924528301994
1_+_39436481_39436490	48hr	3	0.9916666666666667	1.0	0.014433756729740658	0.975	1.0	0.025000000000000022
1_+_39436481_39436490	72hr	3	0.9777777777777777	1.0	0.03849001794597511	0.9333333333333332	1.0	0.06666666666666676
1_+_39436481_39436490	7day	3	0.8917753786174839	0.9210526315789472	0.0759390272503082	0.8055555555555556	0.9487179487179488	0.1431623931623932
18_+_51049294_51049324	Ctrl	1	1.0	1.0		1.0	1.0	0.0
18_+_51049294_51049324	30min	2	1.0	1.0	0.0	1.0	1.0	0.0
18_+_51049294_51049324	3hr	3	1.0	1.0	0.0	1.0	1.0	0.0
18_+_51049294_51049324	12hr	3	1.0	1.0	0.0	1.0	1.0	0.0
18_+_51049294_51049324	24hr	3	1.0	1.0	0.0	1.0	1.0	0.0
18_+_51049294_51049324	48hr	3	1.0	1.0	0.0	1.0	1.0	0.0
18_+_51049294_51049324	72hr	3	1.0	1.0	0.0	1.0	1.0	0.0
18_+_51049294_51049324	7day	3	1.0	1.0	0.0	1.0	1.0	0.0
12_-_68316580_68316610	Ctrl	1	0.8	0.8		0.8	0.8	0.0
12_-_68316580_68316610	30min	0						
12_-_68316580_68316610	3hr	1	1.0	1.0		1.0	1.0	0.0
12_-_68316580_68316610	12hr	3	0.9629629629629629	1.0	0.06415002990995845	0.8888888888888888	1.0	0.11111111111111116
12_-_68316580_68316610	24hr	2	0.75	0.75	0.3535533905932738	0.5	1.0	0.5
12_-_68316580_68316610	48hr	3	0.5238095238095238	0.5555555555555556	0.06918887211969324	0.4444444444444444	0.5714285714285714	0.12698412698412698
12_-_68316580_68316610	72hr	3	0.9191919191919192	1.0	0.13996370162172747	0.7575757575757576	1.0	0.24242424242424243
12_-_68316580_68316610	7day	2	1.0	1.0	0.0	1.0	1.0	0.0
8_+_144242601_144242628	Ctrl	3	0.8271873790166473	0.7916666666666666	0.13423432668884475	0.7142857142857143	0.975609756097561	0.26132404181184665
8_+_144242601_144242628	30min	3	0.4983709273182957	0.4736842105263157	0.31144894097815506	0.2	0.8214285714285714	0.6214285714285714
8_+_144242601_144242628	3hr	3	0.9206349206349206	0.9285714285714286	0.08361629962581536	0.8333333333333334	1.0	0.16666666666666663
8_+_144242601_144242628	12hr	2	0.7083333333333333	0.7083333333333333	0.09820927516479831	0.6388888888888888	0.7777777777777778	0.13888888888888895
8_+_144242601_144242628	24hr	3	0.6917402438558269	0.7037037037037037	0.1566896591105759	0.5294117647058824	0.8421052631578947	0.31269349845201233
8_+_144242601_144242628	48hr	3	0.746031746031746	0.6666666666666666	0.22503883934536234	0.5714285714285714	1.0	0.4285714285714286
8_+_144242601_144242628	72hr	3	0.40317460317460313	0.4	0.2619191915216928	0.1428571428571428	0.6666666666666666	0.5238095238095238
8_+_144242601_144242628	7day	3	0.6792929292929294	0.7045454545454546	0.1831286945385444	0.4848484848484848	0.8484848484848485	0.3636363636363637
11_+_70350993_70351023	Ctrl	2	0.569327731092437	0.569327731092437	0.30601680026140504	0.3529411764705882	0.7857142857142857	0.4327731092436975
11_+_70350993_70351023	30min	3	0.7757109557109557	0.7307692307692307	0.1664329983732054	0.6363636363636364	0.96	0.3236363636363636
11_+_70350993_70351023	3hr	3	0.2974747474747475	0.25	0.0970209776022087	0.2333333333333333	0.4090909090909091	0.1757575757575758
11_+_70350993_70351023	12hr	3	0.17193173565722583	0.1481481481481481	0.06930778841960722	0.1176470588235294	0.25	0.13235294117647062
11_+_70350993_70351023	24hr	3	0.15822423775705197	0.1153846153846153	0.11673115399689246	0.0689655172413793	0.2903225806451613	0.22135706340378203
11_+_70350993_70351023	48hr	3	0.10348583877995639	0.0555555555555555	0.1340400553580922	0.0	0.2549019607843137	0.2549019607843137
11_+_70350993_70351023	72hr	3	0.10066476733143397	0.1481481481481481	0.08722478634913604	0.0	0.1538461538461538	0.1538461538461538
11_+_70350993_70351023	7day	3	0.21581196581196574	0.2307692307692307	0.12566936711566337	0.0833333333333333	0.3333333333333333	0.25
11_+_62141499_62141511	Ctrl	2	0.8529411764705883	0.8529411764705883	0.2079725827019257	0.7058823529411765	1.0	0.2941176470588235
11_+_62141499_62141511	30min	3	0.9824561403508772	1.0	0.030386856273138165	0.9473684210526316	1.0	0.05263157894736836
11_+_62141499_62141511	3hr	1	0.5	0.5		0.5	0.5	0.0
11_+_62141499_62141511	12hr	3	0.7873677248677248	0.7857142857142857	0.10070462520535438	0.6875	0.8888888888888888	0.20138888888888884
11_+_62141499_62141511	24hr	3	0.5385964912280702	0.5	0.24440177024746026	0.3157894736842105	0.8	0.48421052631578954
11_+_62141499_62141511	48hr	3	0.6411657559198543	0.5901639344262295	0.11956825815866162	0.5555555555555556	0.7777777777777778	0.2222222222222222
11_+_62141499_62141511	72hr	3	0.5988827062356474	0.6583333333333333	0.14609756176367455	0.4324324324324324	0.7058823529411765	0.2734499205087441
11_+_62141499_62141511	7day	3	0.826669661575322	0.8490566037735849	0.1030310334675752	0.7142857142857143	0.9166666666666666	0.20238095238095233
19_+_35009422_35009443	Ctrl	3	0.9722160916157826	0.9746192893401016	0.029060129900026068	0.9420289855072465	1.0	0.05797101449275355
19_+_35009422_35009443	30min	3	0.9878337081243153	0.991869918699187	0.014608742921096015	0.9716312056737588	1.0	0.028368794326241176
19_+_35009422_35009443	3hr	3	0.9599336178283547	0.9473684210526316	0.035493058113649986	0.9324324324324323	1.0	0.06756756756756765
19_+_35009422_35009443	12hr	3	0.9929078014184398	1.0	0.012284048280630289	0.9787234042553192	1.0	0.02127659574468077
19_+_35009422_35009443	24hr	3	1.0	1.0	0.0	1.0	1.0	0.0
19_+_35009422_35009443	48hr	3	0.990774938864997	0.9932203389830508	0.010660239222011288	0.9791044776119404	1.0	0.020895522388059584
19_+_35009422_35009443	72hr	3	0.9566921923541366	0.961038961038961	0.011341537945478363	0.9438202247191012	0.9652173913043478	0.021397166585246596
19_+_35009422_35009443	7day	3	0.9912280701754387	1.0	0.015193428136569083	0.9736842105263158	1.0	0.02631578947368418
17_+_67553609_67553617	Ctrl	3	1.0	1.0	0.0	1.0	1.0	0.0
17_+_67553609_67553617	30min	3	1.0	1.0	0.0	1.0	1.0	0.0
17_+_67553609_67553617	3hr	3	1.0	1.0	0.0	1.0	1.0	0.0
17_+_67553609_67553617	12hr	3	1.0	1.0	0.0	1.0	1.0	0.0
17_+_67553609_67553617	24hr	3	1.0	1.0	0.0	1.0	1.0	0.0
17_+_67553609_67553617	48hr	3	1.0	1.0	0.0	1.0	1.0	0.0
17_+_67553609_67553617	72hr	3	1.0	1.0	0.0	1.0	1.0	0.0
17_+_67553609_67553617	7day	3	1.0	1.0	0.0	1.0	1.0	0.0
15_-_50346371_50346395	Ctrl	2	0.18039215686274504	0.18039215686274504	0.1608321306228226	0.0666666666666666	0.2941176470588235	0.2274509803921569
15_-_50346371_50346395	30min	3	0.5429292929292929	0.5833333333333334	0.1628934689178802	0.3636363636363636	0.6818181818181818	0.3181818181818182
15_-_50346371_50346395	3hr	3	0.46375590936260397	0.5	0.07581340879829811	0.3766233766233766	0.5146443514644351	0.13802097484105852
15_-_50346371_50346395	12hr	3	0.3831597965102458	0.3888888888888889	0.015270116171062843	0.3658536585365853	0.3947368421052631	0.028883183568677806
15_-_50346371_50346395	24hr	3	0.4212171311604472	0.45	0.11642203378170245	0.293103448275862	0.5205479452054794	0.22744449692961743
15_-_50346371_50346395	48hr	3	0.4551033591731266	0.4444444444444444	0.05424722129874822	0.4069767441860465	0.5138888888888888	0.10691214470284233
15_-_50346371_50346395	72hr	3	0.5280382423239566	0.5	0.0961929251537936	0.4489795918367347	0.6351351351351351	0.1861555432984004
15_-_50346371_50346395	7day	3	0.5138257575757575	0.46875	0.26651078809717316	0.2727272727272727	0.8	0.5272727272727273
17_+_42985650_42985656	Ctrl	3	0.3333333333333333	0.0	0.5773502691896258	0.0	1.0	1.0
17_+_42985650_42985656	30min	3	0.3416666666666666	0.4	0.31655699855370967	0.0	0.625	0.625
17_+_42985650_42985656	3hr	3	0.09375	0.0	0.16237976320958225	0.0	0.28125	0.28125
17_+_42985650_42985656	12hr	3	0.6357598978288633	0.5517241379310345	0.3303387158660506	0.3555555555555555	1.0	0.6444444444444445
17_+_42985650_42985656	24hr	3	0.3618903971845148	0.2666666666666666	0.19684045760908842	0.2307692307692307	0.5882352941176471	0.35746606334841635
17_+_42985650_42985656	48hr	3	0.3564102564102564	0.3846153846153846	0.04885271508527601	0.3	0.3846153846153846	0.08461538461538459
17_+_42985650_42985656	72hr	3	0.5133560670645069	0.6086956521739131	0.21727941779688106	0.2647058823529412	0.6666666666666666	0.40196078431372545
17_+_42985650_42985656	7day	3	0.5386158886158886	0.45	0.19001964949628442	0.4090909090909091	0.7567567567567568	0.3476658476658477
16_+_19575097_19575122	Ctrl	2	1.0	1.0	0.0	1.0	1.0	0.0
16_+_19575097_19575122	30min	3	1.0	1.0	0.0	1.0	1.0	0.0
16_+_19575097_19575122	3hr	3	1.0	1.0	0.0	1.0	1.0	0.0
16_+_19575097_19575122	12hr	3	1.0	1.0	0.0	1.0	1.0	0.0
16_+_19575097_19575122	24hr	3	1.0	1.0	0.0	1.0	1.0	0.0
16_+_19575097_19575122	48hr	3	1.0	1.0	0.0	1.0	1.0	0.0
16_+_19575097_19575122	72hr	3	1.0	1.0	0.0	1.0	1.0	0.0
16_+_19575097_19575122	7day	3	1.0	1.0	0.0	1.0	1.0	0.0
10_+_78040203_78040225	Ctrl	3	0.7310387120489756	0.7336405529953917	0.024080731496342628	0.7057627118644068	0.7537128712871287	0.04795015942272196
10_+_78040203_78040225	30min	3	0.719164360573453	0.7205992509363296	0.007846734458224128	0.7106992022524636	0.7261946285315661	0.015495426279102498
10_+_78040203_78040225	3hr	3	0.690231593111332	0.7002565042139978	0.026945043421897432	0.6597110754414125	0.7107271996785858	0.05101612423717328
10_+_78040203_78040225	12hr	3	0.13796618132008379	0.1409952606635071	0.01342280180705964	0.1232876712328767	0.1496156120638675	0.026327940830990798
10_+_78040203_78040225	24hr	3	0.07154170214987267	0.0747686921730432	0.008935784795189226	0.0614406779661017	0.0784157363104731	0.016975058344371408
10_+_78040203_78040225	48hr	3	0.017489994079511368	0.0183356840620592	0.0018883297741902254	0.0153266331658291	0.0188076650106458	0.0034810318448167017
10_+_78040203_78040225	72hr	3	0.05126541882883764	0.0481740481740481	0.006061289824752078	0.0473731077471059	0.0582491005653589	0.010875992818252994
10_+_78040203_78040225	7day	3	0.41428226706994414	0.4187178793616445	0.008480824301901743	0.4045034829094444	0.4196254389387436	0.015121956029299222
5_-_151110626_151110644	Ctrl	3	0.8310847274689692	0.8235294117647058	0.1652671893582627	0.6697247706422018	1.0	0.3302752293577982
5_-_151110626_151110644	30min	3	0.9093939393939395	0.91	0.09091060604797997	0.8181818181818182	1.0	0.18181818181818177
5_-_151110626_151110644	3hr	3	0.972934472934473	0.9743589743589745	0.02780515854122955	0.9444444444444444	1.0	0.05555555555555558
5_-_151110626_151110644	12hr	3	0.921590562513105	0.9402985074626866	0.03435264892053648	0.8819444444444444	0.942528735632184	0.06058429118773956
5_-_151110626_151110644	24hr	3	0.9076309436566947	0.8880597014925373	0.039766204118869906	0.8814432989690721	0.9533898305084746	0.07194653153940245
5_-_151110626_151110644	48hr	3	0.8980315054014848	0.8797814207650273	0.044317240338612764	0.8657534246575342	0.948559670781893	0.08280624612435872
5_-_151110626_151110644	72hr	3	0.8634040041195341	0.8532219570405728	0.024479220405870177	0.8456591639871383	0.8913308913308914	0.04567172734375313
5_-_151110626_151110644	7day	3	0.905311667866734	0.9015444015444016	0.0263408609285536	0.8810572687224669	0.9333333333333332	0.05227606461086631
10_+_99750368_99750396	Ctrl	3	1.0	1.0	0.0	1.0	1.0	0.0
10_+_99750368_99750396	30min	3	1.0	1.0	0.0	1.0	1.0	0.0
10_+_99750368_99750396	3hr	3	0.9422222222222222	0.96	0.06842135252595843	0.8666666666666667	1.0	0.1333333333333333
10_+_99750368_99750396	12hr	3	0.9057200057200058	0.9285714285714286	0.08579704341810354	0.8108108108108109	0.9777777777777776	0.16696696696696678
10_+_99750368_99750396	24hr	3	0.8644911171333937	0.8536585365853658	0.05588561853975068	0.8148148148148148	0.925	0.11018518518518527
10_+_99750368_99750396	48hr	3	0.7960340545689597	0.7708333333333334	0.10666564449300223	0.704225352112676	0.9130434782608696	0.20881812614819362
10_+_99750368_99750396	72hr	3	0.7704387744208391	0.7471264367816092	0.06429434366750009	0.7210526315789474	0.8431372549019608	0.1220846233230134
10_+_99750368_99750396	7day	3	0.9347262272794188	0.9423076923076924	0.037891653731487965	0.8936170212765957	0.9682539682539684	0.07463694697737266
8_-_27290155_27290178	Ctrl	2	0.6053639846743295	0.6053639846743295	0.07043975598026907	0.5555555555555556	0.6551724137931034	0.09961685823754785
8_-_27290155_27290178	30min	3	0.9063492063492062	0.9333333333333332	0.10966174888518015	0.7857142857142857	1.0	0.2142857142857143
8_-_27290155_27290178	3hr	3	0.9333333333333332	1.0	0.11547005383792514	0.8	1.0	0.19999999999999996
8_-_27290155_27290178	12hr	3	0.9841518634622083	0.9827586206896552	0.015199482078480434	0.9696969696969696	1.0	0.030303030303030387
8_-_27290155_27290178	24hr	3	0.9714285714285715	1.0	0.049487165930539305	0.9142857142857144	1.0	0.08571428571428563
8_-_27290155_27290178	48hr	3	0.9702021653731915	0.971830985915493	0.030644727604628785	0.9387755102040816	1.0	0.061224489795918435
8_-_27290155_27290178	72hr	3	0.8845538215286114	0.9183673469387756	0.13555374179107024	0.7352941176470589	1.0	0.2647058823529411
8_-_27290155_27290178	7day	3	0.9969135802469137	1.0	0.0053458358258298274	0.9907407407407408	1.0	0.00925925925925919
11_-_5667688_5667711	Ctrl	1	1.0	1.0		1.0	1.0	0.0
11_-_5667688_5667711	30min	1	1.0	1.0		1.0	1.0	0.0
11_-_5667688_5667711	3hr	3	1.0	1.0	0.0	1.0	1.0	0.0
11_-_5667688_5667711	12hr	3	0.9066666666666666	1.0	0.16165807537309523	0.72	1.0	0.28
11_-_5667688_5667711	24hr	3	0.9259259259259259	1.0	0.12830005981991682	0.7777777777777778	1.0	0.2222222222222222
11_-_5667688_5667711	48hr	2	1.0	1.0	0.0	1.0	1.0	0.0
11_-_5667688_5667711	72hr	3	1.0	1.0	0.0	1.0	1.0	0.0
11_-_5667688_5667711	7day	3	1.0	1.0	0.0	1.0	1.0	0.0
9_+_128162003_128162007	Ctrl	3	0.06151354446319637	0.0709677419354838	0.05359869777140832	0.0038167938931297	0.1097560975609756	0.1059393036678459
9_+_128162003_128162007	30min	3	0.053627176975589164	0.0472103004291845	0.0116186683803691	0.0466321243523316	0.0670391061452514	0.020406981792919797
9_+_128162003_128162007	3hr	3	0.13482789207426882	0.1614906832298136	0.052745279149548754	0.074074074074074	0.1689189189189189	0.09484484484484489
9_+_128162003_128162007	12hr	3	0.17756410256410252	0.2243589743589743	0.08160686938508901	0.0833333333333333	0.225	0.14166666666666672
9_+_128162003_128162007	24hr	3	0.1885284421048797	0.1545454545454545	0.09718018094393731	0.1129032258064516	0.2981366459627329	0.18523342015628133
9_+_128162003_128162007	48hr	3	0.21309542512029564	0.2048192771084337	0.05491256321969202	0.1627906976744186	0.2716763005780346	0.10888560290361601
9_+_128162003_128162007	72hr	3	0.19944118395808266	0.1788990825688073	0.0534001330691551	0.1593625498007968	0.2600619195046439	0.1006993697038471
9_+_128162003_128162007	7day	3	0.11579346221921837	0.1239130434782608	0.01616457180034897	0.0971786833855799	0.1262886597938144	0.029109976408234498
11_-_78441090_78441117	Ctrl	2	0.6958041958041958	0.6958041958041958	0.2126265146225283	0.5454545454545454	0.8461538461538461	0.30069930069930073
11_-_78441090_78441117	30min	3	0.5265700483091788	0.4666666666666667	0.3602763686695898	0.2	0.9130434782608696	0.7130434782608697
11_-_78441090_78441117	3hr	3	0.6905797101449275	0.75	0.14834202377493494	0.5217391304347826	0.8	0.27826086956521745
11_-_78441090_78441117	12hr	3	0.5629214648822493	0.5648148148148148	0.02631164497711705	0.5357142857142857	0.5882352941176471	0.05252100840336138
11_-_78441090_78441117	24hr	3	0.5365614347812491	0.5340909090909091	0.02807442135310432	0.5098039215686274	0.5657894736842105	0.05598555211558309
11_-_78441090_78441117	48hr	3	0.5893668631785802	0.5869565217391305	0.02814953634748957	0.5625	0.6186440677966102	0.056144067796610186
11_-_78441090_78441117	72hr	3	0.5461615197736608	0.5245901639344263	0.04489003423983568	0.5161290322580645	0.5977653631284916	0.0816363308704271
11_-_78441090_78441117	7day	3	0.6132815390307066	0.7	0.15532289682008962	0.4339622641509434	0.7058823529411765	0.2719200887902331
13_+_25319325_25319350	Ctrl	3	0.13015873015873014	0.1904761904761904	0.11282130567566259	0.0	0.2	0.2
13_+_25319325_25319350	30min	3	0.10416666666666667	0.125	0.09547032697824666	0.0	0.1875	0.1875
13_+_25319325_25319350	3hr	3	0.8377692266581156	0.8271604938271605	0.03897706351657527	0.8051948051948052	0.8809523809523809	0.07575757575757569
13_+_25319325_25319350	12hr	3	1.0	1.0	0.0	1.0	1.0	0.0
13_+_25319325_25319350	24hr	3	0.9869791666666666	1.0	0.022552744890219755	0.9609375	1.0	0.0390625
13_+_25319325_25319350	48hr	3	0.9816883219151115	0.9819277108433736	0.005102252849370305	0.976470588235294	0.9866666666666668	0.010196078431372824
13_+_25319325_25319350	72hr	3	0.9603174603174603	1.0	0.06873217490352689	0.8809523809523809	1.0	0.11904761904761907
13_+_25319325_25319350	7day	3	0.9780723557028445	0.976470588235294	0.0211722520334394	0.9577464788732394	1.0	0.04225352112676062
10_-_26771074_26771089	Ctrl	3	0.08819603356216626	0.0869565217391304	0.03620012960725869	0.0526315789473684	0.125	0.07236842105263161
10_-_26771074_26771089	30min	3	0.0719283396811962	0.0352941176470588	0.06860967147170044	0.0294117647058823	0.1510791366906475	0.12166737198476518
10_-_26771074_26771089	3hr	3	0.14356485868243982	0.1403508771929824	0.014669106379289459	0.1307692307692307	0.1595744680851064	0.028805237315875698
10_-_26771074_26771089	12hr	3	0.0272999694609864	0.027027027027027	0.014938310925455802	0.0125	0.0423728813559322	0.0298728813559322
10_-_26771074_26771089	24hr	3	0.007018321513002333	0.0104166666666666	0.006079054839589426	0.0	0.0106382978723404	0.0106382978723404
10_-_26771074_26771089	48hr	3	0.029239766081871333	0.0	0.050644760455230316	0.0	0.087719298245614	0.087719298245614
10_-_26771074_26771089	72hr	3	0.0	0.0	0.0	0.0	0.0	0.0
10_-_26771074_26771089	7day	3	0.17052513345700723	0.1451612903225806	0.07317944024910429	0.1134020618556701	0.253012048192771	0.13960998633710092
2_+_237987962_237987992	Ctrl	3	1.0	1.0	0.0	1.0	1.0	0.0
2_+_237987962_237987992	30min	3	1.0	1.0	0.0	1.0	1.0	0.0
2_+_237987962_237987992	3hr	3	1.0	1.0	0.0	1.0	1.0	0.0
2_+_237987962_237987992	12hr	3	0.9773247029026773	0.9752321981424148	0.011304040755097887	0.9672131147540984	0.9895287958115184	0.02231568105741999
2_+_237987962_237987992	24hr	3	0.9872430972740048	0.9836065573770492	0.008732973524501033	0.9809160305343512	0.9972067039106144	0.01629067337626322
2_+_237987962_237987992	48hr	3	0.9726435147966366	0.9817629179331308	0.027876948985744495	0.9413489736070382	0.9948186528497408	0.05346967924270263
2_+_237987962_237987992	72hr	3	0.985002508466073	0.9857142857142858	0.002375064622038176	0.9823529411764704	0.9869402985074628	0.004587357330992359
2_+_237987962_237987992	7day	3	0.9890472763364536	0.98828125	0.0019162757111795925	0.9876325088339224	0.9912280701754386	0.0035955613415161736
1_-_173865541_173865547	Ctrl	3	0.0014181770214416998	0.0019792182088075	0.0012370681299190979	0.0	0.0022753128555176	0.0022753128555176
1_-_173865541_173865547	30min	3	0.00501069594352	0.0046788600595491	0.00518458461306457	0.0	0.0103532277710109	0.0103532277710109
1_-_173865541_173865547	3hr	3	0.0018379365398036001	0.0013368983957219	0.0013937775583567017	0.0007639419404125	0.0034129692832764	0.0026490273428638996
1_-_173865541_173865547	12hr	3	0.0022881965458867	0.0020491803278688	0.002416586077416417	0.0	0.0048154093097913	0.0048154093097913
1_-_173865541_173865547	24hr	3	0.0019690819906616665	0.0021953896816684	0.0010336360350357533	0.0008410428931875	0.0028708133971291	0.0020297705039415996
1_-_173865541_173865547	48hr	3	0.017582883947171335	0.0180790960451977	0.0032785561565137084	0.0140845070422535	0.0205850487540628	0.006500541711809299
1_-_173865541_173865547	72hr	3	0.005992669919023767	0.0070237050043898	0.0024530898826495406	0.0031923383878691	0.0077619663648124	0.0045696279769433
1_-_173865541_173865547	7day	3	0.006275074098453501	0.0060373216245883	0.0004912292439720445	0.0059479553903345	0.0068399452804377	0.0008919898901031996
17_-_16151589_16151616	Ctrl	3	0.2159090909090909	0.2727272727272727	0.19384911487763615	0.0	0.375	0.375
17_-_16151589_16151616	30min	2	0.4161490683229814	0.4161490683229814	0.21959837925048056	0.2608695652173913	0.5714285714285714	0.3105590062111801
17_-_16151589_16151616	3hr	3	0.18291666666666664	0.08	0.22181894831896878	0.03125	0.4375	0.40625
17_-_16151589_16151616	12hr	3	0.28417508417508414	0.2666666666666666	0.07231457917122584	0.2222222222222222	0.3636363636363636	0.14141414141414138
17_-_16151589_16151616	24hr	3	0.3407193958664547	0.2941176470588235	0.1810751171758186	0.1875	0.5405405405405406	0.35304054054054057
17_-_16151589_16151616	48hr	3	0.4813492063492064	0.4857142857142857	0.04183780048602811	0.4375	0.5208333333333334	0.08333333333333337
17_-_16151589_16151616	72hr	3	0.6157796451914098	0.5238095238095238	0.18031000385295679	0.5	0.8235294117647058	0.32352941176470584
17_-_16151589_16151616	7day	3	0.29955455610697546	0.359375	0.14985199389624843	0.1290322580645161	0.4102564102564102	0.2812241521918941
19_-_14152132_14152150	Ctrl	3	0.7839937071010797	0.8085106382978723	0.1224276350731627	0.6511627906976745	0.8923076923076924	0.2411449016100179
19_-_14152132_14152150	30min	3	0.6983135805615733	0.7619047619047619	0.16736367391625795	0.5084745762711864	0.8245614035087719	0.3160868272375855
19_-_14152132_14152150	3hr	3	0.7856209150326797	0.8235294117647058	0.2356315663017287	0.5333333333333333	1.0	0.4666666666666667
19_-_14152132_14152150	12hr	3	0.7348484848484849	0.7045454545454546	0.2513736367126827	0.5	1.0	0.5
19_-_14152132_14152150	24hr	3	0.5613819999065901	0.5409836065573771	0.04723145495630658	0.5277777777777778	0.6153846153846154	0.08760683760683763
19_-_14152132_14152150	48hr	3	0.9019607843137255	0.8823529411764706	0.089854425391291	0.8235294117647058	1.0	0.17647058823529416
19_-_14152132_14152150	72hr	3	0.40606060606060607	0.4	0.40912457773909505	0.0	0.8181818181818182	0.8181818181818182
19_-_14152132_14152150	7day	3	0.9047619047619048	1.0	0.1649572197684645	0.7142857142857143	1.0	0.2857142857142857
12_-_6330266_6330295	Ctrl	3	0.557422969187675	0.5294117647058824	0.4292574286720566	0.1428571428571428	1.0	0.8571428571428572
12_-_6330266_6330295	30min	3	0.5357420357420357	0.5	0.14666031171971022	0.4102564102564102	0.696969696969697	0.28671328671328683
12_-_6330266_6330295	3hr	3	0.6323541025033562	0.746268656716418	0.21099195393810377	0.3888888888888889	0.7619047619047619	0.37301587301587297
12_-_6330266_6330295	12hr	3	0.5641039934346015	0.5454545454545454	0.05985928375313262	0.5157894736842106	0.6310679611650486	0.11527848748083802
12_-_6330266_6330295	24hr	3	0.5810799872433378	0.5877862595419847	0.03351840324608796	0.5447154471544715	0.610738255033557	0.06602280787908554
12_-_6330266_6330295	48hr	3	0.5097289946865263	0.5189873417721519	0.0387843702192387	0.4671532846715328	0.543046357615894	0.07589307294436126
12_-_6330266_6330295	72hr	3	0.628706184178821	0.6203703703703703	0.06405143839352401	0.5692307692307692	0.6965174129353234	0.12728664370455423
12_-_6330266_6330295	7day	3	0.5664697811073482	0.5528455284552846	0.05835808715208761	0.5161290322580645	0.6304347826086957	0.11430575035063117
3_-_180986997_180987022	Ctrl	3	0.08940825497526524	0.06	0.07556649290794452	0.0329670329670329	0.1752577319587628	0.14229069899172989
3_-_180986997_180987022	30min	3	0.0144944661073693	0.010752688172043	0.006480949494625325	0.010752688172043	0.0219780219780219	0.0112253338059789
3_-_180986997_180987022	3hr	3	0.11029389713600234	0.1153846153846153	0.06345742526754766	0.0444444444444444	0.1710526315789473	0.1266081871345029
3_-_180986997_180987022	12hr	3	0.18213741343215462	0.2094594594594594	0.05296211157391385	0.12109375	0.2158590308370044	0.09476528083700439
3_-_180986997_180987022	24hr	3	0.15502831974585998	0.1602209944751381	0.020652397181256967	0.1322751322751322	0.1725888324873096	0.040313700212177395
3_-_180986997_180987022	48hr	3	0.08276426206287353	0.0656934306569343	0.04290663728824076	0.0510204081632653	0.131578947368421	0.08055853920515568
3_-_180986997_180987022	72hr	3	0.0581969787211002	0.067193675889328	0.027431140636576597	0.0273972602739726	0.08	0.0526027397260274
3_-_180986997_180987022	7day	3	0.03216592151018377	0.0245901639344262	0.014764318769108522	0.0227272727272727	0.0491803278688524	0.026453055141579702
2_+_241324215_241324241	Ctrl	3	0.9535330261136713	0.967741935483871	0.05496651515515226	0.8928571428571429	1.0	0.1071428571428571
2_+_241324215_241324241	30min	3	0.9284802043422733	0.896551724137931	0.06205635051471951	0.8888888888888888	1.0	0.11111111111111116
2_+_241324215_241324241	3hr	3	0.946360153256705	0.9224137931034484	0.046542262886039604	0.9166666666666666	1.0	0.08333333333333337
2_+_241324215_241324241	12hr	3	0.9892262863277356	0.9894179894179894	0.010870833021035342	0.9782608695652174	1.0	0.021739130434782594
2_+_241324215_241324241	24hr	3	0.9800986773912683	0.985239852398524	0.022908742969429664	0.9550561797752808	1.0	0.04494382022471921
2_+_241324215_241324241	48hr	3	0.9923747276688454	1.0	0.013207359099109039	0.977124183006536	1.0	0.02287581699346397
2_+_241324215_241324241	72hr	3	0.9925925925925926	1.0	0.012830005981991766	0.9777777777777776	1.0	0.022222222222222365
2_+_241324215_241324241	7day	3	0.9865122733975191	0.984126984126984	0.012467407278924866	0.9754098360655736	1.0	0.024590163934426368
22_+_30023456_30023483	Ctrl	3	0.4352770885028949	0.3653846153846153	0.2469857923495381	0.2307692307692307	0.7096774193548387	0.478908188585608
22_+_30023456_30023483	30min	3	0.4288778042844406	0.5172413793103449	0.17959349921073461	0.2222222222222222	0.5471698113207547	0.3249475890985325
22_+_30023456_30023483	3hr	3	0.40748538011695906	0.3157894736842105	0.22763395079272256	0.24	0.6666666666666666	0.42666666666666664
22_+_30023456_30023483	12hr	3	0.12280701754385964	0.0	0.21270799391196737	0.0	0.3684210526315789	0.3684210526315789
22_+_30023456_30023483	24hr	3	0.3078703703703704	0.3125	0.028065638085606793	0.2777777777777778	0.3333333333333333	0.055555555555555525
22_+_30023456_30023483	48hr	2	0.0	0.0	0.0	0.0	0.0	0.0
22_+_30023456_30023483	72hr	2	0.1515151515151515	0.1515151515151515	0.21427478217774162	0.0	0.303030303030303	0.303030303030303
22_+_30023456_30023483	7day	3	0.18718648473034438	0.16	0.0983755239166851	0.1052631578947368	0.2962962962962963	0.1910331384015595
1_-_58690225_58690249	Ctrl	3	0.4368131868131868	0.4642857142857143	0.42374536890039666	0.0	0.8461538461538461	0.8461538461538461
1_-_58690225_58690249	30min	3	0.39902319902319894	0.2666666666666666	0.2543932529245019	0.238095238095238	0.6923076923076923	0.45421245421245426
1_-_58690225_58690249	3hr	3	0.5143762183235867	0.4736842105263157	0.17715162298202194	0.3611111111111111	0.7083333333333334	0.34722222222222227
1_-_58690225_58690249	12hr	3	0.471286231884058	0.53125	0.16697619630923577	0.2826086956521739	0.6	0.3173913043478261
1_-_58690225_58690249	24hr	3	0.4195090439276486	0.4166666666666667	0.02107448614576674	0.4	0.4418604651162791	0.041860465116279055
1_-_58690225_58690249	48hr	3	0.49673202614379086	0.5294117647058824	0.18841222621437353	0.2941176470588235	0.6666666666666666	0.37254901960784315
1_-_58690225_58690249	72hr	3	0.5185185185185185	0.5555555555555556	0.5010277503136549	0.0	1.0	1.0
1_-_58690225_58690249	7day	3	0.3990818549642079	0.3214285714285714	0.18580008062605755	0.2647058823529412	0.6111111111111112	0.34640522875817
15_-_52348817_52348826	Ctrl	3	0.9509803921568628	1.0	0.08490445135141557	0.8529411764705882	1.0	0.1470588235294118
15_-_52348817_52348826	30min	3	0.9565217391304347	1.0	0.07530655685082077	0.8695652173913043	1.0	0.13043478260869568
15_-_52348817_52348826	3hr	2	0.6111111111111112	0.6111111111111112	0.5499719409228703	0.2222222222222222	1.0	0.7777777777777778
15_-_52348817_52348826	12hr	3	0.6628787878787878	0.625	0.31986836565978555	0.3636363636363636	1.0	0.6363636363636365
15_-_52348817_52348826	24hr	3	0.6868686868686869	0.7272727272727273	0.3351648489502436	0.3333333333333333	1.0	0.6666666666666667
15_-_52348817_52348826	48hr	3	0.3421717171717171	0.3333333333333333	0.02942217221649254	0.3181818181818182	0.375	0.05681818181818182
15_-_52348817_52348826	72hr	1	0.6190476190476191	0.6190476190476191		0.6190476190476191	0.6190476190476191	0.0
15_-_52348817_52348826	7day	3	0.7469820152746983	0.7560975609756098	0.07616777641978195	0.6666666666666666	0.8181818181818182	0.1515151515151516
8_-_124580550_124580562	Ctrl	0						
8_-_124580550_124580562	30min	0						
8_-_124580550_124580562	3hr	0						
8_-_124580550_124580562	12hr	0						
8_-_124580550_124580562	24hr	0						
8_-_124580550_124580562	48hr	3	0.1621212121212121	0.1363636363636363	0.07824697777985065	0.1	0.25	0.15
8_-_124580550_124580562	72hr	3	0.0350877192982456	0.0	0.060773712546276365	0.0	0.1052631578947368	0.1052631578947368
8_-_124580550_124580562	7day	3	0.17396521478273907	0.1739130434782608	0.03839810667783271	0.135593220338983	0.2123893805309734	0.0767961601919904
12_+_62566013_62566031	Ctrl	2	0.7708333333333333	0.7708333333333333	0.14731391274719743	0.6666666666666666	0.875	0.20833333333333337
12_+_62566013_62566031	30min	2	1.0	1.0	0.0	1.0	1.0	0.0
12_+_62566013_62566031	3hr	3	0.5242712842712843	0.4285714285714285	0.16951985927975946	0.4242424242424242	0.72	0.2957575757575758
12_+_62566013_62566031	12hr	3	0.4021164021164021	0.4285714285714285	0.06009426820952669	0.3333333333333333	0.4444444444444444	0.1111111111111111
12_+_62566013_62566031	24hr	3	0.2835249042145594	0.3333333333333333	0.26219328905633144	0.0	0.5172413793103449	0.5172413793103449
12_+_62566013_62566031	48hr	3	0.638558201058201	0.7142857142857143	0.2955622269562864	0.3125	0.8888888888888888	0.5763888888888888
12_+_62566013_62566031	72hr	3	0.0909090909090909	0.0	0.1574591643244434	0.0	0.2727272727272727	0.2727272727272727
12_+_62566013_62566031	7day	3	0.9365079365079366	0.9523809523809524	0.07273929674533083	0.8571428571428571	1.0	0.1428571428571429
15_-_78294945_78294973	Ctrl	2	1.0	1.0	0.0	1.0	1.0	0.0
15_-_78294945_78294973	30min	2	0.4230769230769231	0.4230769230769231	0.5983211225424633	0.0	0.8461538461538461	0.8461538461538461
15_-_78294945_78294973	3hr	3	1.0	1.0	0.0	1.0	1.0	0.0
15_-_78294945_78294973	12hr	3	0.976960237829803	0.9743589743589745	0.02185554210707187	0.9565217391304348	1.0	0.04347826086956519
15_-_78294945_78294973	24hr	3	0.9929078014184398	1.0	0.012284048280630289	0.9787234042553192	1.0	0.02127659574468077
15_-_78294945_78294973	48hr	3	1.0	1.0	0.0	1.0	1.0	0.0
15_-_78294945_78294973	72hr	3	1.0	1.0	0.0	1.0	1.0	0.0
15_-_78294945_78294973	7day	3	0.9833333333333334	1.0	0.028867513459481315	0.95	1.0	0.050000000000000044
19_+_2097928_2097955	Ctrl	2	0.6111111111111112	0.6111111111111112	0.5499719409228703	0.2222222222222222	1.0	0.7777777777777778
19_+_2097928_2097955	30min	3	0.7851851851851852	0.8	0.2225922844639514	0.5555555555555556	1.0	0.4444444444444444
19_+_2097928_2097955	3hr	2	0.2	0.2	0.28284271247461906	0.0	0.4	0.4
19_+_2097928_2097955	12hr	0						
19_+_2097928_2097955	24hr	2	0.7222222222222222	0.7222222222222222	0.3928371006591931	0.4444444444444444	1.0	0.5555555555555556
19_+_2097928_2097955	48hr	1	0.5	0.5		0.5	0.5	0.0
19_+_2097928_2097955	72hr	3	0.49597088967792297	0.4516129032258064	0.1304899379515143	0.3934426229508196	0.6428571428571429	0.2494145199063233
19_+_2097928_2097955	7day	3	0.6974940415389854	0.7415730337078652	0.09276395877314446	0.5909090909090909	0.76	0.16909090909090907
20_-_50945736_50945762	Ctrl	3	0.6152293776910448	0.6166666666666667	0.0033742981634860398	0.6113744075829384	0.6176470588235294	0.006272651240591065
20_-_50945736_50945762	30min	3	0.6253709668229697	0.6164383561643836	0.07111946531808042	0.5591397849462365	0.7005347593582888	0.1413949744120523
20_-_50945736_50945762	3hr	3	0.6757773353603346	0.6578073089700996	0.04125825014134938	0.646551724137931	0.722972972972973	0.07642124883504198
20_-_50945736_50945762	12hr	3	0.6599522317240175	0.6390977443609023	0.04507570406708892	0.629080118694362	0.7116788321167883	0.0825987134224263
20_-_50945736_50945762	24hr	3	0.6487581699346405	0.6274509803921569	0.044585895627879346	0.6188235294117647	0.7	0.0811764705882353
20_-_50945736_50945762	48hr	3	0.6506561186316481	0.6567164179104478	0.04021795332085696	0.6077519379844961	0.6875	0.07974806201550388
20_-_50945736_50945762	72hr	3	0.6480605207065785	0.649155722326454	0.011441190651453891	0.6361111111111111	0.6589147286821705	0.02280361757105942
20_-_50945736_50945762	7day	3	0.6473281738290884	0.6497326203208557	0.026738130472821982	0.6194690265486725	0.672782874617737	0.05331384806906447
12_-_42322417_42322446	Ctrl	3	0.4367955721679126	0.4875	0.1621819132510978	0.2553191489361702	0.5675675675675675	0.31224841863139735
12_-_42322417_42322446	30min	3	0.5419436530547641	0.5641025641025641	0.13715164464015303	0.3950617283950617	0.6666666666666666	0.2716049382716049
12_-_42322417_42322446	3hr	3	0.1949810606060606	0.203125	0.1161234694926526	0.075	0.3068181818181818	0.2318181818181818
12_-_42322417_42322446	12hr	3	0.0	0.0	0.0	0.0	0.0	0.0
12_-_42322417_42322446	24hr	3	0.008872532237818068	0.0108695652173913	0.008061713809195577	0.0	0.0157480314960629	0.0157480314960629
12_-_42322417_42322446	48hr	3	0.01587301587301587	0.0	0.02749286996141074	0.0	0.0476190476190476	0.0476190476190476
12_-_42322417_42322446	72hr	3	0.0	0.0	0.0	0.0	0.0	0.0
12_-_42322417_42322446	7day	3	0.0018939393939393665	0.0	0.0032803992567591897	0.0	0.0056818181818181	0.0056818181818181
17_-_75146665_75146684	Ctrl	3	1.0	1.0	0.0	1.0	1.0	0.0
17_-_75146665_75146684	30min	3	1.0	1.0	0.0	1.0	1.0	0.0
17_-_75146665_75146684	3hr	3	1.0	1.0	0.0	1.0	1.0	0.0
17_-_75146665_75146684	12hr	3	1.0	1.0	0.0	1.0	1.0	0.0
17_-_75146665_75146684	24hr	3	1.0	1.0	0.0	1.0	1.0	0.0
17_-_75146665_75146684	48hr	3	1.0	1.0	0.0	1.0	1.0	0.0
17_-_75146665_75146684	72hr	3	1.0	1.0	0.0	1.0	1.0	0.0
17_-_75146665_75146684	7day	3	1.0	1.0	0.0	1.0	1.0	0.0
1_+_222648828_222648850	Ctrl	3	0.9866666666666667	1.0	0.023094010767585053	0.96	1.0	0.040000000000000036
1_+_222648828_222648850	30min	3	0.9584680025856497	0.9852941176470588	0.059654751695745765	0.8901098901098901	1.0	0.10989010989010994
1_+_222648828_222648850	3hr	3	1.0	1.0	0.0	1.0	1.0	0.0
1_+_222648828_222648850	12hr	3	1.0	1.0	0.0	1.0	1.0	0.0
1_+_222648828_222648850	24hr	3	1.0	1.0	0.0	1.0	1.0	0.0
1_+_222648828_222648850	48hr	3	1.0	1.0	0.0	1.0	1.0	0.0
1_+_222648828_222648850	72hr	3	1.0	1.0	0.0	1.0	1.0	0.0
1_+_222648828_222648850	7day	3	1.0	1.0	0.0	1.0	1.0	0.0
20_+_32367726_32367729	Ctrl	3	0.9577352472089314	0.986842105263158	0.06215876989183132	0.8863636363636364	1.0	0.11363636363636365
20_+_32367726_32367729	30min	3	0.9679070170873448	0.9672131147540984	0.03175171896065034	0.9365079365079364	1.0	0.0634920634920636
20_+_32367726_32367729	3hr	3	0.9312896405919662	0.9302325581395348	0.06818796373306613	0.8636363636363636	1.0	0.13636363636363635
20_+_32367726_32367729	12hr	3	0.9494580122763484	0.9516129032258064	0.0253723678831796	0.9230769230769232	0.9736842105263158	0.05060728744939258
20_+_32367726_32367729	24hr	3	0.8919753086419754	0.8970588235294118	0.036756972208993224	0.8529411764705882	0.925925925925926	0.07298474945533784
20_+_32367726_32367729	48hr	3	0.9271807140228193	0.9210526315789472	0.013178751701642727	0.9181818181818182	0.9423076923076924	0.02412587412587419
20_+_32367726_32367729	72hr	3	0.946685606060606	0.921875	0.046208531126072386	0.9181818181818182	1.0	0.08181818181818179
20_+_32367726_32367729	7day	3	0.9275898692810459	0.9270833333333334	0.04549231114434483	0.8823529411764706	0.9733333333333334	0.09098039215686282
17_-_10729030_10729060	Ctrl	1	1.0	1.0		1.0	1.0	0.0
17_-_10729030_10729060	30min	3	0.7450980392156863	1.0	0.4415031470273609	0.2352941176470588	1.0	0.7647058823529412
17_-_10729030_10729060	3hr	2	1.0	1.0	0.0	1.0	1.0	0.0
17_-_10729030_10729060	12hr	3	0.8333333333333334	1.0	0.28867513459481287	0.5	1.0	0.5
17_-_10729030_10729060	24hr	2	1.0	1.0	0.0	1.0	1.0	0.0
17_-_10729030_10729060	48hr	1	1.0	1.0		1.0	1.0	0.0
17_-_10729030_10729060	72hr	0						
17_-_10729030_10729060	7day	2	0.7752525252525253	0.7752525252525253	0.003571246369629051	0.7727272727272727	0.7777777777777778	0.005050505050505083
10_-_71823887_71823896	Ctrl	3	0.19583550931319374	0.2191780821917808	0.09542104809326986	0.0909090909090909	0.2774193548387096	0.18651026392961872
10_-_71823887_71823896	30min	3	0.14561327561327556	0.1287878787878787	0.06477701303810897	0.0909090909090909	0.2171428571428571	0.1262337662337662
10_-_71823887_71823896	3hr	3	0.12564756278066277	0.0625	0.109794640306962	0.0620155038759689	0.2524271844660194	0.1904116805900505
10_-_71823887_71823896	12hr	3	0.06156117994516804	0.0633802816901408	0.013127453207478152	0.0476190476190476	0.0736842105263157	0.026065162907268097
10_-_71823887_71823896	24hr	3	0.05656952753806987	0.0526315789473684	0.02862192227451843	0.0301204819277108	0.0869565217391304	0.0568360398114196
10_-_71823887_71823896	48hr	3	0.004926108374384233	0.0	0.00853226998802402	0.0	0.0147783251231527	0.0147783251231527
10_-_71823887_71823896	72hr	3	0.006756756756756733	0.0	0.011703045997086967	0.0	0.0202702702702702	0.0202702702702702
10_-_71823887_71823896	7day	3	0.0192350122053225	0.0212014134275618	0.00801807622566755	0.0104166666666666	0.0260869565217391	0.015670289855072503
17_-_7676381_7676403	Ctrl	3	0.5188120337374068	0.5064935064935064	0.1024513206137568	0.4230769230769231	0.6268656716417911	0.203788748564868
17_-_7676381_7676403	30min	3	0.4038054538054537	0.3653846153846153	0.07379955852799348	0.3571428571428571	0.4888888888888889	0.13174603174603178
17_-_7676381_7676403	3hr	3	0.5152032839702421	0.4859813084112149	0.05245216940064795	0.4838709677419355	0.5757575757575758	0.0918866080156403
17_-_7676381_7676403	12hr	3	0.5111669993604228	0.5337331334332833	0.04129295077172714	0.4635083226632522	0.5362595419847328	0.0727512193214806
17_-_7676381_7676403	24hr	3	0.5514118646788981	0.5326797385620915	0.0381652017696784	0.5262321144674086	0.5953237410071942	0.06909162653978562
17_-_7676381_7676403	48hr	3	0.48394694769608276	0.488272921108742	0.013760717814519105	0.4685430463576159	0.4950248756218905	0.026481829264274614
17_-_7676381_7676403	72hr	3	0.5026035963416643	0.5257731958762887	0.06615184383279477	0.4279835390946502	0.5540540540540541	0.12607051495940386
17_-_7676381_7676403	7day	3	0.5161747009273023	0.5294117647058824	0.05058347251134341	0.4602888086642599	0.5588235294117647	0.0985347207475048
6_+_31587943_31587966	Ctrl	3	0.6639249639249639	0.7272727272727273	0.2525670136567699	0.3857142857142857	0.8787878787878788	0.4930735930735931
6_+_31587943_31587966	30min	3	0.47413775331395475	0.4864864864864865	0.1639646916015943	0.3043478260869565	0.631578947368421	0.32723112128146453
6_+_31587943_31587966	3hr	3	0.5476190476190476	0.5714285714285714	0.041239304942116105	0.5	0.5714285714285714	0.0714285714285714
6_+_31587943_31587966	12hr	1	0.6	0.6		0.6	0.6	0.0
6_+_31587943_31587966	24hr	3	0.5324074074074073	0.4444444444444444	0.21531511026358308	0.375	0.7777777777777778	0.4027777777777778
6_+_31587943_31587966	48hr	3	0.504644142575177	0.4545454545454545	0.09225637370598846	0.4482758620689655	0.6111111111111112	0.16283524904214564
6_+_31587943_31587966	72hr	3	0.16780269482238921	0.1503267973856209	0.05464720572995007	0.1240310077519379	0.2290502793296089	0.10501927157767099
6_+_31587943_31587966	7day	3	0.21047948957084273	0.209090909090909	0.013598597217307067	0.1976284584980237	0.2247191011235955	0.027090642625571787
6_+_169766637_169766667	Ctrl	3	0.9871794871794872	1.0	0.02220577958421636	0.9615384615384616	1.0	0.038461538461538436
6_+_169766637_169766667	30min	3	0.9488432714239167	0.967741935483871	0.06277709940435088	0.8787878787878788	1.0	0.12121212121212122
6_+_169766637_169766667	3hr	3	0.6761904761904761	0.6	0.2932343679683934	0.4285714285714285	1.0	0.5714285714285715
6_+_169766637_169766667	12hr	3	1.0	1.0	0.0	1.0	1.0	0.0
6_+_169766637_169766667	24hr	3	0.9722222222222222	1.0	0.048112522432468836	0.9166666666666666	1.0	0.08333333333333337
6_+_169766637_169766667	48hr	3	1.0	1.0	0.0	1.0	1.0	0.0
6_+_169766637_169766667	72hr	3	1.0	1.0	0.0	1.0	1.0	0.0
6_+_169766637_169766667	7day	3	1.0	1.0	0.0	1.0	1.0	0.0
11_+_64354003_64354028	Ctrl	3	0.06986598127251316	0.0750670241286863	0.036226656645639135	0.0313199105145413	0.1032110091743119	0.07189109865977061
11_+_64354003_64354028	30min	3	0.07689817466378453	0.0830564784053156	0.03204952258173594	0.0422163588390501	0.1054216867469879	0.0632053279079378
11_+_64354003_64354028	3hr	3	0.08611377160311594	0.0863309352517985	0.06084824771644922	0.0251572327044025	0.1468531468531468	0.1216959141487443
11_+_64354003_64354028	12hr	3	0.07829862207309977	0.0892018779342723	0.0192206832735503	0.0561056105610561	0.0895883777239709	0.033482767162914796
11_+_64354003_64354028	24hr	3	0.1108936420093029	0.1163895486935867	0.011062437480641606	0.0981595092024539	0.1181318681318681	0.019972358929414194
11_+_64354003_64354028	48hr	3	0.10156786881236383	0.1242937853107344	0.06319693195715025	0.0301507537688442	0.1502590673575129	0.1201083135886687
11_+_64354003_64354028	72hr	3	0.03680045816541927	0.0362694300518134	0.01762752774401659	0.0194444444444444	0.0546875	0.0352430555555556
11_+_64354003_64354028	7day	3	0.06492541275149967	0.0476190476190476	0.05049199959294439	0.0253623188405797	0.1217948717948717	0.096432552954292
12_+_105348601_105348626	Ctrl	1	1.0	1.0		1.0	1.0	0.0
12_+_105348601_105348626	30min	3	1.0	1.0	0.0	1.0	1.0	0.0
12_+_105348601_105348626	3hr	3	1.0	1.0	0.0	1.0	1.0	0.0
12_+_105348601_105348626	12hr	1	1.0	1.0		1.0	1.0	0.0
12_+_105348601_105348626	24hr	2	1.0	1.0	0.0	1.0	1.0	0.0
12_+_105348601_105348626	48hr	3	1.0	1.0	0.0	1.0	1.0	0.0
12_+_105348601_105348626	72hr	3	1.0	1.0	0.0	1.0	1.0	0.0
12_+_105348601_105348626	7day	3	1.0	1.0	0.0	1.0	1.0	0.0
17_-_1515568_1515585	Ctrl	3	0.03993055555555553	0.0260416666666666	0.048393610641549845	0.0	0.09375	0.09375
17_-_1515568_1515585	30min	3	0.07700729037134567	0.0663265306122449	0.057292830064878356	0.0258064516129032	0.1388888888888889	0.11308243727598569
17_-_1515568_1515585	3hr	3	0.06929130477680166	0.0764331210191082	0.01655912982154807	0.0503597122302158	0.081081081081081	0.030721368850865204
17_-_1515568_1515585	12hr	3	0.0354609929078014	0.0	0.061420241403151644	0.0	0.1063829787234042	0.1063829787234042
17_-_1515568_1515585	24hr	3	0.09214865550481988	0.0958904109589041	0.06535815803718432	0.025	0.1555555555555555	0.1305555555555555
17_-_1515568_1515585	48hr	3	0.010928961748633866	0.0	0.01892951702261066	0.0	0.0327868852459016	0.0327868852459016
17_-_1515568_1515585	72hr	3	0.13243546576879905	0.1851851851851851	0.11548052576873581	0.0	0.2121212121212121	0.2121212121212121
17_-_1515568_1515585	7day	3	0.09817754262198704	0.0476190476190476	0.13099122142460135	0.0	0.2469135802469135	0.2469135802469135
9_+_128609650_128609665	Ctrl	3	0.466284348864994	0.4677419354838709	0.05445907591878369	0.4111111111111111	0.52	0.10888888888888892
9_+_128609650_128609665	30min	3	0.4506653086274663	0.4328358208955223	0.07535226877298441	0.3858267716535433	0.5333333333333333	0.14750656167979004
9_+_128609650_128609665	3hr	3	0.19318585380290024	0.1935483870967742	0.01800732438338783	0.175	0.2110091743119266	0.0360091743119266
9_+_128609650_128609665	12hr	3	0.08215088402756963	0.1125	0.052718753583708075	0.0212765957446808	0.1126760563380281	0.0913994605933473
9_+_128609650_128609665	24hr	3	0.04771687467267457	0.0632911392405063	0.028974721137076546	0.0142857142857142	0.0655737704918032	0.051288056206089
9_+_128609650_128609665	48hr	3	0.1022263450834879	0.1	0.04215913932217939	0.0612244897959183	0.1454545454545454	0.0842300556586271
9_+_128609650_128609665	72hr	3	0.07181032750653003	0.0761904761904762	0.06972351775095048	0.0	0.1392405063291139	0.1392405063291139
9_+_128609650_128609665	7day	3	0.29294738389182834	0.248	0.07879389215647992	0.2469135802469135	0.3839285714285714	0.13701499118165789
22_+_17097061_17097086	Ctrl	3	1.0	1.0	0.0	1.0	1.0	0.0
22_+_17097061_17097086	30min	3	1.0	1.0	0.0	1.0	1.0	0.0
22_+_17097061_17097086	3hr	3	1.0	1.0	0.0	1.0	1.0	0.0
22_+_17097061_17097086	12hr	3	1.0	1.0	0.0	1.0	1.0	0.0
22_+_17097061_17097086	24hr	3	1.0	1.0	0.0	1.0	1.0	0.0
22_+_17097061_17097086	48hr	3	1.0	1.0	0.0	1.0	1.0	0.0
22_+_17097061_17097086	72hr	3	1.0	1.0	0.0	1.0	1.0	0.0
22_+_17097061_17097086	7day	3	0.9777777777777777	1.0	0.03849001794597511	0.9333333333333332	1.0	0.06666666666666676
16_-_67236410_67236434	Ctrl	2	0.6451612903225806	0.6451612903225806	0.5018177156807757	0.2903225806451613	1.0	0.7096774193548387
16_-_67236410_67236434	30min	1	0.0	0.0		0.0	0.0	0.0
16_-_67236410_67236434	3hr	1	0.0	0.0		0.0	0.0	0.0
16_-_67236410_67236434	12hr	3	0.0817094017094017	0.04	0.1087389110576197	0.0	0.2051282051282051	0.2051282051282051
16_-_67236410_67236434	24hr	3	0.13733503618561083	0.1379310344827586	0.04815091463901464	0.0888888888888888	0.1851851851851851	0.0962962962962963
16_-_67236410_67236434	48hr	3	0.0971993867756843	0.0927835051546391	0.021623192996293047	0.078125	0.1206896551724138	0.0425646551724138
16_-_67236410_67236434	72hr	3	0.09167363363521097	0.072463768115942	0.09499470733550824	0.0077519379844961	0.1948051948051948	0.18705325682069868
16_-_67236410_67236434	7day	3	0.14445970695970692	0.1785714285714285	0.07131070332740257	0.0625	0.1923076923076923	0.1298076923076923
11_-_47635544_47635571	Ctrl	3	1.0	1.0	0.0	1.0	1.0	0.0
11_-_47635544_47635571	30min	3	1.0	1.0	0.0	1.0	1.0	0.0
11_-_47635544_47635571	3hr	3	1.0	1.0	0.0	1.0	1.0	0.0
11_-_47635544_47635571	12hr	3	0.9595036807224693	0.9577464788732394	0.0065856220135760875	0.9539748953974896	0.966789667896679	0.012814772499189386
11_-_47635544_47635571	24hr	3	0.9537181915984698	0.9607250755287008	0.012585122165348038	0.9391891891891893	0.9612403100775194	0.022051120888330167
11_-_47635544_47635571	48hr	3	0.9363441036161735	0.9320388349514565	0.017549071964517434	0.9213483146067416	0.9556451612903226	0.03429684668358102
11_-_47635544_47635571	72hr	3	0.94678531345198	0.9454545454545454	0.018194305484642938	0.9292929292929292	0.9656084656084656	0.03631553631553641
11_-_47635544_47635571	7day	3	0.9668116511502637	0.96742671009772	0.01666937397351436	0.9498432601880876	0.9831649831649832	0.03332172297689562
19_-_3017839_3017859	Ctrl	3	0.8690476190476191	1.0	0.2268161771816387	0.6071428571428571	1.0	0.3928571428571429
19_-_3017839_3017859	30min	3	1.0	1.0	0.0	1.0	1.0	0.0
19_-_3017839_3017859	3hr	2	0.8	0.8	0.28284271247461906	0.6	1.0	0.4
19_-_3017839_3017859	12hr	1	1.0	1.0		1.0	1.0	0.0
19_-_3017839_3017859	24hr	2	1.0	1.0	0.0	1.0	1.0	0.0
19_-_3017839_3017859	48hr	0						
19_-_3017839_3017859	72hr	1	1.0	1.0		1.0	1.0	0.0
19_-_3017839_3017859	7day	0						
1_-_32634767_32634792	Ctrl	3	0.3947368421052631	0.5	0.3540427380808871	0.0	0.6842105263157895	0.6842105263157895
1_-_32634767_32634792	30min	0						
1_-_32634767_32634792	3hr	3	0.3841269841269841	0.3333333333333333	0.13139175927984048	0.2857142857142857	0.5333333333333333	0.24761904761904763
1_-_32634767_32634792	12hr	3	0.4062238930659983	0.4210526315789473	0.06672368495285944	0.3333333333333333	0.4642857142857143	0.130952380952381
1_-_32634767_32634792	24hr	3	0.30778050778050775	0.4242424242424242	0.20885086148024642	0.0666666666666666	0.4324324324324324	0.3657657657657658
1_-_32634767_32634792	48hr	3	0.5327486942070275	0.5185185185185185	0.027191763098849034	0.515625	0.5641025641025641	0.0484775641025641
1_-_32634767_32634792	72hr	3	0.3689391006464177	0.4285714285714285	0.10832337732384484	0.2439024390243902	0.4343434343434343	0.1904409953190441
1_-_32634767_32634792	7day	3	0.6655710795541304	0.6271186440677966	0.09615336666490241	0.5945945945945946	0.775	0.1804054054054054
19_+_10808568_10808580	Ctrl	3	0.9733333333333333	1.0	0.046188021535170036	0.92	1.0	0.07999999999999996
19_+_10808568_10808580	30min	3	0.9973753280839895	1.0	0.004546065111729392	0.9921259842519684	1.0	0.007874015748031593
19_+_10808568_10808580	3hr	3	0.9667755991285403	0.9558823529411764	0.029336019628529938	0.9444444444444444	1.0	0.05555555555555558
19_+_10808568_10808580	12hr	3	0.8989248826545447	0.8936170212765957	0.023249876176554704	0.8787878787878788	0.9243697478991596	0.045581869111280815
19_+_10808568_10808580	24hr	3	0.8831842507192668	0.8493150684931506	0.05953167141813915	0.848314606741573	0.9519230769230768	0.10360847018150376
19_+_10808568_10808580	48hr	3	0.8401415124959429	0.888	0.1511209066667809	0.6708860759493671	0.9615384615384616	0.29065238558909445
19_+_10808568_10808580	72hr	3	0.8138359883419172	0.8016528925619835	0.11389554724967235	0.7065217391304348	0.9333333333333332	0.22681159420289843
19_+_10808568_10808580	7day	3	0.8921399597489937	0.88125	0.019430208517922192	0.8805970149253731	0.914572864321608	0.03397584939623488
12_-_6549475_6549484	Ctrl	2	0.5	0.5	0.7071067811865476	0.0	1.0	1.0
12_-_6549475_6549484	30min	1	1.0	1.0		1.0	1.0	0.0
12_-_6549475_6549484	3hr	2	1.0	1.0	0.0	1.0	1.0	0.0
12_-_6549475_6549484	12hr	2	0.8605769230769231	0.8605769230769231	0.020397310995765798	0.8461538461538461	0.875	0.028846153846153855
12_-_6549475_6549484	24hr	3	0.6416666666666667	0.8	0.3412599204907212	0.25	0.875	0.625
12_-_6549475_6549484	48hr	1	0.6	0.6		0.6	0.6	0.0
12_-_6549475_6549484	72hr	3	0.8148148148148149	1.0	0.3207501495497921	0.4444444444444444	1.0	0.5555555555555556
12_-_6549475_6549484	7day	3	0.6489820565907521	0.8695652173913043	0.41820379359132953	0.1666666666666666	0.9107142857142856	0.744047619047619
16_-_28905866_28905878	Ctrl	3	0.9833333333333334	1.0	0.028867513459481315	0.95	1.0	0.050000000000000044
16_-_28905866_28905878	30min	3	1.0	1.0	0.0	1.0	1.0	0.0
16_-_28905866_28905878	3hr	3	0.8603896103896104	0.7954545454545454	0.12100418930898849	0.7857142857142857	1.0	0.2142857142857143
16_-_28905866_28905878	12hr	3	0.9861111111111112	1.0	0.024056261216234387	0.9583333333333334	1.0	0.04166666666666663
16_-_28905866_28905878	24hr	3	1.0	1.0	0.0	1.0	1.0	0.0
16_-_28905866_28905878	48hr	3	1.0	1.0	0.0	1.0	1.0	0.0
16_-_28905866_28905878	72hr	3	0.956140350877193	1.0	0.07596714068284548	0.868421052631579	1.0	0.13157894736842102
16_-_28905866_28905878	7day	3	0.9940476190476191	1.0	0.010309826235528995	0.9821428571428572	1.0	0.017857142857142794
13_-_21425651_21425678	Ctrl	3	1.0	1.0	0.0	1.0	1.0	0.0
13_-_21425651_21425678	30min	3	1.0	1.0	0.0	1.0	1.0	0.0
13_-_21425651_21425678	3hr	3	0.9824561403508772	1.0	0.030386856273138165	0.9473684210526316	1.0	0.05263157894736836
13_-_21425651_21425678	12hr	3	0.9957805907172995	1.0	0.0073082312555648584	0.9873417721518988	1.0	0.012658227848101222
13_-_21425651_21425678	24hr	3	0.9909090909090909	1.0	0.01574591643244431	0.9727272727272728	1.0	0.027272727272727226
13_-_21425651_21425678	48hr	3	0.9592592592592591	0.9777777777777776	0.052509062513917834	0.9	1.0	0.09999999999999998
13_-_21425651_21425678	72hr	3	1.0	1.0	0.0	1.0	1.0	0.0
13_-_21425651_21425678	7day	3	0.9698989898989899	0.9696969696969696	0.030000510147687818	0.94	1.0	0.06000000000000005
14_+_55137369_55137391	Ctrl	1	1.0	1.0		1.0	1.0	0.0
14_+_55137369_55137391	30min	0						
14_+_55137369_55137391	3hr	0						
14_+_55137369_55137391	12hr	1	1.0	1.0		1.0	1.0	0.0
14_+_55137369_55137391	24hr	3	1.0	1.0	0.0	1.0	1.0	0.0
14_+_55137369_55137391	48hr	0						
14_+_55137369_55137391	72hr	0						
14_+_55137369_55137391	7day	3	1.0	1.0	0.0	1.0	1.0	0.0
11_+_112230207_112230230	Ctrl	3	0.6334659593280283	0.5538461538461539	0.23368054187580178	0.45	0.896551724137931	0.44655172413793104
11_+_112230207_112230230	30min	3	0.5125787046132831	0.5365853658536586	0.049460892319071956	0.4556962025316455	0.5454545454545454	0.08975834292289991
11_+_112230207_112230230	3hr	3	0.47894855668440567	0.5128205128205128	0.08959239188120365	0.3773584905660377	0.5466666666666666	0.16930817610062893
11_+_112230207_112230230	12hr	3	0.49648908439231015	0.575	0.1366414996580842	0.3387096774193548	0.5757575757575758	0.23704789833822099
11_+_112230207_112230230	24hr	3	0.5544420085603926	0.532258064516129	0.06829200642102949	0.5	0.6310679611650486	0.1310679611650486
11_+_112230207_112230230	48hr	3	0.6288463598974688	0.6235294117647059	0.10084078641139568	0.5307692307692308	0.73224043715847	0.2014712063892392
11_+_112230207_112230230	72hr	3	0.539133439995509	0.521551724137931	0.04221857965487759	0.5085470085470085	0.5873015873015873	0.07875457875457881
11_+_112230207_112230230	7day	3	0.4943170360593228	0.5172413793103449	0.04778070887334571	0.4393939393939394	0.5263157894736842	0.08692185007974479
17_-_8589080_8589108	Ctrl	0						
17_-_8589080_8589108	30min	0						
17_-_8589080_8589108	3hr	0						
17_-_8589080_8589108	12hr	0						
17_-_8589080_8589108	24hr	0						
17_-_8589080_8589108	48hr	0						
17_-_8589080_8589108	72hr	1	1.0	1.0		1.0	1.0	0.0
17_-_8589080_8589108	7day	3	1.0	1.0	0.0	1.0	1.0	0.0
19_+_18122106_18122127	Ctrl	3	0.2857142857142857	0.0	0.49487165930539345	0.0	0.8571428571428571	0.8571428571428571
19_+_18122106_18122127	30min	3	0.7705627705627706	0.9545454545454546	0.3587527665882403	0.3571428571428571	1.0	0.6428571428571429
19_+_18122106_18122127	3hr	0						
19_+_18122106_18122127	12hr	3	0.8666666666666667	1.0	0.23094010767585033	0.6	1.0	0.4
19_+_18122106_18122127	24hr	3	0.8518518518518517	1.0	0.25660011963983365	0.5555555555555556	1.0	0.4444444444444444
19_+_18122106_18122127	48hr	3	0.7057109557109557	0.7307692307692307	0.06082140780018244	0.6363636363636364	0.75	0.11363636363636365
19_+_18122106_18122127	72hr	3	1.0	1.0	0.0	1.0	1.0	0.0
19_+_18122106_18122127	7day	3	0.8166666666666668	0.95	0.2753785273643051	0.5	1.0	0.5
10_-_31839304_31839319	Ctrl	3	0.9824561403508772	1.0	0.030386856273138165	0.9473684210526316	1.0	0.05263157894736836
10_-_31839304_31839319	30min	3	0.8928571428571429	1.0	0.18557687223952254	0.6785714285714286	1.0	0.3214285714285714
10_-_31839304_31839319	3hr	1	1.0	1.0		1.0	1.0	0.0
10_-_31839304_31839319	12hr	3	0.7222222222222222	0.6666666666666666	0.2545875386086578	0.5	1.0	0.5
10_-_31839304_31839319	24hr	2	0.0	0.0	0.0	0.0	0.0	0.0
10_-_31839304_31839319	48hr	0						
10_-_31839304_31839319	72hr	0						
10_-_31839304_31839319	7day	1	1.0	1.0		1.0	1.0	0.0
19_+_53563762_53563792	Ctrl	3	0.11946267432321574	0.125	0.07910365285989793	0.0377358490566037	0.1956521739130435	0.15791632485643978
19_+_53563762_53563792	30min	3	0.05645065153944173	0.0444444444444444	0.02115951264748612	0.0440251572327044	0.0808823529411764	0.036857195708472006
19_+_53563762_53563792	3hr	3	0.22216914877597815	0.203883495145631	0.033532446242854924	0.2017543859649122	0.2608695652173913	0.05911517925247911
19_+_53563762_53563792	12hr	2	0.12499999999999994	0.12499999999999994	0.025253813613805257	0.1071428571428571	0.1428571428571428	0.0357142857142857
19_+_53563762_53563792	24hr	3	0.06388888888888887	0.0666666666666666	0.06254627916220945	0.0	0.125	0.125
19_+_53563762_53563792	48hr	3	0.13472222222222222	0.1333333333333333	0.052097220370864054	0.0833333333333333	0.1875	0.1041666666666667
19_+_53563762_53563792	72hr	3	0.072463768115942	0.0	0.12551092808470118	0.0	0.217391304347826	0.217391304347826
19_+_53563762_53563792	7day	3	0.28613053613053613	0.25	0.15357108807022268	0.1538461538461538	0.4545454545454545	0.3006993006993007
16_+_57062158_57062173	Ctrl	3	0.2836302552063663	0.2929936305732484	0.031395068642548526	0.2486187845303867	0.3092783505154639	0.060659565985077185
16_+_57062158_57062173	30min	3	0.16623277476122453	0.1419753086419753	0.05000915534477584	0.1329787234042553	0.2237442922374429	0.09076556883318762
16_+_57062158_57062173	3hr	3	0.0296296296296296	0.0	0.05132002392796668	0.0	0.0888888888888888	0.0888888888888888
16_+_57062158_57062173	12hr	3	0.1905913178775295	0.1929824561403508	0.03850807150382264	0.1509433962264151	0.2278481012658227	0.0769047050394076
16_+_57062158_57062173	24hr	3	0.10960626674912387	0.1	0.039536992772214154	0.0757575757575757	0.1530612244897959	0.07730364873222019
16_+_57062158_57062173	48hr	3	0.038430904022301864	0.0185185185185185	0.051368165789461795	0.0	0.0967741935483871	0.0967741935483871
16_+_57062158_57062173	72hr	3	0.10373667010663912	0.0625	0.08012238818698382	0.0526315789473684	0.196078431372549	0.1434468524251806
16_+_57062158_57062173	7day	3	0.06657393421685166	0.0606060606060606	0.02531495308892724	0.044776119402985	0.0943396226415094	0.049563503238524396
20_-_63943652_63943669	Ctrl	3	1.0	1.0	0.0	1.0	1.0	0.0
20_-_63943652_63943669	30min	3	1.0	1.0	0.0	1.0	1.0	0.0
20_-_63943652_63943669	3hr	3	1.0	1.0	0.0	1.0	1.0	0.0
20_-_63943652_63943669	12hr	3	0.9364279792533111	0.953846153846154	0.05600229866267826	0.8737864077669902	0.981651376146789	0.10786496837979875
20_-_63943652_63943669	24hr	3	0.996031746031746	1.0	0.006873217490352727	0.988095238095238	1.0	0.011904761904761973
20_-_63943652_63943669	48hr	3	0.9812696650620746	0.9859154929577464	0.010371219426295474	0.9693877551020408	0.9885057471264368	0.019117992024396013
20_-_63943652_63943669	72hr	3	0.938195514466701	0.9661016949152542	0.07951903209348843	0.8484848484848485	1.0	0.1515151515151515
20_-_63943652_63943669	7day	3	0.9862021857923496	0.9836065573770492	0.012700510428826748	0.975	1.0	0.025000000000000022
6_-_34247466_34247492	Ctrl	2	1.0	1.0	0.0	1.0	1.0	0.0
6_-_34247466_34247492	30min	3	0.8039215686274509	0.7647058823529411	0.17970885078258195	0.6470588235294118	1.0	0.3529411764705882
6_-_34247466_34247492	3hr	3	1.0	1.0	0.0	1.0	1.0	0.0
6_-_34247466_34247492	12hr	3	0.9744318181818182	0.96875	0.02325384310191035	0.9545454545454546	1.0	0.045454545454545414
6_-_34247466_34247492	24hr	3	0.9503424112119765	0.9565217391304348	0.024761028749291484	0.9230769230769232	0.9714285714285714	0.04835164835164818
6_-_34247466_34247492	48hr	3	0.9500891265597148	0.9411764705882352	0.0461052305040198	0.9090909090909092	1.0	0.09090909090909083
6_-_34247466_34247492	72hr	3	0.94597142436294	0.9863013698630136	0.08200342066217517	0.8516129032258064	1.0	0.1483870967741936
6_-_34247466_34247492	7day	3	0.9467905974270896	0.9591836734693876	0.06036768198471389	0.8811881188118812	1.0	0.1188118811881188
14_+_39279336_39279358	Ctrl	3	1.0	1.0	0.0	1.0	1.0	0.0
14_+_39279336_39279358	30min	3	1.0	1.0	0.0	1.0	1.0	0.0
14_+_39279336_39279358	3hr	3	1.0	1.0	0.0	1.0	1.0	0.0
14_+_39279336_39279358	12hr	3	0.990990990990991	1.0	0.015604061329449314	0.972972972972973	1.0	0.027027027027026973
14_+_39279336_39279358	24hr	3	1.0	1.0	0.0	1.0	1.0	0.0
14_+_39279336_39279358	48hr	3	1.0	1.0	0.0	1.0	1.0	0.0
14_+_39279336_39279358	72hr	2	1.0	1.0	0.0	1.0	1.0	0.0
14_+_39279336_39279358	7day	3	1.0	1.0	0.0	1.0	1.0	0.0
3_+_184180644_184180650	Ctrl	3	0.20879508939301492	0.2181208053691275	0.0772826637047588	0.1272727272727272	0.2809917355371901	0.1537190082644629
3_+_184180644_184180650	30min	3	0.188893992898265	0.2237960339943343	0.09174369842733977	0.0848214285714285	0.2580645161290322	0.1732430875576037
3_+_184180644_184180650	3hr	3	0.12963726868800743	0.1357466063348416	0.041612268672908584	0.0853080568720379	0.1678571428571428	0.0825490859851049
3_+_184180644_184180650	12hr	3	0.19536156779945713	0.2067039106145251	0.025794760109753935	0.1658391261171797	0.2135416666666666	0.04770254054948689
3_+_184180644_184180650	24hr	3	0.18683200993449756	0.1811668372569089	0.010332295725267619	0.1805714285714285	0.1987577639751552	0.018186335403726717
3_+_184180644_184180650	48hr	3	0.19004457249349502	0.1910946196660482	0.03947643369057832	0.15005359056806	0.2289855072463768	0.07893191667831681
3_+_184180644_184180650	72hr	3	0.1935340686006449	0.2022673031026253	0.03943652444023808	0.1504629629629629	0.2278719397363465	0.0774089767733836
3_+_184180644_184180650	7day	3	0.22280723478543787	0.2376033057851239	0.042355900900356916	0.1750380517503805	0.2557803468208092	0.08074229507042868
14_+_52004239_52004242	Ctrl	3	0.03009078668307877	0.0053050397877984	0.04759843815683571	0.0	0.0849673202614379	0.0849673202614379
14_+_52004239_52004242	30min	3	0.043420122354727364	0.0464480874316939	0.014020557090604284	0.0281329923273657	0.0556792873051225	0.027546294977756798
14_+_52004239_52004242	3hr	3	0.0197000826839718	0.0233644859813084	0.012902313457880132	0.0053619302949061	0.0303738317757009	0.0250119014807948
14_+_52004239_52004242	12hr	3	0.005932153838964466	0.0060698027314112	0.0026863254114576746	0.0031796502384737	0.0085470085470085	0.005367358308534799
14_+_52004239_52004242	24hr	3	0.0058801607257066004	0.001477104874446	0.00787336229378296	0.0011933174224343	0.0149700598802395	0.0137767424578052
14_+_52004239_52004242	48hr	3	0.006060884881897999	0.0062421972534332	0.00042896936899777685	0.0055710306406685	0.0063694267515923	0.0007983961109237995
14_+_52004239_52004242	72hr	3	0.008817376066788568	0.0087847730600292	0.005692386338907823	0.0031413612565445	0.014525993883792	0.011384632627247501
14_+_52004239_52004242	7day	3	0.005421788893598967	0.0014285714285714	0.008184861796717534	0.0	0.0148367952522255	0.0148367952522255
X_-_48998153_48998180	Ctrl	3	0.9869791666666666	1.0	0.022552744890219755	0.9609375	1.0	0.0390625
X_-_48998153_48998180	30min	3	1.0	1.0	0.0	1.0	1.0	0.0
X_-_48998153_48998180	3hr	3	0.94875	0.94	0.04748354978305645	0.90625	1.0	0.09375
X_-_48998153_48998180	12hr	3	0.9780518364062042	0.984375	0.011563227777383318	0.9647058823529412	0.9850746268656716	0.020368744512730408
X_-_48998153_48998180	24hr	3	0.9856546303119625	0.9830508474576272	0.01323695920542843	0.9739130434782608	1.0	0.026086956521739202
X_-_48998153_48998180	48hr	3	0.9702989392478303	0.976470588235294	0.03321967463034923	0.9344262295081968	1.0	0.06557377049180324
X_-_48998153_48998180	72hr	3	0.9418471613997713	0.9663865546218487	0.0735592946565085	0.8591549295774648	1.0	0.14084507042253525
X_-_48998153_48998180	7day	3	0.9241899063813682	0.9612403100775194	0.07765251306125714	0.8349514563106796	0.9763779527559056	0.14142649644522598
9_+_128627924_128627942	Ctrl	3	0.8596598520589435	0.847457627118644	0.042358047425289834	0.8247422680412371	0.9067796610169492	0.08203739297571211
9_+_128627924_128627942	30min	3	0.805074555074555	0.8080808080808081	0.06552793058786138	0.7380952380952381	0.8690476190476191	0.13095238095238093
9_+_128627924_128627942	3hr	3	0.5980025966487955	0.584	0.052467674946869006	0.5539568345323741	0.6560509554140127	0.1020941208816386
9_+_128627924_128627942	12hr	3	0.6379209094124292	0.6989247311827957	0.20367583004807457	0.4107142857142857	0.8041237113402062	0.3934094256259205
9_+_128627924_128627942	24hr	3	0.6515228895311242	0.6461538461538462	0.025327532154293893	0.6293103448275862	0.6791044776119403	0.04979413278435407
9_+_128627924_128627942	48hr	3	0.7309719822339988	0.7520661157024794	0.07142446577022929	0.6513761467889908	0.7894736842105263	0.13809753742153552
9_+_128627924_128627942	72hr	3	0.6219790353964781	0.6182795698924731	0.07427957362237027	0.549618320610687	0.6980392156862745	0.14842089507558742
9_+_128627924_128627942	7day	3	0.8086387900413133	0.8068181818181818	0.022992339826003905	0.7866108786610879	0.8324873096446701	0.045876430983582184
19_-_6479986_6479990	Ctrl	3	0.11399785896430187	0.1118881118881118	0.027864377073949096	0.087248322147651	0.1428571428571428	0.05560882070949179
19_-_6479986_6479990	30min	3	0.10976483039199514	0.0875	0.11477653347691809	0.0077519379844961	0.2340425531914893	0.2262906152069932
19_-_6479986_6479990	3hr	3	0.13135141830793998	0.1521739130434782	0.059629655091112205	0.0641025641025641	0.1777777777777777	0.1136752136752136
19_-_6479986_6479990	12hr	3	0.06886873140351506	0.0338983050847457	0.0641077955881023	0.0298507462686567	0.1428571428571428	0.1130063965884861
19_-_6479986_6479990	24hr	3	0.11747157491838339	0.1071428571428571	0.01855182894181851	0.1063829787234042	0.1388888888888889	0.032505910165484694
19_-_6479986_6479990	48hr	3	0.04248599820580403	0.0473372781065088	0.01273589876018178	0.02803738317757	0.0520833333333333	0.0240459501557633
19_-_6479986_6479990	72hr	3	0.06232770804472237	0.0602409638554216	0.009964890708723181	0.0535714285714285	0.073170731707317	0.0195993031358885
19_-_6479986_6479990	7day	3	0.04875541125541124	0.0625	0.03631363645330309	0.0075757575757575	0.0761904761904762	0.0686147186147187
16_+_3067983_3068010	Ctrl	3	0.9691289294351525	0.970469798657718	0.018119802485144252	0.950375939849624	0.9865410497981156	0.03616510994849165
16_+_3067983_3068010	30min	3	0.9600709600269525	0.9638403990024936	0.02832727063399002	0.9300476947535772	0.9863247863247864	0.05627709157120919
16_+_3067983_3068010	3hr	3	0.9231240545197722	0.9250585480093676	0.00903436837367319	0.913279132791328	0.9310344827586208	0.017755349967292777
16_+_3067983_3068010	12hr	3	0.979489523627786	0.9828706438275252	0.00843956786025485	0.9698836413415468	0.9857142857142858	0.015830644372738956
16_+_3067983_3068010	24hr	3	0.9864946977515875	0.984974298141558	0.0031951758503157486	0.9843436370935368	0.9901661580196676	0.005822520926130781
16_+_3067983_3068010	48hr	3	0.9826123916254396	0.980963045912654	0.003703137160307547	0.9800204918032788	0.9868536371603857	0.0068331453571068845
16_+_3067983_3068010	72hr	3	0.9642175755191653	0.9658365261813536	0.003522189169819871	0.9601769911504424	0.9666392092257	0.0064622180752575975
16_+_3067983_3068010	7day	3	0.9767680424130954	0.9763527054108216	0.0013279963838284728	0.9756973542439842	0.9782540675844806	0.0025567133404964526
3_+_180915675_180915696	Ctrl	3	0.9242424242424243	0.9393939393939394	0.08436006610348516	0.8333333333333334	1.0	0.16666666666666663
3_+_180915675_180915696	30min	3	1.0	1.0	0.0	1.0	1.0	0.0
3_+_180915675_180915696	3hr	3	0.8958333333333334	1.0	0.18042195912175804	0.6875	1.0	0.3125
3_+_180915675_180915696	12hr	1	0.4285714285714285	0.4285714285714285		0.4285714285714285	0.4285714285714285	0.0
3_+_180915675_180915696	24hr	0						
3_+_180915675_180915696	48hr	0						
3_+_180915675_180915696	72hr	0						
3_+_180915675_180915696	7day	0						
9_+_131232283_131232308	Ctrl	3	0.9165362545644236	0.971830985915493	0.12099094800329437	0.7777777777777778	1.0	0.2222222222222222
9_+_131232283_131232308	30min	3	1.0	1.0	0.0	1.0	1.0	0.0
9_+_131232283_131232308	3hr	3	0.9908557306147667	0.9879518072289156	0.008092970771373442	0.9846153846153848	1.0	0.015384615384615219
9_+_131232283_131232308	12hr	3	1.0	1.0	0.0	1.0	1.0	0.0
9_+_131232283_131232308	24hr	3	0.9965986394557822	1.0	0.0058913292774452316	0.9897959183673468	1.0	0.010204081632653184
9_+_131232283_131232308	48hr	3	1.0	1.0	0.0	1.0	1.0	0.0
9_+_131232283_131232308	72hr	3	0.9748525208295323	0.9827586206896552	0.029895160230034273	0.9417989417989416	1.0	0.058201058201058364
9_+_131232283_131232308	7day	3	0.9738920225624496	0.976470588235294	0.02748811781873535	0.9452054794520548	1.0	0.0547945205479452
12_-_76049755_76049785	Ctrl	3	0.8327128499699885	0.8327495621716288	0.034194040046538546	0.7985004686035614	0.8668885191347754	0.068388050531214
12_-_76049755_76049785	30min	3	0.8143924991913213	0.8151918559122945	0.008645234191417198	0.8053753475440223	0.8226102941176471	0.017234946573624788
12_-_76049755_76049785	3hr	3	0.8308361493159181	0.8310225303292894	0.003714331507482006	0.8270321361058601	0.8344537815126051	0.007421645406744948
12_-_76049755_76049785	12hr	3	0.9253331800970438	0.9195561719833564	0.011867492581530746	0.9174603174603174	0.9389830508474576	0.02152273338714017
12_-_76049755_76049785	24hr	3	0.9163896854210334	0.9188576609247506	0.00812879190211911	0.907312925170068	0.9229984701682816	0.01568554499821362
12_-_76049755_76049785	48hr	3	0.897391328130428	0.9030384271671136	0.01676675391743439	0.8785301122830895	0.9106054449410808	0.03207533265799123
12_-_76049755_76049785	72hr	3	0.8513667344895297	0.8435863874345549	0.015851189418601662	0.8409090909090909	0.8696047251249432	0.028695634215852306
12_-_76049755_76049785	7day	3	0.9024923759290067	0.9013657056145676	0.005123168604396641	0.8980263157894737	0.9080851063829788	0.010058790593505118
19_+_55343977_55343997	Ctrl	3	1.0	1.0	0.0	1.0	1.0	0.0
19_+_55343977_55343997	30min	3	1.0	1.0	0.0	1.0	1.0	0.0
19_+_55343977_55343997	3hr	3	1.0	1.0	0.0	1.0	1.0	0.0
19_+_55343977_55343997	12hr	3	1.0	1.0	0.0	1.0	1.0	0.0
19_+_55343977_55343997	24hr	2	1.0	1.0	0.0	1.0	1.0	0.0
19_+_55343977_55343997	48hr	3	1.0	1.0	0.0	1.0	1.0	0.0
19_+_55343977_55343997	72hr	3	1.0	1.0	0.0	1.0	1.0	0.0
19_+_55343977_55343997	7day	3	1.0	1.0	0.0	1.0	1.0	0.0
18_+_35972884_35972907	Ctrl	3	0.43948615177889055	0.5471698113207547	0.1873614725856069	0.2231404958677686	0.5481481481481482	0.32500765228037953
18_+_35972884_35972907	30min	3	0.6014030414030413	0.5454545454545454	0.19945457967106126	0.4358974358974359	0.8228571428571428	0.38695970695970694
18_+_35972884_35972907	3hr	3	0.8073112073112073	0.8	0.05806630156525714	0.7532467532467533	0.8686868686868687	0.11544011544011545
18_+_35972884_35972907	12hr	3	0.7464638608014288	0.735632183908046	0.0387466337066279	0.7142857142857143	0.7894736842105263	0.07518796992481203
18_+_35972884_35972907	24hr	3	0.841726518130188	0.8440366972477065	0.016691762655999618	0.824	0.8571428571428571	0.03314285714285714
18_+_35972884_35972907	48hr	3	0.9057311523797811	0.925531914893617	0.043832900875639215	0.8554913294797688	0.9361702127659576	0.08067888328618877
18_+_35972884_35972907	72hr	3	0.7852026027802426	0.76	0.07288766735372043	0.7282608695652174	0.8673469387755102	0.13908606921029276
18_+_35972884_35972907	7day	3	0.7786580086580086	0.7878787878787878	0.0368285320536115	0.7380952380952381	0.81	0.07190476190476192
5_+_176103755_176103780	Ctrl	3	1.0	1.0	0.0	1.0	1.0	0.0
5_+_176103755_176103780	30min	3	1.0	1.0	0.0	1.0	1.0	0.0
5_+_176103755_176103780	3hr	3	1.0	1.0	0.0	1.0	1.0	0.0
5_+_176103755_176103780	12hr	2	1.0	1.0	0.0	1.0	1.0	0.0
5_+_176103755_176103780	24hr	2	1.0	1.0	0.0	1.0	1.0	0.0
5_+_176103755_176103780	48hr	1	1.0	1.0		1.0	1.0	0.0
5_+_176103755_176103780	72hr	2	1.0	1.0	0.0	1.0	1.0	0.0
5_+_176103755_176103780	7day	1	1.0	1.0		1.0	1.0	0.0
16_+_31182397_31182422	Ctrl	3	1.0	1.0	0.0	1.0	1.0	0.0
16_+_31182397_31182422	30min	3	1.0	1.0	0.0	1.0	1.0	0.0
16_+_31182397_31182422	3hr	3	1.0	1.0	0.0	1.0	1.0	0.0
16_+_31182397_31182422	12hr	3	1.0	1.0	0.0	1.0	1.0	0.0
16_+_31182397_31182422	24hr	3	1.0	1.0	0.0	1.0	1.0	0.0
16_+_31182397_31182422	48hr	3	1.0	1.0	0.0	1.0	1.0	0.0
16_+_31182397_31182422	72hr	3	1.0	1.0	0.0	1.0	1.0	0.0
16_+_31182397_31182422	7day	3	1.0	1.0	0.0	1.0	1.0	0.0
2_+_169614463_169614493	Ctrl	3	0.9624413145539906	1.0	0.06505355145798598	0.8873239436619719	1.0	0.11267605633802813
2_+_169614463_169614493	30min	3	0.991869918699187	1.0	0.014081713882673812	0.975609756097561	1.0	0.024390243902439046
2_+_169614463_169614493	3hr	3	0.9950248756218905	1.0	0.008617168196860111	0.9850746268656716	1.0	0.014925373134328401
2_+_169614463_169614493	12hr	3	0.9537037037037036	0.9404761904761904	0.04130289681480426	0.9206349206349206	1.0	0.07936507936507942
2_+_169614463_169614493	24hr	3	0.9688123076054111	0.972972972972973	0.02219877467771067	0.9448275862068966	0.9886363636363636	0.043808777429467094
2_+_169614463_169614493	48hr	3	0.9849693709846109	0.9896907216494846	0.01786549274423303	0.9652173913043478	1.0	0.034782608695652195
2_+_169614463_169614493	72hr	3	0.9839357429718875	1.0	0.027824109358536207	0.9518072289156626	1.0	0.048192771084337394
2_+_169614463_169614493	7day	3	1.0	1.0	0.0	1.0	1.0	0.0
10_-_68073656_68073686	Ctrl	3	1.0	1.0	0.0	1.0	1.0	0.0
10_-_68073656_68073686	30min	2	1.0	1.0	0.0	1.0	1.0	0.0
10_-_68073656_68073686	3hr	3	1.0	1.0	0.0	1.0	1.0	0.0
10_-_68073656_68073686	12hr	3	1.0	1.0	0.0	1.0	1.0	0.0
10_-_68073656_68073686	24hr	3	1.0	1.0	0.0	1.0	1.0	0.0
10_-_68073656_68073686	48hr	3	1.0	1.0	0.0	1.0	1.0	0.0
10_-_68073656_68073686	72hr	3	1.0	1.0	0.0	1.0	1.0	0.0
10_-_68073656_68073686	7day	3	1.0	1.0	0.0	1.0	1.0	0.0
5_+_111094919_111094947	Ctrl	3	1.0	1.0	0.0	1.0	1.0	0.0
5_+_111094919_111094947	30min	3	1.0	1.0	0.0	1.0	1.0	0.0
5_+_111094919_111094947	3hr	3	1.0	1.0	0.0	1.0	1.0	0.0
5_+_111094919_111094947	12hr	3	1.0	1.0	0.0	1.0	1.0	0.0
5_+_111094919_111094947	24hr	3	1.0	1.0	0.0	1.0	1.0	0.0
5_+_111094919_111094947	48hr	3	1.0	1.0	0.0	1.0	1.0	0.0
5_+_111094919_111094947	72hr	3	1.0	1.0	0.0	1.0	1.0	0.0
5_+_111094919_111094947	7day	3	1.0	1.0	0.0	1.0	1.0	0.0
15_+_44716328_44716356	Ctrl	3	0.3969342655657592	0.3936111282082846	0.01690246658146208	0.381940176193403	0.4152514922955902	0.03331131610218724
15_+_44716328_44716356	30min	3	0.38137366470916745	0.3842240708600156	0.006039057483908102	0.3744369642078752	0.3854599590596116	0.011022994851736412
15_+_44716328_44716356	3hr	3	0.40475163434773326	0.398006851448147	0.02251088477118177	0.3863841807909604	0.4298638708040923	0.0434796900131319
15_+_44716328_44716356	12hr	3	0.40471942604886896	0.3900252981568485	0.03215387625726925	0.382537966284956	0.4415950137048023	0.0590570474198463
15_+_44716328_44716356	24hr	3	0.3949213703139998	0.3908367928775071	0.013262277346059002	0.3841818293205906	0.4097454887439017	0.025563659423311125
15_+_44716328_44716356	48hr	3	0.4020789436780472	0.3995069678522916	0.008004600186176972	0.3956764772986539	0.411053385883196	0.015376908584542104
15_+_44716328_44716356	72hr	3	0.4790739716889188	0.4699606727470504	0.023490130043181505	0.4615060410227592	0.5057552012969467	0.044249160274187516
15_+_44716328_44716356	7day	3	0.4082335554862207	0.4143088275916499	0.010950713585623618	0.3955919395465995	0.4147998993204128	0.019207959773813288
15_-_48166120_48166128	Ctrl	1	1.0	1.0		1.0	1.0	0.0
15_-_48166120_48166128	30min	1	1.0	1.0		1.0	1.0	0.0
15_-_48166120_48166128	3hr	2	1.0	1.0	0.0	1.0	1.0	0.0
15_-_48166120_48166128	12hr	2	1.0	1.0	0.0	1.0	1.0	0.0
15_-_48166120_48166128	24hr	0						
15_-_48166120_48166128	48hr	3	1.0	1.0	0.0	1.0	1.0	0.0
15_-_48166120_48166128	72hr	2	1.0	1.0	0.0	1.0	1.0	0.0
15_-_48166120_48166128	7day	3	1.0	1.0	0.0	1.0	1.0	0.0
22_-_27897129_27897137	Ctrl	3	1.0	1.0	0.0	1.0	1.0	0.0
22_-_27897129_27897137	30min	3	1.0	1.0	0.0	1.0	1.0	0.0
22_-_27897129_27897137	3hr	3	1.0	1.0	0.0	1.0	1.0	0.0
22_-_27897129_27897137	12hr	3	1.0	1.0	0.0	1.0	1.0	0.0
22_-_27897129_27897137	24hr	3	0.9984848484848485	1.0	0.0026243194054073105	0.9954545454545456	1.0	0.004545454545454408
22_-_27897129_27897137	48hr	3	1.0	1.0	0.0	1.0	1.0	0.0
22_-_27897129_27897137	72hr	3	1.0	1.0	0.0	1.0	1.0	0.0
22_-_27897129_27897137	7day	3	1.0	1.0	0.0	1.0	1.0	0.0
2_-_95901177_95901206	Ctrl	1	1.0	1.0		1.0	1.0	0.0
2_-_95901177_95901206	30min	1	1.0	1.0		1.0	1.0	0.0
2_-_95901177_95901206	3hr	0						
2_-_95901177_95901206	12hr	0						
2_-_95901177_95901206	24hr	0						
2_-_95901177_95901206	48hr	0						
2_-_95901177_95901206	72hr	0						
2_-_95901177_95901206	7day	0						
16_+_81693157_81693184	Ctrl	3	1.0	1.0	0.0	1.0	1.0	0.0
16_+_81693157_81693184	30min	3	1.0	1.0	0.0	1.0	1.0	0.0
16_+_81693157_81693184	3hr	3	1.0	1.0	0.0	1.0	1.0	0.0
16_+_81693157_81693184	12hr	3	1.0	1.0	0.0	1.0	1.0	0.0
16_+_81693157_81693184	24hr	3	1.0	1.0	0.0	1.0	1.0	0.0
16_+_81693157_81693184	48hr	3	1.0	1.0	0.0	1.0	1.0	0.0
16_+_81693157_81693184	72hr	3	1.0	1.0	0.0	1.0	1.0	0.0
16_+_81693157_81693184	7day	3	1.0	1.0	0.0	1.0	1.0	0.0
19_+_18433584_18433613	Ctrl	3	0.9131742961530196	0.9148936170212766	0.01541700987229811	0.896969696969697	0.9276595744680852	0.03068987749838825
19_+_18433584_18433613	30min	3	0.8398065507367832	0.8430232558139535	0.10850423515033997	0.7297297297297297	0.9466666666666668	0.21693693693693705
19_+_18433584_18433613	3hr	3	0.9023822066139888	0.9411764705882352	0.08402407344450208	0.8059701492537313	0.96	0.15402985074626863
19_+_18433584_18433613	12hr	3	0.9854761268705244	0.9844559585492229	0.00687653567520302	0.9791666666666666	0.9928057553956836	0.01363908872901698
19_+_18433584_18433613	24hr	3	0.9860455670741142	0.9972826086956522	0.021858724717612465	0.9608540925266904	1.0	0.039145907473309594
19_+_18433584_18433613	48hr	3	0.976308158776118	0.9873949579831932	0.020455457008205623	0.9527027027027029	0.988826815642458	0.03612411293975515
19_+_18433584_18433613	72hr	3	1.0	1.0	0.0	1.0	1.0	0.0
19_+_18433584_18433613	7day	3	0.993514915693904	1.0	0.011232495509525818	0.980544747081712	1.0	0.01945525291828798
16_-_23478882_23478911	Ctrl	3	1.0	1.0	0.0	1.0	1.0	0.0
16_-_23478882_23478911	30min	3	1.0	1.0	0.0	1.0	1.0	0.0
16_-_23478882_23478911	3hr	3	1.0	1.0	0.0	1.0	1.0	0.0
16_-_23478882_23478911	12hr	3	1.0	1.0	0.0	1.0	1.0	0.0
16_-_23478882_23478911	24hr	3	1.0	1.0	0.0	1.0	1.0	0.0
16_-_23478882_23478911	48hr	3	1.0	1.0	0.0	1.0	1.0	0.0
16_-_23478882_23478911	72hr	3	1.0	1.0	0.0	1.0	1.0	0.0
16_-_23478882_23478911	7day	3	1.0	1.0	0.0	1.0	1.0	0.0
1_+_43958241_43958268	Ctrl	0						
1_+_43958241_43958268	30min	2	1.0	1.0	0.0	1.0	1.0	0.0
1_+_43958241_43958268	3hr	1	1.0	1.0		1.0	1.0	0.0
1_+_43958241_43958268	12hr	3	1.0	1.0	0.0	1.0	1.0	0.0
1_+_43958241_43958268	24hr	3	1.0	1.0	0.0	1.0	1.0	0.0
1_+_43958241_43958268	48hr	3	1.0	1.0	0.0	1.0	1.0	0.0
1_+_43958241_43958268	72hr	3	1.0	1.0	0.0	1.0	1.0	0.0
1_+_43958241_43958268	7day	3	1.0	1.0	0.0	1.0	1.0	0.0
19_+_45070536_45070561	Ctrl	3	1.0	1.0	0.0	1.0	1.0	0.0
19_+_45070536_45070561	30min	3	1.0	1.0	0.0	1.0	1.0	0.0
19_+_45070536_45070561	3hr	3	1.0	1.0	0.0	1.0	1.0	0.0
19_+_45070536_45070561	12hr	3	1.0	1.0	0.0	1.0	1.0	0.0
19_+_45070536_45070561	24hr	3	1.0	1.0	0.0	1.0	1.0	0.0
19_+_45070536_45070561	48hr	3	1.0	1.0	0.0	1.0	1.0	0.0
19_+_45070536_45070561	72hr	3	1.0	1.0	0.0	1.0	1.0	0.0
19_+_45070536_45070561	7day	3	1.0	1.0	0.0	1.0	1.0	0.0
9_+_130200957_130200982	Ctrl	0						
9_+_130200957_130200982	30min	0						
9_+_130200957_130200982	3hr	3	1.0	1.0	0.0	1.0	1.0	0.0
9_+_130200957_130200982	12hr	3	1.0	1.0	0.0	1.0	1.0	0.0
9_+_130200957_130200982	24hr	3	1.0	1.0	0.0	1.0	1.0	0.0
9_+_130200957_130200982	48hr	3	1.0	1.0	0.0	1.0	1.0	0.0
9_+_130200957_130200982	72hr	3	1.0	1.0	0.0	1.0	1.0	0.0
9_+_130200957_130200982	7day	3	1.0	1.0	0.0	1.0	1.0	0.0
8_+_2142374_2142397	Ctrl	0						
8_+_2142374_2142397	30min	0						
8_+_2142374_2142397	3hr	1	0.4	0.4		0.4	0.4	0.0
8_+_2142374_2142397	12hr	0						
8_+_2142374_2142397	24hr	1	0.0	0.0		0.0	0.0	0.0
8_+_2142374_2142397	48hr	0						
8_+_2142374_2142397	72hr	3	0.64197235513025	0.6136363636363636	0.08099970895583625	0.5789473684210527	0.7333333333333333	0.15438596491228063
8_+_2142374_2142397	7day	1	1.0	1.0		1.0	1.0	0.0
1_+_223757368_223757380	Ctrl	3	1.0	1.0	0.0	1.0	1.0	0.0
1_+_223757368_223757380	30min	3	1.0	1.0	0.0	1.0	1.0	0.0
1_+_223757368_223757380	3hr	3	1.0	1.0	0.0	1.0	1.0	0.0
1_+_223757368_223757380	12hr	3	1.0	1.0	0.0	1.0	1.0	0.0
1_+_223757368_223757380	24hr	3	1.0	1.0	0.0	1.0	1.0	0.0
1_+_223757368_223757380	48hr	3	1.0	1.0	0.0	1.0	1.0	0.0
1_+_223757368_223757380	72hr	3	1.0	1.0	0.0	1.0	1.0	0.0
1_+_223757368_223757380	7day	3	1.0	1.0	0.0	1.0	1.0	0.0
11_+_118349026_118349050	Ctrl	3	1.0	1.0	0.0	1.0	1.0	0.0
11_+_118349026_118349050	30min	3	1.0	1.0	0.0	1.0	1.0	0.0
11_+_118349026_118349050	3hr	3	0.9590691896024465	0.9833333333333332	0.05226489602502249	0.8990825688073395	0.9947916666666666	0.09570909785932713
11_+_118349026_118349050	12hr	3	0.9891009187962654	0.9902912621359224	0.01154038721495581	0.9770114942528736	1.0	0.02298850574712641
11_+_118349026_118349050	24hr	3	0.9919840924625615	0.9924812030075189	0.008275668233256966	0.9834710743801652	1.0	0.016528925619834767
11_+_118349026_118349050	48hr	3	0.9978632478632479	1.0	0.0037009632640360494	0.9935897435897436	1.0	0.0064102564102563875
11_+_118349026_118349050	72hr	3	1.0	1.0	0.0	1.0	1.0	0.0
11_+_118349026_118349050	7day	3	1.0	1.0	0.0	1.0	1.0	0.0
6_+_144846804_144846827	Ctrl	3	1.0	1.0	0.0	1.0	1.0	0.0
6_+_144846804_144846827	30min	3	1.0	1.0	0.0	1.0	1.0	0.0
6_+_144846804_144846827	3hr	3	1.0	1.0	0.0	1.0	1.0	0.0
6_+_144846804_144846827	12hr	3	1.0	1.0	0.0	1.0	1.0	0.0
6_+_144846804_144846827	24hr	3	1.0	1.0	0.0	1.0	1.0	0.0
6_+_144846804_144846827	48hr	3	1.0	1.0	0.0	1.0	1.0	0.0
6_+_144846804_144846827	72hr	3	1.0	1.0	0.0	1.0	1.0	0.0
6_+_144846804_144846827	7day	3	1.0	1.0	0.0	1.0	1.0	0.0
1_-_228397142_228397165	Ctrl	3	1.0	1.0	0.0	1.0	1.0	0.0
1_-_228397142_228397165	30min	3	1.0	1.0	0.0	1.0	1.0	0.0
1_-_228397142_228397165	3hr	3	1.0	1.0	0.0	1.0	1.0	0.0
1_-_228397142_228397165	12hr	3	1.0	1.0	0.0	1.0	1.0	0.0
1_-_228397142_228397165	24hr	3	1.0	1.0	0.0	1.0	1.0	0.0
1_-_228397142_228397165	48hr	3	1.0	1.0	0.0	1.0	1.0	0.0
1_-_228397142_228397165	72hr	3	1.0	1.0	0.0	1.0	1.0	0.0
1_-_228397142_228397165	7day	3	1.0	1.0	0.0	1.0	1.0	0.0
15_-_50578638_50578664	Ctrl	3	1.0	1.0	0.0	1.0	1.0	0.0
15_-_50578638_50578664	30min	3	1.0	1.0	0.0	1.0	1.0	0.0
15_-_50578638_50578664	3hr	3	1.0	1.0	0.0	1.0	1.0	0.0
15_-_50578638_50578664	12hr	3	0.993939393939394	1.0	0.010497277621629563	0.9818181818181818	1.0	0.018181818181818188
15_-_50578638_50578664	24hr	3	0.9862765586903518	0.9818181818181818	0.012125415142259715	0.9770114942528736	1.0	0.02298850574712641
15_-_50578638_50578664	48hr	3	1.0	1.0	0.0	1.0	1.0	0.0
15_-_50578638_50578664	72hr	3	1.0	1.0	0.0	1.0	1.0	0.0
15_-_50578638_50578664	7day	3	0.9606192549588776	0.9433962264150944	0.034193860505873856	0.9384615384615383	1.0	0.06153846153846165
20_+_45813436_45813464	Ctrl	0						
20_+_45813436_45813464	30min	0						
20_+_45813436_45813464	3hr	0						
20_+_45813436_45813464	12hr	2	1.0	1.0	0.0	1.0	1.0	0.0
20_+_45813436_45813464	24hr	3	1.0	1.0	0.0	1.0	1.0	0.0
20_+_45813436_45813464	48hr	3	1.0	1.0	0.0	1.0	1.0	0.0
20_+_45813436_45813464	72hr	3	1.0	1.0	0.0	1.0	1.0	0.0
20_+_45813436_45813464	7day	3	1.0	1.0	0.0	1.0	1.0	0.0
15_+_42402123_42402135	Ctrl	3	0.800358422939068	0.9333333333333332	0.28997656268461786	0.4677419354838709	1.0	0.5322580645161291
15_+_42402123_42402135	30min	3	0.318732729259045	0.2631578947368421	0.10151217429727041	0.2571428571428571	0.4358974358974359	0.17875457875457879
15_+_42402123_42402135	3hr	2	0.5	0.5	0.0	0.5	0.5	0.0
15_+_42402123_42402135	12hr	2	0.0	0.0	0.0	0.0	0.0	0.0
15_+_42402123_42402135	24hr	3	0.1238095238095238	0.0714285714285714	0.15670935878004127	0.0	0.3	0.3
15_+_42402123_42402135	48hr	0						
15_+_42402123_42402135	72hr	2	0.3055555555555555	0.3055555555555555	0.19641855032959657	0.1666666666666666	0.4444444444444444	0.2777777777777778
15_+_42402123_42402135	7day	3	0.5666666666666667	0.7	0.5131601439446883	0.0	1.0	1.0
2_+_205766782_205766803	Ctrl	0						
2_+_205766782_205766803	30min	0						
2_+_205766782_205766803	3hr	0						
2_+_205766782_205766803	12hr	0						
2_+_205766782_205766803	24hr	0						
2_+_205766782_205766803	48hr	1	1.0	1.0		1.0	1.0	0.0
2_+_205766782_205766803	72hr	0						
2_+_205766782_205766803	7day	3	0.8283597883597884	0.8533333333333334	0.07615166560016494	0.7428571428571429	0.8888888888888888	0.14603174603174596
14_-_75022994_75023018	Ctrl	1	1.0	1.0		1.0	1.0	0.0
14_-_75022994_75023018	30min	2	1.0	1.0	0.0	1.0	1.0	0.0
14_-_75022994_75023018	3hr	2	1.0	1.0	0.0	1.0	1.0	0.0
14_-_75022994_75023018	12hr	3	1.0	1.0	0.0	1.0	1.0	0.0
14_-_75022994_75023018	24hr	3	1.0	1.0	0.0	1.0	1.0	0.0
14_-_75022994_75023018	48hr	3	1.0	1.0	0.0	1.0	1.0	0.0
14_-_75022994_75023018	72hr	3	1.0	1.0	0.0	1.0	1.0	0.0
14_-_75022994_75023018	7day	3	1.0	1.0	0.0	1.0	1.0	0.0
11_-_62852655_62852681	Ctrl	3	0.24504283865963813	0.2339181286549707	0.025901167889486792	0.2265625	0.2746478873239437	0.048085387323943685
11_-_62852655_62852681	30min	3	0.21259930331874802	0.2105263157894736	0.016550354849236865	0.1971830985915492	0.2300884955752212	0.03290539698367201
11_-_62852655_62852681	3hr	3	0.10321969696969696	0.0909090909090909	0.10989337510143446	0.0	0.21875	0.21875
11_-_62852655_62852681	12hr	3	0.0936799050006597	0.0909090909090909	0.01830023916016033	0.0769230769230769	0.1132075471698113	0.036284470246734396
11_-_62852655_62852681	24hr	3	0.0222222222222222	0.025	0.020971762320196496	0.0	0.0416666666666666	0.0416666666666666
11_-_62852655_62852681	48hr	3	0.024358130348913733	0.032258064516129	0.021524401216947726	0.0	0.0408163265306122	0.0408163265306122
11_-_62852655_62852681	72hr	3	0.0714285714285714	0.0	0.12371791482634832	0.0	0.2142857142857142	0.2142857142857142
11_-_62852655_62852681	7day	3	0.051461988304093535	0.0666666666666666	0.04579361859754826	0.0	0.087719298245614	0.087719298245614
22_+_31192683_31192702	Ctrl	2	1.0	1.0	0.0	1.0	1.0	0.0
22_+_31192683_31192702	30min	3	1.0	1.0	0.0	1.0	1.0	0.0
22_+_31192683_31192702	3hr	3	1.0	1.0	0.0	1.0	1.0	0.0
22_+_31192683_31192702	12hr	3	1.0	1.0	0.0	1.0	1.0	0.0
22_+_31192683_31192702	24hr	3	1.0	1.0	0.0	1.0	1.0	0.0
22_+_31192683_31192702	48hr	3	1.0	1.0	0.0	1.0	1.0	0.0
22_+_31192683_31192702	72hr	3	1.0	1.0	0.0	1.0	1.0	0.0
22_+_31192683_31192702	7day	3	1.0	1.0	0.0	1.0	1.0	0.0
22_-_41468123_41468147	Ctrl	3	0.9759744188056348	0.9655172413793104	0.020864835157092018	0.962406015037594	1.0	0.03759398496240596
22_-_41468123_41468147	30min	3	0.9636564985402195	0.9883720930232558	0.05319738671382777	0.9025974025974026	1.0	0.09740259740259738
22_-_41468123_41468147	3hr	3	0.9919354838709676	1.0	0.013968151673942546	0.9758064516129032	1.0	0.024193548387096753
22_-_41468123_41468147	12hr	3	1.0	1.0	0.0	1.0	1.0	0.0
22_-_41468123_41468147	24hr	3	0.9982683982683982	1.0	0.0029992221776084464	0.9948051948051948	1.0	0.0051948051948051965
22_-_41468123_41468147	48hr	3	0.9992211838006231	1.0	0.001348949227078517	0.9976635514018692	1.0	0.002336448598130758
22_-_41468123_41468147	72hr	3	1.0	1.0	0.0	1.0	1.0	0.0
22_-_41468123_41468147	7day	3	0.9967845659163986	1.0	0.005569295201186174	0.990353697749196	1.0	0.009646302250803984
19_+_17861292_17861307	Ctrl	3	0.032020298200669504	0.029585798816568	0.006031811128787793	0.0275862068965517	0.0388888888888888	0.0113026819923371
19_+_17861292_17861307	30min	3	0.0	0.0	0.0	0.0	0.0	0.0
19_+_17861292_17861307	3hr	3	0.025210084033613436	0.0	0.04366514640929941	0.0	0.0756302521008403	0.0756302521008403
19_+_17861292_17861307	12hr	3	0.020140867363089534	0.0123456790123456	0.024968407121876507	0.0	0.048076923076923	0.048076923076923
19_+_17861292_17861307	24hr	3	0.0089285714285714	0.0	0.015464739353293499	0.0	0.0267857142857142	0.0267857142857142
19_+_17861292_17861307	48hr	3	0.006145567827810766	0.009090909090909	0.005323743473713944	0.0	0.0093457943925233	0.0093457943925233
19_+_17861292_17861307	72hr	3	0.20132882062706617	0.1729323308270676	0.07039002385714321	0.1495726495726495	0.2814814814814815	0.13190883190883199
19_+_17861292_17861307	7day	3	0.2518122898691619	0.2274881516587677	0.05061726391835043	0.2179487179487179	0.31	0.0920512820512821
10_-_24666984_24667009	Ctrl	1	1.0	1.0		1.0	1.0	0.0
10_-_24666984_24667009	30min	0						
10_-_24666984_24667009	3hr	1	1.0	1.0		1.0	1.0	0.0
10_-_24666984_24667009	12hr	1	1.0	1.0		1.0	1.0	0.0
10_-_24666984_24667009	24hr	2	1.0	1.0	0.0	1.0	1.0	0.0
10_-_24666984_24667009	48hr	1	1.0	1.0		1.0	1.0	0.0
10_-_24666984_24667009	72hr	2	1.0	1.0	0.0	1.0	1.0	0.0
10_-_24666984_24667009	7day	3	1.0	1.0	0.0	1.0	1.0	0.0
11_+_118307287_118307308	Ctrl	3	1.0	1.0	0.0	1.0	1.0	0.0
11_+_118307287_118307308	30min	3	1.0	1.0	0.0	1.0	1.0	0.0
11_+_118307287_118307308	3hr	3	1.0	1.0	0.0	1.0	1.0	0.0
11_+_118307287_118307308	12hr	3	1.0	1.0	0.0	1.0	1.0	0.0
11_+_118307287_118307308	24hr	3	1.0	1.0	0.0	1.0	1.0	0.0
11_+_118307287_118307308	48hr	3	1.0	1.0	0.0	1.0	1.0	0.0
11_+_118307287_118307308	72hr	3	1.0	1.0	0.0	1.0	1.0	0.0
11_+_118307287_118307308	7day	3	1.0	1.0	0.0	1.0	1.0	0.0
10_-_114440081_114440089	Ctrl	3	1.0	1.0	0.0	1.0	1.0	0.0
10_-_114440081_114440089	30min	3	1.0	1.0	0.0	1.0	1.0	0.0
10_-_114440081_114440089	3hr	3	1.0	1.0	0.0	1.0	1.0	0.0
10_-_114440081_114440089	12hr	3	1.0	1.0	0.0	1.0	1.0	0.0
10_-_114440081_114440089	24hr	3	1.0	1.0	0.0	1.0	1.0	0.0
10_-_114440081_114440089	48hr	3	1.0	1.0	0.0	1.0	1.0	0.0
10_-_114440081_114440089	72hr	3	1.0	1.0	0.0	1.0	1.0	0.0
10_-_114440081_114440089	7day	3	1.0	1.0	0.0	1.0	1.0	0.0
2_+_97207810_97207839	Ctrl	2	1.0	1.0	0.0	1.0	1.0	0.0
2_+_97207810_97207839	30min	3	1.0	1.0	0.0	1.0	1.0	0.0
2_+_97207810_97207839	3hr	2	1.0	1.0	0.0	1.0	1.0	0.0
2_+_97207810_97207839	12hr	0						
2_+_97207810_97207839	24hr	0						
2_+_97207810_97207839	48hr	1	1.0	1.0		1.0	1.0	0.0
2_+_97207810_97207839	72hr	1	1.0	1.0		1.0	1.0	0.0
2_+_97207810_97207839	7day	0						
5_-_177740776_177740801	Ctrl	3	1.0	1.0	0.0	1.0	1.0	0.0
5_-_177740776_177740801	30min	3	1.0	1.0	0.0	1.0	1.0	0.0
5_-_177740776_177740801	3hr	3	1.0	1.0	0.0	1.0	1.0	0.0
5_-_177740776_177740801	12hr	0						
5_-_177740776_177740801	24hr	0						
5_-_177740776_177740801	48hr	0						
5_-_177740776_177740801	72hr	1	1.0	1.0		1.0	1.0	0.0
5_-_177740776_177740801	7day	2	1.0	1.0	0.0	1.0	1.0	0.0
22_+_17105590_17105602	Ctrl	3	1.0	1.0	0.0	1.0	1.0	0.0
22_+_17105590_17105602	30min	3	1.0	1.0	0.0	1.0	1.0	0.0
22_+_17105590_17105602	3hr	3	1.0	1.0	0.0	1.0	1.0	0.0
22_+_17105590_17105602	12hr	3	1.0	1.0	0.0	1.0	1.0	0.0
22_+_17105590_17105602	24hr	3	1.0	1.0	0.0	1.0	1.0	0.0
22_+_17105590_17105602	48hr	3	1.0	1.0	0.0	1.0	1.0	0.0
22_+_17105590_17105602	72hr	2	1.0	1.0	0.0	1.0	1.0	0.0
22_+_17105590_17105602	7day	3	1.0	1.0	0.0	1.0	1.0	0.0
22_+_20553144_20553174	Ctrl	3	0.9778590966215717	0.9814814814814816	0.02415665845411874	0.9520958083832336	1.0	0.0479041916167664
22_+_20553144_20553174	30min	3	0.9749816483149817	0.98	0.010455556481476683	0.9629629629629628	0.981981981981982	0.019019019019019257
22_+_20553144_20553174	3hr	3	1.0	1.0	0.0	1.0	1.0	0.0
22_+_20553144_20553174	12hr	3	0.9911628954182147	0.9893617021276596	0.00808834848276889	0.984126984126984	1.0	0.01587301587301604
22_+_20553144_20553174	24hr	3	0.9958333333333332	1.0	0.007216878364870297	0.9875	1.0	0.012499999999999956
22_+_20553144_20553174	48hr	3	1.0	1.0	0.0	1.0	1.0	0.0
22_+_20553144_20553174	72hr	3	1.0	1.0	0.0	1.0	1.0	0.0
22_+_20553144_20553174	7day	3	1.0	1.0	0.0	1.0	1.0	0.0
3_-_52409713_52409743	Ctrl	3	1.0	1.0	0.0	1.0	1.0	0.0
3_-_52409713_52409743	30min	3	1.0	1.0	0.0	1.0	1.0	0.0
3_-_52409713_52409743	3hr	3	1.0	1.0	0.0	1.0	1.0	0.0
3_-_52409713_52409743	12hr	3	1.0	1.0	0.0	1.0	1.0	0.0
3_-_52409713_52409743	24hr	3	1.0	1.0	0.0	1.0	1.0	0.0
3_-_52409713_52409743	48hr	3	1.0	1.0	0.0	1.0	1.0	0.0
3_-_52409713_52409743	72hr	3	1.0	1.0	0.0	1.0	1.0	0.0
3_-_52409713_52409743	7day	3	1.0	1.0	0.0	1.0	1.0	0.0
11_+_48110057_48110076	Ctrl	3	1.0	1.0	0.0	1.0	1.0	0.0
11_+_48110057_48110076	30min	3	1.0	1.0	0.0	1.0	1.0	0.0
11_+_48110057_48110076	3hr	3	1.0	1.0	0.0	1.0	1.0	0.0
11_+_48110057_48110076	12hr	3	1.0	1.0	0.0	1.0	1.0	0.0
11_+_48110057_48110076	24hr	3	1.0	1.0	0.0	1.0	1.0	0.0
11_+_48110057_48110076	48hr	3	1.0	1.0	0.0	1.0	1.0	0.0
11_+_48110057_48110076	72hr	3	1.0	1.0	0.0	1.0	1.0	0.0
11_+_48110057_48110076	7day	3	1.0	1.0	0.0	1.0	1.0	0.0
17_-_41620535_41620558	Ctrl	0						
17_-_41620535_41620558	30min	0						
17_-_41620535_41620558	3hr	0						
17_-_41620535_41620558	12hr	0						
17_-_41620535_41620558	24hr	0						
17_-_41620535_41620558	48hr	0						
17_-_41620535_41620558	72hr	0						
17_-_41620535_41620558	7day	3	1.0	1.0	0.0	1.0	1.0	0.0
6_+_26448616_26448637	Ctrl	3	1.0	1.0	0.0	1.0	1.0	0.0
6_+_26448616_26448637	30min	3	1.0	1.0	0.0	1.0	1.0	0.0
6_+_26448616_26448637	3hr	2	1.0	1.0	0.0	1.0	1.0	0.0
6_+_26448616_26448637	12hr	3	1.0	1.0	0.0	1.0	1.0	0.0
6_+_26448616_26448637	24hr	3	1.0	1.0	0.0	1.0	1.0	0.0
6_+_26448616_26448637	48hr	2	1.0	1.0	0.0	1.0	1.0	0.0
6_+_26448616_26448637	72hr	3	1.0	1.0	0.0	1.0	1.0	0.0
6_+_26448616_26448637	7day	1	1.0	1.0		1.0	1.0	0.0
1_-_183564004_183564030	Ctrl	0						
1_-_183564004_183564030	30min	1	1.0	1.0		1.0	1.0	0.0
1_-_183564004_183564030	3hr	1	1.0	1.0		1.0	1.0	0.0
1_-_183564004_183564030	12hr	0						
1_-_183564004_183564030	24hr	0						
1_-_183564004_183564030	48hr	2	1.0	1.0	0.0	1.0	1.0	0.0
1_-_183564004_183564030	72hr	3	1.0	1.0	0.0	1.0	1.0	0.0
1_-_183564004_183564030	7day	3	1.0	1.0	0.0	1.0	1.0	0.0
21_+_46000758_46000767	Ctrl	3	1.0	1.0	0.0	1.0	1.0	0.0
21_+_46000758_46000767	30min	3	1.0	1.0	0.0	1.0	1.0	0.0
21_+_46000758_46000767	3hr	3	1.0	1.0	0.0	1.0	1.0	0.0
21_+_46000758_46000767	12hr	3	1.0	1.0	0.0	1.0	1.0	0.0
21_+_46000758_46000767	24hr	3	1.0	1.0	0.0	1.0	1.0	0.0
21_+_46000758_46000767	48hr	3	1.0	1.0	0.0	1.0	1.0	0.0
21_+_46000758_46000767	72hr	3	1.0	1.0	0.0	1.0	1.0	0.0
21_+_46000758_46000767	7day	3	1.0	1.0	0.0	1.0	1.0	0.0
1_+_168239130_168239160	Ctrl	3	1.0	1.0	0.0	1.0	1.0	0.0
1_+_168239130_168239160	30min	3	1.0	1.0	0.0	1.0	1.0	0.0
1_+_168239130_168239160	3hr	3	1.0	1.0	0.0	1.0	1.0	0.0
1_+_168239130_168239160	12hr	3	1.0	1.0	0.0	1.0	1.0	0.0
1_+_168239130_168239160	24hr	3	1.0	1.0	0.0	1.0	1.0	0.0
1_+_168239130_168239160	48hr	3	1.0	1.0	0.0	1.0	1.0	0.0
1_+_168239130_168239160	72hr	2	1.0	1.0	0.0	1.0	1.0	0.0
1_+_168239130_168239160	7day	3	1.0	1.0	0.0	1.0	1.0	0.0
2_-_237359361_237359388	Ctrl	2	1.0	1.0	0.0	1.0	1.0	0.0
2_-_237359361_237359388	30min	0						
2_-_237359361_237359388	3hr	0						
2_-_237359361_237359388	12hr	1	1.0	1.0		1.0	1.0	0.0
2_-_237359361_237359388	24hr	3	1.0	1.0	0.0	1.0	1.0	0.0
2_-_237359361_237359388	48hr	2	1.0	1.0	0.0	1.0	1.0	0.0
2_-_237359361_237359388	72hr	0						
2_-_237359361_237359388	7day	0						
4_-_152644414_152644442	Ctrl	1	1.0	1.0		1.0	1.0	0.0
4_-_152644414_152644442	30min	2	1.0	1.0	0.0	1.0	1.0	0.0
4_-_152644414_152644442	3hr	1	1.0	1.0		1.0	1.0	0.0
4_-_152644414_152644442	12hr	3	1.0	1.0	0.0	1.0	1.0	0.0
4_-_152644414_152644442	24hr	3	1.0	1.0	0.0	1.0	1.0	0.0
4_-_152644414_152644442	48hr	3	1.0	1.0	0.0	1.0	1.0	0.0
4_-_152644414_152644442	72hr	1	1.0	1.0		1.0	1.0	0.0
4_-_152644414_152644442	7day	2	1.0	1.0	0.0	1.0	1.0	0.0
18_-_74260914_74260944	Ctrl	3	1.0	1.0	0.0	1.0	1.0	0.0
18_-_74260914_74260944	30min	1	1.0	1.0		1.0	1.0	0.0
18_-_74260914_74260944	3hr	3	1.0	1.0	0.0	1.0	1.0	0.0
18_-_74260914_74260944	12hr	3	0.9487087912087911	0.945054945054945	0.04065903437663078	0.91	0.9910714285714286	0.08107142857142857
18_-_74260914_74260944	24hr	3	0.9627892175542129	0.9518072289156626	0.02756455872058069	0.9424083769633508	0.9941520467836256	0.051743669820274785
18_-_74260914_74260944	48hr	3	0.9919541737723555	0.9917355371900828	0.00793876625758598	0.984126984126984	1.0	0.01587301587301604
18_-_74260914_74260944	72hr	3	1.0	1.0	0.0	1.0	1.0	0.0
18_-_74260914_74260944	7day	3	0.9795186891961086	0.9861751152073732	0.024497437202059737	0.9523809523809524	1.0	0.04761904761904756
12_+_110636480_110636501	Ctrl	1	1.0	1.0		1.0	1.0	0.0
12_+_110636480_110636501	30min	1	0.0	0.0		0.0	0.0	0.0
12_+_110636480_110636501	3hr	1	1.0	1.0		1.0	1.0	0.0
12_+_110636480_110636501	12hr	0						
12_+_110636480_110636501	24hr	2	1.0	1.0	0.0	1.0	1.0	0.0
12_+_110636480_110636501	48hr	2	0.9444444444444444	0.9444444444444444	0.07856742013183865	0.8888888888888888	1.0	0.11111111111111116
12_+_110636480_110636501	72hr	3	0.9696969696969697	1.0	0.05248638810814775	0.9090909090909092	1.0	0.09090909090909083
12_+_110636480_110636501	7day	0						
1_+_42659227_42659251	Ctrl	3	0.728102304149776	0.7681159420289855	0.2214617038538123	0.4893617021276595	0.926829268292683	0.43746756616502347
1_+_42659227_42659251	30min	3	0.743859649122807	0.631578947368421	0.22238528950864317	0.6	1.0	0.4
1_+_42659227_42659251	3hr	3	0.8376811594202899	0.9130434782608696	0.13660018054809406	0.68	0.92	0.24
1_+_42659227_42659251	12hr	3	0.9852692586331804	0.9801980198019802	0.012961832311344752	0.975609756097561	1.0	0.024390243902439046
1_+_42659227_42659251	24hr	3	0.9408717007285162	0.9349112426035504	0.012891644793533387	0.9320388349514565	0.955665024630542	0.023626189679085585
1_+_42659227_42659251	48hr	3	0.9531545223034583	0.9627659574468084	0.041849044396984586	0.9073359073359072	0.9893617021276596	0.08202579479175243
1_+_42659227_42659251	72hr	3	0.9263144121023839	0.9117647058823528	0.026349566819003474	0.9104477611940298	0.9567307692307692	0.04628300803673935
1_+_42659227_42659251	7day	3	0.9687979539641942	0.9652173913043478	0.02957477345365482	0.9411764705882352	1.0	0.05882352941176483
1_-_41160874_41160898	Ctrl	2	1.0	1.0	0.0	1.0	1.0	0.0
1_-_41160874_41160898	30min	3	1.0	1.0	0.0	1.0	1.0	0.0
1_-_41160874_41160898	3hr	0						
1_-_41160874_41160898	12hr	3	1.0	1.0	0.0	1.0	1.0	0.0
1_-_41160874_41160898	24hr	3	1.0	1.0	0.0	1.0	1.0	0.0
1_-_41160874_41160898	48hr	3	1.0	1.0	0.0	1.0	1.0	0.0
1_-_41160874_41160898	72hr	1	1.0	1.0		1.0	1.0	0.0
1_-_41160874_41160898	7day	0						
15_-_49028143_49028168	Ctrl	3	1.0	1.0	0.0	1.0	1.0	0.0
15_-_49028143_49028168	30min	3	1.0	1.0	0.0	1.0	1.0	0.0
15_-_49028143_49028168	3hr	3	1.0	1.0	0.0	1.0	1.0	0.0
15_-_49028143_49028168	12hr	3	1.0	1.0	0.0	1.0	1.0	0.0
15_-_49028143_49028168	24hr	3	1.0	1.0	0.0	1.0	1.0	0.0
15_-_49028143_49028168	48hr	3	1.0	1.0	0.0	1.0	1.0	0.0
15_-_49028143_49028168	72hr	3	1.0	1.0	0.0	1.0	1.0	0.0
15_-_49028143_49028168	7day	3	1.0	1.0	0.0	1.0	1.0	0.0
3_+_42630545_42630575	Ctrl	3	0.22160020226183183	0.1686746987951807	0.10181991799019743	0.1571428571428571	0.3389830508474576	0.1818401937046005
3_+_42630545_42630575	30min	3	0.15655351797106784	0.1521739130434782	0.03548978621954628	0.1234567901234567	0.1940298507462686	0.0705730606228119
3_+_42630545_42630575	3hr	3	0.5058998739832742	0.5714285714285714	0.1580908880855658	0.3255813953488372	0.6206896551724138	0.29510825982357664
3_+_42630545_42630575	12hr	3	0.6009752699407872	0.5454545454545454	0.10683403840341449	0.5333333333333333	0.7241379310344828	0.19080459770114944
3_+_42630545_42630575	24hr	3	0.7878787878787877	0.7727272727272727	0.04008714107673625	0.7575757575757576	0.8333333333333334	0.0757575757575758
3_+_42630545_42630575	48hr	3	0.9487179487179488	1.0	0.0888231183368655	0.8461538461538461	1.0	0.15384615384615385
3_+_42630545_42630575	72hr	3	0.552536231884058	0.782608695652174	0.4807351182701845	0.0	0.875	0.875
3_+_42630545_42630575	7day	3	0.5394957983193277	0.5714285714285714	0.12658709282454148	0.4	0.6470588235294118	0.24705882352941178
19_-_38922237_38922267	Ctrl	3	0.521062271062271	0.4285714285714285	0.1994803154409984	0.3846153846153846	0.75	0.3653846153846154
19_-_38922237_38922267	30min	3	0.16666666666666666	0.0	0.2886751345948129	0.0	0.5	0.5
19_-_38922237_38922267	3hr	2	0.5714285714285714	0.5714285714285714	0.6060915267313265	0.1428571428571428	1.0	0.8571428571428572
19_-_38922237_38922267	12hr	3	0.8540863638902855	0.8518518518518519	0.0859946267906614	0.7692307692307693	0.9411764705882352	0.1719457013574659
19_-_38922237_38922267	24hr	3	0.9484684684684684	0.94	0.04786251717450735	0.9054054054054054	1.0	0.09459459459459463
19_-_38922237_38922267	48hr	3	0.9226190476190476	1.0	0.13402774106187737	0.7678571428571429	1.0	0.2321428571428571
19_-_38922237_38922267	72hr	3	0.9885057471264368	1.0	0.019908629972056037	0.9655172413793104	1.0	0.03448275862068961
19_-_38922237_38922267	7day	3	0.947114556416882	0.9302325581395348	0.04678739190586039	0.9111111111111112	1.0	0.0888888888888888
19_+_17275800_17275825	Ctrl	3	0.9841269841269842	1.0	0.027492869961410715	0.9523809523809524	1.0	0.04761904761904756
19_+_17275800_17275825	30min	3	0.991869918699187	1.0	0.014081713882673812	0.975609756097561	1.0	0.024390243902439046
19_+_17275800_17275825	3hr	3	1.0	1.0	0.0	1.0	1.0	0.0
19_+_17275800_17275825	12hr	3	0.9844380911526756	0.986842105263158	0.006195252445302961	0.9774011299435028	0.989071038251366	0.011669908307863186
19_+_17275800_17275825	24hr	3	0.9570689773300414	0.946341463414634	0.019512674416615305	0.945273631840796	0.979591836734694	0.03431820489389792
19_+_17275800_17275825	48hr	3	0.9447477622151119	0.9494163424124512	0.028175157754224977	0.9145299145299144	0.9702970297029704	0.05576711517305599
19_+_17275800_17275825	72hr	3	0.9760072113567425	0.973621103117506	0.01624275489856196	0.9610894941634242	0.9933110367892976	0.0322215426258734
19_+_17275800_17275825	7day	3	0.9687575450287316	0.9661016949152542	0.004853142656527067	0.9658119658119658	0.9743589743589745	0.008547008547008628
17_-_28350765_28350792	Ctrl	3	1.0	1.0	0.0	1.0	1.0	0.0
17_-_28350765_28350792	30min	3	1.0	1.0	0.0	1.0	1.0	0.0
17_-_28350765_28350792	3hr	3	1.0	1.0	0.0	1.0	1.0	0.0
17_-_28350765_28350792	12hr	3	1.0	1.0	0.0	1.0	1.0	0.0
17_-_28350765_28350792	24hr	3	1.0	1.0	0.0	1.0	1.0	0.0
17_-_28350765_28350792	48hr	3	1.0	1.0	0.0	1.0	1.0	0.0
17_-_28350765_28350792	72hr	3	1.0	1.0	0.0	1.0	1.0	0.0
17_-_28350765_28350792	7day	3	1.0	1.0	0.0	1.0	1.0	0.0
10_-_119161054_119161081	Ctrl	2	0.8361111111111111	0.8361111111111111	0.04321208107251124	0.8055555555555556	0.8666666666666667	0.061111111111111116
10_-_119161054_119161081	30min	2	0.8809523809523809	0.8809523809523809	0.1683587574253685	0.7619047619047619	1.0	0.23809523809523814
10_-_119161054_119161081	3hr	3	0.3666666666666667	0.5	0.32145502536643183	0.0	0.6	0.6
10_-_119161054_119161081	12hr	3	0.8955280964989702	0.8833333333333333	0.032194820430951954	0.8712121212121212	0.9320388349514565	0.060826713739335236
10_-_119161054_119161081	24hr	3	0.8397657952069716	0.88	0.07173504157413002	0.7569444444444444	0.8823529411764706	0.12540849673202614
10_-_119161054_119161081	48hr	3	0.8041839740757107	0.835	0.05390965496679813	0.7419354838709677	0.8356164383561644	0.09368095448519664
10_-_119161054_119161081	72hr	3	0.9577089986080406	0.9745762711864406	0.05278605432366046	0.8985507246376812	1.0	0.10144927536231885
10_-_119161054_119161081	7day	3	0.8516903451862801	0.8703703703703703	0.13423777954844698	0.7090909090909091	0.975609756097561	0.26651884700665185
2_+_42264705_42264731	Ctrl	3	1.0	1.0	0.0	1.0	1.0	0.0
2_+_42264705_42264731	30min	3	1.0	1.0	0.0	1.0	1.0	0.0
2_+_42264705_42264731	3hr	3	1.0	1.0	0.0	1.0	1.0	0.0
2_+_42264705_42264731	12hr	3	1.0	1.0	0.0	1.0	1.0	0.0
2_+_42264705_42264731	24hr	3	1.0	1.0	0.0	1.0	1.0	0.0
2_+_42264705_42264731	48hr	3	1.0	1.0	0.0	1.0	1.0	0.0
2_+_42264705_42264731	72hr	3	1.0	1.0	0.0	1.0	1.0	0.0
2_+_42264705_42264731	7day	3	1.0	1.0	0.0	1.0	1.0	0.0
11_+_121306458_121306486	Ctrl	3	0.496937283685404	0.3859649122807017	0.20854129709688826	0.3673469387755102	0.7375	0.3701530612244898
11_+_121306458_121306486	30min	3	0.536614420542992	0.5405405405405406	0.1388596611417376	0.3958333333333333	0.673469387755102	0.2776360544217687
11_+_121306458_121306486	3hr	3	0.012342826969406901	0.005181347150259	0.017088741236540007	0.0	0.0318471337579617	0.0318471337579617
11_+_121306458_121306486	12hr	3	0.011904761904761899	0.0	0.020619652471058056	0.0	0.0357142857142857	0.0357142857142857
11_+_121306458_121306486	24hr	3	0.0	0.0	0.0	0.0	0.0	0.0
11_+_121306458_121306486	48hr	3	0.0	0.0	0.0	0.0	0.0	0.0
11_+_121306458_121306486	72hr	3	0.0	0.0	0.0	0.0	0.0	0.0
11_+_121306458_121306486	7day	3	0.0	0.0	0.0	0.0	0.0	0.0
14_-_52658123_52658150	Ctrl	3	1.0	1.0	0.0	1.0	1.0	0.0
14_-_52658123_52658150	30min	3	1.0	1.0	0.0	1.0	1.0	0.0
14_-_52658123_52658150	3hr	3	1.0	1.0	0.0	1.0	1.0	0.0
14_-_52658123_52658150	12hr	3	1.0	1.0	0.0	1.0	1.0	0.0
14_-_52658123_52658150	24hr	3	1.0	1.0	0.0	1.0	1.0	0.0
14_-_52658123_52658150	48hr	3	1.0	1.0	0.0	1.0	1.0	0.0
14_-_52658123_52658150	72hr	3	1.0	1.0	0.0	1.0	1.0	0.0
14_-_52658123_52658150	7day	3	1.0	1.0	0.0	1.0	1.0	0.0
2_-_73023187_73023214	Ctrl	1	1.0	1.0		1.0	1.0	0.0
2_-_73023187_73023214	30min	2	1.0	1.0	0.0	1.0	1.0	0.0
2_-_73023187_73023214	3hr	1	1.0	1.0		1.0	1.0	0.0
2_-_73023187_73023214	12hr	3	1.0	1.0	0.0	1.0	1.0	0.0
2_-_73023187_73023214	24hr	3	1.0	1.0	0.0	1.0	1.0	0.0
2_-_73023187_73023214	48hr	3	1.0	1.0	0.0	1.0	1.0	0.0
2_-_73023187_73023214	72hr	3	1.0	1.0	0.0	1.0	1.0	0.0
2_-_73023187_73023214	7day	3	1.0	1.0	0.0	1.0	1.0	0.0
17_-_64353490_64353518	Ctrl	3	1.0	1.0	0.0	1.0	1.0	0.0
17_-_64353490_64353518	30min	3	1.0	1.0	0.0	1.0	1.0	0.0
17_-_64353490_64353518	3hr	3	1.0	1.0	0.0	1.0	1.0	0.0
17_-_64353490_64353518	12hr	3	1.0	1.0	0.0	1.0	1.0	0.0
17_-_64353490_64353518	24hr	3	1.0	1.0	0.0	1.0	1.0	0.0
17_-_64353490_64353518	48hr	3	1.0	1.0	0.0	1.0	1.0	0.0
17_-_64353490_64353518	72hr	3	1.0	1.0	0.0	1.0	1.0	0.0
17_-_64353490_64353518	7day	3	1.0	1.0	0.0	1.0	1.0	0.0
17_+_27585656_27585661	Ctrl	1	1.0	1.0		1.0	1.0	0.0
17_+_27585656_27585661	30min	1	1.0	1.0		1.0	1.0	0.0
17_+_27585656_27585661	3hr	0						
17_+_27585656_27585661	12hr	3	1.0	1.0	0.0	1.0	1.0	0.0
17_+_27585656_27585661	24hr	2	1.0	1.0	0.0	1.0	1.0	0.0
17_+_27585656_27585661	48hr	3	1.0	1.0	0.0	1.0	1.0	0.0
17_+_27585656_27585661	72hr	2	1.0	1.0	0.0	1.0	1.0	0.0
17_+_27585656_27585661	7day	3	1.0	1.0	0.0	1.0	1.0	0.0
2_+_113632914_113632944	Ctrl	3	1.0	1.0	0.0	1.0	1.0	0.0
2_+_113632914_113632944	30min	3	1.0	1.0	0.0	1.0	1.0	0.0
2_+_113632914_113632944	3hr	3	1.0	1.0	0.0	1.0	1.0	0.0
2_+_113632914_113632944	12hr	3	1.0	1.0	0.0	1.0	1.0	0.0
2_+_113632914_113632944	24hr	3	1.0	1.0	0.0	1.0	1.0	0.0
2_+_113632914_113632944	48hr	3	1.0	1.0	0.0	1.0	1.0	0.0
2_+_113632914_113632944	72hr	3	1.0	1.0	0.0	1.0	1.0	0.0
2_+_113632914_113632944	7day	3	1.0	1.0	0.0	1.0	1.0	0.0
6_-_13652658_13652681	Ctrl	3	1.0	1.0	0.0	1.0	1.0	0.0
6_-_13652658_13652681	30min	3	1.0	1.0	0.0	1.0	1.0	0.0
6_-_13652658_13652681	3hr	3	1.0	1.0	0.0	1.0	1.0	0.0
6_-_13652658_13652681	12hr	3	1.0	1.0	0.0	1.0	1.0	0.0
6_-_13652658_13652681	24hr	3	1.0	1.0	0.0	1.0	1.0	0.0
6_-_13652658_13652681	48hr	3	1.0	1.0	0.0	1.0	1.0	0.0
6_-_13652658_13652681	72hr	3	1.0	1.0	0.0	1.0	1.0	0.0
6_-_13652658_13652681	7day	3	1.0	1.0	0.0	1.0	1.0	0.0
3_-_129159153_129159176	Ctrl	3	1.0	1.0	0.0	1.0	1.0	0.0
3_-_129159153_129159176	30min	3	1.0	1.0	0.0	1.0	1.0	0.0
3_-_129159153_129159176	3hr	3	1.0	1.0	0.0	1.0	1.0	0.0
3_-_129159153_129159176	12hr	3	1.0	1.0	0.0	1.0	1.0	0.0
3_-_129159153_129159176	24hr	3	1.0	1.0	0.0	1.0	1.0	0.0
3_-_129159153_129159176	48hr	3	1.0	1.0	0.0	1.0	1.0	0.0
3_-_129159153_129159176	72hr	3	1.0	1.0	0.0	1.0	1.0	0.0
3_-_129159153_129159176	7day	3	1.0	1.0	0.0	1.0	1.0	0.0
10_-_119159727_119159753	Ctrl	2	1.0	1.0	0.0	1.0	1.0	0.0
10_-_119159727_119159753	30min	1	1.0	1.0		1.0	1.0	0.0
10_-_119159727_119159753	3hr	3	1.0	1.0	0.0	1.0	1.0	0.0
10_-_119159727_119159753	12hr	3	1.0	1.0	0.0	1.0	1.0	0.0
10_-_119159727_119159753	24hr	3	1.0	1.0	0.0	1.0	1.0	0.0
10_-_119159727_119159753	48hr	3	1.0	1.0	0.0	1.0	1.0	0.0
10_-_119159727_119159753	72hr	3	1.0	1.0	0.0	1.0	1.0	0.0
10_-_119159727_119159753	7day	3	1.0	1.0	0.0	1.0	1.0	0.0
6_+_25973053_25973076	Ctrl	3	1.0	1.0	0.0	1.0	1.0	0.0
6_+_25973053_25973076	30min	3	1.0	1.0	0.0	1.0	1.0	0.0
6_+_25973053_25973076	3hr	3	1.0	1.0	0.0	1.0	1.0	0.0
6_+_25973053_25973076	12hr	3	1.0	1.0	0.0	1.0	1.0	0.0
6_+_25973053_25973076	24hr	3	1.0	1.0	0.0	1.0	1.0	0.0
6_+_25973053_25973076	48hr	3	1.0	1.0	0.0	1.0	1.0	0.0
6_+_25973053_25973076	72hr	3	1.0	1.0	0.0	1.0	1.0	0.0
6_+_25973053_25973076	7day	3	1.0	1.0	0.0	1.0	1.0	0.0
2_+_97250143_97250173	Ctrl	3	1.0	1.0	0.0	1.0	1.0	0.0
2_+_97250143_97250173	30min	3	1.0	1.0	0.0	1.0	1.0	0.0
2_+_97250143_97250173	3hr	3	1.0	1.0	0.0	1.0	1.0	0.0
2_+_97250143_97250173	12hr	2	1.0	1.0	0.0	1.0	1.0	0.0
2_+_97250143_97250173	24hr	2	1.0	1.0	0.0	1.0	1.0	0.0
2_+_97250143_97250173	48hr	2	1.0	1.0	0.0	1.0	1.0	0.0
2_+_97250143_97250173	72hr	3	1.0	1.0	0.0	1.0	1.0	0.0
2_+_97250143_97250173	7day	2	1.0	1.0	0.0	1.0	1.0	0.0
19_+_35148693_35148723	Ctrl	3	1.0	1.0	0.0	1.0	1.0	0.0
19_+_35148693_35148723	30min	3	1.0	1.0	0.0	1.0	1.0	0.0
19_+_35148693_35148723	3hr	3	1.0	1.0	0.0	1.0	1.0	0.0
19_+_35148693_35148723	12hr	0						
19_+_35148693_35148723	24hr	0						
19_+_35148693_35148723	48hr	0						
19_+_35148693_35148723	72hr	0						
19_+_35148693_35148723	7day	1	1.0	1.0		1.0	1.0	0.0
2_-_95927380_95927409	Ctrl	3	1.0	1.0	0.0	1.0	1.0	0.0
2_-_95927380_95927409	30min	2	1.0	1.0	0.0	1.0	1.0	0.0
2_-_95927380_95927409	3hr	1	1.0	1.0		1.0	1.0	0.0
2_-_95927380_95927409	12hr	2	1.0	1.0	0.0	1.0	1.0	0.0
2_-_95927380_95927409	24hr	1	1.0	1.0		1.0	1.0	0.0
2_-_95927380_95927409	48hr	0						
2_-_95927380_95927409	72hr	0						
2_-_95927380_95927409	7day	2	1.0	1.0	0.0	1.0	1.0	0.0
19_+_41893273_41893303	Ctrl	3	1.0	1.0	0.0	1.0	1.0	0.0
19_+_41893273_41893303	30min	3	0.9996969696969696	1.0	0.0005248638810813851	0.9990909090909093	1.0	0.0009090909090907484
19_+_41893273_41893303	3hr	3	0.9967935879976255	0.9984779299847792	0.004303345236252099	0.9919028340080972	1.0	0.0080971659919028
19_+_41893273_41893303	12hr	3	0.9984971430672992	0.998003992015968	0.0013268916471340664	0.9974874371859296	1.0	0.002512562814070418
19_+_41893273_41893303	24hr	3	0.9914073107680413	0.9947089947089948	0.008515705219798837	0.9817351598173516	0.9977777777777778	0.016042617960426164
19_+_41893273_41893303	48hr	3	1.0	1.0	0.0	1.0	1.0	0.0
19_+_41893273_41893303	72hr	3	0.993939393939394	1.0	0.010497277621629563	0.9818181818181818	1.0	0.018181818181818188
19_+_41893273_41893303	7day	3	0.9990627928772259	1.0	0.001623290353860218	0.9971883786316776	1.0	0.002811621368322359
11_+_113323993_113324015	Ctrl	2	1.0	1.0	0.0	1.0	1.0	0.0
11_+_113323993_113324015	30min	3	1.0	1.0	0.0	1.0	1.0	0.0
11_+_113323993_113324015	3hr	2	1.0	1.0	0.0	1.0	1.0	0.0
11_+_113323993_113324015	12hr	3	1.0	1.0	0.0	1.0	1.0	0.0
11_+_113323993_113324015	24hr	3	1.0	1.0	0.0	1.0	1.0	0.0
11_+_113323993_113324015	48hr	3	1.0	1.0	0.0	1.0	1.0	0.0
11_+_113323993_113324015	72hr	3	1.0	1.0	0.0	1.0	1.0	0.0
11_+_113323993_113324015	7day	3	1.0	1.0	0.0	1.0	1.0	0.0
X_-_40729318_40729345	Ctrl	3	1.0	1.0	0.0	1.0	1.0	0.0
X_-_40729318_40729345	30min	3	1.0	1.0	0.0	1.0	1.0	0.0
X_-_40729318_40729345	3hr	3	1.0	1.0	0.0	1.0	1.0	0.0
X_-_40729318_40729345	12hr	3	1.0	1.0	0.0	1.0	1.0	0.0
X_-_40729318_40729345	24hr	3	1.0	1.0	0.0	1.0	1.0	0.0
X_-_40729318_40729345	48hr	3	1.0	1.0	0.0	1.0	1.0	0.0
X_-_40729318_40729345	72hr	3	1.0	1.0	0.0	1.0	1.0	0.0
X_-_40729318_40729345	7day	3	1.0	1.0	0.0	1.0	1.0	0.0
1_-_19770541_19770569	Ctrl	3	1.0	1.0	0.0	1.0	1.0	0.0
1_-_19770541_19770569	30min	3	1.0	1.0	0.0	1.0	1.0	0.0
1_-_19770541_19770569	3hr	1	1.0	1.0		1.0	1.0	0.0
1_-_19770541_19770569	12hr	3	1.0	1.0	0.0	1.0	1.0	0.0
1_-_19770541_19770569	24hr	3	1.0	1.0	0.0	1.0	1.0	0.0
1_-_19770541_19770569	48hr	3	1.0	1.0	0.0	1.0	1.0	0.0
1_-_19770541_19770569	72hr	3	1.0	1.0	0.0	1.0	1.0	0.0
1_-_19770541_19770569	7day	3	1.0	1.0	0.0	1.0	1.0	0.0
11_+_123584311_123584332	Ctrl	0						
11_+_123584311_123584332	30min	0						
11_+_123584311_123584332	3hr	0						
11_+_123584311_123584332	12hr	0						
11_+_123584311_123584332	24hr	1	1.0	1.0		1.0	1.0	0.0
11_+_123584311_123584332	48hr	3	1.0	1.0	0.0	1.0	1.0	0.0
11_+_123584311_123584332	72hr	3	1.0	1.0	0.0	1.0	1.0	0.0
11_+_123584311_123584332	7day	3	1.0	1.0	0.0	1.0	1.0	0.0
6_+_26466061_26466088	Ctrl	3	1.0	1.0	0.0	1.0	1.0	0.0
6_+_26466061_26466088	30min	3	1.0	1.0	0.0	1.0	1.0	0.0
6_+_26466061_26466088	3hr	3	1.0	1.0	0.0	1.0	1.0	0.0
6_+_26466061_26466088	12hr	3	1.0	1.0	0.0	1.0	1.0	0.0
6_+_26466061_26466088	24hr	3	1.0	1.0	0.0	1.0	1.0	0.0
6_+_26466061_26466088	48hr	3	1.0	1.0	0.0	1.0	1.0	0.0
6_+_26466061_26466088	72hr	3	1.0	1.0	0.0	1.0	1.0	0.0
6_+_26466061_26466088	7day	3	1.0	1.0	0.0	1.0	1.0	0.0
6_-_135404950_135404977	Ctrl	1	1.0	1.0		1.0	1.0	0.0
6_-_135404950_135404977	30min	2	1.0	1.0	0.0	1.0	1.0	0.0
6_-_135404950_135404977	3hr	2	1.0	1.0	0.0	1.0	1.0	0.0
6_-_135404950_135404977	12hr	3	1.0	1.0	0.0	1.0	1.0	0.0
6_-_135404950_135404977	24hr	3	1.0	1.0	0.0	1.0	1.0	0.0
6_-_135404950_135404977	48hr	3	1.0	1.0	0.0	1.0	1.0	0.0
6_-_135404950_135404977	72hr	3	1.0	1.0	0.0	1.0	1.0	0.0
6_-_135404950_135404977	7day	3	1.0	1.0	0.0	1.0	1.0	0.0
2_-_174380803_174380814	Ctrl	3	1.0	1.0	0.0	1.0	1.0	0.0
2_-_174380803_174380814	30min	3	1.0	1.0	0.0	1.0	1.0	0.0
2_-_174380803_174380814	3hr	3	1.0	1.0	0.0	1.0	1.0	0.0
2_-_174380803_174380814	12hr	3	1.0	1.0	0.0	1.0	1.0	0.0
2_-_174380803_174380814	24hr	3	1.0	1.0	0.0	1.0	1.0	0.0
2_-_174380803_174380814	48hr	3	1.0	1.0	0.0	1.0	1.0	0.0
2_-_174380803_174380814	72hr	3	1.0	1.0	0.0	1.0	1.0	0.0
2_-_174380803_174380814	7day	3	1.0	1.0	0.0	1.0	1.0	0.0
2_+_97217176_97217205	Ctrl	3	1.0	1.0	0.0	1.0	1.0	0.0
2_+_97217176_97217205	30min	3	1.0	1.0	0.0	1.0	1.0	0.0
2_+_97217176_97217205	3hr	2	1.0	1.0	0.0	1.0	1.0	0.0
2_+_97217176_97217205	12hr	3	1.0	1.0	0.0	1.0	1.0	0.0
2_+_97217176_97217205	24hr	2	1.0	1.0	0.0	1.0	1.0	0.0
2_+_97217176_97217205	48hr	2	1.0	1.0	0.0	1.0	1.0	0.0
2_+_97217176_97217205	72hr	1	1.0	1.0		1.0	1.0	0.0
2_+_97217176_97217205	7day	3	1.0	1.0	0.0	1.0	1.0	0.0
6_+_26411108_26411135	Ctrl	3	1.0	1.0	0.0	1.0	1.0	0.0
6_+_26411108_26411135	30min	3	1.0	1.0	0.0	1.0	1.0	0.0
6_+_26411108_26411135	3hr	3	1.0	1.0	0.0	1.0	1.0	0.0
6_+_26411108_26411135	12hr	2	1.0	1.0	0.0	1.0	1.0	0.0
6_+_26411108_26411135	24hr	1	1.0	1.0		1.0	1.0	0.0
6_+_26411108_26411135	48hr	0						
6_+_26411108_26411135	72hr	0						
6_+_26411108_26411135	7day	0						
17_-_3881626_3881648	Ctrl	0						
17_-_3881626_3881648	30min	2	1.0	1.0	0.0	1.0	1.0	0.0
17_-_3881626_3881648	3hr	0						
17_-_3881626_3881648	12hr	2	0.9722222222222222	0.9722222222222222	0.039283710065919325	0.9444444444444444	1.0	0.05555555555555558
17_-_3881626_3881648	24hr	3	1.0	1.0	0.0	1.0	1.0	0.0
17_-_3881626_3881648	48hr	1	1.0	1.0		1.0	1.0	0.0
17_-_3881626_3881648	72hr	1	1.0	1.0		1.0	1.0	0.0
17_-_3881626_3881648	7day	1	1.0	1.0		1.0	1.0	0.0
11_+_5706593_5706616	Ctrl	3	1.0	1.0	0.0	1.0	1.0	0.0
11_+_5706593_5706616	30min	3	0.9967845659163986	1.0	0.005569295201186174	0.990353697749196	1.0	0.009646302250803984
11_+_5706593_5706616	3hr	3	1.0	1.0	0.0	1.0	1.0	0.0
11_+_5706593_5706616	12hr	3	1.0	1.0	0.0	1.0	1.0	0.0
11_+_5706593_5706616	24hr	3	1.0	1.0	0.0	1.0	1.0	0.0
11_+_5706593_5706616	48hr	3	1.0	1.0	0.0	1.0	1.0	0.0
11_+_5706593_5706616	72hr	3	0.9987834549878345	1.0	0.002107117770765087	0.9963503649635036	1.0	0.0036496350364964014
11_+_5706593_5706616	7day	3	1.0	1.0	0.0	1.0	1.0	0.0
6_-_43568710_43568737	Ctrl	3	1.0	1.0	0.0	1.0	1.0	0.0
6_-_43568710_43568737	30min	3	1.0	1.0	0.0	1.0	1.0	0.0
6_-_43568710_43568737	3hr	1	1.0	1.0		1.0	1.0	0.0
6_-_43568710_43568737	12hr	3	1.0	1.0	0.0	1.0	1.0	0.0
6_-_43568710_43568737	24hr	3	1.0	1.0	0.0	1.0	1.0	0.0
6_-_43568710_43568737	48hr	3	1.0	1.0	0.0	1.0	1.0	0.0
6_-_43568710_43568737	72hr	3	1.0	1.0	0.0	1.0	1.0	0.0
6_-_43568710_43568737	7day	3	1.0	1.0	0.0	1.0	1.0	0.0
2_+_97189086_97189115	Ctrl	2	1.0	1.0	0.0	1.0	1.0	0.0
2_+_97189086_97189115	30min	3	1.0	1.0	0.0	1.0	1.0	0.0
2_+_97189086_97189115	3hr	2	1.0	1.0	0.0	1.0	1.0	0.0
2_+_97189086_97189115	12hr	1	1.0	1.0		1.0	1.0	0.0
2_+_97189086_97189115	24hr	2	1.0	1.0	0.0	1.0	1.0	0.0
2_+_97189086_97189115	48hr	1	1.0	1.0		1.0	1.0	0.0
2_+_97189086_97189115	72hr	1	1.0	1.0		1.0	1.0	0.0
2_+_97189086_97189115	7day	0						
2_-_168074981_168075011	Ctrl	3	1.0	1.0	0.0	1.0	1.0	0.0
2_-_168074981_168075011	30min	3	1.0	1.0	0.0	1.0	1.0	0.0
2_-_168074981_168075011	3hr	3	1.0	1.0	0.0	1.0	1.0	0.0
2_-_168074981_168075011	12hr	3	1.0	1.0	0.0	1.0	1.0	0.0
2_-_168074981_168075011	24hr	3	1.0	1.0	0.0	1.0	1.0	0.0
2_-_168074981_168075011	48hr	3	1.0	1.0	0.0	1.0	1.0	0.0
2_-_168074981_168075011	72hr	3	1.0	1.0	0.0	1.0	1.0	0.0
2_-_168074981_168075011	7day	3	1.0	1.0	0.0	1.0	1.0	0.0
1_+_246641748_246641770	Ctrl	3	1.0	1.0	0.0	1.0	1.0	0.0
1_+_246641748_246641770	30min	3	1.0	1.0	0.0	1.0	1.0	0.0
1_+_246641748_246641770	3hr	3	1.0	1.0	0.0	1.0	1.0	0.0
1_+_246641748_246641770	12hr	3	1.0	1.0	0.0	1.0	1.0	0.0
1_+_246641748_246641770	24hr	3	1.0	1.0	0.0	1.0	1.0	0.0
1_+_246641748_246641770	48hr	3	1.0	1.0	0.0	1.0	1.0	0.0
1_+_246641748_246641770	72hr	3	1.0	1.0	0.0	1.0	1.0	0.0
1_+_246641748_246641770	7day	3	1.0	1.0	0.0	1.0	1.0	0.0
2_+_97204067_97204096	Ctrl	3	1.0	1.0	0.0	1.0	1.0	0.0
2_+_97204067_97204096	30min	3	1.0	1.0	0.0	1.0	1.0	0.0
2_+_97204067_97204096	3hr	2	1.0	1.0	0.0	1.0	1.0	0.0
2_+_97204067_97204096	12hr	0						
2_+_97204067_97204096	24hr	2	1.0	1.0	0.0	1.0	1.0	0.0
2_+_97204067_97204096	48hr	1	1.0	1.0		1.0	1.0	0.0
2_+_97204067_97204096	72hr	0						
2_+_97204067_97204096	7day	0						
5_-_39139232_39139252	Ctrl	3	1.0	1.0	0.0	1.0	1.0	0.0
5_-_39139232_39139252	30min	3	1.0	1.0	0.0	1.0	1.0	0.0
5_-_39139232_39139252	3hr	3	1.0	1.0	0.0	1.0	1.0	0.0
5_-_39139232_39139252	12hr	3	1.0	1.0	0.0	1.0	1.0	0.0
5_-_39139232_39139252	24hr	3	1.0	1.0	0.0	1.0	1.0	0.0
5_-_39139232_39139252	48hr	3	1.0	1.0	0.0	1.0	1.0	0.0
5_-_39139232_39139252	72hr	3	1.0	1.0	0.0	1.0	1.0	0.0
5_-_39139232_39139252	7day	3	1.0	1.0	0.0	1.0	1.0	0.0
19_+_582305_582330	Ctrl	3	1.0	1.0	0.0	1.0	1.0	0.0
19_+_582305_582330	30min	3	1.0	1.0	0.0	1.0	1.0	0.0
19_+_582305_582330	3hr	3	1.0	1.0	0.0	1.0	1.0	0.0
19_+_582305_582330	12hr	3	1.0	1.0	0.0	1.0	1.0	0.0
19_+_582305_582330	24hr	3	1.0	1.0	0.0	1.0	1.0	0.0
19_+_582305_582330	48hr	3	1.0	1.0	0.0	1.0	1.0	0.0
19_+_582305_582330	72hr	3	1.0	1.0	0.0	1.0	1.0	0.0
19_+_582305_582330	7day	3	1.0	1.0	0.0	1.0	1.0	0.0
5_+_139276120_139276150	Ctrl	3	1.0	1.0	0.0	1.0	1.0	0.0
5_+_139276120_139276150	30min	3	1.0	1.0	0.0	1.0	1.0	0.0
5_+_139276120_139276150	3hr	3	1.0	1.0	0.0	1.0	1.0	0.0
5_+_139276120_139276150	12hr	3	1.0	1.0	0.0	1.0	1.0	0.0
5_+_139276120_139276150	24hr	3	1.0	1.0	0.0	1.0	1.0	0.0
5_+_139276120_139276150	48hr	3	1.0	1.0	0.0	1.0	1.0	0.0
5_+_139276120_139276150	72hr	3	1.0	1.0	0.0	1.0	1.0	0.0
5_+_139276120_139276150	7day	3	1.0	1.0	0.0	1.0	1.0	0.0
2_+_97202201_97202230	Ctrl	3	1.0	1.0	0.0	1.0	1.0	0.0
2_+_97202201_97202230	30min	3	1.0	1.0	0.0	1.0	1.0	0.0
2_+_97202201_97202230	3hr	3	1.0	1.0	0.0	1.0	1.0	0.0
2_+_97202201_97202230	12hr	1	1.0	1.0		1.0	1.0	0.0
2_+_97202201_97202230	24hr	2	1.0	1.0	0.0	1.0	1.0	0.0
2_+_97202201_97202230	48hr	0						
2_+_97202201_97202230	72hr	2	1.0	1.0	0.0	1.0	1.0	0.0
2_+_97202201_97202230	7day	1	1.0	1.0		1.0	1.0	0.0
5_+_176097354_176097379	Ctrl	3	1.0	1.0	0.0	1.0	1.0	0.0
5_+_176097354_176097379	30min	3	1.0	1.0	0.0	1.0	1.0	0.0
5_+_176097354_176097379	3hr	2	1.0	1.0	0.0	1.0	1.0	0.0
5_+_176097354_176097379	12hr	0						
5_+_176097354_176097379	24hr	1	1.0	1.0		1.0	1.0	0.0
5_+_176097354_176097379	48hr	0						
5_+_176097354_176097379	72hr	0						
5_+_176097354_176097379	7day	1	1.0	1.0		1.0	1.0	0.0
22_-_36327460_36327488	Ctrl	3	1.0	1.0	0.0	1.0	1.0	0.0
22_-_36327460_36327488	30min	3	1.0	1.0	0.0	1.0	1.0	0.0
22_-_36327460_36327488	3hr	3	1.0	1.0	0.0	1.0	1.0	0.0
22_-_36327460_36327488	12hr	3	1.0	1.0	0.0	1.0	1.0	0.0
22_-_36327460_36327488	24hr	3	1.0	1.0	0.0	1.0	1.0	0.0
22_-_36327460_36327488	48hr	3	1.0	1.0	0.0	1.0	1.0	0.0
22_-_36327460_36327488	72hr	3	1.0	1.0	0.0	1.0	1.0	0.0
22_-_36327460_36327488	7day	3	1.0	1.0	0.0	1.0	1.0	0.0
13_-_49732746_49732776	Ctrl	3	1.0	1.0	0.0	1.0	1.0	0.0
13_-_49732746_49732776	30min	3	1.0	1.0	0.0	1.0	1.0	0.0
13_-_49732746_49732776	3hr	3	1.0	1.0	0.0	1.0	1.0	0.0
13_-_49732746_49732776	12hr	3	1.0	1.0	0.0	1.0	1.0	0.0
13_-_49732746_49732776	24hr	3	1.0	1.0	0.0	1.0	1.0	0.0
13_-_49732746_49732776	48hr	3	1.0	1.0	0.0	1.0	1.0	0.0
13_-_49732746_49732776	72hr	3	1.0	1.0	0.0	1.0	1.0	0.0
13_-_49732746_49732776	7day	3	1.0	1.0	0.0	1.0	1.0	0.0
21_-_39348421_39348451	Ctrl	3	0.5452954787959999	0.5210526315789473	0.06958813569158363	0.4910714285714285	0.6237623762376238	0.13269094766619527
21_-_39348421_39348451	30min	3	0.5132037810306062	0.5263157894736842	0.03553781067339314	0.4729729729729729	0.5403225806451613	0.06734960767218834
21_-_39348421_39348451	3hr	3	0.5453318082891254	0.5491071428571429	0.033949436118967315	0.5096525096525096	0.5772357723577236	0.06758326270521398
21_-_39348421_39348451	12hr	3	0.5785441109551374	0.5855689176688251	0.027685788526195833	0.5480225988700564	0.6020408163265306	0.05401821745647417
21_-_39348421_39348451	24hr	3	0.6044142683053262	0.6080760095011877	0.01903438806645551	0.5838150289017341	0.6213517665130568	0.0375367376113227
21_-_39348421_39348451	48hr	3	0.5802629858186937	0.582018927444795	0.008490126204429904	0.5710321864594895	0.587737843551797	0.016705657092307535
21_-_39348421_39348451	72hr	3	0.5778707672171964	0.5900163666121113	0.06431389455274882	0.5083500334001336	0.6352459016393442	0.12689586823921062
21_-_39348421_39348451	7day	3	0.5996597578059356	0.5978898007033998	0.01820291802535664	0.5824064711830131	0.6186830015313936	0.03627653034838041
8_+_17184788_17184815	Ctrl	3	1.0	1.0	0.0	1.0	1.0	0.0
8_+_17184788_17184815	30min	3	1.0	1.0	0.0	1.0	1.0	0.0
8_+_17184788_17184815	3hr	3	1.0	1.0	0.0	1.0	1.0	0.0
8_+_17184788_17184815	12hr	3	1.0	1.0	0.0	1.0	1.0	0.0
8_+_17184788_17184815	24hr	3	1.0	1.0	0.0	1.0	1.0	0.0
8_+_17184788_17184815	48hr	3	1.0	1.0	0.0	1.0	1.0	0.0
8_+_17184788_17184815	72hr	3	1.0	1.0	0.0	1.0	1.0	0.0
8_+_17184788_17184815	7day	3	1.0	1.0	0.0	1.0	1.0	0.0
6_+_26409893_26409914	Ctrl	3	0.8085531415959721	0.7962962962962963	0.0504478027050267	0.7653631284916201	0.864	0.09863687150837985
6_+_26409893_26409914	30min	3	0.8325114970042505	0.837037037037037	0.05502615908593671	0.7753623188405797	0.8851351351351351	0.10977281629455538
6_+_26409893_26409914	3hr	3	0.820305153638487	0.7962962962962963	0.06310602616486344	0.7727272727272727	0.8918918918918919	0.11916461916461918
6_+_26409893_26409914	12hr	3	0.7202861952861953	0.7083333333333334	0.031068133001657564	0.696969696969697	0.7555555555555555	0.05858585858585852
6_+_26409893_26409914	24hr	3	0.7187134502923976	0.7	0.06350618714652137	0.6666666666666666	0.7894736842105263	0.1228070175438597
6_+_26409893_26409914	48hr	2	0.4636363636363636	0.4636363636363636	0.3728381209892705	0.2	0.7272727272727273	0.5272727272727273
6_+_26409893_26409914	72hr	3	0.8351222420989863	0.8076923076923077	0.15301794099933164	0.6976744186046512	1.0	0.3023255813953488
6_+_26409893_26409914	7day	3	0.6474867724867724	0.625	0.2309811296858102	0.4285714285714285	0.8888888888888888	0.46031746031746035
13_-_75537663_75537675	Ctrl	3	1.0	1.0	0.0	1.0	1.0	0.0
13_-_75537663_75537675	30min	3	0.9994058229352346	1.0	0.0010291448648657327	0.998217468805704	1.0	0.0017825311942960553
13_-_75537663_75537675	3hr	3	1.0	1.0	0.0	1.0	1.0	0.0
13_-_75537663_75537675	12hr	3	1.0	1.0	0.0	1.0	1.0	0.0
13_-_75537663_75537675	24hr	3	1.0	1.0	0.0	1.0	1.0	0.0
13_-_75537663_75537675	48hr	3	1.0	1.0	0.0	1.0	1.0	0.0
13_-_75537663_75537675	72hr	3	1.0	1.0	0.0	1.0	1.0	0.0
13_-_75537663_75537675	7day	3	0.9962825278810409	1.0	0.0064388505857579294	0.9888475836431226	1.0	0.01115241635687736
6_-_136705109_136705133	Ctrl	3	1.0	1.0	0.0	1.0	1.0	0.0
6_-_136705109_136705133	30min	3	1.0	1.0	0.0	1.0	1.0	0.0
6_-_136705109_136705133	3hr	3	1.0	1.0	0.0	1.0	1.0	0.0
6_-_136705109_136705133	12hr	2	1.0	1.0	0.0	1.0	1.0	0.0
6_-_136705109_136705133	24hr	2	1.0	1.0	0.0	1.0	1.0	0.0
6_-_136705109_136705133	48hr	2	1.0	1.0	0.0	1.0	1.0	0.0
6_-_136705109_136705133	72hr	1	1.0	1.0		1.0	1.0	0.0
6_-_136705109_136705133	7day	3	1.0	1.0	0.0	1.0	1.0	0.0
12_+_123652706_123652735	Ctrl	3	1.0	1.0	0.0	1.0	1.0	0.0
12_+_123652706_123652735	30min	2	1.0	1.0	0.0	1.0	1.0	0.0
12_+_123652706_123652735	3hr	3	1.0	1.0	0.0	1.0	1.0	0.0
12_+_123652706_123652735	12hr	3	1.0	1.0	0.0	1.0	1.0	0.0
12_+_123652706_123652735	24hr	3	1.0	1.0	0.0	1.0	1.0	0.0
12_+_123652706_123652735	48hr	3	1.0	1.0	0.0	1.0	1.0	0.0
12_+_123652706_123652735	72hr	3	1.0	1.0	0.0	1.0	1.0	0.0
12_+_123652706_123652735	7day	3	1.0	1.0	0.0	1.0	1.0	0.0
22_+_40251178_40251200	Ctrl	3	1.0	1.0	0.0	1.0	1.0	0.0
22_+_40251178_40251200	30min	2	1.0	1.0	0.0	1.0	1.0	0.0
22_+_40251178_40251200	3hr	1	1.0	1.0		1.0	1.0	0.0
22_+_40251178_40251200	12hr	2	1.0	1.0	0.0	1.0	1.0	0.0
22_+_40251178_40251200	24hr	1	1.0	1.0		1.0	1.0	0.0
22_+_40251178_40251200	48hr	0						
22_+_40251178_40251200	72hr	1	1.0	1.0		1.0	1.0	0.0
22_+_40251178_40251200	7day	1	1.0	1.0		1.0	1.0	0.0
22_-_41607839_41607861	Ctrl	3	1.0	1.0	0.0	1.0	1.0	0.0
22_-_41607839_41607861	30min	3	1.0	1.0	0.0	1.0	1.0	0.0
22_-_41607839_41607861	3hr	3	1.0	1.0	0.0	1.0	1.0	0.0
22_-_41607839_41607861	12hr	3	1.0	1.0	0.0	1.0	1.0	0.0
22_-_41607839_41607861	24hr	3	1.0	1.0	0.0	1.0	1.0	0.0
22_-_41607839_41607861	48hr	3	1.0	1.0	0.0	1.0	1.0	0.0
22_-_41607839_41607861	72hr	3	1.0	1.0	0.0	1.0	1.0	0.0
22_-_41607839_41607861	7day	3	1.0	1.0	0.0	1.0	1.0	0.0
17_-_48363788_48363814	Ctrl	3	1.0	1.0	0.0	1.0	1.0	0.0
17_-_48363788_48363814	30min	3	1.0	1.0	0.0	1.0	1.0	0.0
17_-_48363788_48363814	3hr	3	1.0	1.0	0.0	1.0	1.0	0.0
17_-_48363788_48363814	12hr	3	1.0	1.0	0.0	1.0	1.0	0.0
17_-_48363788_48363814	24hr	3	1.0	1.0	0.0	1.0	1.0	0.0
17_-_48363788_48363814	48hr	3	1.0	1.0	0.0	1.0	1.0	0.0
17_-_48363788_48363814	72hr	3	1.0	1.0	0.0	1.0	1.0	0.0
17_-_48363788_48363814	7day	3	1.0	1.0	0.0	1.0	1.0	0.0
17_-_75937565_75937593	Ctrl	0						
17_-_75937565_75937593	30min	0						
17_-_75937565_75937593	3hr	0						
17_-_75937565_75937593	12hr	1	1.0	1.0		1.0	1.0	0.0
17_-_75937565_75937593	24hr	3	1.0	1.0	0.0	1.0	1.0	0.0
17_-_75937565_75937593	48hr	3	1.0	1.0	0.0	1.0	1.0	0.0
17_-_75937565_75937593	72hr	2	1.0	1.0	0.0	1.0	1.0	0.0
17_-_75937565_75937593	7day	1	1.0	1.0		1.0	1.0	0.0
16_-_934243_934254	Ctrl	3	0.9779314888010541	0.9772727272727272	0.021746615072785316	0.9565217391304348	1.0	0.04347826086956519
16_-_934243_934254	30min	3	0.8840579710144928	1.0	0.200817484935522	0.6521739130434783	1.0	0.34782608695652173
16_-_934243_934254	3hr	3	1.0	1.0	0.0	1.0	1.0	0.0
16_-_934243_934254	12hr	2	0.9090909090909092	0.9090909090909092	0.12856486930664496	0.8181818181818182	1.0	0.18181818181818177
16_-_934243_934254	24hr	2	1.0	1.0	0.0	1.0	1.0	0.0
16_-_934243_934254	48hr	2	1.0	1.0	0.0	1.0	1.0	0.0
16_-_934243_934254	72hr	0						
16_-_934243_934254	7day	3	0.8253968253968255	1.0	0.3024215695755183	0.4761904761904761	1.0	0.523809523809524
X_-_80809012_80809042	Ctrl	3	1.0	1.0	0.0	1.0	1.0	0.0
X_-_80809012_80809042	30min	3	1.0	1.0	0.0	1.0	1.0	0.0
X_-_80809012_80809042	3hr	3	1.0	1.0	0.0	1.0	1.0	0.0
X_-_80809012_80809042	12hr	3	1.0	1.0	0.0	1.0	1.0	0.0
X_-_80809012_80809042	24hr	3	1.0	1.0	0.0	1.0	1.0	0.0
X_-_80809012_80809042	48hr	2	1.0	1.0	0.0	1.0	1.0	0.0
X_-_80809012_80809042	72hr	3	1.0	1.0	0.0	1.0	1.0	0.0
X_-_80809012_80809042	7day	3	1.0	1.0	0.0	1.0	1.0	0.0
2_-_11218454_11218466	Ctrl	2	0.2857142857142857	0.2857142857142857	0.40406101782088427	0.0	0.5714285714285714	0.5714285714285714
2_-_11218454_11218466	30min	0						
2_-_11218454_11218466	3hr	0						
2_-_11218454_11218466	12hr	1	1.0	1.0		1.0	1.0	0.0
2_-_11218454_11218466	24hr	3	1.0	1.0	0.0	1.0	1.0	0.0
2_-_11218454_11218466	48hr	1	1.0	1.0		1.0	1.0	0.0
2_-_11218454_11218466	72hr	0						
2_-_11218454_11218466	7day	2	1.0	1.0	0.0	1.0	1.0	0.0
19_+_6833710_6833733	Ctrl	3	1.0	1.0	0.0	1.0	1.0	0.0
19_+_6833710_6833733	30min	3	1.0	1.0	0.0	1.0	1.0	0.0
19_+_6833710_6833733	3hr	3	1.0	1.0	0.0	1.0	1.0	0.0
19_+_6833710_6833733	12hr	3	1.0	1.0	0.0	1.0	1.0	0.0
19_+_6833710_6833733	24hr	3	1.0	1.0	0.0	1.0	1.0	0.0
19_+_6833710_6833733	48hr	3	1.0	1.0	0.0	1.0	1.0	0.0
19_+_6833710_6833733	72hr	3	1.0	1.0	0.0	1.0	1.0	0.0
19_+_6833710_6833733	7day	3	1.0	1.0	0.0	1.0	1.0	0.0
11_-_62852810_62852839	Ctrl	3	0.2062848454264731	0.2032019704433497	0.007704840253308044	0.2005988023952095	0.2150537634408602	0.014454961045650694
11_-_62852810_62852839	30min	3	0.19361932153918507	0.1911764705882352	0.0058208195753404685	0.1894179894179894	0.2002635046113307	0.010845515193341287
11_-_62852810_62852839	3hr	3	0.2511808569120822	0.2644628099173554	0.03316005038357972	0.2134387351778656	0.2756410256410256	0.062202290463160004
11_-_62852810_62852839	12hr	3	0.2951347429496885	0.3103448275862069	0.03077726137066795	0.2597137014314928	0.3153456998313659	0.055631998399873095
11_-_62852810_62852839	24hr	3	0.26617732566316227	0.2549371633752244	0.024242753158055453	0.2495948136142625	0.294	0.04440518638573748
11_-_62852810_62852839	48hr	3	0.31312008012624354	0.3257372654155496	0.030280289805712367	0.2785714285714286	0.3350515463917525	0.056480117820323916
11_-_62852810_62852839	72hr	3	0.24337104999819148	0.2317073170731707	0.034453906766193636	0.2162629757785467	0.2821428571428571	0.06587988136431039
11_-_62852810_62852839	7day	3	0.26403092120529537	0.2409638554216867	0.04095827360764039	0.2398081534772182	0.3113207547169811	0.07151260123976291
19_-_3963642_3963669	Ctrl	3	1.0	1.0	0.0	1.0	1.0	0.0
19_-_3963642_3963669	30min	3	1.0	1.0	0.0	1.0	1.0	0.0
19_-_3963642_3963669	3hr	3	1.0	1.0	0.0	1.0	1.0	0.0
19_-_3963642_3963669	12hr	3	1.0	1.0	0.0	1.0	1.0	0.0
19_-_3963642_3963669	24hr	3	1.0	1.0	0.0	1.0	1.0	0.0
19_-_3963642_3963669	48hr	3	1.0	1.0	0.0	1.0	1.0	0.0
19_-_3963642_3963669	72hr	3	1.0	1.0	0.0	1.0	1.0	0.0
19_-_3963642_3963669	7day	3	1.0	1.0	0.0	1.0	1.0	0.0
11_-_2951779_2951809	Ctrl	3	1.0	1.0	0.0	1.0	1.0	0.0
11_-_2951779_2951809	30min	3	1.0	1.0	0.0	1.0	1.0	0.0
11_-_2951779_2951809	3hr	3	1.0	1.0	0.0	1.0	1.0	0.0
11_-_2951779_2951809	12hr	3	1.0	1.0	0.0	1.0	1.0	0.0
11_-_2951779_2951809	24hr	3	1.0	1.0	0.0	1.0	1.0	0.0
11_-_2951779_2951809	48hr	3	1.0	1.0	0.0	1.0	1.0	0.0
11_-_2951779_2951809	72hr	3	1.0	1.0	0.0	1.0	1.0	0.0
11_-_2951779_2951809	7day	3	1.0	1.0	0.0	1.0	1.0	0.0
11_+_5641166_5641189	Ctrl	0						
11_+_5641166_5641189	30min	0						
11_+_5641166_5641189	3hr	2	1.0	1.0	0.0	1.0	1.0	0.0
11_+_5641166_5641189	12hr	1	1.0	1.0		1.0	1.0	0.0
11_+_5641166_5641189	24hr	2	1.0	1.0	0.0	1.0	1.0	0.0
11_+_5641166_5641189	48hr	2	1.0	1.0	0.0	1.0	1.0	0.0
11_+_5641166_5641189	72hr	3	1.0	1.0	0.0	1.0	1.0	0.0
11_+_5641166_5641189	7day	3	1.0	1.0	0.0	1.0	1.0	0.0
19_+_17776246_17776271	Ctrl	3	0.9080459770114943	1.0	0.1592690397764485	0.7241379310344828	1.0	0.27586206896551724
19_+_17776246_17776271	30min	3	0.9023569023569024	0.8888888888888888	0.09165425985734812	0.8181818181818182	1.0	0.18181818181818177
19_+_17776246_17776271	3hr	3	0.9722222222222222	1.0	0.048112522432468836	0.9166666666666666	1.0	0.08333333333333337
19_+_17776246_17776271	12hr	3	0.9869281045751634	1.0	0.02264118702704413	0.9607843137254902	1.0	0.039215686274509776
19_+_17776246_17776271	24hr	3	1.0	1.0	0.0	1.0	1.0	0.0
19_+_17776246_17776271	48hr	3	1.0	1.0	0.0	1.0	1.0	0.0
19_+_17776246_17776271	72hr	3	1.0	1.0	0.0	1.0	1.0	0.0
19_+_17776246_17776271	7day	3	0.9562579821200511	0.9482758620689656	0.013825437480594411	0.9482758620689656	0.9722222222222222	0.023946360153256574
7_+_36426014_36426036	Ctrl	0						
7_+_36426014_36426036	30min	0						
7_+_36426014_36426036	3hr	0						
7_+_36426014_36426036	12hr	0						
7_+_36426014_36426036	24hr	1	1.0	1.0		1.0	1.0	0.0
7_+_36426014_36426036	48hr	3	1.0	1.0	0.0	1.0	1.0	0.0
7_+_36426014_36426036	72hr	2	1.0	1.0	0.0	1.0	1.0	0.0
7_+_36426014_36426036	7day	3	1.0	1.0	0.0	1.0	1.0	0.0
5_-_39130589_39130612	Ctrl	3	1.0	1.0	0.0	1.0	1.0	0.0
5_-_39130589_39130612	30min	3	1.0	1.0	0.0	1.0	1.0	0.0
5_-_39130589_39130612	3hr	3	1.0	1.0	0.0	1.0	1.0	0.0
5_-_39130589_39130612	12hr	3	1.0	1.0	0.0	1.0	1.0	0.0
5_-_39130589_39130612	24hr	3	1.0	1.0	0.0	1.0	1.0	0.0
5_-_39130589_39130612	48hr	3	1.0	1.0	0.0	1.0	1.0	0.0
5_-_39130589_39130612	72hr	3	1.0	1.0	0.0	1.0	1.0	0.0
5_-_39130589_39130612	7day	3	1.0	1.0	0.0	1.0	1.0	0.0
3_-_12600387_12600415	Ctrl	3	0.6676124422026062	0.6666666666666666	0.01783092779619079	0.6502732240437158	0.6858974358974359	0.03562421185372011
3_-_12600387_12600415	30min	3	0.6455774333274781	0.7014925373134329	0.12410147542531705	0.5033557046979866	0.7318840579710145	0.2285283532730279
3_-_12600387_12600415	3hr	3	0.6175770085741505	0.6169154228855721	0.04876223140928079	0.5691489361702128	0.6666666666666666	0.09751773049645385
3_-_12600387_12600415	12hr	3	0.6249284623422554	0.63	0.06310516266505625	0.5594405594405595	0.6853448275862069	0.12590426814564737
3_-_12600387_12600415	24hr	3	0.5532617556939079	0.5806451612903226	0.05486139144724464	0.4900990099009901	0.589041095890411	0.09894208598942089
3_-_12600387_12600415	48hr	3	0.541165839420873	0.5369127516778524	0.0677169529396864	0.4756756756756757	0.610909090909091	0.13523341523341526
3_-_12600387_12600415	72hr	3	0.4794293683099653	0.4886363636363636	0.0722819240542073	0.4029850746268656	0.5466666666666666	0.14368159203980102
3_-_12600387_12600415	7day	3	0.6459097640120032	0.6451612903225806	0.005925472573188297	0.6403940886699507	0.6521739130434783	0.011779824373527537
6_-_35870933_35870959	Ctrl	3	1.0	1.0	0.0	1.0	1.0	0.0
6_-_35870933_35870959	30min	3	1.0	1.0	0.0	1.0	1.0	0.0
6_-_35870933_35870959	3hr	3	1.0	1.0	0.0	1.0	1.0	0.0
6_-_35870933_35870959	12hr	3	1.0	1.0	0.0	1.0	1.0	0.0
6_-_35870933_35870959	24hr	3	1.0	1.0	0.0	1.0	1.0	0.0
6_-_35870933_35870959	48hr	3	1.0	1.0	0.0	1.0	1.0	0.0
6_-_35870933_35870959	72hr	3	1.0	1.0	0.0	1.0	1.0	0.0
6_-_35870933_35870959	7day	3	1.0	1.0	0.0	1.0	1.0	0.0
3_-_15695187_15695214	Ctrl	3	1.0	1.0	0.0	1.0	1.0	0.0
3_-_15695187_15695214	30min	3	1.0	1.0	0.0	1.0	1.0	0.0
3_-_15695187_15695214	3hr	3	1.0	1.0	0.0	1.0	1.0	0.0
3_-_15695187_15695214	12hr	3	1.0	1.0	0.0	1.0	1.0	0.0
3_-_15695187_15695214	24hr	3	1.0	1.0	0.0	1.0	1.0	0.0
3_-_15695187_15695214	48hr	3	1.0	1.0	0.0	1.0	1.0	0.0
3_-_15695187_15695214	72hr	3	1.0	1.0	0.0	1.0	1.0	0.0
3_-_15695187_15695214	7day	3	1.0	1.0	0.0	1.0	1.0	0.0
9_+_79654058_79654075	Ctrl	2	1.0	1.0	0.0	1.0	1.0	0.0
9_+_79654058_79654075	30min	3	1.0	1.0	0.0	1.0	1.0	0.0
9_+_79654058_79654075	3hr	3	1.0	1.0	0.0	1.0	1.0	0.0
9_+_79654058_79654075	12hr	3	1.0	1.0	0.0	1.0	1.0	0.0
9_+_79654058_79654075	24hr	3	1.0	1.0	0.0	1.0	1.0	0.0
9_+_79654058_79654075	48hr	3	1.0	1.0	0.0	1.0	1.0	0.0
9_+_79654058_79654075	72hr	3	1.0	1.0	0.0	1.0	1.0	0.0
9_+_79654058_79654075	7day	3	1.0	1.0	0.0	1.0	1.0	0.0
11_+_5642816_5642843	Ctrl	2	1.0	1.0	0.0	1.0	1.0	0.0
11_+_5642816_5642843	30min	0						
11_+_5642816_5642843	3hr	1	1.0	1.0		1.0	1.0	0.0
11_+_5642816_5642843	12hr	0						
11_+_5642816_5642843	24hr	2	0.875	0.875	0.1767766952966369	0.75	1.0	0.25
11_+_5642816_5642843	48hr	2	0.9285714285714286	0.9285714285714286	0.10101525445522111	0.8571428571428571	1.0	0.1428571428571429
11_+_5642816_5642843	72hr	2	1.0	1.0	0.0	1.0	1.0	0.0
11_+_5642816_5642843	7day	3	0.9682539682539683	1.0	0.0549857399228215	0.9047619047619048	1.0	0.09523809523809523
21_-_46213024_46213052	Ctrl	3	1.0	1.0	0.0	1.0	1.0	0.0
21_-_46213024_46213052	30min	3	1.0	1.0	0.0	1.0	1.0	0.0
21_-_46213024_46213052	3hr	3	1.0	1.0	0.0	1.0	1.0	0.0
21_-_46213024_46213052	12hr	3	1.0	1.0	0.0	1.0	1.0	0.0
21_-_46213024_46213052	24hr	3	1.0	1.0	0.0	1.0	1.0	0.0
21_-_46213024_46213052	48hr	3	1.0	1.0	0.0	1.0	1.0	0.0
21_-_46213024_46213052	72hr	3	1.0	1.0	0.0	1.0	1.0	0.0
21_-_46213024_46213052	7day	3	1.0	1.0	0.0	1.0	1.0	0.0
22_+_44193800_44193823	Ctrl	3	1.0	1.0	0.0	1.0	1.0	0.0
22_+_44193800_44193823	30min	3	1.0	1.0	0.0	1.0	1.0	0.0
22_+_44193800_44193823	3hr	3	1.0	1.0	0.0	1.0	1.0	0.0
22_+_44193800_44193823	12hr	3	1.0	1.0	0.0	1.0	1.0	0.0
22_+_44193800_44193823	24hr	3	1.0	1.0	0.0	1.0	1.0	0.0
22_+_44193800_44193823	48hr	3	1.0	1.0	0.0	1.0	1.0	0.0
22_+_44193800_44193823	72hr	3	1.0	1.0	0.0	1.0	1.0	0.0
22_+_44193800_44193823	7day	3	1.0	1.0	0.0	1.0	1.0	0.0
11_+_35735425_35735445	Ctrl	3	1.0	1.0	0.0	1.0	1.0	0.0
11_+_35735425_35735445	30min	3	1.0	1.0	0.0	1.0	1.0	0.0
11_+_35735425_35735445	3hr	3	1.0	1.0	0.0	1.0	1.0	0.0
11_+_35735425_35735445	12hr	3	1.0	1.0	0.0	1.0	1.0	0.0
11_+_35735425_35735445	24hr	3	1.0	1.0	0.0	1.0	1.0	0.0
11_+_35735425_35735445	48hr	3	1.0	1.0	0.0	1.0	1.0	0.0
11_+_35735425_35735445	72hr	3	1.0	1.0	0.0	1.0	1.0	0.0
11_+_35735425_35735445	7day	3	1.0	1.0	0.0	1.0	1.0	0.0
22_-_50267256_50267286	Ctrl	2	1.0	1.0	0.0	1.0	1.0	0.0
22_-_50267256_50267286	30min	3	1.0	1.0	0.0	1.0	1.0	0.0
22_-_50267256_50267286	3hr	1	0.8571428571428571	0.8571428571428571		0.8571428571428571	0.8571428571428571	0.0
22_-_50267256_50267286	12hr	2	1.0	1.0	0.0	1.0	1.0	0.0
22_-_50267256_50267286	24hr	3	1.0	1.0	0.0	1.0	1.0	0.0
22_-_50267256_50267286	48hr	1	1.0	1.0		1.0	1.0	0.0
22_-_50267256_50267286	72hr	2	1.0	1.0	0.0	1.0	1.0	0.0
22_-_50267256_50267286	7day	3	1.0	1.0	0.0	1.0	1.0	0.0
17_-_64390488_64390515	Ctrl	3	1.0	1.0	0.0	1.0	1.0	0.0
17_-_64390488_64390515	30min	3	1.0	1.0	0.0	1.0	1.0	0.0
17_-_64390488_64390515	3hr	3	1.0	1.0	0.0	1.0	1.0	0.0
17_-_64390488_64390515	12hr	3	1.0	1.0	0.0	1.0	1.0	0.0
17_-_64390488_64390515	24hr	3	1.0	1.0	0.0	1.0	1.0	0.0
17_-_64390488_64390515	48hr	3	1.0	1.0	0.0	1.0	1.0	0.0
17_-_64390488_64390515	72hr	3	1.0	1.0	0.0	1.0	1.0	0.0
17_-_64390488_64390515	7day	3	1.0	1.0	0.0	1.0	1.0	0.0
9_-_127953574_127953604	Ctrl	3	1.0	1.0	0.0	1.0	1.0	0.0
9_-_127953574_127953604	30min	3	1.0	1.0	0.0	1.0	1.0	0.0
9_-_127953574_127953604	3hr	3	0.9989177489177489	1.0	0.001874513861005231	0.9967532467532468	1.0	0.0032467532467531646
9_-_127953574_127953604	12hr	3	1.0	1.0	0.0	1.0	1.0	0.0
9_-_127953574_127953604	24hr	3	1.0	1.0	0.0	1.0	1.0	0.0
9_-_127953574_127953604	48hr	3	1.0	1.0	0.0	1.0	1.0	0.0
9_-_127953574_127953604	72hr	3	1.0	1.0	0.0	1.0	1.0	0.0
9_-_127953574_127953604	7day	3	1.0	1.0	0.0	1.0	1.0	0.0
16_-_67738012_67738035	Ctrl	3	1.0	1.0	0.0	1.0	1.0	0.0
16_-_67738012_67738035	30min	1	1.0	1.0		1.0	1.0	0.0
16_-_67738012_67738035	3hr	2	1.0	1.0	0.0	1.0	1.0	0.0
16_-_67738012_67738035	12hr	3	1.0	1.0	0.0	1.0	1.0	0.0
16_-_67738012_67738035	24hr	3	1.0	1.0	0.0	1.0	1.0	0.0
16_-_67738012_67738035	48hr	3	1.0	1.0	0.0	1.0	1.0	0.0
16_-_67738012_67738035	72hr	3	1.0	1.0	0.0	1.0	1.0	0.0
16_-_67738012_67738035	7day	3	1.0	1.0	0.0	1.0	1.0	0.0
1_-_40312455_40312479	Ctrl	3	0.32675438596491224	0.3421052631578947	0.05747957202667174	0.2631578947368421	0.375	0.11184210526315791
1_-_40312455_40312479	30min	3	0.42495543672014263	0.5294117647058824	0.33954496220490044	0.0454545454545454	0.7	0.6545454545454545
1_-_40312455_40312479	3hr	3	0.75	1.0	0.4330127018922193	0.25	1.0	0.75
1_-_40312455_40312479	12hr	1	0.8	0.8		0.8	0.8	0.0
1_-_40312455_40312479	24hr	3	0.35714285714285704	0.3333333333333333	0.20342866060279838	0.1666666666666666	0.5714285714285714	0.40476190476190477
1_-_40312455_40312479	48hr	1	0.0	0.0		0.0	0.0	0.0
1_-_40312455_40312479	72hr	3	0.3075396825396825	0.2142857142857142	0.3632578350484844	0.0	0.7083333333333334	0.7083333333333334
1_-_40312455_40312479	7day	3	0.37590106885408897	0.3221476510067114	0.1077925458532882	0.3055555555555556	0.5	0.19444444444444442
6_+_32179540_32179559	Ctrl	2	1.0	1.0	0.0	1.0	1.0	0.0
6_+_32179540_32179559	30min	3	1.0	1.0	0.0	1.0	1.0	0.0
6_+_32179540_32179559	3hr	3	1.0	1.0	0.0	1.0	1.0	0.0
6_+_32179540_32179559	12hr	3	1.0	1.0	0.0	1.0	1.0	0.0
6_+_32179540_32179559	24hr	3	1.0	1.0	0.0	1.0	1.0	0.0
6_+_32179540_32179559	48hr	3	1.0	1.0	0.0	1.0	1.0	0.0
6_+_32179540_32179559	72hr	3	1.0	1.0	0.0	1.0	1.0	0.0
6_+_32179540_32179559	7day	3	1.0	1.0	0.0	1.0	1.0	0.0
12_-_96017556_96017580	Ctrl	3	1.0	1.0	0.0	1.0	1.0	0.0
12_-_96017556_96017580	30min	3	1.0	1.0	0.0	1.0	1.0	0.0
12_-_96017556_96017580	3hr	3	1.0	1.0	0.0	1.0	1.0	0.0
12_-_96017556_96017580	12hr	3	1.0	1.0	0.0	1.0	1.0	0.0
12_-_96017556_96017580	24hr	3	1.0	1.0	0.0	1.0	1.0	0.0
12_-_96017556_96017580	48hr	3	1.0	1.0	0.0	1.0	1.0	0.0
12_-_96017556_96017580	72hr	3	1.0	1.0	0.0	1.0	1.0	0.0
12_-_96017556_96017580	7day	3	1.0	1.0	0.0	1.0	1.0	0.0
21_+_46003119_46003149	Ctrl	3	1.0	1.0	0.0	1.0	1.0	0.0
21_+_46003119_46003149	30min	3	1.0	1.0	0.0	1.0	1.0	0.0
21_+_46003119_46003149	3hr	3	1.0	1.0	0.0	1.0	1.0	0.0
21_+_46003119_46003149	12hr	3	1.0	1.0	0.0	1.0	1.0	0.0
21_+_46003119_46003149	24hr	3	1.0	1.0	0.0	1.0	1.0	0.0
21_+_46003119_46003149	48hr	3	1.0	1.0	0.0	1.0	1.0	0.0
21_+_46003119_46003149	72hr	3	1.0	1.0	0.0	1.0	1.0	0.0
21_+_46003119_46003149	7day	3	1.0	1.0	0.0	1.0	1.0	0.0
4_+_112254746_112254773	Ctrl	2	1.0	1.0	0.0	1.0	1.0	0.0
4_+_112254746_112254773	30min	2	1.0	1.0	0.0	1.0	1.0	0.0
4_+_112254746_112254773	3hr	2	1.0	1.0	0.0	1.0	1.0	0.0
4_+_112254746_112254773	12hr	3	1.0	1.0	0.0	1.0	1.0	0.0
4_+_112254746_112254773	24hr	3	1.0	1.0	0.0	1.0	1.0	0.0
4_+_112254746_112254773	48hr	3	1.0	1.0	0.0	1.0	1.0	0.0
4_+_112254746_112254773	72hr	3	1.0	1.0	0.0	1.0	1.0	0.0
4_+_112254746_112254773	7day	3	1.0	1.0	0.0	1.0	1.0	0.0
1_+_51748368_51748398	Ctrl	2	1.0	1.0	0.0	1.0	1.0	0.0
1_+_51748368_51748398	30min	2	1.0	1.0	0.0	1.0	1.0	0.0
1_+_51748368_51748398	3hr	3	1.0	1.0	0.0	1.0	1.0	0.0
1_+_51748368_51748398	12hr	3	1.0	1.0	0.0	1.0	1.0	0.0
1_+_51748368_51748398	24hr	3	1.0	1.0	0.0	1.0	1.0	0.0
1_+_51748368_51748398	48hr	3	1.0	1.0	0.0	1.0	1.0	0.0
1_+_51748368_51748398	72hr	3	1.0	1.0	0.0	1.0	1.0	0.0
1_+_51748368_51748398	7day	3	1.0	1.0	0.0	1.0	1.0	0.0
11_-_62602758_62602779	Ctrl	3	0.013530716150962102	0.01	0.01248151317593023	0.0031948881789137	0.0273972602739726	0.0242023720950589
11_-_62602758_62602779	30min	3	0.031463589998409404	0.031700288184438	0.005278459189351872	0.0260707635009311	0.0366197183098591	0.010548954808928
11_-_62602758_62602779	3hr	3	0.023058941856376466	0.0160642570281124	0.023532501662763432	0.0038167938931297	0.0492957746478873	0.0454789807547576
11_-_62602758_62602779	12hr	3	0.02239451250089547	0.0227272727272727	0.012775118368615484	0.0094562647754137	0.035	0.025543735224586306
11_-_62602758_62602779	24hr	3	0.040757209914188935	0.0450819672131147	0.014314728084007767	0.0247787610619469	0.0524109014675052	0.027632140405558298
11_-_62602758_62602779	48hr	3	0.04141851820862046	0.0326295585412667	0.029495970394949795	0.0173160173160173	0.0743099787685774	0.056993961452560096
11_-_62602758_62602779	72hr	3	0.019945105664955668	0.0144927536231884	0.013030591073102121	0.0105263157894736	0.034816247582205	0.024289931792731402
11_-_62602758_62602779	7day	3	0.0353528230960946	0.0330188679245283	0.020490703915940524	0.0161290322580645	0.056910569105691	0.040781536847626504
10_+_97452894_97452923	Ctrl	2	0.5	0.5	0.7071067811865476	0.0	1.0	1.0
10_+_97452894_97452923	30min	2	1.0	1.0	0.0	1.0	1.0	0.0
10_+_97452894_97452923	3hr	2	0.71875	0.71875	0.2209708691207961	0.5625	0.875	0.3125
10_+_97452894_97452923	12hr	3	0.8961653015636634	0.9264705882352942	0.08515784516607622	0.8	0.9620253164556962	0.16202531645569618
10_+_97452894_97452923	24hr	3	0.9322128851540615	0.9294117647058824	0.01947937103721417	0.9142857142857144	0.9529411764705882	0.03865546218487381
10_+_97452894_97452923	48hr	3	0.8960848697014995	0.8695652173913043	0.047759493426704394	0.8674698795180723	0.951219512195122	0.08374963267704971
10_+_97452894_97452923	72hr	3	0.9859154929577465	1.0	0.02439508179674478	0.9577464788732394	1.0	0.04225352112676062
10_+_97452894_97452923	7day	3	0.9299439073875164	0.912280701754386	0.06310649551115322	0.8775510204081632	1.0	0.12244897959183676
2_-_95938986_95939015	Ctrl	1	1.0	1.0		1.0	1.0	0.0
2_-_95938986_95939015	30min	1	1.0	1.0		1.0	1.0	0.0
2_-_95938986_95939015	3hr	1	1.0	1.0		1.0	1.0	0.0
2_-_95938986_95939015	12hr	0						
2_-_95938986_95939015	24hr	1	1.0	1.0		1.0	1.0	0.0
2_-_95938986_95939015	48hr	0						
2_-_95938986_95939015	72hr	0						
2_-_95938986_95939015	7day	2	1.0	1.0	0.0	1.0	1.0	0.0
1_+_198704471_198704498	Ctrl	3	0.49827994584603696	0.4929971988795518	0.061858323386259524	0.4392324093816631	0.562610229276896	0.12337781989523289
1_+_198704471_198704498	30min	3	0.47856129156421484	0.4798464491362764	0.030337004245657558	0.4476021314387211	0.508235294117647	0.060633162678925934
1_+_198704471_198704498	3hr	3	0.5514409975379899	0.572972972972973	0.04007684652408157	0.5052005943536404	0.5761494252873564	0.07094883093371596
1_+_198704471_198704498	12hr	3	0.5339616713847158	0.5313807531380753	0.013080296721855504	0.5223642172523961	0.5481400437636762	0.025775826511280076
1_+_198704471_198704498	24hr	3	0.5655871459784182	0.564327485380117	0.002995957903366061	0.5634266886326195	0.5690072639225182	0.005580575289898748
1_+_198704471_198704498	48hr	3	0.5710858863615255	0.5706806282722513	0.047760393174937146	0.5235294117647059	0.6190476190476191	0.09551820728291316
1_+_198704471_198704498	72hr	3	0.5838415467857643	0.5628140703517588	0.09963076919665417	0.4964028776978417	0.6923076923076923	0.1959048146098506
1_+_198704471_198704498	7day	3	0.5835445424738042	0.6272189349112426	0.07890161117692251	0.4924623115577889	0.6309523809523809	0.13849006939459202
22_+_44140123_44140143	Ctrl	0						
22_+_44140123_44140143	30min	1	1.0	1.0		1.0	1.0	0.0
22_+_44140123_44140143	3hr	1	1.0	1.0		1.0	1.0	0.0
22_+_44140123_44140143	12hr	2	1.0	1.0	0.0	1.0	1.0	0.0
22_+_44140123_44140143	24hr	3	1.0	1.0	0.0	1.0	1.0	0.0
22_+_44140123_44140143	48hr	3	1.0	1.0	0.0	1.0	1.0	0.0
22_+_44140123_44140143	72hr	3	1.0	1.0	0.0	1.0	1.0	0.0
22_+_44140123_44140143	7day	3	1.0	1.0	0.0	1.0	1.0	0.0
6_+_138788365_138788388	Ctrl	3	1.0	1.0	0.0	1.0	1.0	0.0
6_+_138788365_138788388	30min	3	1.0	1.0	0.0	1.0	1.0	0.0
6_+_138788365_138788388	3hr	3	1.0	1.0	0.0	1.0	1.0	0.0
6_+_138788365_138788388	12hr	3	1.0	1.0	0.0	1.0	1.0	0.0
6_+_138788365_138788388	24hr	3	1.0	1.0	0.0	1.0	1.0	0.0
6_+_138788365_138788388	48hr	3	1.0	1.0	0.0	1.0	1.0	0.0
6_+_138788365_138788388	72hr	3	1.0	1.0	0.0	1.0	1.0	0.0
6_+_138788365_138788388	7day	3	1.0	1.0	0.0	1.0	1.0	0.0
7_+_73202111_73202140	Ctrl	2	1.0	1.0	0.0	1.0	1.0	0.0
7_+_73202111_73202140	30min	2	1.0	1.0	0.0	1.0	1.0	0.0
7_+_73202111_73202140	3hr	3	1.0	1.0	0.0	1.0	1.0	0.0
7_+_73202111_73202140	12hr	3	1.0	1.0	0.0	1.0	1.0	0.0
7_+_73202111_73202140	24hr	3	1.0	1.0	0.0	1.0	1.0	0.0
7_+_73202111_73202140	48hr	3	1.0	1.0	0.0	1.0	1.0	0.0
7_+_73202111_73202140	72hr	3	1.0	1.0	0.0	1.0	1.0	0.0
7_+_73202111_73202140	7day	2	1.0	1.0	0.0	1.0	1.0	0.0
22_+_23697837_23697861	Ctrl	3	1.0	1.0	0.0	1.0	1.0	0.0
22_+_23697837_23697861	30min	3	1.0	1.0	0.0	1.0	1.0	0.0
22_+_23697837_23697861	3hr	3	1.0	1.0	0.0	1.0	1.0	0.0
22_+_23697837_23697861	12hr	3	1.0	1.0	0.0	1.0	1.0	0.0
22_+_23697837_23697861	24hr	3	1.0	1.0	0.0	1.0	1.0	0.0
22_+_23697837_23697861	48hr	3	1.0	1.0	0.0	1.0	1.0	0.0
22_+_23697837_23697861	72hr	0						
22_+_23697837_23697861	7day	3	1.0	1.0	0.0	1.0	1.0	0.0
10_+_102862159_102862180	Ctrl	2	1.0	1.0	0.0	1.0	1.0	0.0
10_+_102862159_102862180	30min	3	1.0	1.0	0.0	1.0	1.0	0.0
10_+_102862159_102862180	3hr	2	1.0	1.0	0.0	1.0	1.0	0.0
10_+_102862159_102862180	12hr	3	1.0	1.0	0.0	1.0	1.0	0.0
10_+_102862159_102862180	24hr	2	1.0	1.0	0.0	1.0	1.0	0.0
10_+_102862159_102862180	48hr	2	1.0	1.0	0.0	1.0	1.0	0.0
10_+_102862159_102862180	72hr	3	1.0	1.0	0.0	1.0	1.0	0.0
10_+_102862159_102862180	7day	3	1.0	1.0	0.0	1.0	1.0	0.0
6_+_96524381_96524410	Ctrl	3	1.0	1.0	0.0	1.0	1.0	0.0
6_+_96524381_96524410	30min	3	1.0	1.0	0.0	1.0	1.0	0.0
6_+_96524381_96524410	3hr	3	1.0	1.0	0.0	1.0	1.0	0.0
6_+_96524381_96524410	12hr	3	1.0	1.0	0.0	1.0	1.0	0.0
6_+_96524381_96524410	24hr	3	1.0	1.0	0.0	1.0	1.0	0.0
6_+_96524381_96524410	48hr	3	1.0	1.0	0.0	1.0	1.0	0.0
6_+_96524381_96524410	72hr	3	1.0	1.0	0.0	1.0	1.0	0.0
6_+_96524381_96524410	7day	3	1.0	1.0	0.0	1.0	1.0	0.0
8_-_30712061_30712088	Ctrl	3	1.0	1.0	0.0	1.0	1.0	0.0
8_-_30712061_30712088	30min	3	1.0	1.0	0.0	1.0	1.0	0.0
8_-_30712061_30712088	3hr	3	1.0	1.0	0.0	1.0	1.0	0.0
8_-_30712061_30712088	12hr	3	1.0	1.0	0.0	1.0	1.0	0.0
8_-_30712061_30712088	24hr	3	1.0	1.0	0.0	1.0	1.0	0.0
8_-_30712061_30712088	48hr	3	1.0	1.0	0.0	1.0	1.0	0.0
8_-_30712061_30712088	72hr	3	1.0	1.0	0.0	1.0	1.0	0.0
8_-_30712061_30712088	7day	3	1.0	1.0	0.0	1.0	1.0	0.0
16_+_67539727_67539751	Ctrl	3	1.0	1.0	0.0	1.0	1.0	0.0
16_+_67539727_67539751	30min	2	1.0	1.0	0.0	1.0	1.0	0.0
16_+_67539727_67539751	3hr	3	1.0	1.0	0.0	1.0	1.0	0.0
16_+_67539727_67539751	12hr	3	1.0	1.0	0.0	1.0	1.0	0.0
16_+_67539727_67539751	24hr	3	1.0	1.0	0.0	1.0	1.0	0.0
16_+_67539727_67539751	48hr	2	1.0	1.0	0.0	1.0	1.0	0.0
16_+_67539727_67539751	72hr	2	1.0	1.0	0.0	1.0	1.0	0.0
16_+_67539727_67539751	7day	3	1.0	1.0	0.0	1.0	1.0	0.0
17_+_82889667_82889697	Ctrl	3	1.0	1.0	0.0	1.0	1.0	0.0
17_+_82889667_82889697	30min	3	1.0	1.0	0.0	1.0	1.0	0.0
17_+_82889667_82889697	3hr	3	1.0	1.0	0.0	1.0	1.0	0.0
17_+_82889667_82889697	12hr	3	1.0	1.0	0.0	1.0	1.0	0.0
17_+_82889667_82889697	24hr	3	0.996031746031746	1.0	0.006873217490352728	0.988095238095238	1.0	0.011904761904761973
17_+_82889667_82889697	48hr	3	1.0	1.0	0.0	1.0	1.0	0.0
17_+_82889667_82889697	72hr	3	1.0	1.0	0.0	1.0	1.0	0.0
17_+_82889667_82889697	7day	3	1.0	1.0	0.0	1.0	1.0	0.0
6_+_26448727_26448754	Ctrl	3	0.34245516388373526	0.3181818181818182	0.043659250294963974	0.3163265306122449	0.3928571428571428	0.07653061224489788
6_+_26448727_26448754	30min	3	0.3437417116477781	0.3461538461538461	0.137072111143667	0.2054794520547945	0.4795918367346938	0.2741123846798993
6_+_26448727_26448754	3hr	3	0.1956252811515969	0.2083333333333333	0.07470178354844091	0.1153846153846153	0.2631578947368421	0.14777327935222678
6_+_26448727_26448754	12hr	3	0.36145344287949915	0.3645833333333333	0.03604689130571391	0.323943661971831	0.3958333333333333	0.07188967136150232
6_+_26448727_26448754	24hr	3	0.3849446105554983	0.4528301886792453	0.1498972386095309	0.2131147540983606	0.4888888888888889	0.27577413479052826
6_+_26448727_26448754	48hr	3	0.5832772166105499	0.6296296296296297	0.15625447274110082	0.4090909090909091	0.7111111111111111	0.302020202020202
6_+_26448727_26448754	72hr	3	0.48526654787095813	0.5416666666666666	0.13728239929835337	0.3287671232876712	0.5853658536585366	0.25659873037086534
6_+_26448727_26448754	7day	3	0.4166666666666667	0.4444444444444444	0.15466012118972283	0.25	0.5555555555555556	0.3055555555555556
1_-_21680807_21680834	Ctrl	3	1.0	1.0	0.0	1.0	1.0	0.0
1_-_21680807_21680834	30min	3	1.0	1.0	0.0	1.0	1.0	0.0
1_-_21680807_21680834	3hr	3	1.0	1.0	0.0	1.0	1.0	0.0
1_-_21680807_21680834	12hr	3	1.0	1.0	0.0	1.0	1.0	0.0
1_-_21680807_21680834	24hr	3	1.0	1.0	0.0	1.0	1.0	0.0
1_-_21680807_21680834	48hr	3	1.0	1.0	0.0	1.0	1.0	0.0
1_-_21680807_21680834	72hr	3	1.0	1.0	0.0	1.0	1.0	0.0
1_-_21680807_21680834	7day	3	1.0	1.0	0.0	1.0	1.0	0.0
11_-_65551547_65551564	Ctrl	3	1.0	1.0	0.0	1.0	1.0	0.0
11_-_65551547_65551564	30min	3	1.0	1.0	0.0	1.0	1.0	0.0
11_-_65551547_65551564	3hr	3	1.0	1.0	0.0	1.0	1.0	0.0
11_-_65551547_65551564	12hr	3	1.0	1.0	0.0	1.0	1.0	0.0
11_-_65551547_65551564	24hr	3	1.0	1.0	0.0	1.0	1.0	0.0
11_-_65551547_65551564	48hr	3	1.0	1.0	0.0	1.0	1.0	0.0
11_-_65551547_65551564	72hr	2	1.0	1.0	0.0	1.0	1.0	0.0
11_-_65551547_65551564	7day	3	1.0	1.0	0.0	1.0	1.0	0.0
14_-_70585755_70585783	Ctrl	3	1.0	1.0	0.0	1.0	1.0	0.0
14_-_70585755_70585783	30min	3	1.0	1.0	0.0	1.0	1.0	0.0
14_-_70585755_70585783	3hr	3	1.0	1.0	0.0	1.0	1.0	0.0
14_-_70585755_70585783	12hr	3	1.0	1.0	0.0	1.0	1.0	0.0
14_-_70585755_70585783	24hr	3	1.0	1.0	0.0	1.0	1.0	0.0
14_-_70585755_70585783	48hr	3	1.0	1.0	0.0	1.0	1.0	0.0
14_-_70585755_70585783	72hr	3	1.0	1.0	0.0	1.0	1.0	0.0
14_-_70585755_70585783	7day	3	1.0	1.0	0.0	1.0	1.0	0.0
13_+_75840084_75840110	Ctrl	3	0.5626811594202898	0.4	0.3036800386056203	0.375	0.9130434782608696	0.5380434782608696
13_+_75840084_75840110	30min	3	0.6635802469135803	0.6296296296296297	0.07541229458562107	0.6111111111111112	0.75	0.13888888888888884
13_+_75840084_75840110	3hr	3	0.9259259259259259	1.0	0.12830005981991682	0.7777777777777778	1.0	0.2222222222222222
13_+_75840084_75840110	12hr	2	1.0	1.0	0.0	1.0	1.0	0.0
13_+_75840084_75840110	24hr	1	1.0	1.0		1.0	1.0	0.0
13_+_75840084_75840110	48hr	0						
13_+_75840084_75840110	72hr	2	1.0	1.0	0.0	1.0	1.0	0.0
13_+_75840084_75840110	7day	3	1.0	1.0	0.0	1.0	1.0	0.0
6_-_32518053_32518077	Ctrl	2	1.0	1.0	0.0	1.0	1.0	0.0
6_-_32518053_32518077	30min	1	1.0	1.0		1.0	1.0	0.0
6_-_32518053_32518077	3hr	2	1.0	1.0	0.0	1.0	1.0	0.0
6_-_32518053_32518077	12hr	3	1.0	1.0	0.0	1.0	1.0	0.0
6_-_32518053_32518077	24hr	3	1.0	1.0	0.0	1.0	1.0	0.0
6_-_32518053_32518077	48hr	2	1.0	1.0	0.0	1.0	1.0	0.0
6_-_32518053_32518077	72hr	2	1.0	1.0	0.0	1.0	1.0	0.0
6_-_32518053_32518077	7day	1	1.0	1.0		1.0	1.0	0.0
1_-_54228448_54228477	Ctrl	3	1.0	1.0	0.0	1.0	1.0	0.0
1_-_54228448_54228477	30min	1	1.0	1.0		1.0	1.0	0.0
1_-_54228448_54228477	3hr	1	1.0	1.0		1.0	1.0	0.0
1_-_54228448_54228477	12hr	0						
1_-_54228448_54228477	24hr	2	1.0	1.0	0.0	1.0	1.0	0.0
1_-_54228448_54228477	48hr	2	1.0	1.0	0.0	1.0	1.0	0.0
1_-_54228448_54228477	72hr	2	1.0	1.0	0.0	1.0	1.0	0.0
1_-_54228448_54228477	7day	3	1.0	1.0	0.0	1.0	1.0	0.0
2_+_15596733_15596763	Ctrl	3	1.0	1.0	0.0	1.0	1.0	0.0
2_+_15596733_15596763	30min	3	1.0	1.0	0.0	1.0	1.0	0.0
2_+_15596733_15596763	3hr	3	1.0	1.0	0.0	1.0	1.0	0.0
2_+_15596733_15596763	12hr	3	1.0	1.0	0.0	1.0	1.0	0.0
2_+_15596733_15596763	24hr	3	1.0	1.0	0.0	1.0	1.0	0.0
2_+_15596733_15596763	48hr	3	1.0	1.0	0.0	1.0	1.0	0.0
2_+_15596733_15596763	72hr	3	1.0	1.0	0.0	1.0	1.0	0.0
2_+_15596733_15596763	7day	3	1.0	1.0	0.0	1.0	1.0	0.0
3_-_194437555_194437573	Ctrl	2	0.4888888888888889	0.4888888888888889	0.2514157444218835	0.3111111111111111	0.6666666666666666	0.3555555555555555
3_-_194437555_194437573	30min	3	0.2693650793650793	0.32	0.14375616586073128	0.1071428571428571	0.3809523809523809	0.2738095238095238
3_-_194437555_194437573	3hr	3	0.4570466570466571	0.4155844155844156	0.0856663342063514	0.4	0.5555555555555556	0.15555555555555556
3_-_194437555_194437573	12hr	3	0.4540797849106692	0.4467005076142132	0.05214745215893682	0.4060150375939849	0.5095238095238095	0.1035087719298246
3_-_194437555_194437573	24hr	3	0.49622089595836744	0.506993006993007	0.06852203337512437	0.4229508196721311	0.5587188612099644	0.13576804153783328
3_-_194437555_194437573	48hr	3	0.518209687147615	0.5233333333333333	0.031748937254515344	0.4842105263157895	0.547085201793722	0.06287467547793252
3_-_194437555_194437573	72hr	3	0.39857837635615406	0.4	0.03425333378298709	0.3636363636363636	0.4320987654320987	0.0684624017957351
3_-_194437555_194437573	7day	3	0.434929883287235	0.4536082474226804	0.038872318545598944	0.3902439024390244	0.4609375	0.0706935975609756
6_+_33086218_33086242	Ctrl	3	1.0	1.0	0.0	1.0	1.0	0.0
6_+_33086218_33086242	30min	3	1.0	1.0	0.0	1.0	1.0	0.0
6_+_33086218_33086242	3hr	3	1.0	1.0	0.0	1.0	1.0	0.0
6_+_33086218_33086242	12hr	3	1.0	1.0	0.0	1.0	1.0	0.0
6_+_33086218_33086242	24hr	3	1.0	1.0	0.0	1.0	1.0	0.0
6_+_33086218_33086242	48hr	1	1.0	1.0		1.0	1.0	0.0
6_+_33086218_33086242	72hr	2	1.0	1.0	0.0	1.0	1.0	0.0
6_+_33086218_33086242	7day	3	1.0	1.0	0.0	1.0	1.0	0.0
3_-_12915103_12915133	Ctrl	3	1.0	1.0	0.0	1.0	1.0	0.0
3_-_12915103_12915133	30min	3	1.0	1.0	0.0	1.0	1.0	0.0
3_-_12915103_12915133	3hr	3	1.0	1.0	0.0	1.0	1.0	0.0
3_-_12915103_12915133	12hr	3	1.0	1.0	0.0	1.0	1.0	0.0
3_-_12915103_12915133	24hr	3	1.0	1.0	0.0	1.0	1.0	0.0
3_-_12915103_12915133	48hr	2	1.0	1.0	0.0	1.0	1.0	0.0
3_-_12915103_12915133	72hr	2	1.0	1.0	0.0	1.0	1.0	0.0
3_-_12915103_12915133	7day	3	1.0	1.0	0.0	1.0	1.0	0.0
7_-_105145282_105145308	Ctrl	3	1.0	1.0	0.0	1.0	1.0	0.0
7_-_105145282_105145308	30min	3	1.0	1.0	0.0	1.0	1.0	0.0
7_-_105145282_105145308	3hr	3	1.0	1.0	0.0	1.0	1.0	0.0
7_-_105145282_105145308	12hr	3	1.0	1.0	0.0	1.0	1.0	0.0
7_-_105145282_105145308	24hr	3	1.0	1.0	0.0	1.0	1.0	0.0
7_-_105145282_105145308	48hr	3	1.0	1.0	0.0	1.0	1.0	0.0
7_-_105145282_105145308	72hr	3	1.0	1.0	0.0	1.0	1.0	0.0
7_-_105145282_105145308	7day	3	1.0	1.0	0.0	1.0	1.0	0.0
15_+_75354249_75354277	Ctrl	1	0.6	0.6		0.6	0.6	0.0
15_+_75354249_75354277	30min	2	0.5	0.5	0.7071067811865476	0.0	1.0	1.0
15_+_75354249_75354277	3hr	2	0.14285714285714285	0.14285714285714285	0.20203050891044214	0.0	0.2857142857142857	0.2857142857142857
15_+_75354249_75354277	12hr	0						
15_+_75354249_75354277	24hr	2	0.5	0.5	0.23570226039551584	0.3333333333333333	0.6666666666666666	0.3333333333333333
15_+_75354249_75354277	48hr	0						
15_+_75354249_75354277	72hr	2	0.5	0.5	0.7071067811865476	0.0	1.0	1.0
15_+_75354249_75354277	7day	3	0.5799259259259258	0.5833333333333334	0.1338103196546908	0.4444444444444444	0.712	0.26755555555555555
17_+_82909284_82909307	Ctrl	3	0.8142857142857144	0.8	0.17899948694488096	0.6428571428571429	1.0	0.3571428571428571
17_+_82909284_82909307	30min	3	1.0	1.0	0.0	1.0	1.0	0.0
17_+_82909284_82909307	3hr	3	0.9	1.0	0.17320508075688776	0.7	1.0	0.30000000000000004
17_+_82909284_82909307	12hr	3	0.9323853615520283	0.9625	0.05371397902151155	0.8703703703703703	0.9642857142857144	0.09391534391534406
17_+_82909284_82909307	24hr	3	0.9155998103366524	0.9054054054054054	0.05301622799384145	0.868421052631579	0.972972972972973	0.10455192034139404
17_+_82909284_82909307	48hr	3	0.9464085297418631	0.9318181818181818	0.047989642009031594	0.9074074074074074	1.0	0.09259259259259256
17_+_82909284_82909307	72hr	3	0.9197530864197532	0.925925925925926	0.08350462505227581	0.8333333333333334	1.0	0.16666666666666663
17_+_82909284_82909307	7day	3	0.9411856491825797	0.9493670886075948	0.03094037892628037	0.9069767441860463	0.9672131147540984	0.06023637056805209
2_+_97196592_97196621	Ctrl	3	1.0	1.0	0.0	1.0	1.0	0.0
2_+_97196592_97196621	30min	3	1.0	1.0	0.0	1.0	1.0	0.0
2_+_97196592_97196621	3hr	2	1.0	1.0	0.0	1.0	1.0	0.0
2_+_97196592_97196621	12hr	2	1.0	1.0	0.0	1.0	1.0	0.0
2_+_97196592_97196621	24hr	2	1.0	1.0	0.0	1.0	1.0	0.0
2_+_97196592_97196621	48hr	2	1.0	1.0	0.0	1.0	1.0	0.0
2_+_97196592_97196621	72hr	2	1.0	1.0	0.0	1.0	1.0	0.0
2_+_97196592_97196621	7day	0						
1_+_108606222_108606252	Ctrl	3	1.0	1.0	0.0	1.0	1.0	0.0
1_+_108606222_108606252	30min	3	1.0	1.0	0.0	1.0	1.0	0.0
1_+_108606222_108606252	3hr	3	1.0	1.0	0.0	1.0	1.0	0.0
1_+_108606222_108606252	12hr	3	1.0	1.0	0.0	1.0	1.0	0.0
1_+_108606222_108606252	24hr	3	1.0	1.0	0.0	1.0	1.0	0.0
1_+_108606222_108606252	48hr	2	1.0	1.0	0.0	1.0	1.0	0.0
1_+_108606222_108606252	72hr	1	1.0	1.0		1.0	1.0	0.0
1_+_108606222_108606252	7day	3	1.0	1.0	0.0	1.0	1.0	0.0
18_-_23377645_23377671	Ctrl	0						
18_-_23377645_23377671	30min	1	1.0	1.0		1.0	1.0	0.0
18_-_23377645_23377671	3hr	0						
18_-_23377645_23377671	12hr	3	1.0	1.0	0.0	1.0	1.0	0.0
18_-_23377645_23377671	24hr	3	1.0	1.0	0.0	1.0	1.0	0.0
18_-_23377645_23377671	48hr	3	1.0	1.0	0.0	1.0	1.0	0.0
18_-_23377645_23377671	72hr	3	1.0	1.0	0.0	1.0	1.0	0.0
18_-_23377645_23377671	7day	2	1.0	1.0	0.0	1.0	1.0	0.0
20_+_41029430_41029455	Ctrl	3	1.0	1.0	0.0	1.0	1.0	0.0
20_+_41029430_41029455	30min	3	1.0	1.0	0.0	1.0	1.0	0.0
20_+_41029430_41029455	3hr	3	1.0	1.0	0.0	1.0	1.0	0.0
20_+_41029430_41029455	12hr	3	1.0	1.0	0.0	1.0	1.0	0.0
20_+_41029430_41029455	24hr	3	1.0	1.0	0.0	1.0	1.0	0.0
20_+_41029430_41029455	48hr	3	1.0	1.0	0.0	1.0	1.0	0.0
20_+_41029430_41029455	72hr	3	1.0	1.0	0.0	1.0	1.0	0.0
20_+_41029430_41029455	7day	3	1.0	1.0	0.0	1.0	1.0	0.0
5_-_141571427_141571436	Ctrl	3	1.0	1.0	0.0	1.0	1.0	0.0
5_-_141571427_141571436	30min	3	1.0	1.0	0.0	1.0	1.0	0.0
5_-_141571427_141571436	3hr	3	1.0	1.0	0.0	1.0	1.0	0.0
5_-_141571427_141571436	12hr	3	1.0	1.0	0.0	1.0	1.0	0.0
5_-_141571427_141571436	24hr	3	1.0	1.0	0.0	1.0	1.0	0.0
5_-_141571427_141571436	48hr	3	1.0	1.0	0.0	1.0	1.0	0.0
5_-_141571427_141571436	72hr	3	1.0	1.0	0.0	1.0	1.0	0.0
5_-_141571427_141571436	7day	3	1.0	1.0	0.0	1.0	1.0	0.0
12_+_132574318_132574348	Ctrl	3	0.5288239281065872	0.5303867403314917	0.09696692388539273	0.4310850439882698	0.625	0.1939149560117302
12_+_132574318_132574348	30min	3	0.49486868096973247	0.5266272189349113	0.08071888716165797	0.4031007751937984	0.5548780487804879	0.15177727358668947
12_+_132574318_132574348	3hr	3	0.3657485216308745	0.3714285714285714	0.06864053962429897	0.2944444444444444	0.4313725490196078	0.1369281045751634
12_+_132574318_132574348	12hr	3	0.3464995227938343	0.361344537815126	0.04316371257621355	0.2978723404255319	0.380281690140845	0.08240934971531311
12_+_132574318_132574348	24hr	3	0.42689785049037177	0.4196428571428571	0.013475132263198318	0.4186046511627907	0.4424460431654676	0.023841392002676876
12_+_132574318_132574348	48hr	3	0.4358483401613173	0.455	0.03369125445844506	0.3969465648854962	0.4555984555984556	0.0586518907129594
12_+_132574318_132574348	72hr	3	0.47450431367891155	0.4128440366972477	0.14443423467660427	0.3711340206185567	0.6395348837209303	0.26840086310237354
12_+_132574318_132574348	7day	3	0.4303902553704193	0.4271356783919598	0.1153853070051472	0.3166666666666666	0.5473684210526316	0.23070175438596502
6_+_37534932_37534957	Ctrl	3	1.0	1.0	0.0	1.0	1.0	0.0
6_+_37534932_37534957	30min	3	1.0	1.0	0.0	1.0	1.0	0.0
6_+_37534932_37534957	3hr	3	1.0	1.0	0.0	1.0	1.0	0.0
6_+_37534932_37534957	12hr	1	1.0	1.0		1.0	1.0	0.0
6_+_37534932_37534957	24hr	2	1.0	1.0	0.0	1.0	1.0	0.0
6_+_37534932_37534957	48hr	2	1.0	1.0	0.0	1.0	1.0	0.0
6_+_37534932_37534957	72hr	0						
6_+_37534932_37534957	7day	0						
1_-_37943639_37943669	Ctrl	2	1.0	1.0	0.0	1.0	1.0	0.0
1_-_37943639_37943669	30min	2	1.0	1.0	0.0	1.0	1.0	0.0
1_-_37943639_37943669	3hr	0						
1_-_37943639_37943669	12hr	3	1.0	1.0	0.0	1.0	1.0	0.0
1_-_37943639_37943669	24hr	2	1.0	1.0	0.0	1.0	1.0	0.0
1_-_37943639_37943669	48hr	3	1.0	1.0	0.0	1.0	1.0	0.0
1_-_37943639_37943669	72hr	1	1.0	1.0		1.0	1.0	0.0
1_-_37943639_37943669	7day	3	1.0	1.0	0.0	1.0	1.0	0.0
15_+_78890988_78891014	Ctrl	3	0.27165417389219176	0.2690355329949238	0.024701802462310563	0.2483660130718954	0.2975609756097561	0.04919496253786068
15_+_78890988_78891014	30min	3	0.1968623081700143	0.1827242524916943	0.04545516053082494	0.16015625	0.2477064220183486	0.08755017201834861
15_+_78890988_78891014	3hr	3	0.1883175781698496	0.1862068965517241	0.027668658497564603	0.1617647058823529	0.2169811320754717	0.05521642619311881
15_+_78890988_78891014	12hr	3	0.19895104895104895	0.2	0.006185946158375561	0.1923076923076923	0.2045454545454545	0.012237762237762212
15_+_78890988_78891014	24hr	3	0.2632057808716117	0.2336448598130841	0.05371063333605585	0.2307692307692307	0.3252032520325203	0.09443402126328962
15_+_78890988_78891014	48hr	3	0.22370370370370363	0.2266666666666666	0.042405748778490654	0.1798941798941798	0.2645502645502645	0.08465608465608468
15_+_78890988_78891014	72hr	3	0.29627046227985193	0.2962962962962963	0.027686125739880368	0.2685714285714285	0.323943661971831	0.05537223340040248
15_+_78890988_78891014	7day	3	0.24738796903745353	0.2371134020618556	0.02207479705784106	0.2323232323232323	0.2727272727272727	0.040404040404040414
4_-_67681562_67681591	Ctrl	2	1.0	1.0	0.0	1.0	1.0	0.0
4_-_67681562_67681591	30min	3	1.0	1.0	0.0	1.0	1.0	0.0
4_-_67681562_67681591	3hr	3	1.0	1.0	0.0	1.0	1.0	0.0
4_-_67681562_67681591	12hr	3	1.0	1.0	0.0	1.0	1.0	0.0
4_-_67681562_67681591	24hr	3	1.0	1.0	0.0	1.0	1.0	0.0
4_-_67681562_67681591	48hr	3	1.0	1.0	0.0	1.0	1.0	0.0
4_-_67681562_67681591	72hr	3	1.0	1.0	0.0	1.0	1.0	0.0
4_-_67681562_67681591	7day	3	1.0	1.0	0.0	1.0	1.0	0.0
14_-_35109818_35109847	Ctrl	3	0.26639863547758286	0.2894736842105263	0.1012962821120219	0.1555555555555555	0.3541666666666667	0.19861111111111118
14_-_35109818_35109847	30min	3	0.29230769230769227	0.2666666666666666	0.10744782994747157	0.2	0.4102564102564102	0.21025641025641018
14_-_35109818_35109847	3hr	3	0.3177453793110756	0.2929292929292929	0.05249613246776039	0.282258064516129	0.3780487804878049	0.09579071597167588
14_-_35109818_35109847	12hr	3	0.30042275526146495	0.3153846153846154	0.10570480253729748	0.188034188034188	0.3978494623655914	0.20981527433140337
14_-_35109818_35109847	24hr	3	0.34093892391036335	0.3414634146341463	0.028753660948098548	0.3119266055045872	0.3694267515923566	0.05750014608776943
14_-_35109818_35109847	48hr	3	0.3523337901218085	0.3286713286713286	0.04893457424520557	0.3197278911564626	0.4086021505376344	0.08887425938117177
14_-_35109818_35109847	72hr	3	0.3297899134316653	0.3073929961089494	0.039153636638926265	0.3069767441860465	0.375	0.06802325581395352
14_-_35109818_35109847	7day	3	0.31250901132946	0.3360995850622407	0.04641559050396297	0.2590361445783132	0.3423913043478261	0.08335515976951291
4_+_25388716_25388743	Ctrl	3	1.0	1.0	0.0	1.0	1.0	0.0
4_+_25388716_25388743	30min	3	1.0	1.0	0.0	1.0	1.0	0.0
4_+_25388716_25388743	3hr	3	1.0	1.0	0.0	1.0	1.0	0.0
4_+_25388716_25388743	12hr	3	1.0	1.0	0.0	1.0	1.0	0.0
4_+_25388716_25388743	24hr	3	1.0	1.0	0.0	1.0	1.0	0.0
4_+_25388716_25388743	48hr	3	1.0	1.0	0.0	1.0	1.0	0.0
4_+_25388716_25388743	72hr	3	1.0	1.0	0.0	1.0	1.0	0.0
4_+_25388716_25388743	7day	3	1.0	1.0	0.0	1.0	1.0	0.0
19_+_35752803_35752833	Ctrl	3	1.0	1.0	0.0	1.0	1.0	0.0
19_+_35752803_35752833	30min	3	1.0	1.0	0.0	1.0	1.0	0.0
19_+_35752803_35752833	3hr	2	1.0	1.0	0.0	1.0	1.0	0.0
19_+_35752803_35752833	12hr	3	1.0	1.0	0.0	1.0	1.0	0.0
19_+_35752803_35752833	24hr	3	1.0	1.0	0.0	1.0	1.0	0.0
19_+_35752803_35752833	48hr	3	1.0	1.0	0.0	1.0	1.0	0.0
19_+_35752803_35752833	72hr	3	1.0	1.0	0.0	1.0	1.0	0.0
19_+_35752803_35752833	7day	3	1.0	1.0	0.0	1.0	1.0	0.0
X_+_134490187_134490205	Ctrl	3	1.0	1.0	0.0	1.0	1.0	0.0
X_+_134490187_134490205	30min	3	1.0	1.0	0.0	1.0	1.0	0.0
X_+_134490187_134490205	3hr	3	1.0	1.0	0.0	1.0	1.0	0.0
X_+_134490187_134490205	12hr	3	1.0	1.0	0.0	1.0	1.0	0.0
X_+_134490187_134490205	24hr	3	1.0	1.0	0.0	1.0	1.0	0.0
X_+_134490187_134490205	48hr	3	1.0	1.0	0.0	1.0	1.0	0.0
X_+_134490187_134490205	72hr	3	1.0	1.0	0.0	1.0	1.0	0.0
X_+_134490187_134490205	7day	3	1.0	1.0	0.0	1.0	1.0	0.0
6_-_79208546_79208576	Ctrl	3	1.0	1.0	0.0	1.0	1.0	0.0
6_-_79208546_79208576	30min	3	1.0	1.0	0.0	1.0	1.0	0.0
6_-_79208546_79208576	3hr	3	1.0	1.0	0.0	1.0	1.0	0.0
6_-_79208546_79208576	12hr	3	1.0	1.0	0.0	1.0	1.0	0.0
6_-_79208546_79208576	24hr	3	1.0	1.0	0.0	1.0	1.0	0.0
6_-_79208546_79208576	48hr	3	1.0	1.0	0.0	1.0	1.0	0.0
6_-_79208546_79208576	72hr	3	1.0	1.0	0.0	1.0	1.0	0.0
6_-_79208546_79208576	7day	3	1.0	1.0	0.0	1.0	1.0	0.0
21_+_43685769_43685789	Ctrl	2	1.0	1.0	0.0	1.0	1.0	0.0
21_+_43685769_43685789	30min	3	1.0	1.0	0.0	1.0	1.0	0.0
21_+_43685769_43685789	3hr	3	1.0	1.0	0.0	1.0	1.0	0.0
21_+_43685769_43685789	12hr	3	1.0	1.0	0.0	1.0	1.0	0.0
21_+_43685769_43685789	24hr	3	1.0	1.0	0.0	1.0	1.0	0.0
21_+_43685769_43685789	48hr	3	1.0	1.0	0.0	1.0	1.0	0.0
21_+_43685769_43685789	72hr	3	1.0	1.0	0.0	1.0	1.0	0.0
21_+_43685769_43685789	7day	3	1.0	1.0	0.0	1.0	1.0	0.0
2_+_97144517_97144546	Ctrl	3	1.0	1.0	0.0	1.0	1.0	0.0
2_+_97144517_97144546	30min	3	1.0	1.0	0.0	1.0	1.0	0.0
2_+_97144517_97144546	3hr	2	1.0	1.0	0.0	1.0	1.0	0.0
2_+_97144517_97144546	12hr	0						
2_+_97144517_97144546	24hr	1	1.0	1.0		1.0	1.0	0.0
2_+_97144517_97144546	48hr	0						
2_+_97144517_97144546	72hr	1	1.0	1.0		1.0	1.0	0.0
2_+_97144517_97144546	7day	1	1.0	1.0		1.0	1.0	0.0
6_+_26373275_26373296	Ctrl	3	1.0	1.0	0.0	1.0	1.0	0.0
6_+_26373275_26373296	30min	3	1.0	1.0	0.0	1.0	1.0	0.0
6_+_26373275_26373296	3hr	3	0.8829966329966329	0.9444444444444444	0.1152891403931697	0.75	0.9545454545454546	0.20454545454545459
6_+_26373275_26373296	12hr	3	0.78676525290923	0.819672131147541	0.1172618235397408	0.6565656565656566	0.8840579710144928	0.22749231444883622
6_+_26373275_26373296	24hr	3	0.8507507507507507	0.8333333333333334	0.06134290620218869	0.8	0.918918918918919	0.11891891891891893
6_+_26373275_26373296	48hr	3	0.8199404761904763	0.78125	0.16417002267021044	0.6785714285714286	1.0	0.3214285714285714
6_+_26373275_26373296	72hr	3	0.9931972789115647	1.0	0.01178265855489027	0.979591836734694	1.0	0.020408163265306034
6_+_26373275_26373296	7day	3	0.6886274509803921	0.7058823529411765	0.08138365149867148	0.6	0.76	0.16000000000000003
16_+_1758147_1758159	Ctrl	3	1.0	1.0	0.0	1.0	1.0	0.0
16_+_1758147_1758159	30min	3	1.0	1.0	0.0	1.0	1.0	0.0
16_+_1758147_1758159	3hr	3	1.0	1.0	0.0	1.0	1.0	0.0
16_+_1758147_1758159	12hr	3	1.0	1.0	0.0	1.0	1.0	0.0
16_+_1758147_1758159	24hr	3	1.0	1.0	0.0	1.0	1.0	0.0
16_+_1758147_1758159	48hr	3	1.0	1.0	0.0	1.0	1.0	0.0
16_+_1758147_1758159	72hr	3	1.0	1.0	0.0	1.0	1.0	0.0
16_+_1758147_1758159	7day	3	1.0	1.0	0.0	1.0	1.0	0.0
1_-_154947981_154948005	Ctrl	3	1.0	1.0	0.0	1.0	1.0	0.0
1_-_154947981_154948005	30min	3	1.0	1.0	0.0	1.0	1.0	0.0
1_-_154947981_154948005	3hr	3	1.0	1.0	0.0	1.0	1.0	0.0
1_-_154947981_154948005	12hr	3	1.0	1.0	0.0	1.0	1.0	0.0
1_-_154947981_154948005	24hr	3	1.0	1.0	0.0	1.0	1.0	0.0
1_-_154947981_154948005	48hr	2	1.0	1.0	0.0	1.0	1.0	0.0
1_-_154947981_154948005	72hr	3	1.0	1.0	0.0	1.0	1.0	0.0
1_-_154947981_154948005	7day	3	1.0	1.0	0.0	1.0	1.0	0.0
4_+_140527465_140527494	Ctrl	1	1.0	1.0		1.0	1.0	0.0
4_+_140527465_140527494	30min	2	1.0	1.0	0.0	1.0	1.0	0.0
4_+_140527465_140527494	3hr	2	1.0	1.0	0.0	1.0	1.0	0.0
4_+_140527465_140527494	12hr	3	1.0	1.0	0.0	1.0	1.0	0.0
4_+_140527465_140527494	24hr	3	1.0	1.0	0.0	1.0	1.0	0.0
4_+_140527465_140527494	48hr	3	1.0	1.0	0.0	1.0	1.0	0.0
4_+_140527465_140527494	72hr	3	1.0	1.0	0.0	1.0	1.0	0.0
4_+_140527465_140527494	7day	3	1.0	1.0	0.0	1.0	1.0	0.0
6_+_36136018_36136048	Ctrl	0						
6_+_36136018_36136048	30min	0						
6_+_36136018_36136048	3hr	0						
6_+_36136018_36136048	12hr	0						
6_+_36136018_36136048	24hr	1	1.0	1.0		1.0	1.0	0.0
6_+_36136018_36136048	48hr	2	1.0	1.0	0.0	1.0	1.0	0.0
6_+_36136018_36136048	72hr	3	1.0	1.0	0.0	1.0	1.0	0.0
6_+_36136018_36136048	7day	2	1.0	1.0	0.0	1.0	1.0	0.0
4_+_141224486_141224506	Ctrl	3	1.0	1.0	0.0	1.0	1.0	0.0
4_+_141224486_141224506	30min	3	1.0	1.0	0.0	1.0	1.0	0.0
4_+_141224486_141224506	3hr	3	1.0	1.0	0.0	1.0	1.0	0.0
4_+_141224486_141224506	12hr	3	1.0	1.0	0.0	1.0	1.0	0.0
4_+_141224486_141224506	24hr	3	1.0	1.0	0.0	1.0	1.0	0.0
4_+_141224486_141224506	48hr	3	1.0	1.0	0.0	1.0	1.0	0.0
4_+_141224486_141224506	72hr	3	1.0	1.0	0.0	1.0	1.0	0.0
4_+_141224486_141224506	7day	3	1.0	1.0	0.0	1.0	1.0	0.0
2_+_173190894_173190923	Ctrl	0						
2_+_173190894_173190923	30min	0						
2_+_173190894_173190923	3hr	0						
2_+_173190894_173190923	12hr	0						
2_+_173190894_173190923	24hr	2	1.0	1.0	0.0	1.0	1.0	0.0
2_+_173190894_173190923	48hr	3	1.0	1.0	0.0	1.0	1.0	0.0
2_+_173190894_173190923	72hr	2	1.0	1.0	0.0	1.0	1.0	0.0
2_+_173190894_173190923	7day	3	1.0	1.0	0.0	1.0	1.0	0.0
X_+_47566883_47566911	Ctrl	3	1.0	1.0	0.0	1.0	1.0	0.0
X_+_47566883_47566911	30min	3	1.0	1.0	0.0	1.0	1.0	0.0
X_+_47566883_47566911	3hr	3	1.0	1.0	0.0	1.0	1.0	0.0
X_+_47566883_47566911	12hr	3	1.0	1.0	0.0	1.0	1.0	0.0
X_+_47566883_47566911	24hr	3	1.0	1.0	0.0	1.0	1.0	0.0
X_+_47566883_47566911	48hr	3	1.0	1.0	0.0	1.0	1.0	0.0
X_+_47566883_47566911	72hr	3	1.0	1.0	0.0	1.0	1.0	0.0
X_+_47566883_47566911	7day	3	1.0	1.0	0.0	1.0	1.0	0.0
1_+_66984571_66984592	Ctrl	3	0.0254237288135593	0.0	0.04403519002293752	0.0	0.0762711864406779	0.0762711864406779
1_+_66984571_66984592	30min	3	0.0	0.0	0.0	0.0	0.0	0.0
1_+_66984571_66984592	3hr	3	0.1006269174336401	0.0705882352941176	0.0728316087918823	0.0476190476190476	0.1836734693877551	0.13605442176870752
1_+_66984571_66984592	12hr	3	0.10740740740740735	0.0888888888888888	0.1177638007080344	0.0	0.2333333333333333	0.2333333333333333
1_+_66984571_66984592	24hr	3	0.22368019820850008	0.2452830188679245	0.19710202410399696	0.0166666666666666	0.4090909090909091	0.3924242424242425
1_+_66984571_66984592	48hr	3	0.17509712509712508	0.15	0.08781386784614696	0.1025641025641025	0.2727272727272727	0.1701631701631702
1_+_66984571_66984592	72hr	3	0.4405328333138013	0.3043478260869565	0.3409915962357926	0.1886792452830188	0.8285714285714286	0.6398921832884098
1_+_66984571_66984592	7day	3	0.11310541310541311	0.1111111111111111	0.014207928934235527	0.1	0.1282051282051282	0.028205128205128188
2_-_191058201_191058219	Ctrl	3	1.0	1.0	0.0	1.0	1.0	0.0
2_-_191058201_191058219	30min	3	1.0	1.0	0.0	1.0	1.0	0.0
2_-_191058201_191058219	3hr	3	1.0	1.0	0.0	1.0	1.0	0.0
2_-_191058201_191058219	12hr	3	1.0	1.0	0.0	1.0	1.0	0.0
2_-_191058201_191058219	24hr	3	1.0	1.0	0.0	1.0	1.0	0.0
2_-_191058201_191058219	48hr	3	1.0	1.0	0.0	1.0	1.0	0.0
2_-_191058201_191058219	72hr	3	1.0	1.0	0.0	1.0	1.0	0.0
2_-_191058201_191058219	7day	3	1.0	1.0	0.0	1.0	1.0	0.0
2_+_27772673_27772692	Ctrl	3	1.0	1.0	0.0	1.0	1.0	0.0
2_+_27772673_27772692	30min	3	1.0	1.0	0.0	1.0	1.0	0.0
2_+_27772673_27772692	3hr	3	1.0	1.0	0.0	1.0	1.0	0.0
2_+_27772673_27772692	12hr	3	1.0	1.0	0.0	1.0	1.0	0.0
2_+_27772673_27772692	24hr	3	1.0	1.0	0.0	1.0	1.0	0.0
2_+_27772673_27772692	48hr	3	1.0	1.0	0.0	1.0	1.0	0.0
2_+_27772673_27772692	72hr	3	1.0	1.0	0.0	1.0	1.0	0.0
2_+_27772673_27772692	7day	3	1.0	1.0	0.0	1.0	1.0	0.0
5_-_177747768_177747793	Ctrl	2	0.9210526315789473	0.9210526315789473	0.11164843913471806	0.8421052631578947	1.0	0.1578947368421053
5_-_177747768_177747793	30min	3	0.9445241511238641	0.951219512195122	0.05910861618548209	0.8823529411764706	1.0	0.11764705882352944
5_-_177747768_177747793	3hr	1	1.0	1.0		1.0	1.0	0.0
5_-_177747768_177747793	12hr	0						
5_-_177747768_177747793	24hr	0						
5_-_177747768_177747793	48hr	0						
5_-_177747768_177747793	72hr	0						
5_-_177747768_177747793	7day	0						
18_+_58714082_58714109	Ctrl	3	1.0	1.0	0.0	1.0	1.0	0.0
18_+_58714082_58714109	30min	3	1.0	1.0	0.0	1.0	1.0	0.0
18_+_58714082_58714109	3hr	3	1.0	1.0	0.0	1.0	1.0	0.0
18_+_58714082_58714109	12hr	3	1.0	1.0	0.0	1.0	1.0	0.0
18_+_58714082_58714109	24hr	3	1.0	1.0	0.0	1.0	1.0	0.0
18_+_58714082_58714109	48hr	3	1.0	1.0	0.0	1.0	1.0	0.0
18_+_58714082_58714109	72hr	3	1.0	1.0	0.0	1.0	1.0	0.0
18_+_58714082_58714109	7day	3	1.0	1.0	0.0	1.0	1.0	0.0
21_+_45990257_45990284	Ctrl	3	1.0	1.0	0.0	1.0	1.0	0.0
21_+_45990257_45990284	30min	2	1.0	1.0	0.0	1.0	1.0	0.0
21_+_45990257_45990284	3hr	2	1.0	1.0	0.0	1.0	1.0	0.0
21_+_45990257_45990284	12hr	3	1.0	1.0	0.0	1.0	1.0	0.0
21_+_45990257_45990284	24hr	3	1.0	1.0	0.0	1.0	1.0	0.0
21_+_45990257_45990284	48hr	3	1.0	1.0	0.0	1.0	1.0	0.0
21_+_45990257_45990284	72hr	3	1.0	1.0	0.0	1.0	1.0	0.0
21_+_45990257_45990284	7day	3	1.0	1.0	0.0	1.0	1.0	0.0
7_+_74700605_74700634	Ctrl	3	1.0	1.0	0.0	1.0	1.0	0.0
7_+_74700605_74700634	30min	3	1.0	1.0	0.0	1.0	1.0	0.0
7_+_74700605_74700634	3hr	3	1.0	1.0	0.0	1.0	1.0	0.0
7_+_74700605_74700634	12hr	3	1.0	1.0	0.0	1.0	1.0	0.0
7_+_74700605_74700634	24hr	3	1.0	1.0	0.0	1.0	1.0	0.0
7_+_74700605_74700634	48hr	3	1.0	1.0	0.0	1.0	1.0	0.0
7_+_74700605_74700634	72hr	3	1.0	1.0	0.0	1.0	1.0	0.0
7_+_74700605_74700634	7day	3	1.0	1.0	0.0	1.0	1.0	0.0
11_+_3808293_3808315	Ctrl	3	1.0	1.0	0.0	1.0	1.0	0.0
11_+_3808293_3808315	30min	3	1.0	1.0	0.0	1.0	1.0	0.0
11_+_3808293_3808315	3hr	3	1.0	1.0	0.0	1.0	1.0	0.0
11_+_3808293_3808315	12hr	3	1.0	1.0	0.0	1.0	1.0	0.0
11_+_3808293_3808315	24hr	3	0.9931972789115647	1.0	0.01178265855489027	0.979591836734694	1.0	0.020408163265306034
11_+_3808293_3808315	48hr	3	1.0	1.0	0.0	1.0	1.0	0.0
11_+_3808293_3808315	72hr	2	1.0	1.0	0.0	1.0	1.0	0.0
11_+_3808293_3808315	7day	3	1.0	1.0	0.0	1.0	1.0	0.0
2_-_95880594_95880623	Ctrl	2	1.0	1.0	0.0	1.0	1.0	0.0
2_-_95880594_95880623	30min	3	1.0	1.0	0.0	1.0	1.0	0.0
2_-_95880594_95880623	3hr	2	1.0	1.0	0.0	1.0	1.0	0.0
2_-_95880594_95880623	12hr	2	1.0	1.0	0.0	1.0	1.0	0.0
2_-_95880594_95880623	24hr	1	1.0	1.0		1.0	1.0	0.0
2_-_95880594_95880623	48hr	0						
2_-_95880594_95880623	72hr	1	1.0	1.0		1.0	1.0	0.0
2_-_95880594_95880623	7day	2	1.0	1.0	0.0	1.0	1.0	0.0
7_-_32488624_32488652	Ctrl	3	0.9528301886792453	1.0	0.08170050979098475	0.8584905660377359	1.0	0.14150943396226412
7_-_32488624_32488652	30min	3	0.9770047169811321	0.96875	0.02017681442484513	0.9622641509433962	1.0	0.037735849056603765
7_-_32488624_32488652	3hr	3	0.9919678714859438	1.0	0.013912054679268072	0.9759036144578314	1.0	0.02409638554216864
7_-_32488624_32488652	12hr	3	0.9957165722082285	0.9949622166246852	0.003960502281569485	0.9921875	1.0	0.0078125
7_-_32488624_32488652	24hr	3	0.9942966117675521	0.9928698752228164	0.0051407180508230964	0.9900199600798404	1.0	0.009980039920159611
7_-_32488624_32488652	48hr	3	0.9972981820200388	0.9975429975429976	0.0019193811549949632	0.995268138801262	0.999083409715857	0.0038152709145949926
7_-_32488624_32488652	72hr	3	0.9861594879495708	0.9895724713242962	0.010572873079571212	0.9743016759776536	0.9946043165467626	0.02030264056910902
7_-_32488624_32488652	7day	3	0.9809078014184397	0.9787234042553192	0.018099135151290715	0.964	1.0	0.03600000000000003
21_+_46116650_46116677	Ctrl	3	1.0	1.0	0.0	1.0	1.0	0.0
21_+_46116650_46116677	30min	3	1.0	1.0	0.0	1.0	1.0	0.0
21_+_46116650_46116677	3hr	3	1.0	1.0	0.0	1.0	1.0	0.0
21_+_46116650_46116677	12hr	3	1.0	1.0	0.0	1.0	1.0	0.0
21_+_46116650_46116677	24hr	3	1.0	1.0	0.0	1.0	1.0	0.0
21_+_46116650_46116677	48hr	3	1.0	1.0	0.0	1.0	1.0	0.0
21_+_46116650_46116677	72hr	3	1.0	1.0	0.0	1.0	1.0	0.0
21_+_46116650_46116677	7day	3	1.0	1.0	0.0	1.0	1.0	0.0
6_+_26374770_26374798	Ctrl	3	1.0	1.0	0.0	1.0	1.0	0.0
6_+_26374770_26374798	30min	3	1.0	1.0	0.0	1.0	1.0	0.0
6_+_26374770_26374798	3hr	3	1.0	1.0	0.0	1.0	1.0	0.0
6_+_26374770_26374798	12hr	3	1.0	1.0	0.0	1.0	1.0	0.0
6_+_26374770_26374798	24hr	3	1.0	1.0	0.0	1.0	1.0	0.0
6_+_26374770_26374798	48hr	3	1.0	1.0	0.0	1.0	1.0	0.0
6_+_26374770_26374798	72hr	3	1.0	1.0	0.0	1.0	1.0	0.0
6_+_26374770_26374798	7day	3	1.0	1.0	0.0	1.0	1.0	0.0
12_+_123652531_123652561	Ctrl	3	1.0	1.0	0.0	1.0	1.0	0.0
12_+_123652531_123652561	30min	3	1.0	1.0	0.0	1.0	1.0	0.0
12_+_123652531_123652561	3hr	3	1.0	1.0	0.0	1.0	1.0	0.0
12_+_123652531_123652561	12hr	3	0.9946236559139785	1.0	0.009312101115961634	0.9838709677419356	1.0	0.01612903225806439
12_+_123652531_123652561	24hr	3	0.9957264957264957	1.0	0.007401926528072099	0.9871794871794872	1.0	0.012820512820512775
12_+_123652531_123652561	48hr	3	0.9603518174946747	0.98989898989899	0.0601373881796385	0.891156462585034	1.0	0.108843537414966
12_+_123652531_123652561	72hr	3	0.9833333333333334	1.0	0.028867513459481315	0.95	1.0	0.050000000000000044
12_+_123652531_123652561	7day	3	0.9858156028368795	1.0	0.024568096561260643	0.9574468085106383	1.0	0.04255319148936165
8_-_144401645_144401673	Ctrl	3	1.0	1.0	0.0	1.0	1.0	0.0
8_-_144401645_144401673	30min	3	1.0	1.0	0.0	1.0	1.0	0.0
8_-_144401645_144401673	3hr	3	1.0	1.0	0.0	1.0	1.0	0.0
8_-_144401645_144401673	12hr	3	1.0	1.0	0.0	1.0	1.0	0.0
8_-_144401645_144401673	24hr	3	1.0	1.0	0.0	1.0	1.0	0.0
8_-_144401645_144401673	48hr	3	1.0	1.0	0.0	1.0	1.0	0.0
8_-_144401645_144401673	72hr	3	1.0	1.0	0.0	1.0	1.0	0.0
8_-_144401645_144401673	7day	3	1.0	1.0	0.0	1.0	1.0	0.0
15_-_73563235_73563257	Ctrl	0						
15_-_73563235_73563257	30min	0						
15_-_73563235_73563257	3hr	2	1.0	1.0	0.0	1.0	1.0	0.0
15_-_73563235_73563257	12hr	3	1.0	1.0	0.0	1.0	1.0	0.0
15_-_73563235_73563257	24hr	3	1.0	1.0	0.0	1.0	1.0	0.0
15_-_73563235_73563257	48hr	3	1.0	1.0	0.0	1.0	1.0	0.0
15_-_73563235_73563257	72hr	3	1.0	1.0	0.0	1.0	1.0	0.0
15_-_73563235_73563257	7day	3	1.0	1.0	0.0	1.0	1.0	0.0
22_+_46663837_46663863	Ctrl	2	1.0	1.0	0.0	1.0	1.0	0.0
22_+_46663837_46663863	30min	3	1.0	1.0	0.0	1.0	1.0	0.0
22_+_46663837_46663863	3hr	2	1.0	1.0	0.0	1.0	1.0	0.0
22_+_46663837_46663863	12hr	3	1.0	1.0	0.0	1.0	1.0	0.0
22_+_46663837_46663863	24hr	3	1.0	1.0	0.0	1.0	1.0	0.0
22_+_46663837_46663863	48hr	3	1.0	1.0	0.0	1.0	1.0	0.0
22_+_46663837_46663863	72hr	3	1.0	1.0	0.0	1.0	1.0	0.0
22_+_46663837_46663863	7day	3	1.0	1.0	0.0	1.0	1.0	0.0
3_+_108651136_108651162	Ctrl	1	1.0	1.0		1.0	1.0	0.0
3_+_108651136_108651162	30min	2	1.0	1.0	0.0	1.0	1.0	0.0
3_+_108651136_108651162	3hr	0						
3_+_108651136_108651162	12hr	1	1.0	1.0		1.0	1.0	0.0
3_+_108651136_108651162	24hr	1	1.0	1.0		1.0	1.0	0.0
3_+_108651136_108651162	48hr	1	1.0	1.0		1.0	1.0	0.0
3_+_108651136_108651162	72hr	3	1.0	1.0	0.0	1.0	1.0	0.0
3_+_108651136_108651162	7day	2	1.0	1.0	0.0	1.0	1.0	0.0
3_+_127674390_127674418	Ctrl	3	0.08509747168023425	0.0915492957746478	0.011343157197066401	0.072	0.091743119266055	0.019743119266055
3_+_127674390_127674418	30min	3	0.17039566168598422	0.1981566820276497	0.05863987299828482	0.103030303030303	0.21	0.10696969696969699
3_+_127674390_127674418	3hr	3	0.055458430458430436	0.0606060606060606	0.015096314783137908	0.0384615384615384	0.0673076923076923	0.028846153846153903
3_+_127674390_127674418	12hr	3	0.09205653583464672	0.0869565217391304	0.04354904339087102	0.0512820512820512	0.1379310344827586	0.0866489832007074
3_+_127674390_127674418	24hr	3	0.0787037037037037	0.1111111111111111	0.06851226197661454	0.0	0.125	0.125
3_+_127674390_127674418	48hr	1	0.0	0.0		0.0	0.0	0.0
3_+_127674390_127674418	72hr	3	0.20554226475279103	0.2083333333333333	0.0989131107165981	0.1052631578947368	0.303030303030303	0.1977671451355662
3_+_127674390_127674418	7day	3	0.173780487804878	0.1463414634146341	0.14775667888703853	0.0416666666666666	0.3333333333333333	0.29166666666666674
12_+_56117188_56117211	Ctrl	3	0.8164137449851735	0.7551020408163265	0.13961212420851865	0.717948717948718	0.9761904761904762	0.2582417582417582
12_+_56117188_56117211	30min	3	0.654036504036504	0.6285714285714286	0.1457202243342146	0.5227272727272727	0.8108108108108109	0.28808353808353815
12_+_56117188_56117211	3hr	3	0.7583519928347515	0.7272727272727273	0.09219372990071974	0.6857142857142857	0.8620689655172413	0.1763546798029556
12_+_56117188_56117211	12hr	3	0.8684168910072524	0.8795180722891566	0.071845772376336	0.7916666666666666	0.934065934065934	0.14239926739926734
12_+_56117188_56117211	24hr	3	0.9011453522323087	0.9404761904761904	0.07265165254391241	0.8173076923076923	0.9456521739130436	0.12834448160535128
12_+_56117188_56117211	48hr	3	0.9284283094976163	0.936	0.03634991091660203	0.8888888888888888	0.9603960396039604	0.07150715071507152
12_+_56117188_56117211	72hr	3	0.9272063090090096	0.9394572025052192	0.03492641434326106	0.8878048780487805	0.9543568464730292	0.06655196842424871
12_+_56117188_56117211	7day	3	0.8737110842374	0.922077922077922	0.0905654723011136	0.7692307692307693	0.9298245614035088	0.1605937921727395
6_-_30190012_30190035	Ctrl	3	1.0	1.0	0.0	1.0	1.0	0.0
6_-_30190012_30190035	30min	2	1.0	1.0	0.0	1.0	1.0	0.0
6_-_30190012_30190035	3hr	3	1.0	1.0	0.0	1.0	1.0	0.0
6_-_30190012_30190035	12hr	3	1.0	1.0	0.0	1.0	1.0	0.0
6_-_30190012_30190035	24hr	3	1.0	1.0	0.0	1.0	1.0	0.0
6_-_30190012_30190035	48hr	3	1.0	1.0	0.0	1.0	1.0	0.0
6_-_30190012_30190035	72hr	3	1.0	1.0	0.0	1.0	1.0	0.0
6_-_30190012_30190035	7day	3	1.0	1.0	0.0	1.0	1.0	0.0
1_+_209763362_209763392	Ctrl	3	1.0	1.0	0.0	1.0	1.0	0.0
1_+_209763362_209763392	30min	3	1.0	1.0	0.0	1.0	1.0	0.0
1_+_209763362_209763392	3hr	3	1.0	1.0	0.0	1.0	1.0	0.0
1_+_209763362_209763392	12hr	3	1.0	1.0	0.0	1.0	1.0	0.0
1_+_209763362_209763392	24hr	3	1.0	1.0	0.0	1.0	1.0	0.0
1_+_209763362_209763392	48hr	3	1.0	1.0	0.0	1.0	1.0	0.0
1_+_209763362_209763392	72hr	3	1.0	1.0	0.0	1.0	1.0	0.0
1_+_209763362_209763392	7day	3	1.0	1.0	0.0	1.0	1.0	0.0
17_-_39439164_39439193	Ctrl	3	1.0	1.0	0.0	1.0	1.0	0.0
17_-_39439164_39439193	30min	3	1.0	1.0	0.0	1.0	1.0	0.0
17_-_39439164_39439193	3hr	3	1.0	1.0	0.0	1.0	1.0	0.0
17_-_39439164_39439193	12hr	3	1.0	1.0	0.0	1.0	1.0	0.0
17_-_39439164_39439193	24hr	3	1.0	1.0	0.0	1.0	1.0	0.0
17_-_39439164_39439193	48hr	3	1.0	1.0	0.0	1.0	1.0	0.0
17_-_39439164_39439193	72hr	3	1.0	1.0	0.0	1.0	1.0	0.0
17_-_39439164_39439193	7day	3	1.0	1.0	0.0	1.0	1.0	0.0
12_-_76053090_76053110	Ctrl	3	1.0	1.0	0.0	1.0	1.0	0.0
12_-_76053090_76053110	30min	3	1.0	1.0	0.0	1.0	1.0	0.0
12_-_76053090_76053110	3hr	3	1.0	1.0	0.0	1.0	1.0	0.0
12_-_76053090_76053110	12hr	3	1.0	1.0	0.0	1.0	1.0	0.0
12_-_76053090_76053110	24hr	3	1.0	1.0	0.0	1.0	1.0	0.0
12_-_76053090_76053110	48hr	3	1.0	1.0	0.0	1.0	1.0	0.0
12_-_76053090_76053110	72hr	3	1.0	1.0	0.0	1.0	1.0	0.0
12_-_76053090_76053110	7day	3	1.0	1.0	0.0	1.0	1.0	0.0
2_+_189665421_189665451	Ctrl	3	0.2645442052221713	0.2203389830508474	0.0993994755032156	0.1949152542372881	0.3783783783783784	0.1834631241410903
2_+_189665421_189665451	30min	3	0.2569564125585219	0.2857142857142857	0.07368556993782055	0.1732283464566929	0.3119266055045872	0.13869825904789426
2_+_189665421_189665451	3hr	3	0.24812030075187966	0.2763157894736842	0.06058932880182785	0.1785714285714285	0.2894736842105263	0.11090225563909784
2_+_189665421_189665451	12hr	3	0.24252409768269587	0.2410714285714285	0.10627157754964732	0.136986301369863	0.3495145631067961	0.21252826173693307
2_+_189665421_189665451	24hr	3	0.28932338078658815	0.316546762589928	0.0529084086222673	0.2283464566929134	0.3230769230769231	0.0947304663840097
2_+_189665421_189665451	48hr	3	0.2548326515977805	0.2458100558659217	0.034953790383086034	0.2252747252747252	0.2934131736526946	0.0681384483779694
2_+_189665421_189665451	72hr	3	0.37769944797021604	0.4344262295081967	0.17457286266940913	0.1818181818181818	0.5168539325842697	0.33503575076608794
2_+_189665421_189665451	7day	3	0.2837191934279312	0.3	0.046975473474466796	0.2307692307692307	0.3203883495145631	0.08961911874533238
4_+_2511955_2511965	Ctrl	3	1.0	1.0	0.0	1.0	1.0	0.0
4_+_2511955_2511965	30min	3	1.0	1.0	0.0	1.0	1.0	0.0
4_+_2511955_2511965	3hr	3	1.0	1.0	0.0	1.0	1.0	0.0
4_+_2511955_2511965	12hr	3	1.0	1.0	0.0	1.0	1.0	0.0
4_+_2511955_2511965	24hr	3	1.0	1.0	0.0	1.0	1.0	0.0
4_+_2511955_2511965	48hr	3	1.0	1.0	0.0	1.0	1.0	0.0
4_+_2511955_2511965	72hr	3	1.0	1.0	0.0	1.0	1.0	0.0
4_+_2511955_2511965	7day	3	1.0	1.0	0.0	1.0	1.0	0.0
8_+_22080617_22080625	Ctrl	3	1.0	1.0	0.0	1.0	1.0	0.0
8_+_22080617_22080625	30min	3	1.0	1.0	0.0	1.0	1.0	0.0
8_+_22080617_22080625	3hr	1	1.0	1.0		1.0	1.0	0.0
8_+_22080617_22080625	12hr	1	1.0	1.0		1.0	1.0	0.0
8_+_22080617_22080625	24hr	3	1.0	1.0	0.0	1.0	1.0	0.0
8_+_22080617_22080625	48hr	2	1.0	1.0	0.0	1.0	1.0	0.0
8_+_22080617_22080625	72hr	3	1.0	1.0	0.0	1.0	1.0	0.0
8_+_22080617_22080625	7day	3	1.0	1.0	0.0	1.0	1.0	0.0
7_-_103277613_103277638	Ctrl	0						
7_-_103277613_103277638	30min	3	1.0	1.0	0.0	1.0	1.0	0.0
7_-_103277613_103277638	3hr	0						
7_-_103277613_103277638	12hr	1	1.0	1.0		1.0	1.0	0.0
7_-_103277613_103277638	24hr	1	1.0	1.0		1.0	1.0	0.0
7_-_103277613_103277638	48hr	3	1.0	1.0	0.0	1.0	1.0	0.0
7_-_103277613_103277638	72hr	2	1.0	1.0	0.0	1.0	1.0	0.0
7_-_103277613_103277638	7day	3	0.9166666666666666	1.0	0.14433756729740646	0.75	1.0	0.25
10_-_93340152_93340164	Ctrl	0						
10_-_93340152_93340164	30min	0						
10_-_93340152_93340164	3hr	0						
10_-_93340152_93340164	12hr	0						
10_-_93340152_93340164	24hr	3	1.0	1.0	0.0	1.0	1.0	0.0
10_-_93340152_93340164	48hr	3	1.0	1.0	0.0	1.0	1.0	0.0
10_-_93340152_93340164	72hr	3	1.0	1.0	0.0	1.0	1.0	0.0
10_-_93340152_93340164	7day	1	1.0	1.0		1.0	1.0	0.0
19_+_35614034_35614059	Ctrl	3	1.0	1.0	0.0	1.0	1.0	0.0
19_+_35614034_35614059	30min	3	1.0	1.0	0.0	1.0	1.0	0.0
19_+_35614034_35614059	3hr	3	1.0	1.0	0.0	1.0	1.0	0.0
19_+_35614034_35614059	12hr	3	0.9633272616879175	0.9555555555555556	0.033470575230846636	0.9344262295081968	1.0	0.06557377049180324
19_+_35614034_35614059	24hr	3	0.9849430824443837	0.9888888888888888	0.008865311517730864	0.9747899159663864	0.991150442477876	0.01636052651148956
19_+_35614034_35614059	48hr	3	0.9926961926961928	0.990909090909091	0.006594443634100595	0.9871794871794872	1.0	0.012820512820512775
19_+_35614034_35614059	72hr	3	0.9795918367346937	1.0	0.035347975664671	0.9387755102040816	1.0	0.061224489795918435
19_+_35614034_35614059	7day	3	0.9665036884542803	0.9741379310344828	0.037894637019284784	0.9253731343283582	1.0	0.07462686567164178
8_-_143839171_143839195	Ctrl	3	1.0	1.0	0.0	1.0	1.0	0.0
8_-_143839171_143839195	30min	3	1.0	1.0	0.0	1.0	1.0	0.0
8_-_143839171_143839195	3hr	3	1.0	1.0	0.0	1.0	1.0	0.0
8_-_143839171_143839195	12hr	1	1.0	1.0		1.0	1.0	0.0
8_-_143839171_143839195	24hr	1	1.0	1.0		1.0	1.0	0.0
8_-_143839171_143839195	48hr	1	1.0	1.0		1.0	1.0	0.0
8_-_143839171_143839195	72hr	0						
8_-_143839171_143839195	7day	3	1.0	1.0	0.0	1.0	1.0	0.0
16_-_190540_190570	Ctrl	3	1.0	1.0	0.0	1.0	1.0	0.0
16_-_190540_190570	30min	3	1.0	1.0	0.0	1.0	1.0	0.0
16_-_190540_190570	3hr	3	1.0	1.0	0.0	1.0	1.0	0.0
16_-_190540_190570	12hr	3	1.0	1.0	0.0	1.0	1.0	0.0
16_-_190540_190570	24hr	3	1.0	1.0	0.0	1.0	1.0	0.0
16_-_190540_190570	48hr	3	1.0	1.0	0.0	1.0	1.0	0.0
16_-_190540_190570	72hr	3	1.0	1.0	0.0	1.0	1.0	0.0
16_-_190540_190570	7day	3	1.0	1.0	0.0	1.0	1.0	0.0
1_+_209763067_209763092	Ctrl	3	1.0	1.0	0.0	1.0	1.0	0.0
1_+_209763067_209763092	30min	3	1.0	1.0	0.0	1.0	1.0	0.0
1_+_209763067_209763092	3hr	3	1.0	1.0	0.0	1.0	1.0	0.0
1_+_209763067_209763092	12hr	3	1.0	1.0	0.0	1.0	1.0	0.0
1_+_209763067_209763092	24hr	3	1.0	1.0	0.0	1.0	1.0	0.0
1_+_209763067_209763092	48hr	3	1.0	1.0	0.0	1.0	1.0	0.0
1_+_209763067_209763092	72hr	3	1.0	1.0	0.0	1.0	1.0	0.0
1_+_209763067_209763092	7day	3	1.0	1.0	0.0	1.0	1.0	0.0
1_+_32204597_32204620	Ctrl	3	1.0	1.0	0.0	1.0	1.0	0.0
1_+_32204597_32204620	30min	2	1.0	1.0	0.0	1.0	1.0	0.0
1_+_32204597_32204620	3hr	3	1.0	1.0	0.0	1.0	1.0	0.0
1_+_32204597_32204620	12hr	3	1.0	1.0	0.0	1.0	1.0	0.0
1_+_32204597_32204620	24hr	3	1.0	1.0	0.0	1.0	1.0	0.0
1_+_32204597_32204620	48hr	3	1.0	1.0	0.0	1.0	1.0	0.0
1_+_32204597_32204620	72hr	3	1.0	1.0	0.0	1.0	1.0	0.0
1_+_32204597_32204620	7day	3	1.0	1.0	0.0	1.0	1.0	0.0
2_+_97198462_97198491	Ctrl	3	1.0	1.0	0.0	1.0	1.0	0.0
2_+_97198462_97198491	30min	3	1.0	1.0	0.0	1.0	1.0	0.0
2_+_97198462_97198491	3hr	3	1.0	1.0	0.0	1.0	1.0	0.0
2_+_97198462_97198491	12hr	1	1.0	1.0		1.0	1.0	0.0
2_+_97198462_97198491	24hr	1	1.0	1.0		1.0	1.0	0.0
2_+_97198462_97198491	48hr	0						
2_+_97198462_97198491	72hr	2	1.0	1.0	0.0	1.0	1.0	0.0
2_+_97198462_97198491	7day	0						
21_+_45987154_45987175	Ctrl	3	1.0	1.0	0.0	1.0	1.0	0.0
21_+_45987154_45987175	30min	3	1.0	1.0	0.0	1.0	1.0	0.0
21_+_45987154_45987175	3hr	3	1.0	1.0	0.0	1.0	1.0	0.0
21_+_45987154_45987175	12hr	3	1.0	1.0	0.0	1.0	1.0	0.0
21_+_45987154_45987175	24hr	3	1.0	1.0	0.0	1.0	1.0	0.0
21_+_45987154_45987175	48hr	3	1.0	1.0	0.0	1.0	1.0	0.0
21_+_45987154_45987175	72hr	3	1.0	1.0	0.0	1.0	1.0	0.0
21_+_45987154_45987175	7day	3	1.0	1.0	0.0	1.0	1.0	0.0
12_-_121255782_121255804	Ctrl	2	1.0	1.0	0.0	1.0	1.0	0.0
12_-_121255782_121255804	30min	2	1.0	1.0	0.0	1.0	1.0	0.0
12_-_121255782_121255804	3hr	1	1.0	1.0		1.0	1.0	0.0
12_-_121255782_121255804	12hr	3	1.0	1.0	0.0	1.0	1.0	0.0
12_-_121255782_121255804	24hr	3	1.0	1.0	0.0	1.0	1.0	0.0
12_-_121255782_121255804	48hr	3	1.0	1.0	0.0	1.0	1.0	0.0
12_-_121255782_121255804	72hr	3	1.0	1.0	0.0	1.0	1.0	0.0
12_-_121255782_121255804	7day	3	1.0	1.0	0.0	1.0	1.0	0.0
5_+_140659314_140659333	Ctrl	3	1.0	1.0	0.0	1.0	1.0	0.0
5_+_140659314_140659333	30min	3	1.0	1.0	0.0	1.0	1.0	0.0
5_+_140659314_140659333	3hr	3	1.0	1.0	0.0	1.0	1.0	0.0
5_+_140659314_140659333	12hr	3	1.0	1.0	0.0	1.0	1.0	0.0
5_+_140659314_140659333	24hr	3	1.0	1.0	0.0	1.0	1.0	0.0
5_+_140659314_140659333	48hr	3	1.0	1.0	0.0	1.0	1.0	0.0
5_+_140659314_140659333	72hr	3	1.0	1.0	0.0	1.0	1.0	0.0
5_+_140659314_140659333	7day	3	1.0	1.0	0.0	1.0	1.0	0.0
6_-_15593058_15593081	Ctrl	3	1.0	1.0	0.0	1.0	1.0	0.0
6_-_15593058_15593081	30min	3	1.0	1.0	0.0	1.0	1.0	0.0
6_-_15593058_15593081	3hr	2	1.0	1.0	0.0	1.0	1.0	0.0
6_-_15593058_15593081	12hr	3	1.0	1.0	0.0	1.0	1.0	0.0
6_-_15593058_15593081	24hr	3	1.0	1.0	0.0	1.0	1.0	0.0
6_-_15593058_15593081	48hr	3	1.0	1.0	0.0	1.0	1.0	0.0
6_-_15593058_15593081	72hr	3	1.0	1.0	0.0	1.0	1.0	0.0
6_-_15593058_15593081	7day	3	1.0	1.0	0.0	1.0	1.0	0.0
5_-_39124252_39124278	Ctrl	3	1.0	1.0	0.0	1.0	1.0	0.0
5_-_39124252_39124278	30min	3	1.0	1.0	0.0	1.0	1.0	0.0
5_-_39124252_39124278	3hr	3	1.0	1.0	0.0	1.0	1.0	0.0
5_-_39124252_39124278	12hr	3	1.0	1.0	0.0	1.0	1.0	0.0
5_-_39124252_39124278	24hr	3	1.0	1.0	0.0	1.0	1.0	0.0
5_-_39124252_39124278	48hr	3	1.0	1.0	0.0	1.0	1.0	0.0
5_-_39124252_39124278	72hr	3	1.0	1.0	0.0	1.0	1.0	0.0
5_-_39124252_39124278	7day	3	1.0	1.0	0.0	1.0	1.0	0.0
17_-_44196395_44196418	Ctrl	3	1.0	1.0	0.0	1.0	1.0	0.0
17_-_44196395_44196418	30min	3	1.0	1.0	0.0	1.0	1.0	0.0
17_-_44196395_44196418	3hr	3	1.0	1.0	0.0	1.0	1.0	0.0
17_-_44196395_44196418	12hr	3	1.0	1.0	0.0	1.0	1.0	0.0
17_-_44196395_44196418	24hr	3	1.0	1.0	0.0	1.0	1.0	0.0
17_-_44196395_44196418	48hr	3	1.0	1.0	0.0	1.0	1.0	0.0
17_-_44196395_44196418	72hr	3	1.0	1.0	0.0	1.0	1.0	0.0
17_-_44196395_44196418	7day	3	1.0	1.0	0.0	1.0	1.0	0.0
3_-_47126647_47126663	Ctrl	3	1.0	1.0	0.0	1.0	1.0	0.0
3_-_47126647_47126663	30min	3	1.0	1.0	0.0	1.0	1.0	0.0
3_-_47126647_47126663	3hr	3	1.0	1.0	0.0	1.0	1.0	0.0
3_-_47126647_47126663	12hr	3	1.0	1.0	0.0	1.0	1.0	0.0
3_-_47126647_47126663	24hr	3	1.0	1.0	0.0	1.0	1.0	0.0
3_-_47126647_47126663	48hr	3	1.0	1.0	0.0	1.0	1.0	0.0
3_-_47126647_47126663	72hr	1	1.0	1.0		1.0	1.0	0.0
3_-_47126647_47126663	7day	3	1.0	1.0	0.0	1.0	1.0	0.0
12_-_56664775_56664800	Ctrl	3	1.0	1.0	0.0	1.0	1.0	0.0
12_-_56664775_56664800	30min	3	1.0	1.0	0.0	1.0	1.0	0.0
12_-_56664775_56664800	3hr	3	1.0	1.0	0.0	1.0	1.0	0.0
12_-_56664775_56664800	12hr	3	1.0	1.0	0.0	1.0	1.0	0.0
12_-_56664775_56664800	24hr	3	1.0	1.0	0.0	1.0	1.0	0.0
12_-_56664775_56664800	48hr	3	1.0	1.0	0.0	1.0	1.0	0.0
12_-_56664775_56664800	72hr	3	1.0	1.0	0.0	1.0	1.0	0.0
12_-_56664775_56664800	7day	3	1.0	1.0	0.0	1.0	1.0	0.0
20_-_33672397_33672422	Ctrl	2	1.0	1.0	0.0	1.0	1.0	0.0
20_-_33672397_33672422	30min	0						
20_-_33672397_33672422	3hr	0						
20_-_33672397_33672422	12hr	2	1.0	1.0	0.0	1.0	1.0	0.0
20_-_33672397_33672422	24hr	3	0.8888888888888888	1.0	0.1924500897298753	0.6666666666666666	1.0	0.33333333333333337
20_-_33672397_33672422	48hr	3	1.0	1.0	0.0	1.0	1.0	0.0
20_-_33672397_33672422	72hr	1	0.7142857142857143	0.7142857142857143		0.7142857142857143	0.7142857142857143	0.0
20_-_33672397_33672422	7day	3	0.9286316144253455	0.9021739130434784	0.06249170335576109	0.8837209302325582	1.0	0.11627906976744184
21_+_45488417_45488444	Ctrl	3	1.0	1.0	0.0	1.0	1.0	0.0
21_+_45488417_45488444	30min	3	1.0	1.0	0.0	1.0	1.0	0.0
21_+_45488417_45488444	3hr	3	1.0	1.0	0.0	1.0	1.0	0.0
21_+_45488417_45488444	12hr	1	1.0	1.0		1.0	1.0	0.0
21_+_45488417_45488444	24hr	2	1.0	1.0	0.0	1.0	1.0	0.0
21_+_45488417_45488444	48hr	0						
21_+_45488417_45488444	72hr	1	1.0	1.0		1.0	1.0	0.0
21_+_45488417_45488444	7day	3	1.0	1.0	0.0	1.0	1.0	0.0
6_+_36073690_36073720	Ctrl	3	1.0	1.0	0.0	1.0	1.0	0.0
6_+_36073690_36073720	30min	3	1.0	1.0	0.0	1.0	1.0	0.0
6_+_36073690_36073720	3hr	3	1.0	1.0	0.0	1.0	1.0	0.0
6_+_36073690_36073720	12hr	3	1.0	1.0	0.0	1.0	1.0	0.0
6_+_36073690_36073720	24hr	3	1.0	1.0	0.0	1.0	1.0	0.0
6_+_36073690_36073720	48hr	3	1.0	1.0	0.0	1.0	1.0	0.0
6_+_36073690_36073720	72hr	3	1.0	1.0	0.0	1.0	1.0	0.0
6_+_36073690_36073720	7day	3	1.0	1.0	0.0	1.0	1.0	0.0
10_+_12238456_12238485	Ctrl	3	1.0	1.0	0.0	1.0	1.0	0.0
10_+_12238456_12238485	30min	3	1.0	1.0	0.0	1.0	1.0	0.0
10_+_12238456_12238485	3hr	3	1.0	1.0	0.0	1.0	1.0	0.0
10_+_12238456_12238485	12hr	3	1.0	1.0	0.0	1.0	1.0	0.0
10_+_12238456_12238485	24hr	3	1.0	1.0	0.0	1.0	1.0	0.0
10_+_12238456_12238485	48hr	3	1.0	1.0	0.0	1.0	1.0	0.0
10_+_12238456_12238485	72hr	3	1.0	1.0	0.0	1.0	1.0	0.0
10_+_12238456_12238485	7day	3	1.0	1.0	0.0	1.0	1.0	0.0
22_-_50506637_50506666	Ctrl	3	1.0	1.0	0.0	1.0	1.0	0.0
22_-_50506637_50506666	30min	3	1.0	1.0	0.0	1.0	1.0	0.0
22_-_50506637_50506666	3hr	3	1.0	1.0	0.0	1.0	1.0	0.0
22_-_50506637_50506666	12hr	3	1.0	1.0	0.0	1.0	1.0	0.0
22_-_50506637_50506666	24hr	3	1.0	1.0	0.0	1.0	1.0	0.0
22_-_50506637_50506666	48hr	3	1.0	1.0	0.0	1.0	1.0	0.0
22_-_50506637_50506666	72hr	3	1.0	1.0	0.0	1.0	1.0	0.0
22_-_50506637_50506666	7day	3	1.0	1.0	0.0	1.0	1.0	0.0
19_-_45638844_45638873	Ctrl	3	1.0	1.0	0.0	1.0	1.0	0.0
19_-_45638844_45638873	30min	3	1.0	1.0	0.0	1.0	1.0	0.0
19_-_45638844_45638873	3hr	2	1.0	1.0	0.0	1.0	1.0	0.0
19_-_45638844_45638873	12hr	3	1.0	1.0	0.0	1.0	1.0	0.0
19_-_45638844_45638873	24hr	3	1.0	1.0	0.0	1.0	1.0	0.0
19_-_45638844_45638873	48hr	3	1.0	1.0	0.0	1.0	1.0	0.0
19_-_45638844_45638873	72hr	3	1.0	1.0	0.0	1.0	1.0	0.0
19_-_45638844_45638873	7day	3	1.0	1.0	0.0	1.0	1.0	0.0
2_-_152690961_152690978	Ctrl	3	1.0	1.0	0.0	1.0	1.0	0.0
2_-_152690961_152690978	30min	3	1.0	1.0	0.0	1.0	1.0	0.0
2_-_152690961_152690978	3hr	3	1.0	1.0	0.0	1.0	1.0	0.0
2_-_152690961_152690978	12hr	3	1.0	1.0	0.0	1.0	1.0	0.0
2_-_152690961_152690978	24hr	3	1.0	1.0	0.0	1.0	1.0	0.0
2_-_152690961_152690978	48hr	3	1.0	1.0	0.0	1.0	1.0	0.0
2_-_152690961_152690978	72hr	3	1.0	1.0	0.0	1.0	1.0	0.0
2_-_152690961_152690978	7day	3	0.9974937343358397	1.0	0.004340979467591139	0.9924812030075189	1.0	0.007518796992481147
17_+_75573951_75573980	Ctrl	3	1.0	1.0	0.0	1.0	1.0	0.0
17_+_75573951_75573980	30min	3	1.0	1.0	0.0	1.0	1.0	0.0
17_+_75573951_75573980	3hr	1	1.0	1.0		1.0	1.0	0.0
17_+_75573951_75573980	12hr	3	1.0	1.0	0.0	1.0	1.0	0.0
17_+_75573951_75573980	24hr	3	1.0	1.0	0.0	1.0	1.0	0.0
17_+_75573951_75573980	48hr	1	1.0	1.0		1.0	1.0	0.0
17_+_75573951_75573980	72hr	3	1.0	1.0	0.0	1.0	1.0	0.0
17_+_75573951_75573980	7day	2	1.0	1.0	0.0	1.0	1.0	0.0
1_+_66940027_66940052	Ctrl	3	1.0	1.0	0.0	1.0	1.0	0.0
1_+_66940027_66940052	30min	3	1.0	1.0	0.0	1.0	1.0	0.0
1_+_66940027_66940052	3hr	3	1.0	1.0	0.0	1.0	1.0	0.0
1_+_66940027_66940052	12hr	3	1.0	1.0	0.0	1.0	1.0	0.0
1_+_66940027_66940052	24hr	3	1.0	1.0	0.0	1.0	1.0	0.0
1_+_66940027_66940052	48hr	3	1.0	1.0	0.0	1.0	1.0	0.0
1_+_66940027_66940052	72hr	3	1.0	1.0	0.0	1.0	1.0	0.0
1_+_66940027_66940052	7day	3	1.0	1.0	0.0	1.0	1.0	0.0
6_+_26450106_26450133	Ctrl	3	1.0	1.0	0.0	1.0	1.0	0.0
6_+_26450106_26450133	30min	1	1.0	1.0		1.0	1.0	0.0
6_+_26450106_26450133	3hr	3	1.0	1.0	0.0	1.0	1.0	0.0
6_+_26450106_26450133	12hr	2	1.0	1.0	0.0	1.0	1.0	0.0
6_+_26450106_26450133	24hr	2	1.0	1.0	0.0	1.0	1.0	0.0
6_+_26450106_26450133	48hr	2	1.0	1.0	0.0	1.0	1.0	0.0
6_+_26450106_26450133	72hr	1	1.0	1.0		1.0	1.0	0.0
6_+_26450106_26450133	7day	2	1.0	1.0	0.0	1.0	1.0	0.0
12_+_75498693_75498720	Ctrl	1	1.0	1.0		1.0	1.0	0.0
12_+_75498693_75498720	30min	3	1.0	1.0	0.0	1.0	1.0	0.0
12_+_75498693_75498720	3hr	3	1.0	1.0	0.0	1.0	1.0	0.0
12_+_75498693_75498720	12hr	3	1.0	1.0	0.0	1.0	1.0	0.0
12_+_75498693_75498720	24hr	2	1.0	1.0	0.0	1.0	1.0	0.0
12_+_75498693_75498720	48hr	3	1.0	1.0	0.0	1.0	1.0	0.0
12_+_75498693_75498720	72hr	3	1.0	1.0	0.0	1.0	1.0	0.0
12_+_75498693_75498720	7day	3	1.0	1.0	0.0	1.0	1.0	0.0
1_-_173864483_173864502	Ctrl	3	0.0070872951928997	0.0051165434906196	0.0039916589774195614	0.0044642857142857	0.0116810563737938	0.0072167706595081
1_-_173864483_173864502	30min	3	0.008590550283299367	0.0081092616303883	0.003463912477531185	0.0053924505692031	0.0122699386503067	0.006877488081103601
1_-_173864483_173864502	3hr	3	0.007128271569869833	0.0066979236436704	0.005636090903463307	0.0017196904557179	0.0129672006102212	0.0112475101545033
1_-_173864483_173864502	12hr	3	0.009798050363042802	0.005700325732899	0.009434205395019189	0.0031055900621118	0.0205882352941176	0.0174826452320058
1_-_173864483_173864502	24hr	3	0.007676532591867233	0.0086372360844529	0.003918521859438307	0.0033670033670033	0.0110253583241455	0.0076583549571422
1_-_173864483_173864502	48hr	3	0.011415960138619466	0.0092807424593967	0.008190533302485927	0.0045045045045045	0.0204626334519572	0.015958128947452698
1_-_173864483_173864502	72hr	3	0.005191997496164533	0.005584363781412	0.0030268762982360226	0.0019880715705765	0.0080035571365051	0.0060154855659286
1_-_173864483_173864502	7day	3	0.013760950055098031	0.0109469074986316	0.006686057686597651	0.0089418777943368	0.0213940648723257	0.012452187077988898
17_+_43180794_43180817	Ctrl	3	1.0	1.0	0.0	1.0	1.0	0.0
17_+_43180794_43180817	30min	3	1.0	1.0	0.0	1.0	1.0	0.0
17_+_43180794_43180817	3hr	3	1.0	1.0	0.0	1.0	1.0	0.0
17_+_43180794_43180817	12hr	3	1.0	1.0	0.0	1.0	1.0	0.0
17_+_43180794_43180817	24hr	3	1.0	1.0	0.0	1.0	1.0	0.0
17_+_43180794_43180817	48hr	3	1.0	1.0	0.0	1.0	1.0	0.0
17_+_43180794_43180817	72hr	3	1.0	1.0	0.0	1.0	1.0	0.0
17_+_43180794_43180817	7day	3	1.0	1.0	0.0	1.0	1.0	0.0
12_+_19518086_19518113	Ctrl	3	1.0	1.0	0.0	1.0	1.0	0.0
12_+_19518086_19518113	30min	3	1.0	1.0	0.0	1.0	1.0	0.0
12_+_19518086_19518113	3hr	3	1.0	1.0	0.0	1.0	1.0	0.0
12_+_19518086_19518113	12hr	3	1.0	1.0	0.0	1.0	1.0	0.0
12_+_19518086_19518113	24hr	3	1.0	1.0	0.0	1.0	1.0	0.0
12_+_19518086_19518113	48hr	3	1.0	1.0	0.0	1.0	1.0	0.0
12_+_19518086_19518113	72hr	3	1.0	1.0	0.0	1.0	1.0	0.0
12_+_19518086_19518113	7day	3	1.0	1.0	0.0	1.0	1.0	0.0
10_-_103333924_103333952	Ctrl	0						
10_-_103333924_103333952	30min	0						
10_-_103333924_103333952	3hr	0						
10_-_103333924_103333952	12hr	2	1.0	1.0	0.0	1.0	1.0	0.0
10_-_103333924_103333952	24hr	3	1.0	1.0	0.0	1.0	1.0	0.0
10_-_103333924_103333952	48hr	3	1.0	1.0	0.0	1.0	1.0	0.0
10_-_103333924_103333952	72hr	3	1.0	1.0	0.0	1.0	1.0	0.0
10_-_103333924_103333952	7day	3	1.0	1.0	0.0	1.0	1.0	0.0
11_+_58584855_58584884	Ctrl	3	1.0	1.0	0.0	1.0	1.0	0.0
11_+_58584855_58584884	30min	3	1.0	1.0	0.0	1.0	1.0	0.0
11_+_58584855_58584884	3hr	3	1.0	1.0	0.0	1.0	1.0	0.0
11_+_58584855_58584884	12hr	3	1.0	1.0	0.0	1.0	1.0	0.0
11_+_58584855_58584884	24hr	3	1.0	1.0	0.0	1.0	1.0	0.0
11_+_58584855_58584884	48hr	3	1.0	1.0	0.0	1.0	1.0	0.0
11_+_58584855_58584884	72hr	3	1.0	1.0	0.0	1.0	1.0	0.0
11_+_58584855_58584884	7day	3	1.0	1.0	0.0	1.0	1.0	0.0
15_+_78541904_78541930	Ctrl	3	1.0	1.0	0.0	1.0	1.0	0.0
15_+_78541904_78541930	30min	3	1.0	1.0	0.0	1.0	1.0	0.0
15_+_78541904_78541930	3hr	3	1.0	1.0	0.0	1.0	1.0	0.0
15_+_78541904_78541930	12hr	3	0.9992584352984798	1.0	0.0012844277401326413	0.9977753058954394	1.0	0.0022246941045606095
15_+_78541904_78541930	24hr	3	1.0	1.0	0.0	1.0	1.0	0.0
15_+_78541904_78541930	48hr	3	1.0	1.0	0.0	1.0	1.0	0.0
15_+_78541904_78541930	72hr	3	1.0	1.0	0.0	1.0	1.0	0.0
15_+_78541904_78541930	7day	3	0.9996372869060574	1.0	0.00062823750727923	0.998911860718172	1.0	0.0010881392818280489
2_+_97185315_97185344	Ctrl	2	1.0	1.0	0.0	1.0	1.0	0.0
2_+_97185315_97185344	30min	2	1.0	1.0	0.0	1.0	1.0	0.0
2_+_97185315_97185344	3hr	2	1.0	1.0	0.0	1.0	1.0	0.0
2_+_97185315_97185344	12hr	0						
2_+_97185315_97185344	24hr	2	1.0	1.0	0.0	1.0	1.0	0.0
2_+_97185315_97185344	48hr	1	1.0	1.0		1.0	1.0	0.0
2_+_97185315_97185344	72hr	0						
2_+_97185315_97185344	7day	1	1.0	1.0		1.0	1.0	0.0
12_-_55794358_55794387	Ctrl	3	1.0	1.0	0.0	1.0	1.0	0.0
12_-_55794358_55794387	30min	3	0.989247311827957	1.0	0.018624202231923393	0.967741935483871	1.0	0.032258064516129004
12_-_55794358_55794387	3hr	3	1.0	1.0	0.0	1.0	1.0	0.0
12_-_55794358_55794387	12hr	3	1.0	1.0	0.0	1.0	1.0	0.0
12_-_55794358_55794387	24hr	3	1.0	1.0	0.0	1.0	1.0	0.0
12_-_55794358_55794387	48hr	3	1.0	1.0	0.0	1.0	1.0	0.0
12_-_55794358_55794387	72hr	3	1.0	1.0	0.0	1.0	1.0	0.0
12_-_55794358_55794387	7day	3	1.0	1.0	0.0	1.0	1.0	0.0
19_+_8463496_8463504	Ctrl	3	1.0	1.0	0.0	1.0	1.0	0.0
19_+_8463496_8463504	30min	3	1.0	1.0	0.0	1.0	1.0	0.0
19_+_8463496_8463504	3hr	3	1.0	1.0	0.0	1.0	1.0	0.0
19_+_8463496_8463504	12hr	3	1.0	1.0	0.0	1.0	1.0	0.0
19_+_8463496_8463504	24hr	3	1.0	1.0	0.0	1.0	1.0	0.0
19_+_8463496_8463504	48hr	3	1.0	1.0	0.0	1.0	1.0	0.0
19_+_8463496_8463504	72hr	3	1.0	1.0	0.0	1.0	1.0	0.0
19_+_8463496_8463504	7day	3	1.0	1.0	0.0	1.0	1.0	0.0
10_-_71752974_71753002	Ctrl	3	1.0	1.0	0.0	1.0	1.0	0.0
10_-_71752974_71753002	30min	3	1.0	1.0	0.0	1.0	1.0	0.0
10_-_71752974_71753002	3hr	3	1.0	1.0	0.0	1.0	1.0	0.0
10_-_71752974_71753002	12hr	3	1.0	1.0	0.0	1.0	1.0	0.0
10_-_71752974_71753002	24hr	3	1.0	1.0	0.0	1.0	1.0	0.0
10_-_71752974_71753002	48hr	3	1.0	1.0	0.0	1.0	1.0	0.0
10_-_71752974_71753002	72hr	3	1.0	1.0	0.0	1.0	1.0	0.0
10_-_71752974_71753002	7day	3	1.0	1.0	0.0	1.0	1.0	0.0
17_-_4676500_4676507	Ctrl	3	0.0	0.0	0.0	0.0	0.0	0.0
17_-_4676500_4676507	30min	3	0.0	0.0	0.0	0.0	0.0	0.0
17_-_4676500_4676507	3hr	3	0.0175438596491228	0.0	0.030386856273138182	0.0	0.0526315789473684	0.0526315789473684
17_-_4676500_4676507	12hr	3	0.02600509101142277	0.0197628458498023	0.02962364826812709	0.0	0.058252427184466	0.058252427184466
17_-_4676500_4676507	24hr	3	0.03556897105718307	0.0355731225296442	0.003192796625779612	0.0323741007194244	0.0387596899224806	0.006385589203056201
17_-_4676500_4676507	48hr	3	0.0295800551487277	0.0043478260869565	0.0446042080107837	0.0033112582781456	0.081081081081081	0.0777698228029354
17_-_4676500_4676507	72hr	3	0.005050505050505034	0.0	0.008747731351357936	0.0	0.0151515151515151	0.0151515151515151
17_-_4676500_4676507	7day	3	0.06724177180050933	0.057471264367816	0.022900155484039397	0.0508474576271186	0.0934065934065934	0.042559135779474795
14_-_103913960_103913984	Ctrl	3	0.988795518207283	1.0	0.019406731737466407	0.9663865546218487	1.0	0.03361344537815125
14_-_103913960_103913984	30min	3	0.9753993264859857	0.9669421487603306	0.01808968095350244	0.9630872483221476	0.9961685823754788	0.033081334053331135
14_-_103913960_103913984	3hr	3	0.9689319552110249	0.9722222222222222	0.006684287218555451	0.9612403100775194	0.9733333333333334	0.012093023255813962
14_-_103913960_103913984	12hr	3	0.9945068413780809	0.9927797833935018	0.0048652356026320015	0.9907407407407408	1.0	0.00925925925925919
14_-_103913960_103913984	24hr	3	0.99853638425067	0.998639455782313	0.0015177786134157986	0.996969696969697	1.0	0.00303030303030305
14_-_103913960_103913984	48hr	3	0.9965721126612931	0.995956873315364	0.001968266051409295	0.9949849548645938	0.9987745098039216	0.003789554939327755
14_-_103913960_103913984	72hr	3	0.9995176073323685	1.0	0.000835528609536387	0.9985528219971056	1.0	0.0014471780028944004
14_-_103913960_103913984	7day	3	0.9899271137882119	0.9924953095684804	0.005200959403227899	0.983941605839416	0.9933444259567388	0.009402820117322741
10_+_5720754_5720774	Ctrl	2	1.0	1.0	0.0	1.0	1.0	0.0
10_+_5720754_5720774	30min	3	1.0	1.0	0.0	1.0	1.0	0.0
10_+_5720754_5720774	3hr	3	1.0	1.0	0.0	1.0	1.0	0.0
10_+_5720754_5720774	12hr	3	1.0	1.0	0.0	1.0	1.0	0.0
10_+_5720754_5720774	24hr	3	1.0	1.0	0.0	1.0	1.0	0.0
10_+_5720754_5720774	48hr	3	1.0	1.0	0.0	1.0	1.0	0.0
10_+_5720754_5720774	72hr	2	1.0	1.0	0.0	1.0	1.0	0.0
10_+_5720754_5720774	7day	3	1.0	1.0	0.0	1.0	1.0	0.0
X_-_154511847_154511871	Ctrl	3	1.0	1.0	0.0	1.0	1.0	0.0
X_-_154511847_154511871	30min	3	1.0	1.0	0.0	1.0	1.0	0.0
X_-_154511847_154511871	3hr	3	1.0	1.0	0.0	1.0	1.0	0.0
X_-_154511847_154511871	12hr	3	1.0	1.0	0.0	1.0	1.0	0.0
X_-_154511847_154511871	24hr	3	1.0	1.0	0.0	1.0	1.0	0.0
X_-_154511847_154511871	48hr	3	1.0	1.0	0.0	1.0	1.0	0.0
X_-_154511847_154511871	72hr	3	1.0	1.0	0.0	1.0	1.0	0.0
X_-_154511847_154511871	7day	3	1.0	1.0	0.0	1.0	1.0	0.0
6_+_26390802_26390829	Ctrl	0						
6_+_26390802_26390829	30min	1	1.0	1.0		1.0	1.0	0.0
6_+_26390802_26390829	3hr	3	1.0	1.0	0.0	1.0	1.0	0.0
6_+_26390802_26390829	12hr	2	1.0	1.0	0.0	1.0	1.0	0.0
6_+_26390802_26390829	24hr	2	1.0	1.0	0.0	1.0	1.0	0.0
6_+_26390802_26390829	48hr	2	1.0	1.0	0.0	1.0	1.0	0.0
6_+_26390802_26390829	72hr	3	1.0	1.0	0.0	1.0	1.0	0.0
6_+_26390802_26390829	7day	3	1.0	1.0	0.0	1.0	1.0	0.0
3_-_108050577_108050602	Ctrl	3	0.9774011299435029	1.0	0.03914239113150008	0.9322033898305084	1.0	0.06779661016949157
3_-_108050577_108050602	30min	3	0.9595959595959597	1.0	0.06998185081086374	0.8787878787878788	1.0	0.12121212121212122
3_-_108050577_108050602	3hr	3	0.9793463217289471	0.9702970297029704	0.01793217628204229	0.967741935483871	1.0	0.032258064516129004
3_-_108050577_108050602	12hr	3	0.9258265709878614	0.9230769230769232	0.008617994651921436	0.918918918918919	0.935483870967742	0.016564952048823023
3_-_108050577_108050602	24hr	3	0.9495726495726496	0.9487179487179488	0.016683095124737826	0.9333333333333332	0.9666666666666668	0.03333333333333355
3_-_108050577_108050602	48hr	3	1.0	1.0	0.0	1.0	1.0	0.0
3_-_108050577_108050602	72hr	3	0.9456228956228956	0.95	0.03455200087618411	0.9090909090909092	0.9777777777777776	0.06868686868686846
3_-_108050577_108050602	7day	3	0.98989898989899	1.0	0.017495462702715982	0.9696969696969696	1.0	0.030303030303030387
5_+_176093743_176093768	Ctrl	3	1.0	1.0	0.0	1.0	1.0	0.0
5_+_176093743_176093768	30min	3	1.0	1.0	0.0	1.0	1.0	0.0
5_+_176093743_176093768	3hr	2	1.0	1.0	0.0	1.0	1.0	0.0
5_+_176093743_176093768	12hr	0						
5_+_176093743_176093768	24hr	1	1.0	1.0		1.0	1.0	0.0
5_+_176093743_176093768	48hr	0						
5_+_176093743_176093768	72hr	0						
5_+_176093743_176093768	7day	1	1.0	1.0		1.0	1.0	0.0
12_-_49559938_49559967	Ctrl	3	1.0	1.0	0.0	1.0	1.0	0.0
12_-_49559938_49559967	30min	3	1.0	1.0	0.0	1.0	1.0	0.0
12_-_49559938_49559967	3hr	3	1.0	1.0	0.0	1.0	1.0	0.0
12_-_49559938_49559967	12hr	3	1.0	1.0	0.0	1.0	1.0	0.0
12_-_49559938_49559967	24hr	3	1.0	1.0	0.0	1.0	1.0	0.0
12_-_49559938_49559967	48hr	3	1.0	1.0	0.0	1.0	1.0	0.0
12_-_49559938_49559967	72hr	3	1.0	1.0	0.0	1.0	1.0	0.0
12_-_49559938_49559967	7day	3	1.0	1.0	0.0	1.0	1.0	0.0
15_-_70064453_70064470	Ctrl	3	1.0	1.0	0.0	1.0	1.0	0.0
15_-_70064453_70064470	30min	3	1.0	1.0	0.0	1.0	1.0	0.0
15_-_70064453_70064470	3hr	3	1.0	1.0	0.0	1.0	1.0	0.0
15_-_70064453_70064470	12hr	3	1.0	1.0	0.0	1.0	1.0	0.0
15_-_70064453_70064470	24hr	3	1.0	1.0	0.0	1.0	1.0	0.0
15_-_70064453_70064470	48hr	3	1.0	1.0	0.0	1.0	1.0	0.0
15_-_70064453_70064470	72hr	3	1.0	1.0	0.0	1.0	1.0	0.0
15_-_70064453_70064470	7day	3	1.0	1.0	0.0	1.0	1.0	0.0
4_-_47879095_47879117	Ctrl	3	1.0	1.0	0.0	1.0	1.0	0.0
4_-_47879095_47879117	30min	3	1.0	1.0	0.0	1.0	1.0	0.0
4_-_47879095_47879117	3hr	2	1.0	1.0	0.0	1.0	1.0	0.0
4_-_47879095_47879117	12hr	3	1.0	1.0	0.0	1.0	1.0	0.0
4_-_47879095_47879117	24hr	3	1.0	1.0	0.0	1.0	1.0	0.0
4_-_47879095_47879117	48hr	3	1.0	1.0	0.0	1.0	1.0	0.0
4_-_47879095_47879117	72hr	3	1.0	1.0	0.0	1.0	1.0	0.0
4_-_47879095_47879117	7day	3	1.0	1.0	0.0	1.0	1.0	0.0
2_-_97542078_97542107	Ctrl	2	1.0	1.0	0.0	1.0	1.0	0.0
2_-_97542078_97542107	30min	2	1.0	1.0	0.0	1.0	1.0	0.0
2_-_97542078_97542107	3hr	2	1.0	1.0	0.0	1.0	1.0	0.0
2_-_97542078_97542107	12hr	1	1.0	1.0		1.0	1.0	0.0
2_-_97542078_97542107	24hr	0						
2_-_97542078_97542107	48hr	1	1.0	1.0		1.0	1.0	0.0
2_-_97542078_97542107	72hr	1	1.0	1.0		1.0	1.0	0.0
2_-_97542078_97542107	7day	1	1.0	1.0		1.0	1.0	0.0
12_+_132548002_132548032	Ctrl	3	1.0	1.0	0.0	1.0	1.0	0.0
12_+_132548002_132548032	30min	3	1.0	1.0	0.0	1.0	1.0	0.0
12_+_132548002_132548032	3hr	3	1.0	1.0	0.0	1.0	1.0	0.0
12_+_132548002_132548032	12hr	3	1.0	1.0	0.0	1.0	1.0	0.0
12_+_132548002_132548032	24hr	3	1.0	1.0	0.0	1.0	1.0	0.0
12_+_132548002_132548032	48hr	3	1.0	1.0	0.0	1.0	1.0	0.0
12_+_132548002_132548032	72hr	3	1.0	1.0	0.0	1.0	1.0	0.0
12_+_132548002_132548032	7day	3	1.0	1.0	0.0	1.0	1.0	0.0
3_+_179757051_179757078	Ctrl	1	1.0	1.0		1.0	1.0	0.0
3_+_179757051_179757078	30min	1	1.0	1.0		1.0	1.0	0.0
3_+_179757051_179757078	3hr	0						
3_+_179757051_179757078	12hr	2	1.0	1.0	0.0	1.0	1.0	0.0
3_+_179757051_179757078	24hr	1	1.0	1.0		1.0	1.0	0.0
3_+_179757051_179757078	48hr	3	1.0	1.0	0.0	1.0	1.0	0.0
3_+_179757051_179757078	72hr	1	1.0	1.0		1.0	1.0	0.0
3_+_179757051_179757078	7day	2	1.0	1.0	0.0	1.0	1.0	0.0
2_+_97213418_97213447	Ctrl	3	0.8968253968253969	0.8571428571428571	0.09014140231429006	0.8333333333333334	1.0	0.16666666666666663
2_+_97213418_97213447	30min	3	0.8387096774193549	1.0	0.2793630334788512	0.5161290322580645	1.0	0.4838709677419355
2_+_97213418_97213447	3hr	2	0.8888888888888888	0.8888888888888888	0.15713484026367722	0.7777777777777778	1.0	0.2222222222222222
2_+_97213418_97213447	12hr	1	1.0	1.0		1.0	1.0	0.0
2_+_97213418_97213447	24hr	1	1.0	1.0		1.0	1.0	0.0
2_+_97213418_97213447	48hr	2	0.875	0.875	0.1767766952966369	0.75	1.0	0.25
2_+_97213418_97213447	72hr	1	1.0	1.0		1.0	1.0	0.0
2_+_97213418_97213447	7day	2	1.0	1.0	0.0	1.0	1.0	0.0
21_+_45494544_45494571	Ctrl	3	1.0	1.0	0.0	1.0	1.0	0.0
21_+_45494544_45494571	30min	3	1.0	1.0	0.0	1.0	1.0	0.0
21_+_45494544_45494571	3hr	3	1.0	1.0	0.0	1.0	1.0	0.0
21_+_45494544_45494571	12hr	3	1.0	1.0	0.0	1.0	1.0	0.0
21_+_45494544_45494571	24hr	3	1.0	1.0	0.0	1.0	1.0	0.0
21_+_45494544_45494571	48hr	0						
21_+_45494544_45494571	72hr	0						
21_+_45494544_45494571	7day	3	1.0	1.0	0.0	1.0	1.0	0.0
14_+_31080572_31080584	Ctrl	2	1.0	1.0	0.0	1.0	1.0	0.0
14_+_31080572_31080584	30min	1	0.7272727272727273	0.7272727272727273		0.7272727272727273	0.7272727272727273	0.0
14_+_31080572_31080584	3hr	3	0.8343343343343342	0.8888888888888888	0.09710354663161436	0.7222222222222222	0.8918918918918919	0.16966966966966968
14_+_31080572_31080584	12hr	3	0.9042448779290885	0.9090909090909092	0.05986388921853443	0.8421052631578947	0.9615384615384616	0.11943319838056687
14_+_31080572_31080584	24hr	3	0.9490527393753201	0.9761904761904762	0.06866347992123238	0.8709677419354839	1.0	0.12903225806451613
14_+_31080572_31080584	48hr	3	0.9259259259259259	1.0	0.12830005981991682	0.7777777777777778	1.0	0.2222222222222222
14_+_31080572_31080584	72hr	3	1.0	1.0	0.0	1.0	1.0	0.0
14_+_31080572_31080584	7day	3	0.9150326797385621	0.9117647058823528	0.08338137792269981	0.8333333333333334	1.0	0.16666666666666663
19_+_5648015_5648043	Ctrl	3	1.0	1.0	0.0	1.0	1.0	0.0
19_+_5648015_5648043	30min	3	1.0	1.0	0.0	1.0	1.0	0.0
19_+_5648015_5648043	3hr	3	1.0	1.0	0.0	1.0	1.0	0.0
19_+_5648015_5648043	12hr	3	1.0	1.0	0.0	1.0	1.0	0.0
19_+_5648015_5648043	24hr	3	1.0	1.0	0.0	1.0	1.0	0.0
19_+_5648015_5648043	48hr	3	1.0	1.0	0.0	1.0	1.0	0.0
19_+_5648015_5648043	72hr	3	1.0	1.0	0.0	1.0	1.0	0.0
19_+_5648015_5648043	7day	3	1.0	1.0	0.0	1.0	1.0	0.0
12_+_56154812_56154840	Ctrl	3	0.6120120120120119	0.6666666666666666	0.1271558139978896	0.4666666666666667	0.7027027027027027	0.23603603603603607
12_+_56154812_56154840	30min	2	0.375	0.375	0.1767766952966369	0.25	0.5	0.25
12_+_56154812_56154840	3hr	2	0.5476190476190476	0.5476190476190476	0.437732769305958	0.238095238095238	0.8571428571428571	0.6190476190476191
12_+_56154812_56154840	12hr	3	0.5680877093920572	0.5909090909090909	0.12348626953983773	0.4347826086956521	0.6785714285714286	0.2437888198757765
12_+_56154812_56154840	24hr	3	0.5710767789672214	0.5306122448979592	0.07553912868508815	0.524390243902439	0.6582278481012658	0.13383760419882673
12_+_56154812_56154840	48hr	3	0.613846132224579	0.6346153846153846	0.04506016713109318	0.5621468926553672	0.6447761194029851	0.08262922674761786
12_+_56154812_56154840	72hr	3	0.5689646684578077	0.5609318996415771	0.01487327685928888	0.5598349381017882	0.5861271676300578	0.026292229528269595
12_+_56154812_56154840	7day	3	0.5951818215757064	0.6081730769230769	0.07760133913905866	0.5119047619047619	0.6654676258992805	0.15356286399451868
6_+_43500743_43500772	Ctrl	3	0.8726425438596491	0.8736842105263158	0.07525211789122284	0.796875	0.9473684210526316	0.15049342105263164
6_+_43500743_43500772	30min	3	0.750965250965251	0.8378378378378378	0.23349498659931225	0.4864864864864865	0.9285714285714286	0.4420849420849421
6_+_43500743_43500772	3hr	3	0.5757608617075111	0.5517241379310345	0.08463207448555354	0.5057471264367817	0.6698113207547169	0.16406419431793529
6_+_43500743_43500772	12hr	3	0.5477702669241816	0.6226415094339622	0.15006579735119996	0.375	0.6456692913385826	0.27066929133858264
6_+_43500743_43500772	24hr	3	0.5251059704184704	0.5390625	0.03187205344687375	0.4886363636363636	0.5476190476190477	0.05898268398268408
6_+_43500743_43500772	48hr	3	0.5211056644880174	0.5486111111111112	0.05671537400686956	0.4558823529411764	0.5588235294117647	0.10294117647058831
6_+_43500743_43500772	72hr	3	0.5684969607662552	0.59	0.1320983396534046	0.4269662921348314	0.6885245901639344	0.261558298029103
6_+_43500743_43500772	7day	3	0.6314124381549712	0.6776859504132231	0.14580578161243887	0.4680851063829787	0.7484662576687117	0.280381151285733
1_-_1084480_1084506	Ctrl	3	0.4761904761904761	0.5714285714285714	0.4364357804719847	0.0	0.8571428571428571	0.8571428571428571
1_-_1084480_1084506	30min	3	0.7185185185185184	0.8888888888888888	0.39523915768752893	0.2666666666666666	1.0	0.7333333333333334
1_-_1084480_1084506	3hr	2	0.4285714285714285	0.4285714285714285	0.0	0.4285714285714285	0.4285714285714285	0.0
1_-_1084480_1084506	12hr	1	0.6	0.6		0.6	0.6	0.0
1_-_1084480_1084506	24hr	2	0.7222222222222223	0.7222222222222223	0.15713484026367722	0.6111111111111112	0.8333333333333334	0.2222222222222222
1_-_1084480_1084506	48hr	2	0.8174603174603174	0.8174603174603174	0.05611958580845611	0.7777777777777778	0.8571428571428571	0.0793650793650793
1_-_1084480_1084506	72hr	3	0.9333333333333332	1.0	0.11547005383792512	0.8	1.0	0.19999999999999996
1_-_1084480_1084506	7day	3	0.417283950617284	0.4	0.4261888614071969	0.0	0.8518518518518519	0.8518518518518519
13_-_37026789_37026816	Ctrl	3	1.0	1.0	0.0	1.0	1.0	0.0
13_-_37026789_37026816	30min	3	1.0	1.0	0.0	1.0	1.0	0.0
13_-_37026789_37026816	3hr	3	1.0	1.0	0.0	1.0	1.0	0.0
13_-_37026789_37026816	12hr	3	1.0	1.0	0.0	1.0	1.0	0.0
13_-_37026789_37026816	24hr	3	1.0	1.0	0.0	1.0	1.0	0.0
13_-_37026789_37026816	48hr	3	1.0	1.0	0.0	1.0	1.0	0.0
13_-_37026789_37026816	72hr	3	1.0	1.0	0.0	1.0	1.0	0.0
13_-_37026789_37026816	7day	3	1.0	1.0	0.0	1.0	1.0	0.0
2_+_97215300_97215329	Ctrl	3	1.0	1.0	0.0	1.0	1.0	0.0
2_+_97215300_97215329	30min	3	1.0	1.0	0.0	1.0	1.0	0.0
2_+_97215300_97215329	3hr	3	1.0	1.0	0.0	1.0	1.0	0.0
2_+_97215300_97215329	12hr	1	1.0	1.0		1.0	1.0	0.0
2_+_97215300_97215329	24hr	2	1.0	1.0	0.0	1.0	1.0	0.0
2_+_97215300_97215329	48hr	1	1.0	1.0		1.0	1.0	0.0
2_+_97215300_97215329	72hr	1	1.0	1.0		1.0	1.0	0.0
2_+_97215300_97215329	7day	3	1.0	1.0	0.0	1.0	1.0	0.0
15_+_90961024_90961054	Ctrl	2	1.0	1.0	0.0	1.0	1.0	0.0
15_+_90961024_90961054	30min	2	1.0	1.0	0.0	1.0	1.0	0.0
15_+_90961024_90961054	3hr	1	1.0	1.0		1.0	1.0	0.0
15_+_90961024_90961054	12hr	3	1.0	1.0	0.0	1.0	1.0	0.0
15_+_90961024_90961054	24hr	3	1.0	1.0	0.0	1.0	1.0	0.0
15_+_90961024_90961054	48hr	3	1.0	1.0	0.0	1.0	1.0	0.0
15_+_90961024_90961054	72hr	3	1.0	1.0	0.0	1.0	1.0	0.0
15_+_90961024_90961054	7day	3	1.0	1.0	0.0	1.0	1.0	0.0
4_+_41257114_41257126	Ctrl	0						
4_+_41257114_41257126	30min	1	1.0	1.0		1.0	1.0	0.0
4_+_41257114_41257126	3hr	0						
4_+_41257114_41257126	12hr	3	0.19113093026136505	0.2222222222222222	0.13482309505963375	0.0434782608695652	0.3076923076923077	0.2642140468227425
4_+_41257114_41257126	24hr	3	0.36909817173940435	0.4242424242424242	0.1757259808469658	0.1724137931034483	0.5106382978723404	0.3382245047688921
4_+_41257114_41257126	48hr	3	0.4341688995734522	0.396551724137931	0.09593316937292337	0.3627450980392157	0.5432098765432098	0.18046477850399417
4_+_41257114_41257126	72hr	3	0.29695386067713425	0.3013698630136986	0.023218327621256123	0.2718446601941747	0.3176470588235294	0.0458023986293547
4_+_41257114_41257126	7day	3	0.18075684380032206	0.1111111111111111	0.14535129941337616	0.0833333333333333	0.3478260869565217	0.26449275362318836
2_+_135753538_135753567	Ctrl	3	0.165079365079365	0.1916666666666666	0.06660640700616267	0.0892857142857142	0.2142857142857142	0.12499999999999999
2_+_135753538_135753567	30min	3	0.15301923238431173	0.1530612244897959	0.08156967300958191	0.0714285714285714	0.2345679012345679	0.1631393298059965
2_+_135753538_135753567	3hr	3	0.37244428996253814	0.373015873015873	0.02930553649297672	0.3428571428571428	0.4014598540145985	0.05860271115745569
2_+_135753538_135753567	12hr	3	0.4668123684636554	0.5	0.07651168608964921	0.3793103448275862	0.5211267605633803	0.14181641573579407
2_+_135753538_135753567	24hr	3	0.5327304173571857	0.5375494071146245	0.0559006542392954	0.4745762711864407	0.5860655737704918	0.11148930258405115
2_+_135753538_135753567	48hr	3	0.5393638037028824	0.5128205128205128	0.07459047749498654	0.4816753926701571	0.6235955056179775	0.14192011294782042
2_+_135753538_135753567	72hr	3	0.4188519339738852	0.4	0.03407038048036212	0.3983739837398374	0.4581818181818182	0.05980783444198079
2_+_135753538_135753567	7day	3	0.5160560016884691	0.5159235668789809	0.03104780406666101	0.4850746268656716	0.5471698113207547	0.06209518445508311
8_-_29126481_29126511	Ctrl	2	1.0	1.0	0.0	1.0	1.0	0.0
8_-_29126481_29126511	30min	2	1.0	1.0	0.0	1.0	1.0	0.0
8_-_29126481_29126511	3hr	3	1.0	1.0	0.0	1.0	1.0	0.0
8_-_29126481_29126511	12hr	2	1.0	1.0	0.0	1.0	1.0	0.0
8_-_29126481_29126511	24hr	2	1.0	1.0	0.0	1.0	1.0	0.0
8_-_29126481_29126511	48hr	3	1.0	1.0	0.0	1.0	1.0	0.0
8_-_29126481_29126511	72hr	2	1.0	1.0	0.0	1.0	1.0	0.0
8_-_29126481_29126511	7day	3	1.0	1.0	0.0	1.0	1.0	0.0
21_+_45482794_45482821	Ctrl	3	1.0	1.0	0.0	1.0	1.0	0.0
21_+_45482794_45482821	30min	3	1.0	1.0	0.0	1.0	1.0	0.0
21_+_45482794_45482821	3hr	3	1.0	1.0	0.0	1.0	1.0	0.0
21_+_45482794_45482821	12hr	1	1.0	1.0		1.0	1.0	0.0
21_+_45482794_45482821	24hr	2	1.0	1.0	0.0	1.0	1.0	0.0
21_+_45482794_45482821	48hr	0						
21_+_45482794_45482821	72hr	0						
21_+_45482794_45482821	7day	3	1.0	1.0	0.0	1.0	1.0	0.0
11_+_118308426_118308441	Ctrl	3	1.0	1.0	0.0	1.0	1.0	0.0
11_+_118308426_118308441	30min	3	1.0	1.0	0.0	1.0	1.0	0.0
11_+_118308426_118308441	3hr	3	1.0	1.0	0.0	1.0	1.0	0.0
11_+_118308426_118308441	12hr	3	1.0	1.0	0.0	1.0	1.0	0.0
11_+_118308426_118308441	24hr	3	1.0	1.0	0.0	1.0	1.0	0.0
11_+_118308426_118308441	48hr	3	1.0	1.0	0.0	1.0	1.0	0.0
11_+_118308426_118308441	72hr	3	1.0	1.0	0.0	1.0	1.0	0.0
11_+_118308426_118308441	7day	3	1.0	1.0	0.0	1.0	1.0	0.0
21_+_45989751_45989778	Ctrl	3	1.0	1.0	0.0	1.0	1.0	0.0
21_+_45989751_45989778	30min	3	1.0	1.0	0.0	1.0	1.0	0.0
21_+_45989751_45989778	3hr	3	1.0	1.0	0.0	1.0	1.0	0.0
21_+_45989751_45989778	12hr	3	1.0	1.0	0.0	1.0	1.0	0.0
21_+_45989751_45989778	24hr	3	1.0	1.0	0.0	1.0	1.0	0.0
21_+_45989751_45989778	48hr	3	1.0	1.0	0.0	1.0	1.0	0.0
21_+_45989751_45989778	72hr	3	1.0	1.0	0.0	1.0	1.0	0.0
21_+_45989751_45989778	7day	3	1.0	1.0	0.0	1.0	1.0	0.0
19_+_17217452_17217462	Ctrl	3	1.0	1.0	0.0	1.0	1.0	0.0
19_+_17217452_17217462	30min	3	1.0	1.0	0.0	1.0	1.0	0.0
19_+_17217452_17217462	3hr	3	1.0	1.0	0.0	1.0	1.0	0.0
19_+_17217452_17217462	12hr	3	1.0	1.0	0.0	1.0	1.0	0.0
19_+_17217452_17217462	24hr	3	1.0	1.0	0.0	1.0	1.0	0.0
19_+_17217452_17217462	48hr	3	1.0	1.0	0.0	1.0	1.0	0.0
19_+_17217452_17217462	72hr	3	1.0	1.0	0.0	1.0	1.0	0.0
19_+_17217452_17217462	7day	3	1.0	1.0	0.0	1.0	1.0	0.0
10_+_110244827_110244857	Ctrl	3	0.6665316824645965	0.6419753086419753	0.07799170217777676	0.6037735849056604	0.7538461538461538	0.15007256894049348
10_+_110244827_110244857	30min	3	0.7874475205576849	0.8108108108108109	0.1078691343956377	0.6698113207547169	0.8817204301075269	0.21190910935280993
10_+_110244827_110244857	3hr	3	0.868266429242039	0.8536585365853658	0.07150359292782796	0.8051948051948052	0.945945945945946	0.1407511407511408
10_+_110244827_110244857	12hr	3	0.9555555555555556	1.0	0.07698003589195009	0.8666666666666667	1.0	0.1333333333333333
10_+_110244827_110244857	24hr	2	1.0	1.0	0.0	1.0	1.0	0.0
10_+_110244827_110244857	48hr	3	1.0	1.0	0.0	1.0	1.0	0.0
10_+_110244827_110244857	72hr	3	1.0	1.0	0.0	1.0	1.0	0.0
10_+_110244827_110244857	7day	3	0.9145299145299145	1.0	0.14803853056144248	0.7435897435897436	1.0	0.2564102564102564
5_-_177744393_177744418	Ctrl	3	1.0	1.0	0.0	1.0	1.0	0.0
5_-_177744393_177744418	30min	3	1.0	1.0	0.0	1.0	1.0	0.0
5_-_177744393_177744418	3hr	2	1.0	1.0	0.0	1.0	1.0	0.0
5_-_177744393_177744418	12hr	1	1.0	1.0		1.0	1.0	0.0
5_-_177744393_177744418	24hr	0						
5_-_177744393_177744418	48hr	0						
5_-_177744393_177744418	72hr	0						
5_-_177744393_177744418	7day	3	1.0	1.0	0.0	1.0	1.0	0.0
3_-_52820290_52820317	Ctrl	2	1.0	1.0	0.0	1.0	1.0	0.0
3_-_52820290_52820317	30min	3	1.0	1.0	0.0	1.0	1.0	0.0
3_-_52820290_52820317	3hr	3	1.0	1.0	0.0	1.0	1.0	0.0
3_-_52820290_52820317	12hr	1	1.0	1.0		1.0	1.0	0.0
3_-_52820290_52820317	24hr	3	1.0	1.0	0.0	1.0	1.0	0.0
3_-_52820290_52820317	48hr	1	1.0	1.0		1.0	1.0	0.0
3_-_52820290_52820317	72hr	1	1.0	1.0		1.0	1.0	0.0
3_-_52820290_52820317	7day	3	1.0	1.0	0.0	1.0	1.0	0.0
12_+_53455346_53455370	Ctrl	3	0.5344642608879052	0.5318818040435459	0.03227182405700138	0.5035612535612536	0.5679497250589159	0.06438847149766236
12_+_53455346_53455370	30min	3	0.5420823221182783	0.5601217656012176	0.0335497859060173	0.5033721643163703	0.562753036437247	0.059380872120876615
12_+_53455346_53455370	3hr	3	0.539493477680202	0.5246038365304421	0.0259100898202172	0.5244648318042814	0.5694117647058824	0.04494693290160101
12_+_53455346_53455370	12hr	3	0.5397350575308879	0.5453972257250945	0.02224436776989327	0.5152068126520681	0.558601134215501	0.043394321563432814
12_+_53455346_53455370	24hr	3	0.5393452221883143	0.5345155161494617	0.01129225042022462	0.531271015467384	0.5522491349480969	0.02097811948071293
12_+_53455346_53455370	48hr	3	0.5452316837741261	0.5404725992961287	0.01872633224464758	0.5293440736478712	0.5658783783783784	0.03653430473050723
12_+_53455346_53455370	72hr	3	0.513981014894047	0.5170008718395815	0.049474332675499284	0.4630659253375695	0.56187624750499	0.09881032216742047
12_+_53455346_53455370	7day	3	0.5560312711752418	0.5729646697388633	0.052989900531443826	0.4966442953020134	0.5984848484848485	0.10184055318283508
6_-_136601021_136601042	Ctrl	3	1.0	1.0	0.0	1.0	1.0	0.0
6_-_136601021_136601042	30min	2	1.0	1.0	0.0	1.0	1.0	0.0
6_-_136601021_136601042	3hr	2	1.0	1.0	0.0	1.0	1.0	0.0
6_-_136601021_136601042	12hr	2	1.0	1.0	0.0	1.0	1.0	0.0
6_-_136601021_136601042	24hr	1	1.0	1.0		1.0	1.0	0.0
6_-_136601021_136601042	48hr	1	1.0	1.0		1.0	1.0	0.0
6_-_136601021_136601042	72hr	1	1.0	1.0		1.0	1.0	0.0
6_-_136601021_136601042	7day	2	1.0	1.0	0.0	1.0	1.0	0.0
2_+_169504302_169504326	Ctrl	2	1.0	1.0	0.0	1.0	1.0	0.0
2_+_169504302_169504326	30min	2	1.0	1.0	0.0	1.0	1.0	0.0
2_+_169504302_169504326	3hr	0						
2_+_169504302_169504326	12hr	2	1.0	1.0	0.0	1.0	1.0	0.0
2_+_169504302_169504326	24hr	3	1.0	1.0	0.0	1.0	1.0	0.0
2_+_169504302_169504326	48hr	3	1.0	1.0	0.0	1.0	1.0	0.0
2_+_169504302_169504326	72hr	2	1.0	1.0	0.0	1.0	1.0	0.0
2_+_169504302_169504326	7day	1	1.0	1.0		1.0	1.0	0.0
11_-_5665655_5665682	Ctrl	2	1.0	1.0	0.0	1.0	1.0	0.0
11_-_5665655_5665682	30min	2	1.0	1.0	0.0	1.0	1.0	0.0
11_-_5665655_5665682	3hr	3	0.9879518072289156	1.0	0.02086808201890214	0.963855421686747	1.0	0.03614457831325302
11_-_5665655_5665682	12hr	3	0.9444444444444445	1.0	0.0962250448649376	0.8333333333333334	1.0	0.16666666666666663
11_-_5665655_5665682	24hr	2	1.0	1.0	0.0	1.0	1.0	0.0
11_-_5665655_5665682	48hr	3	1.0	1.0	0.0	1.0	1.0	0.0
11_-_5665655_5665682	72hr	3	0.9719202898550724	0.9782608695652174	0.031728767913291656	0.9375	1.0	0.0625
11_-_5665655_5665682	7day	3	0.9841269841269842	1.0	0.027492869961410718	0.9523809523809524	1.0	0.04761904761904756
18_-_693881_693908	Ctrl	2	1.0	1.0	0.0	1.0	1.0	0.0
18_-_693881_693908	30min	3	1.0	1.0	0.0	1.0	1.0	0.0
18_-_693881_693908	3hr	2	1.0	1.0	0.0	1.0	1.0	0.0
18_-_693881_693908	12hr	3	1.0	1.0	0.0	1.0	1.0	0.0
18_-_693881_693908	24hr	3	1.0	1.0	0.0	1.0	1.0	0.0
18_-_693881_693908	48hr	3	1.0	1.0	0.0	1.0	1.0	0.0
18_-_693881_693908	72hr	3	1.0	1.0	0.0	1.0	1.0	0.0
18_-_693881_693908	7day	3	1.0	1.0	0.0	1.0	1.0	0.0
11_+_120406117_120406141	Ctrl	0						
11_+_120406117_120406141	30min	0						
11_+_120406117_120406141	3hr	0						
11_+_120406117_120406141	12hr	3	1.0	1.0	0.0	1.0	1.0	0.0
11_+_120406117_120406141	24hr	3	1.0	1.0	0.0	1.0	1.0	0.0
11_+_120406117_120406141	48hr	3	1.0	1.0	0.0	1.0	1.0	0.0
11_+_120406117_120406141	72hr	2	1.0	1.0	0.0	1.0	1.0	0.0
11_+_120406117_120406141	7day	3	1.0	1.0	0.0	1.0	1.0	0.0
2_-_95919891_95919920	Ctrl	1	1.0	1.0		1.0	1.0	0.0
2_-_95919891_95919920	30min	1	1.0	1.0		1.0	1.0	0.0
2_-_95919891_95919920	3hr	1	1.0	1.0		1.0	1.0	0.0
2_-_95919891_95919920	12hr	1	1.0	1.0		1.0	1.0	0.0
2_-_95919891_95919920	24hr	0						
2_-_95919891_95919920	48hr	0						
2_-_95919891_95919920	72hr	0						
2_-_95919891_95919920	7day	3	1.0	1.0	0.0	1.0	1.0	0.0
4_-_75491610_75491637	Ctrl	3	1.0	1.0	0.0	1.0	1.0	0.0
4_-_75491610_75491637	30min	3	0.9914529914529915	1.0	0.014803853056144197	0.9743589743589745	1.0	0.02564102564102555
4_-_75491610_75491637	3hr	3	0.9577330606933732	0.9642857142857144	0.012431322439213197	0.9433962264150944	0.9655172413793104	0.022121014964216035
4_-_75491610_75491637	12hr	3	0.9359703765227021	0.9302325581395348	0.032965943990973565	0.90625	0.9714285714285714	0.06517857142857142
4_-_75491610_75491637	24hr	3	0.898654937209154	0.9111111111111112	0.03689617014499861	0.8571428571428571	0.927710843373494	0.07056798623063687
4_-_75491610_75491637	48hr	3	0.9737227535108124	0.9622641509433962	0.02281869259545526	0.958904109589041	1.0	0.04109589041095896
4_-_75491610_75491637	72hr	3	0.9394524959742351	0.9777777777777776	0.08634423908611129	0.8405797101449275	1.0	0.1594202898550725
4_-_75491610_75491637	7day	3	0.9359966026632695	0.925925925925926	0.03311032193922423	0.9090909090909092	0.972972972972973	0.06388206388206386
4_-_154547037_154547064	Ctrl	3	0.0	0.0	0.0	0.0	0.0	0.0
4_-_154547037_154547064	30min	3	0.0	0.0	0.0	0.0	0.0	0.0
4_-_154547037_154547064	3hr	3	0.0074138459965231	0.0064935064935064	0.007914252497921524	0.0	0.0157480314960629	0.0157480314960629
4_-_154547037_154547064	12hr	3	0.033512509744361166	0.0212765957446808	0.03619140543436519	0.0050251256281407	0.074235807860262	0.0692106822321213
4_-_154547037_154547064	24hr	3	0.03644874175023024	0.0319634703196347	0.009945433813933684	0.0295358649789029	0.0478468899521531	0.0183110249732502
4_-_154547037_154547064	48hr	3	0.05351738199735853	0.0549450549450549	0.004633194650616899	0.0483383685800604	0.0572687224669603	0.008930353886899896
4_-_154547037_154547064	72hr	3	0.032797903578935604	0.0418410041841004	0.019648195791429336	0.0102564102564102	0.0462962962962962	0.036039886039886
4_-_154547037_154547064	7day	3	0.013151684916390766	0.0057142857142857	0.014098666504303697	0.0043290043290043	0.0294117647058823	0.025082760376878
7_-_75190538_75190567	Ctrl	3	1.0	1.0	0.0	1.0	1.0	0.0
7_-_75190538_75190567	30min	3	1.0	1.0	0.0	1.0	1.0	0.0
7_-_75190538_75190567	3hr	3	1.0	1.0	0.0	1.0	1.0	0.0
7_-_75190538_75190567	12hr	3	1.0	1.0	0.0	1.0	1.0	0.0
7_-_75190538_75190567	24hr	3	1.0	1.0	0.0	1.0	1.0	0.0
7_-_75190538_75190567	48hr	3	1.0	1.0	0.0	1.0	1.0	0.0
7_-_75190538_75190567	72hr	3	1.0	1.0	0.0	1.0	1.0	0.0
7_-_75190538_75190567	7day	3	1.0	1.0	0.0	1.0	1.0	0.0
7_-_25158500_25158530	Ctrl	3	1.0	1.0	0.0	1.0	1.0	0.0
7_-_25158500_25158530	30min	3	1.0	1.0	0.0	1.0	1.0	0.0
7_-_25158500_25158530	3hr	3	1.0	1.0	0.0	1.0	1.0	0.0
7_-_25158500_25158530	12hr	3	1.0	1.0	0.0	1.0	1.0	0.0
7_-_25158500_25158530	24hr	3	1.0	1.0	0.0	1.0	1.0	0.0
7_-_25158500_25158530	48hr	1	1.0	1.0		1.0	1.0	0.0
7_-_25158500_25158530	72hr	3	1.0	1.0	0.0	1.0	1.0	0.0
7_-_25158500_25158530	7day	3	1.0	1.0	0.0	1.0	1.0	0.0
6_-_32580246_32580270	Ctrl	3	0.9407407407407407	0.9777777777777776	0.08413197549333735	0.8444444444444444	1.0	0.15555555555555556
6_-_32580246_32580270	30min	3	0.7260658914728682	0.7906976744186046	0.26229184704267605	0.4375	0.95	0.5125
6_-_32580246_32580270	3hr	3	0.9492753623188405	1.0	0.08785764965929088	0.8478260869565217	1.0	0.15217391304347827
6_-_32580246_32580270	12hr	3	0.898953898953899	0.9047619047619048	0.05014893312752005	0.8461538461538461	0.945945945945946	0.09979209979209991
6_-_32580246_32580270	24hr	3	0.803752191933684	0.8125	0.05480637286631799	0.7450980392156863	0.8536585365853658	0.10856049736967954
6_-_32580246_32580270	48hr	3	0.8925925925925925	0.9	0.11129614223197569	0.7777777777777778	1.0	0.2222222222222222
6_-_32580246_32580270	72hr	3	0.800231160425335	0.8	0.01394041113842332	0.7864077669902912	0.8142857142857143	0.027877947295423033
6_-_32580246_32580270	7day	3	0.8628780596156226	0.8596491228070176	0.012535671301796884	0.8522727272727273	0.8767123287671232	0.024439601494395946
9_+_127478933_127478963	Ctrl	3	1.0	1.0	0.0	1.0	1.0	0.0
9_+_127478933_127478963	30min	3	1.0	1.0	0.0	1.0	1.0	0.0
9_+_127478933_127478963	3hr	1	1.0	1.0		1.0	1.0	0.0
9_+_127478933_127478963	12hr	3	1.0	1.0	0.0	1.0	1.0	0.0
9_+_127478933_127478963	24hr	3	1.0	1.0	0.0	1.0	1.0	0.0
9_+_127478933_127478963	48hr	3	1.0	1.0	0.0	1.0	1.0	0.0
9_+_127478933_127478963	72hr	3	1.0	1.0	0.0	1.0	1.0	0.0
9_+_127478933_127478963	7day	3	1.0	1.0	0.0	1.0	1.0	0.0
13_+_45149769_45149788	Ctrl	3	1.0	1.0	0.0	1.0	1.0	0.0
13_+_45149769_45149788	30min	3	1.0	1.0	0.0	1.0	1.0	0.0
13_+_45149769_45149788	3hr	3	1.0	1.0	0.0	1.0	1.0	0.0
13_+_45149769_45149788	12hr	3	1.0	1.0	0.0	1.0	1.0	0.0
13_+_45149769_45149788	24hr	3	1.0	1.0	0.0	1.0	1.0	0.0
13_+_45149769_45149788	48hr	3	1.0	1.0	0.0	1.0	1.0	0.0
13_+_45149769_45149788	72hr	3	1.0	1.0	0.0	1.0	1.0	0.0
13_+_45149769_45149788	7day	3	1.0	1.0	0.0	1.0	1.0	0.0
1_+_236542760_236542787	Ctrl	3	1.0	1.0	0.0	1.0	1.0	0.0
1_+_236542760_236542787	30min	3	0.9384615384615383	1.0	0.10658774200423862	0.8153846153846154	1.0	0.18461538461538463
1_+_236542760_236542787	3hr	3	0.9670781893004116	1.0	0.05702224880885193	0.9012345679012346	1.0	0.09876543209876543
1_+_236542760_236542787	12hr	3	1.0	1.0	0.0	1.0	1.0	0.0
1_+_236542760_236542787	24hr	3	1.0	1.0	0.0	1.0	1.0	0.0
1_+_236542760_236542787	48hr	3	0.9940476190476191	1.0	0.010309826235528995	0.9821428571428572	1.0	0.017857142857142794
1_+_236542760_236542787	72hr	3	0.9666666666666667	1.0	0.05773502691896257	0.9	1.0	0.09999999999999998
1_+_236542760_236542787	7day	3	1.0	1.0	0.0	1.0	1.0	0.0
17_-_64329699_64329722	Ctrl	3	1.0	1.0	0.0	1.0	1.0	0.0
17_-_64329699_64329722	30min	3	1.0	1.0	0.0	1.0	1.0	0.0
17_-_64329699_64329722	3hr	3	1.0	1.0	0.0	1.0	1.0	0.0
17_-_64329699_64329722	12hr	3	1.0	1.0	0.0	1.0	1.0	0.0
17_-_64329699_64329722	24hr	3	1.0	1.0	0.0	1.0	1.0	0.0
17_-_64329699_64329722	48hr	3	1.0	1.0	0.0	1.0	1.0	0.0
17_-_64329699_64329722	72hr	3	1.0	1.0	0.0	1.0	1.0	0.0
17_-_64329699_64329722	7day	3	1.0	1.0	0.0	1.0	1.0	0.0
9_-_136379836_136379864	Ctrl	3	1.0	1.0	0.0	1.0	1.0	0.0
9_-_136379836_136379864	30min	3	1.0	1.0	0.0	1.0	1.0	0.0
9_-_136379836_136379864	3hr	3	1.0	1.0	0.0	1.0	1.0	0.0
9_-_136379836_136379864	12hr	3	1.0	1.0	0.0	1.0	1.0	0.0
9_-_136379836_136379864	24hr	3	1.0	1.0	0.0	1.0	1.0	0.0
9_-_136379836_136379864	48hr	3	1.0	1.0	0.0	1.0	1.0	0.0
9_-_136379836_136379864	72hr	3	1.0	1.0	0.0	1.0	1.0	0.0
9_-_136379836_136379864	7day	3	1.0	1.0	0.0	1.0	1.0	0.0
12_+_56158683_56158711	Ctrl	3	0.4690283620091331	0.468218442256043	0.026956363530335238	0.4424860853432282	0.4963805584281282	0.05389447308490003
12_+_56158683_56158711	30min	3	0.5081297892030489	0.4848771266540643	0.05212545177439711	0.471677559912854	0.5678346810422282	0.09615712112937425
12_+_56158683_56158711	3hr	3	0.4964563451434687	0.4937825912555154	0.010112468519993353	0.4879494271039115	0.5076370170709793	0.01968758996706782
12_+_56158683_56158711	12hr	3	0.49285184244443886	0.4928190398030365	0.01632671351977643	0.4765415549597855	0.5091949325704945	0.03265337761070902
12_+_56158683_56158711	24hr	3	0.487626146486183	0.486027397260274	0.016636742019822855	0.4718464926077382	0.5050045495905369	0.03315805698279867
12_+_56158683_56158711	48hr	3	0.49533812788616016	0.4914484233030465	0.009200058700875053	0.4887218045112781	0.5058441558441559	0.01712235133287776
12_+_56158683_56158711	72hr	3	0.45704033856469595	0.4558548447437336	0.015879726721788726	0.4417865819472996	0.4734795890030547	0.03169300705575512
12_+_56158683_56158711	7day	3	0.49271421255580455	0.4988698010849909	0.011483477529759348	0.4794652923176035	0.4998075442648191	0.020342251947215617
7_+_139412550_139412580	Ctrl	3	1.0	1.0	0.0	1.0	1.0	0.0
7_+_139412550_139412580	30min	3	1.0	1.0	0.0	1.0	1.0	0.0
7_+_139412550_139412580	3hr	3	1.0	1.0	0.0	1.0	1.0	0.0
7_+_139412550_139412580	12hr	3	1.0	1.0	0.0	1.0	1.0	0.0
7_+_139412550_139412580	24hr	3	1.0	1.0	0.0	1.0	1.0	0.0
7_+_139412550_139412580	48hr	3	1.0	1.0	0.0	1.0	1.0	0.0
7_+_139412550_139412580	72hr	3	1.0	1.0	0.0	1.0	1.0	0.0
7_+_139412550_139412580	7day	3	1.0	1.0	0.0	1.0	1.0	0.0
6_-_28907235_28907262	Ctrl	3	1.0	1.0	0.0	1.0	1.0	0.0
6_-_28907235_28907262	30min	1	1.0	1.0		1.0	1.0	0.0
6_-_28907235_28907262	3hr	3	1.0	1.0	0.0	1.0	1.0	0.0
6_-_28907235_28907262	12hr	3	1.0	1.0	0.0	1.0	1.0	0.0
6_-_28907235_28907262	24hr	3	1.0	1.0	0.0	1.0	1.0	0.0
6_-_28907235_28907262	48hr	3	1.0	1.0	0.0	1.0	1.0	0.0
6_-_28907235_28907262	72hr	3	1.0	1.0	0.0	1.0	1.0	0.0
6_-_28907235_28907262	7day	3	1.0	1.0	0.0	1.0	1.0	0.0
21_+_46116376_46116403	Ctrl	3	1.0	1.0	0.0	1.0	1.0	0.0
21_+_46116376_46116403	30min	3	1.0	1.0	0.0	1.0	1.0	0.0
21_+_46116376_46116403	3hr	3	1.0	1.0	0.0	1.0	1.0	0.0
21_+_46116376_46116403	12hr	3	1.0	1.0	0.0	1.0	1.0	0.0
21_+_46116376_46116403	24hr	3	1.0	1.0	0.0	1.0	1.0	0.0
21_+_46116376_46116403	48hr	3	1.0	1.0	0.0	1.0	1.0	0.0
21_+_46116376_46116403	72hr	3	1.0	1.0	0.0	1.0	1.0	0.0
21_+_46116376_46116403	7day	3	1.0	1.0	0.0	1.0	1.0	0.0
5_-_170258865_170258878	Ctrl	3	1.0	1.0	0.0	1.0	1.0	0.0
5_-_170258865_170258878	30min	3	1.0	1.0	0.0	1.0	1.0	0.0
5_-_170258865_170258878	3hr	3	1.0	1.0	0.0	1.0	1.0	0.0
5_-_170258865_170258878	12hr	3	1.0	1.0	0.0	1.0	1.0	0.0
5_-_170258865_170258878	24hr	3	1.0	1.0	0.0	1.0	1.0	0.0
5_-_170258865_170258878	48hr	3	1.0	1.0	0.0	1.0	1.0	0.0
5_-_170258865_170258878	72hr	3	1.0	1.0	0.0	1.0	1.0	0.0
5_-_170258865_170258878	7day	3	1.0	1.0	0.0	1.0	1.0	0.0
1_+_150962129_150962158	Ctrl	3	1.0	1.0	0.0	1.0	1.0	0.0
1_+_150962129_150962158	30min	3	1.0	1.0	0.0	1.0	1.0	0.0
1_+_150962129_150962158	3hr	3	0.9743589743589745	1.0	0.04441155916843266	0.9230769230769232	1.0	0.07692307692307676
1_+_150962129_150962158	12hr	3	0.9260951137939473	0.9565217391304348	0.06988592706592678	0.8461538461538461	0.975609756097561	0.1294559099437148
1_+_150962129_150962158	24hr	3	0.9907407407407408	1.0	0.016037507477489613	0.9722222222222222	1.0	0.02777777777777779
1_+_150962129_150962158	48hr	3	0.9384941675503713	0.9130434782608696	0.0535288630503667	0.902439024390244	1.0	0.09756097560975596
1_+_150962129_150962158	72hr	3	0.8000512032770097	0.7096774193548387	0.17342667839995474	0.6904761904761905	1.0	0.30952380952380953
1_+_150962129_150962158	7day	3	0.9940476190476191	1.0	0.010309826235528995	0.9821428571428572	1.0	0.017857142857142794
1_-_160999395_160999408	Ctrl	3	1.0	1.0	0.0	1.0	1.0	0.0
1_-_160999395_160999408	30min	2	1.0	1.0	0.0	1.0	1.0	0.0
1_-_160999395_160999408	3hr	3	1.0	1.0	0.0	1.0	1.0	0.0
1_-_160999395_160999408	12hr	3	1.0	1.0	0.0	1.0	1.0	0.0
1_-_160999395_160999408	24hr	3	1.0	1.0	0.0	1.0	1.0	0.0
1_-_160999395_160999408	48hr	3	1.0	1.0	0.0	1.0	1.0	0.0
1_-_160999395_160999408	72hr	3	1.0	1.0	0.0	1.0	1.0	0.0
1_-_160999395_160999408	7day	3	1.0	1.0	0.0	1.0	1.0	0.0
6_+_43778888_43778918	Ctrl	0						
6_+_43778888_43778918	30min	0						
6_+_43778888_43778918	3hr	1	1.0	1.0		1.0	1.0	0.0
6_+_43778888_43778918	12hr	3	1.0	1.0	0.0	1.0	1.0	0.0
6_+_43778888_43778918	24hr	3	1.0	1.0	0.0	1.0	1.0	0.0
6_+_43778888_43778918	48hr	3	1.0	1.0	0.0	1.0	1.0	0.0
6_+_43778888_43778918	72hr	3	1.0	1.0	0.0	1.0	1.0	0.0
6_+_43778888_43778918	7day	3	1.0	1.0	0.0	1.0	1.0	0.0
17_+_40141206_40141234	Ctrl	3	1.0	1.0	0.0	1.0	1.0	0.0
17_+_40141206_40141234	30min	3	1.0	1.0	0.0	1.0	1.0	0.0
17_+_40141206_40141234	3hr	3	1.0	1.0	0.0	1.0	1.0	0.0
17_+_40141206_40141234	12hr	3	1.0	1.0	0.0	1.0	1.0	0.0
17_+_40141206_40141234	24hr	3	1.0	1.0	0.0	1.0	1.0	0.0
17_+_40141206_40141234	48hr	3	1.0	1.0	0.0	1.0	1.0	0.0
17_+_40141206_40141234	72hr	3	1.0	1.0	0.0	1.0	1.0	0.0
17_+_40141206_40141234	7day	3	1.0	1.0	0.0	1.0	1.0	0.0
20_-_63215576_63215601	Ctrl	3	1.0	1.0	0.0	1.0	1.0	0.0
20_-_63215576_63215601	30min	3	1.0	1.0	0.0	1.0	1.0	0.0
20_-_63215576_63215601	3hr	3	1.0	1.0	0.0	1.0	1.0	0.0
20_-_63215576_63215601	12hr	3	1.0	1.0	0.0	1.0	1.0	0.0
20_-_63215576_63215601	24hr	3	1.0	1.0	0.0	1.0	1.0	0.0
20_-_63215576_63215601	48hr	3	1.0	1.0	0.0	1.0	1.0	0.0
20_-_63215576_63215601	72hr	3	1.0	1.0	0.0	1.0	1.0	0.0
20_-_63215576_63215601	7day	3	1.0	1.0	0.0	1.0	1.0	0.0
2_+_97205939_97205968	Ctrl	3	1.0	1.0	0.0	1.0	1.0	0.0
2_+_97205939_97205968	30min	3	1.0	1.0	0.0	1.0	1.0	0.0
2_+_97205939_97205968	3hr	2	1.0	1.0	0.0	1.0	1.0	0.0
2_+_97205939_97205968	12hr	1	1.0	1.0		1.0	1.0	0.0
2_+_97205939_97205968	24hr	1	1.0	1.0		1.0	1.0	0.0
2_+_97205939_97205968	48hr	0						
2_+_97205939_97205968	72hr	0						
2_+_97205939_97205968	7day	1	1.0	1.0		1.0	1.0	0.0
7_-_99903575_99903598	Ctrl	3	1.0	1.0	0.0	1.0	1.0	0.0
7_-_99903575_99903598	30min	3	1.0	1.0	0.0	1.0	1.0	0.0
7_-_99903575_99903598	3hr	3	1.0	1.0	0.0	1.0	1.0	0.0
7_-_99903575_99903598	12hr	3	1.0	1.0	0.0	1.0	1.0	0.0
7_-_99903575_99903598	24hr	3	1.0	1.0	0.0	1.0	1.0	0.0
7_-_99903575_99903598	48hr	3	1.0	1.0	0.0	1.0	1.0	0.0
7_-_99903575_99903598	72hr	3	1.0	1.0	0.0	1.0	1.0	0.0
7_-_99903575_99903598	7day	3	1.0	1.0	0.0	1.0	1.0	0.0
2_+_97194725_97194754	Ctrl	2	1.0	1.0	0.0	1.0	1.0	0.0
2_+_97194725_97194754	30min	3	1.0	1.0	0.0	1.0	1.0	0.0
2_+_97194725_97194754	3hr	1	1.0	1.0		1.0	1.0	0.0
2_+_97194725_97194754	12hr	3	1.0	1.0	0.0	1.0	1.0	0.0
2_+_97194725_97194754	24hr	0						
2_+_97194725_97194754	48hr	0						
2_+_97194725_97194754	72hr	1	1.0	1.0		1.0	1.0	0.0
2_+_97194725_97194754	7day	1	1.0	1.0		1.0	1.0	0.0
15_+_44759639_44759662	Ctrl	0						
15_+_44759639_44759662	30min	0						
15_+_44759639_44759662	3hr	1	1.0	1.0		1.0	1.0	0.0
15_+_44759639_44759662	12hr	3	1.0	1.0	0.0	1.0	1.0	0.0
15_+_44759639_44759662	24hr	0						
15_+_44759639_44759662	48hr	2	1.0	1.0	0.0	1.0	1.0	0.0
15_+_44759639_44759662	72hr	3	1.0	1.0	0.0	1.0	1.0	0.0
15_+_44759639_44759662	7day	3	1.0	1.0	0.0	1.0	1.0	0.0
7_+_142801943_142801961	Ctrl	3	1.0	1.0	0.0	1.0	1.0	0.0
7_+_142801943_142801961	30min	3	1.0	1.0	0.0	1.0	1.0	0.0
7_+_142801943_142801961	3hr	3	1.0	1.0	0.0	1.0	1.0	0.0
7_+_142801943_142801961	12hr	3	1.0	1.0	0.0	1.0	1.0	0.0
7_+_142801943_142801961	24hr	3	1.0	1.0	0.0	1.0	1.0	0.0
7_+_142801943_142801961	48hr	3	1.0	1.0	0.0	1.0	1.0	0.0
7_+_142801943_142801961	72hr	3	1.0	1.0	0.0	1.0	1.0	0.0
7_+_142801943_142801961	7day	3	1.0	1.0	0.0	1.0	1.0	0.0
7_-_34942614_34942639	Ctrl	1	1.0	1.0		1.0	1.0	0.0
7_-_34942614_34942639	30min	1	1.0	1.0		1.0	1.0	0.0
7_-_34942614_34942639	3hr	1	1.0	1.0		1.0	1.0	0.0
7_-_34942614_34942639	12hr	1	1.0	1.0		1.0	1.0	0.0
7_-_34942614_34942639	24hr	2	1.0	1.0	0.0	1.0	1.0	0.0
7_-_34942614_34942639	48hr	3	1.0	1.0	0.0	1.0	1.0	0.0
7_-_34942614_34942639	72hr	1	1.0	1.0		1.0	1.0	0.0
7_-_34942614_34942639	7day	3	1.0	1.0	0.0	1.0	1.0	0.0
5_-_81437429_81437458	Ctrl	3	1.0	1.0	0.0	1.0	1.0	0.0
5_-_81437429_81437458	30min	2	1.0	1.0	0.0	1.0	1.0	0.0
5_-_81437429_81437458	3hr	2	1.0	1.0	0.0	1.0	1.0	0.0
5_-_81437429_81437458	12hr	0						
5_-_81437429_81437458	24hr	1	1.0	1.0		1.0	1.0	0.0
5_-_81437429_81437458	48hr	2	1.0	1.0	0.0	1.0	1.0	0.0
5_-_81437429_81437458	72hr	3	1.0	1.0	0.0	1.0	1.0	0.0
5_-_81437429_81437458	7day	3	1.0	1.0	0.0	1.0	1.0	0.0
9_+_113362368_113362394	Ctrl	0						
9_+_113362368_113362394	30min	0						
9_+_113362368_113362394	3hr	2	1.0	1.0	0.0	1.0	1.0	0.0
9_+_113362368_113362394	12hr	0						
9_+_113362368_113362394	24hr	1	1.0	1.0		1.0	1.0	0.0
9_+_113362368_113362394	48hr	3	1.0	1.0	0.0	1.0	1.0	0.0
9_+_113362368_113362394	72hr	3	1.0	1.0	0.0	1.0	1.0	0.0
9_+_113362368_113362394	7day	3	1.0	1.0	0.0	1.0	1.0	0.0
1_+_161218702_161218723	Ctrl	3	1.0	1.0	0.0	1.0	1.0	0.0
1_+_161218702_161218723	30min	3	1.0	1.0	0.0	1.0	1.0	0.0
1_+_161218702_161218723	3hr	3	1.0	1.0	0.0	1.0	1.0	0.0
1_+_161218702_161218723	12hr	3	1.0	1.0	0.0	1.0	1.0	0.0
1_+_161218702_161218723	24hr	3	1.0	1.0	0.0	1.0	1.0	0.0
1_+_161218702_161218723	48hr	3	1.0	1.0	0.0	1.0	1.0	0.0
1_+_161218702_161218723	72hr	3	1.0	1.0	0.0	1.0	1.0	0.0
1_+_161218702_161218723	7day	3	1.0	1.0	0.0	1.0	1.0	0.0
8_-_123023712_123023739	Ctrl	3	0.9795918367346937	1.0	0.035347975664671	0.9387755102040816	1.0	0.061224489795918435
8_-_123023712_123023739	30min	3	1.0	1.0	0.0	1.0	1.0	0.0
8_-_123023712_123023739	3hr	3	1.0	1.0	0.0	1.0	1.0	0.0
8_-_123023712_123023739	12hr	3	0.9974358974358974	1.0	0.0044411559168431956	0.9923076923076924	1.0	0.007692307692307554
8_-_123023712_123023739	24hr	3	1.0	1.0	0.0	1.0	1.0	0.0
8_-_123023712_123023739	48hr	3	1.0	1.0	0.0	1.0	1.0	0.0
8_-_123023712_123023739	72hr	3	1.0	1.0	0.0	1.0	1.0	0.0
8_-_123023712_123023739	7day	3	0.993993993993994	1.0	0.010402707552966187	0.981981981981982	1.0	0.018018018018017945
17_-_44195799_44195828	Ctrl	3	0.9473684210526315	1.0	0.09116056881941462	0.8421052631578947	1.0	0.1578947368421053
17_-_44195799_44195828	30min	3	0.9916666666666667	1.0	0.014433756729740658	0.975	1.0	0.025000000000000022
17_-_44195799_44195828	3hr	3	0.9187693440567005	0.925925925925926	0.05070638739389369	0.8648648648648649	0.9655172413793104	0.10065237651444547
17_-_44195799_44195828	12hr	3	0.9724046706805328	0.9741379310344828	0.011320537235642742	0.9603174603174603	0.9827586206896552	0.0224411603721949
17_-_44195799_44195828	24hr	3	0.9696311736436801	0.9702970297029704	0.0219374047807097	0.9473684210526316	0.9912280701754386	0.04385964912280693
17_-_44195799_44195828	48hr	3	0.9900428921568628	0.9921875	0.011184696284480294	0.9779411764705882	1.0	0.022058823529411797
17_-_44195799_44195828	72hr	3	0.982905982905983	1.0	0.029607706112288457	0.9487179487179488	1.0	0.05128205128205121
17_-_44195799_44195828	7day	3	0.9360809768178736	0.9365079365079364	0.031614340222483724	0.9042553191489362	0.967479674796748	0.06322435564781181
7_-_26854136_26854162	Ctrl	1	1.0	1.0		1.0	1.0	0.0
7_-_26854136_26854162	30min	0						
7_-_26854136_26854162	3hr	0						
7_-_26854136_26854162	12hr	1	1.0	1.0		1.0	1.0	0.0
7_-_26854136_26854162	24hr	3	1.0	1.0	0.0	1.0	1.0	0.0
7_-_26854136_26854162	48hr	1	1.0	1.0		1.0	1.0	0.0
7_-_26854136_26854162	72hr	1	1.0	1.0		1.0	1.0	0.0
7_-_26854136_26854162	7day	3	1.0	1.0	0.0	1.0	1.0	0.0
8_+_27451484_27451509	Ctrl	3	1.0	1.0	0.0	1.0	1.0	0.0
8_+_27451484_27451509	30min	3	1.0	1.0	0.0	1.0	1.0	0.0
8_+_27451484_27451509	3hr	3	1.0	1.0	0.0	1.0	1.0	0.0
8_+_27451484_27451509	12hr	3	1.0	1.0	0.0	1.0	1.0	0.0
8_+_27451484_27451509	24hr	3	1.0	1.0	0.0	1.0	1.0	0.0
8_+_27451484_27451509	48hr	3	1.0	1.0	0.0	1.0	1.0	0.0
8_+_27451484_27451509	72hr	3	1.0	1.0	0.0	1.0	1.0	0.0
8_+_27451484_27451509	7day	3	1.0	1.0	0.0	1.0	1.0	0.0
14_-_77441065_77441093	Ctrl	2	1.0	1.0	0.0	1.0	1.0	0.0
14_-_77441065_77441093	30min	3	1.0	1.0	0.0	1.0	1.0	0.0
14_-_77441065_77441093	3hr	3	1.0	1.0	0.0	1.0	1.0	0.0
14_-_77441065_77441093	12hr	3	1.0	1.0	0.0	1.0	1.0	0.0
14_-_77441065_77441093	24hr	3	1.0	1.0	0.0	1.0	1.0	0.0
14_-_77441065_77441093	48hr	3	1.0	1.0	0.0	1.0	1.0	0.0
14_-_77441065_77441093	72hr	3	1.0	1.0	0.0	1.0	1.0	0.0
14_-_77441065_77441093	7day	3	1.0	1.0	0.0	1.0	1.0	0.0
17_-_29116443_29116455	Ctrl	3	1.0	1.0	0.0	1.0	1.0	0.0
17_-_29116443_29116455	30min	3	1.0	1.0	0.0	1.0	1.0	0.0
17_-_29116443_29116455	3hr	2	1.0	1.0	0.0	1.0	1.0	0.0
17_-_29116443_29116455	12hr	2	1.0	1.0	0.0	1.0	1.0	0.0
17_-_29116443_29116455	24hr	3	1.0	1.0	0.0	1.0	1.0	0.0
17_-_29116443_29116455	48hr	3	1.0	1.0	0.0	1.0	1.0	0.0
17_-_29116443_29116455	72hr	3	1.0	1.0	0.0	1.0	1.0	0.0
17_-_29116443_29116455	7day	3	1.0	1.0	0.0	1.0	1.0	0.0
1_-_236230223_236230250	Ctrl	3	1.0	1.0	0.0	1.0	1.0	0.0
1_-_236230223_236230250	30min	1	1.0	1.0		1.0	1.0	0.0
1_-_236230223_236230250	3hr	3	1.0	1.0	0.0	1.0	1.0	0.0
1_-_236230223_236230250	12hr	1	1.0	1.0		1.0	1.0	0.0
1_-_236230223_236230250	24hr	0						
1_-_236230223_236230250	48hr	1	1.0	1.0		1.0	1.0	0.0
1_-_236230223_236230250	72hr	1	1.0	1.0		1.0	1.0	0.0
1_-_236230223_236230250	7day	2	1.0	1.0	0.0	1.0	1.0	0.0
6_-_166322856_166322886	Ctrl	3	0.29201680672268904	0.3214285714285714	0.13684519827299377	0.1428571428571428	0.4117647058823529	0.26890756302521013
6_-_166322856_166322886	30min	3	0.6508699633699634	0.5625	0.27725512146203385	0.4285714285714285	0.9615384615384616	0.5329670329670331
6_-_166322856_166322886	3hr	3	0.5542667209333875	0.5384615384615384	0.0818405698039449	0.4814814814814814	0.6428571428571429	0.1613756613756615
6_-_166322856_166322886	12hr	3	0.5547201336675021	0.5793650793650794	0.047466742612339324	0.5	0.5847953216374269	0.08479532163742687
6_-_166322856_166322886	24hr	3	0.6380914739809642	0.6222222222222222	0.03551197060024474	0.61328125	0.6787709497206704	0.06548969972067042
6_-_166322856_166322886	48hr	3	0.6222336693515199	0.6371191135734072	0.027247463239161135	0.5907859078590786	0.6387959866220736	0.04801007876299501
6_-_166322856_166322886	72hr	3	0.605756905249291	0.5888324873096447	0.037146424165126264	0.5800865800865801	0.6483516483516484	0.06826506826506828
6_-_166322856_166322886	7day	3	0.5818518518518518	0.5555555555555556	0.15666403990443037	0.44	0.75	0.31
2_+_97219049_97219078	Ctrl	3	1.0	1.0	0.0	1.0	1.0	0.0
2_+_97219049_97219078	30min	3	1.0	1.0	0.0	1.0	1.0	0.0
2_+_97219049_97219078	3hr	1	1.0	1.0		1.0	1.0	0.0
2_+_97219049_97219078	12hr	2	1.0	1.0	0.0	1.0	1.0	0.0
2_+_97219049_97219078	24hr	3	1.0	1.0	0.0	1.0	1.0	0.0
2_+_97219049_97219078	48hr	1	1.0	1.0		1.0	1.0	0.0
2_+_97219049_97219078	72hr	2	1.0	1.0	0.0	1.0	1.0	0.0
2_+_97219049_97219078	7day	2	1.0	1.0	0.0	1.0	1.0	0.0
20_+_62966702_62966732	Ctrl	3	1.0	1.0	0.0	1.0	1.0	0.0
20_+_62966702_62966732	30min	3	1.0	1.0	0.0	1.0	1.0	0.0
20_+_62966702_62966732	3hr	3	1.0	1.0	0.0	1.0	1.0	0.0
20_+_62966702_62966732	12hr	3	1.0	1.0	0.0	1.0	1.0	0.0
20_+_62966702_62966732	24hr	3	1.0	1.0	0.0	1.0	1.0	0.0
20_+_62966702_62966732	48hr	3	1.0	1.0	0.0	1.0	1.0	0.0
20_+_62966702_62966732	72hr	3	1.0	1.0	0.0	1.0	1.0	0.0
20_+_62966702_62966732	7day	3	1.0	1.0	0.0	1.0	1.0	0.0
5_+_178036011_178036036	Ctrl	1	1.0	1.0		1.0	1.0	0.0
5_+_178036011_178036036	30min	3	0.9885057471264368	1.0	0.019908629972056037	0.9655172413793104	1.0	0.03448275862068961
5_+_178036011_178036036	3hr	2	1.0	1.0	0.0	1.0	1.0	0.0
5_+_178036011_178036036	12hr	0						
5_+_178036011_178036036	24hr	0						
5_+_178036011_178036036	48hr	0						
5_+_178036011_178036036	72hr	0						
5_+_178036011_178036036	7day	1	1.0	1.0		1.0	1.0	0.0
1_-_169696534_169696553	Ctrl	3	1.0	1.0	0.0	1.0	1.0	0.0
1_-_169696534_169696553	30min	3	1.0	1.0	0.0	1.0	1.0	0.0
1_-_169696534_169696553	3hr	3	1.0	1.0	0.0	1.0	1.0	0.0
1_-_169696534_169696553	12hr	3	1.0	1.0	0.0	1.0	1.0	0.0
1_-_169696534_169696553	24hr	3	1.0	1.0	0.0	1.0	1.0	0.0
1_-_169696534_169696553	48hr	3	1.0	1.0	0.0	1.0	1.0	0.0
1_-_169696534_169696553	72hr	3	1.0	1.0	0.0	1.0	1.0	0.0
1_-_169696534_169696553	7day	3	1.0	1.0	0.0	1.0	1.0	0.0
9_-_133779917_133779939	Ctrl	1	1.0	1.0		1.0	1.0	0.0
9_-_133779917_133779939	30min	0						
9_-_133779917_133779939	3hr	0						
9_-_133779917_133779939	12hr	0						
9_-_133779917_133779939	24hr	3	1.0	1.0	0.0	1.0	1.0	0.0
9_-_133779917_133779939	48hr	2	1.0	1.0	0.0	1.0	1.0	0.0
9_-_133779917_133779939	72hr	2	1.0	1.0	0.0	1.0	1.0	0.0
9_-_133779917_133779939	7day	2	1.0	1.0	0.0	1.0	1.0	0.0
20_-_33669686_33669712	Ctrl	3	0.33455882352941174	0.4411764705882353	0.29601867255000974	0.0	0.5625	0.5625
20_-_33669686_33669712	30min	2	0.4473684210526315	0.4473684210526315	0.03721614637823934	0.4210526315789473	0.4736842105263157	0.05263157894736842
20_-_33669686_33669712	3hr	2	0.5166666666666667	0.5166666666666667	0.4478342947514801	0.2	0.8333333333333334	0.6333333333333333
20_-_33669686_33669712	12hr	2	0.75	0.75	0.3535533905932738	0.5	1.0	0.5
20_-_33669686_33669712	24hr	3	0.4797979797979797	0.5454545454545454	0.22693577715819163	0.2272727272727272	0.6666666666666666	0.43939393939393945
20_-_33669686_33669712	48hr	3	0.6711270410195143	0.7037037037037037	0.061670197768564784	0.6	0.7096774193548387	0.10967741935483877
20_-_33669686_33669712	72hr	3	0.6248696947133284	0.6	0.08317930202065277	0.5569620253164557	0.7176470588235294	0.16068503350707375
20_-_33669686_33669712	7day	3	0.5500548415508922	0.5221238938053098	0.09430699029564697	0.4728682170542636	0.6551724137931034	0.18230419673883985
17_-_3953692_3953710	Ctrl	3	1.0	1.0	0.0	1.0	1.0	0.0
17_-_3953692_3953710	30min	3	1.0	1.0	0.0	1.0	1.0	0.0
17_-_3953692_3953710	3hr	3	1.0	1.0	0.0	1.0	1.0	0.0
17_-_3953692_3953710	12hr	3	1.0	1.0	0.0	1.0	1.0	0.0
17_-_3953692_3953710	24hr	3	1.0	1.0	0.0	1.0	1.0	0.0
17_-_3953692_3953710	48hr	3	1.0	1.0	0.0	1.0	1.0	0.0
17_-_3953692_3953710	72hr	3	1.0	1.0	0.0	1.0	1.0	0.0
17_-_3953692_3953710	7day	3	1.0	1.0	0.0	1.0	1.0	0.0
1_-_153952804_153952834	Ctrl	3	1.0	1.0	0.0	1.0	1.0	0.0
1_-_153952804_153952834	30min	3	1.0	1.0	0.0	1.0	1.0	0.0
1_-_153952804_153952834	3hr	3	1.0	1.0	0.0	1.0	1.0	0.0
1_-_153952804_153952834	12hr	3	1.0	1.0	0.0	1.0	1.0	0.0
1_-_153952804_153952834	24hr	3	1.0	1.0	0.0	1.0	1.0	0.0
1_-_153952804_153952834	48hr	3	1.0	1.0	0.0	1.0	1.0	0.0
1_-_153952804_153952834	72hr	3	1.0	1.0	0.0	1.0	1.0	0.0
1_-_153952804_153952834	7day	3	1.0	1.0	0.0	1.0	1.0	0.0
16_+_28985712_28985740	Ctrl	3	0.45613497108791196	0.4619883040935672	0.02384676639325918	0.4299065420560747	0.4765100671140939	0.04660352505801918
16_+_28985712_28985740	30min	3	0.46690289392687906	0.4741379310344827	0.07806238256626374	0.3854748603351955	0.541095890410959	0.15562103007576344
16_+_28985712_28985740	3hr	3	0.4821900547052677	0.4901960784313725	0.017498092144092266	0.4621212121212121	0.4942528735632184	0.0321316614420063
16_+_28985712_28985740	12hr	3	0.4280828883803712	0.4385964912280701	0.0245750306078354	0.4	0.4456521739130434	0.04565217391304338
16_+_28985712_28985740	24hr	3	0.40581178763719344	0.4073107049608355	0.003236184724209102	0.4020979020979021	0.4080267558528428	0.005928853754940733
16_+_28985712_28985740	48hr	3	0.4554269951095348	0.4542124542124542	0.022385520712362456	0.4336734693877551	0.4783950617283951	0.04472159234063999
16_+_28985712_28985740	72hr	3	0.3441168364944067	0.3242009132420091	0.04063066192472904	0.3172866520787746	0.3908629441624365	0.0735762920836619
16_+_28985712_28985740	7day	3	0.4322720745464692	0.4397163120567376	0.02627618503039344	0.403076923076923	0.4540229885057471	0.05094606542882413
5_+_119475705_119475727	Ctrl	2	0.6272727272727272	0.6272727272727272	0.2442732516826256	0.4545454545454545	0.8	0.34545454545454557
5_+_119475705_119475727	30min	2	0.6764705882352942	0.6764705882352942	0.1247835496211554	0.5882352941176471	0.7647058823529411	0.17647058823529405
5_+_119475705_119475727	3hr	1	1.0	1.0		1.0	1.0	0.0
5_+_119475705_119475727	12hr	3	0.7119051553205553	0.7352941176470589	0.04243555691676217	0.6629213483146067	0.7375	0.07457865168539335
5_+_119475705_119475727	24hr	3	0.6973529764043599	0.7043478260869566	0.04211953146983941	0.6521739130434783	0.7355371900826446	0.08336327703916635
5_+_119475705_119475727	48hr	3	0.7363439495833862	0.7351351351351352	0.023638216048672563	0.7133333333333334	0.7605633802816901	0.04723004694835675
5_+_119475705_119475727	72hr	3	0.6488218988218989	0.6153846153846154	0.08928571685848191	0.581081081081081	0.75	0.16891891891891897
5_+_119475705_119475727	7day	3	0.7489047832980344	0.8021978021978022	0.12258294513966553	0.6086956521739131	0.835820895522388	0.22712524334847495
1_-_113833110_113833138	Ctrl	3	1.0	1.0	0.0	1.0	1.0	0.0
1_-_113833110_113833138	30min	3	1.0	1.0	0.0	1.0	1.0	0.0
1_-_113833110_113833138	3hr	3	0.9924691667362677	0.990228013029316	0.00669764620586	0.9871794871794872	1.0	0.012820512820512775
1_-_113833110_113833138	12hr	3	0.9826810616284302	0.9743589743589745	0.015002434678949397	0.9736842105263158	1.0	0.02631578947368418
1_-_113833110_113833138	24hr	3	1.0	1.0	0.0	1.0	1.0	0.0
1_-_113833110_113833138	48hr	3	1.0	1.0	0.0	1.0	1.0	0.0
1_-_113833110_113833138	72hr	3	1.0	1.0	0.0	1.0	1.0	0.0
1_-_113833110_113833138	7day	3	1.0	1.0	0.0	1.0	1.0	0.0
6_+_30339907_30339930	Ctrl	2	1.0	1.0	0.0	1.0	1.0	0.0
6_+_30339907_30339930	30min	2	1.0	1.0	0.0	1.0	1.0	0.0
6_+_30339907_30339930	3hr	3	1.0	1.0	0.0	1.0	1.0	0.0
6_+_30339907_30339930	12hr	2	1.0	1.0	0.0	1.0	1.0	0.0
6_+_30339907_30339930	24hr	3	1.0	1.0	0.0	1.0	1.0	0.0
6_+_30339907_30339930	48hr	2	1.0	1.0	0.0	1.0	1.0	0.0
6_+_30339907_30339930	72hr	0						
6_+_30339907_30339930	7day	1	1.0	1.0		1.0	1.0	0.0
4_+_112257771_112257797	Ctrl	2	1.0	1.0	0.0	1.0	1.0	0.0
4_+_112257771_112257797	30min	1	1.0	1.0		1.0	1.0	0.0
4_+_112257771_112257797	3hr	0						
4_+_112257771_112257797	12hr	3	1.0	1.0	0.0	1.0	1.0	0.0
4_+_112257771_112257797	24hr	3	1.0	1.0	0.0	1.0	1.0	0.0
4_+_112257771_112257797	48hr	3	1.0	1.0	0.0	1.0	1.0	0.0
4_+_112257771_112257797	72hr	3	1.0	1.0	0.0	1.0	1.0	0.0
4_+_112257771_112257797	7day	3	1.0	1.0	0.0	1.0	1.0	0.0
15_+_66532984_66533013	Ctrl	0						
15_+_66532984_66533013	30min	3	1.0	1.0	0.0	1.0	1.0	0.0
15_+_66532984_66533013	3hr	3	1.0	1.0	0.0	1.0	1.0	0.0
15_+_66532984_66533013	12hr	3	1.0	1.0	0.0	1.0	1.0	0.0
15_+_66532984_66533013	24hr	3	1.0	1.0	0.0	1.0	1.0	0.0
15_+_66532984_66533013	48hr	3	1.0	1.0	0.0	1.0	1.0	0.0
15_+_66532984_66533013	72hr	3	1.0	1.0	0.0	1.0	1.0	0.0
15_+_66532984_66533013	7day	3	1.0	1.0	0.0	1.0	1.0	0.0
12_-_55790566_55790592	Ctrl	3	1.0	1.0	0.0	1.0	1.0	0.0
12_-_55790566_55790592	30min	3	1.0	1.0	0.0	1.0	1.0	0.0
12_-_55790566_55790592	3hr	3	1.0	1.0	0.0	1.0	1.0	0.0
12_-_55790566_55790592	12hr	3	1.0	1.0	0.0	1.0	1.0	0.0
12_-_55790566_55790592	24hr	3	1.0	1.0	0.0	1.0	1.0	0.0
12_-_55790566_55790592	48hr	3	1.0	1.0	0.0	1.0	1.0	0.0
12_-_55790566_55790592	72hr	3	1.0	1.0	0.0	1.0	1.0	0.0
12_-_55790566_55790592	7day	3	1.0	1.0	0.0	1.0	1.0	0.0
21_-_39313071_39313101	Ctrl	3	1.0	1.0	0.0	1.0	1.0	0.0
21_-_39313071_39313101	30min	3	1.0	1.0	0.0	1.0	1.0	0.0
21_-_39313071_39313101	3hr	3	1.0	1.0	0.0	1.0	1.0	0.0
21_-_39313071_39313101	12hr	2	1.0	1.0	0.0	1.0	1.0	0.0
21_-_39313071_39313101	24hr	1	1.0	1.0		1.0	1.0	0.0
21_-_39313071_39313101	48hr	3	1.0	1.0	0.0	1.0	1.0	0.0
21_-_39313071_39313101	72hr	0						
21_-_39313071_39313101	7day	3	1.0	1.0	0.0	1.0	1.0	0.0
2_+_238347454_238347475	Ctrl	2	1.0	1.0	0.0	1.0	1.0	0.0
2_+_238347454_238347475	30min	1	1.0	1.0		1.0	1.0	0.0
2_+_238347454_238347475	3hr	1	1.0	1.0		1.0	1.0	0.0
2_+_238347454_238347475	12hr	3	1.0	1.0	0.0	1.0	1.0	0.0
2_+_238347454_238347475	24hr	3	1.0	1.0	0.0	1.0	1.0	0.0
2_+_238347454_238347475	48hr	3	1.0	1.0	0.0	1.0	1.0	0.0
2_+_238347454_238347475	72hr	0						
2_+_238347454_238347475	7day	3	1.0	1.0	0.0	1.0	1.0	0.0
21_+_46398234_46398255	Ctrl	3	1.0	1.0	0.0	1.0	1.0	0.0
21_+_46398234_46398255	30min	3	1.0	1.0	0.0	1.0	1.0	0.0
21_+_46398234_46398255	3hr	3	1.0	1.0	0.0	1.0	1.0	0.0
21_+_46398234_46398255	12hr	3	1.0	1.0	0.0	1.0	1.0	0.0
21_+_46398234_46398255	24hr	3	1.0	1.0	0.0	1.0	1.0	0.0
21_+_46398234_46398255	48hr	3	1.0	1.0	0.0	1.0	1.0	0.0
21_+_46398234_46398255	72hr	3	1.0	1.0	0.0	1.0	1.0	0.0
21_+_46398234_46398255	7day	3	1.0	1.0	0.0	1.0	1.0	0.0
2_+_86131077_86131106	Ctrl	3	0.8386838996595095	0.8536585365853658	0.05497043179740067	0.7777777777777778	0.8846153846153846	0.10683760683760679
2_+_86131077_86131106	30min	3	0.7828772534654888	0.7478991596638656	0.06435198275032351	0.7435897435897436	0.8571428571428571	0.11355311355311348
2_+_86131077_86131106	3hr	3	0.7844058344058343	0.777027027027027	0.06223370987845268	0.7261904761904762	0.85	0.12380952380952381
2_+_86131077_86131106	12hr	3	0.7260982866650881	0.7205882352941176	0.01747554277577433	0.7120418848167539	0.7456647398843931	0.03362285506763918
2_+_86131077_86131106	24hr	3	0.7259028199847313	0.7309941520467836	0.028577402262374048	0.6951219512195121	0.7515923566878981	0.056470405468386
2_+_86131077_86131106	48hr	3	0.6529007523774376	0.6473429951690821	0.020992946284965987	0.6352459016393442	0.6761133603238867	0.040867458684542446
2_+_86131077_86131106	72hr	3	0.7220595974605534	0.7094972067039106	0.09295026262449368	0.6360294117647058	0.8206521739130435	0.18462276214833762
2_+_86131077_86131106	7day	3	0.719077992673625	0.7247706422018348	0.042444874978997425	0.674074074074074	0.7583892617449665	0.08431518767089241
7_-_92577654_92577676	Ctrl	3	0.7471282593375617	0.7454545454545455	0.027073712830453664	0.7209302325581395	0.775	0.05406976744186054
7_-_92577654_92577676	30min	3	0.6430167055167055	0.6923076923076923	0.19876666550860422	0.4242424242424242	0.8125	0.3882575757575758
7_-_92577654_92577676	3hr	2	0.7884615384615384	0.7884615384615384	0.2991605612712317	0.5769230769230769	1.0	0.42307692307692313
7_-_92577654_92577676	12hr	2	0.3598484848484848	0.3598484848484848	0.3910514774743786	0.0833333333333333	0.6363636363636364	0.5530303030303031
7_-_92577654_92577676	24hr	3	0.572463768115942	0.6666666666666666	0.3185934483620379	0.217391304347826	0.8333333333333334	0.6159420289855073
7_-_92577654_92577676	48hr	2	0.3628571428571429	0.3628571428571429	0.10909647481163877	0.2857142857142857	0.44	0.1542857142857143
7_-_92577654_92577676	72hr	3	0.8472222222222222	0.9166666666666666	0.196908984427192	0.625	1.0	0.375
7_-_92577654_92577676	7day	2	0.49999999999999994	0.49999999999999994	0.10101525445522111	0.4285714285714285	0.5714285714285714	0.1428571428571429
9_+_137206280_137206309	Ctrl	3	0.5444004524886877	0.6875	0.32124642942280907	0.1764705882352941	0.7692307692307693	0.5927601809954752
9_+_137206280_137206309	30min	3	0.479635823114084	0.4927536231884058	0.12743047109978725	0.3461538461538461	0.6	0.2538461538461539
9_+_137206280_137206309	3hr	3	0.25523973585989085	0.3703703703703703	0.22139664185072014	0.0	0.3953488372093023	0.3953488372093023
9_+_137206280_137206309	12hr	3	0.20902800980064595	0.2317073170731707	0.040298680416642745	0.1625	0.2328767123287671	0.0703767123287671
9_+_137206280_137206309	24hr	3	0.21184169249165527	0.2068965517241379	0.01646816824269839	0.1984126984126984	0.2302158273381295	0.03180312892543111
9_+_137206280_137206309	48hr	3	0.13390922802687508	0.1352941176470588	0.04861619468301791	0.0846153846153846	0.1818181818181818	0.09720279720279719
9_+_137206280_137206309	72hr	3	0.15134139560745064	0.1875	0.06714730227895295	0.0738636363636363	0.1926605504587156	0.11879691409507931
9_+_137206280_137206309	7day	3	0.1810958951481827	0.1728395061728395	0.05335245363240868	0.1323529411764706	0.238095238095238	0.10574229691876741
12_-_79790466_79790483	Ctrl	3	1.0	1.0	0.0	1.0	1.0	0.0
12_-_79790466_79790483	30min	3	1.0	1.0	0.0	1.0	1.0	0.0
12_-_79790466_79790483	3hr	3	1.0	1.0	0.0	1.0	1.0	0.0
12_-_79790466_79790483	12hr	3	1.0	1.0	0.0	1.0	1.0	0.0
12_-_79790466_79790483	24hr	3	1.0	1.0	0.0	1.0	1.0	0.0
12_-_79790466_79790483	48hr	3	1.0	1.0	0.0	1.0	1.0	0.0
12_-_79790466_79790483	72hr	3	1.0	1.0	0.0	1.0	1.0	0.0
12_-_79790466_79790483	7day	3	1.0	1.0	0.0	1.0	1.0	0.0
1_+_206421249_206421274	Ctrl	0						
1_+_206421249_206421274	30min	1	1.0	1.0		1.0	1.0	0.0
1_+_206421249_206421274	3hr	0						
1_+_206421249_206421274	12hr	0						
1_+_206421249_206421274	24hr	2	1.0	1.0	0.0	1.0	1.0	0.0
1_+_206421249_206421274	48hr	2	1.0	1.0	0.0	1.0	1.0	0.0
1_+_206421249_206421274	72hr	3	1.0	1.0	0.0	1.0	1.0	0.0
1_+_206421249_206421274	7day	3	1.0	1.0	0.0	1.0	1.0	0.0
2_-_97507035_97507065	Ctrl	3	0.9583333333333334	1.0	0.07216878364870323	0.875	1.0	0.125
2_-_97507035_97507065	30min	3	0.8823529411764706	1.0	0.2037706832433973	0.6470588235294118	1.0	0.3529411764705882
2_-_97507035_97507065	3hr	3	0.8703703703703703	1.0	0.22452510468485443	0.6111111111111112	1.0	0.38888888888888884
2_-_97507035_97507065	12hr	3	0.9047619047619048	1.0	0.1649572197684645	0.7142857142857143	1.0	0.2857142857142857
2_-_97507035_97507065	24hr	1	1.0	1.0		1.0	1.0	0.0
2_-_97507035_97507065	48hr	2	0.8571428571428572	0.8571428571428572	0.20203050891044214	0.7142857142857143	1.0	0.2857142857142857
2_-_97507035_97507065	72hr	3	0.8307692307692308	0.8	0.15613679330911107	0.6923076923076923	1.0	0.3076923076923077
2_-_97507035_97507065	7day	2	1.0	1.0	0.0	1.0	1.0	0.0
16_+_30666511_30666541	Ctrl	3	1.0	1.0	0.0	1.0	1.0	0.0
16_+_30666511_30666541	30min	3	1.0	1.0	0.0	1.0	1.0	0.0
16_+_30666511_30666541	3hr	3	0.9965635738831615	1.0	0.0059520646308208625	0.9896907216494846	1.0	0.010309278350515427
16_+_30666511_30666541	12hr	3	0.9961904761904762	1.0	0.006598288790738659	0.9885714285714284	1.0	0.011428571428571566
16_+_30666511_30666541	24hr	3	0.9976275207591933	1.0	0.004109254584979594	0.99288256227758	1.0	0.007117437722420017
16_+_30666511_30666541	48hr	3	0.9898620773993171	0.9887640449438202	0.006608895751056924	0.9838709677419356	0.9969512195121952	0.013080251770259621
16_+_30666511_30666541	72hr	3	1.0	1.0	0.0	1.0	1.0	0.0
16_+_30666511_30666541	7day	3	0.9930915371329879	1.0	0.01196580868786787	0.9792746113989638	1.0	0.020725388601036232
16_+_69459092_69459121	Ctrl	3	1.0	1.0	0.0	1.0	1.0	0.0
16_+_69459092_69459121	30min	3	1.0	1.0	0.0	1.0	1.0	0.0
16_+_69459092_69459121	3hr	3	1.0	1.0	0.0	1.0	1.0	0.0
16_+_69459092_69459121	12hr	3	1.0	1.0	0.0	1.0	1.0	0.0
16_+_69459092_69459121	24hr	3	0.9978070175438596	1.0	0.0037983570341422546	0.993421052631579	1.0	0.006578947368421018
16_+_69459092_69459121	48hr	3	0.9980119284294234	1.0	0.0034434409693218037	0.9940357852882704	1.0	0.005964214711729587
16_+_69459092_69459121	72hr	3	1.0	1.0	0.0	1.0	1.0	0.0
16_+_69459092_69459121	7day	3	0.9964912280701754	1.0	0.006077371254627594	0.9894736842105264	1.0	0.010526315789473606
2_-_27333973_27333999	Ctrl	3	1.0	1.0	0.0	1.0	1.0	0.0
2_-_27333973_27333999	30min	3	1.0	1.0	0.0	1.0	1.0	0.0
2_-_27333973_27333999	3hr	3	1.0	1.0	0.0	1.0	1.0	0.0
2_-_27333973_27333999	12hr	3	1.0	1.0	0.0	1.0	1.0	0.0
2_-_27333973_27333999	24hr	3	1.0	1.0	0.0	1.0	1.0	0.0
2_-_27333973_27333999	48hr	3	1.0	1.0	0.0	1.0	1.0	0.0
2_-_27333973_27333999	72hr	3	1.0	1.0	0.0	1.0	1.0	0.0
2_-_27333973_27333999	7day	3	1.0	1.0	0.0	1.0	1.0	0.0
11_-_2955743_2955766	Ctrl	3	1.0	1.0	0.0	1.0	1.0	0.0
11_-_2955743_2955766	30min	3	1.0	1.0	0.0	1.0	1.0	0.0
11_-_2955743_2955766	3hr	3	1.0	1.0	0.0	1.0	1.0	0.0
11_-_2955743_2955766	12hr	3	1.0	1.0	0.0	1.0	1.0	0.0
11_-_2955743_2955766	24hr	3	1.0	1.0	0.0	1.0	1.0	0.0
11_-_2955743_2955766	48hr	3	1.0	1.0	0.0	1.0	1.0	0.0
11_-_2955743_2955766	72hr	3	1.0	1.0	0.0	1.0	1.0	0.0
11_-_2955743_2955766	7day	3	1.0	1.0	0.0	1.0	1.0	0.0
11_+_828229_828259	Ctrl	1	1.0	1.0		1.0	1.0	0.0
11_+_828229_828259	30min	0						
11_+_828229_828259	3hr	0						
11_+_828229_828259	12hr	0						
11_+_828229_828259	24hr	0						
11_+_828229_828259	48hr	0						
11_+_828229_828259	72hr	1	0.5555555555555556	0.5555555555555556		0.5555555555555556	0.5555555555555556	0.0
11_+_828229_828259	7day	3	0.802226345083488	0.8285714285714286	0.1580561283282662	0.6326530612244898	0.9454545454545454	0.3128014842300556
8_-_144426179_144426208	Ctrl	3	0.2755337525122876	0.2929292929292929	0.03116476939760756	0.2395543175487465	0.2941176470588235	0.054563329510076974
8_-_144426179_144426208	30min	3	0.2545736824173808	0.2556962025316455	0.018013827686010737	0.2360248447204969	0.272	0.035975155279503124
8_-_144426179_144426208	3hr	3	0.2455532455532455	0.2398648648648648	0.08507863967755507	0.1634615384615384	0.3333333333333333	0.1698717948717949
8_-_144426179_144426208	12hr	3	0.24853289510795307	0.2478260869565217	0.027777506519686784	0.2211155378486055	0.276657060518732	0.05554152267012652
8_-_144426179_144426208	24hr	3	0.2643659812313719	0.2626538987688098	0.020792781638078156	0.2444821731748726	0.2859618717504332	0.04147969857556058
8_-_144426179_144426208	48hr	3	0.230222302336031	0.1947674418604651	0.06471609210755078	0.1909814323607427	0.3049180327868852	0.11393660042614248
8_-_144426179_144426208	72hr	3	0.27895565981380155	0.2860411899313501	0.03546679410529041	0.2404809619238476	0.3103448275862069	0.0698638656623593
8_-_144426179_144426208	7day	3	0.23638171493115348	0.2326043737574552	0.013959271050357203	0.2246998284734133	0.251840942562592	0.027141114089178686
9_-_129010669_129010693	Ctrl	3	1.0	1.0	0.0	1.0	1.0	0.0
9_-_129010669_129010693	30min	3	1.0	1.0	0.0	1.0	1.0	0.0
9_-_129010669_129010693	3hr	3	1.0	1.0	0.0	1.0	1.0	0.0
9_-_129010669_129010693	12hr	3	1.0	1.0	0.0	1.0	1.0	0.0
9_-_129010669_129010693	24hr	3	1.0	1.0	0.0	1.0	1.0	0.0
9_-_129010669_129010693	48hr	3	1.0	1.0	0.0	1.0	1.0	0.0
9_-_129010669_129010693	72hr	3	1.0	1.0	0.0	1.0	1.0	0.0
9_-_129010669_129010693	7day	3	1.0	1.0	0.0	1.0	1.0	0.0
11_+_48149989_48149998	Ctrl	3	1.0	1.0	0.0	1.0	1.0	0.0
11_+_48149989_48149998	30min	1	1.0	1.0		1.0	1.0	0.0
11_+_48149989_48149998	3hr	0						
11_+_48149989_48149998	12hr	3	1.0	1.0	0.0	1.0	1.0	0.0
11_+_48149989_48149998	24hr	3	1.0	1.0	0.0	1.0	1.0	0.0
11_+_48149989_48149998	48hr	2	1.0	1.0	0.0	1.0	1.0	0.0
11_+_48149989_48149998	72hr	1	1.0	1.0		1.0	1.0	0.0
11_+_48149989_48149998	7day	3	1.0	1.0	0.0	1.0	1.0	0.0
1_+_203862195_203862222	Ctrl	3	0.9327465163280503	0.9264705882352942	0.04545429453240881	0.8907563025210085	0.981012658227848	0.09025635570683954
1_+_203862195_203862222	30min	3	0.9432628084427105	0.9489795918367347	0.018932077981791195	0.9221311475409836	0.9586776859504132	0.036546538409429674
1_+_203862195_203862222	3hr	3	0.943054216222008	0.9338235294117648	0.027297671049112182	0.9215686274509804	0.9737704918032788	0.052201864352298344
1_+_203862195_203862222	12hr	3	0.9728860179443615	0.9822834645669292	0.021587379975558495	0.9481927710843372	0.9881818181818182	0.03998904709748097
1_+_203862195_203862222	24hr	3	0.9579847301651814	0.963265306122449	0.00919403474863057	0.9473684210526316	0.9633204633204632	0.015952042267831534
1_+_203862195_203862222	48hr	3	0.9640006681490944	0.9619700748129676	0.010884607827930631	0.9542743538767396	0.9757575757575756	0.021483221880835957
1_+_203862195_203862222	72hr	3	0.946402599112012	0.9384384384384384	0.01561862359657018	0.9363714531384352	0.9643979057591624	0.028026452620727227
1_+_203862195_203862222	7day	3	0.9661063587281157	0.9665024630541872	0.011956394010168882	0.953956834532374	0.977859778597786	0.023902944065411935
1_+_39741894_39741921	Ctrl	3	0.6512124271569513	0.6296296296296297	0.09475983496705503	0.5691056910569106	0.7549019607843137	0.18579626972740315
1_+_39741894_39741921	30min	3	0.5557840851958499	0.5104895104895105	0.08769366609564357	0.5	0.6568627450980392	0.1568627450980392
1_+_39741894_39741921	3hr	3	0.5667488235983332	0.5977011494252874	0.06837409061717037	0.4883720930232558	0.6141732283464567	0.12580113532320092
1_+_39741894_39741921	12hr	3	0.670599277346783	0.6759259259259259	0.040867944503996466	0.6273291925465838	0.7085427135678392	0.08121352102125534
1_+_39741894_39741921	24hr	3	0.6689485137851635	0.6826568265682657	0.06064756531284874	0.6026200873362445	0.7215686274509804	0.11894854011473588
1_+_39741894_39741921	48hr	3	0.6142530422504164	0.6193029490616622	0.047337240659229445	0.5645933014354066	0.6588628762541806	0.09426957481877396
1_+_39741894_39741921	72hr	3	0.7058756380424288	0.714987714987715	0.03873328838534469	0.6633986928104575	0.739240506329114	0.07584181351865649
1_+_39741894_39741921	7day	3	0.6768715791513872	0.678082191780822	0.06616627635853535	0.6101083032490975	0.7424242424242424	0.13231593917514495
21_+_46112803_46112824	Ctrl	3	1.0	1.0	0.0	1.0	1.0	0.0
21_+_46112803_46112824	30min	3	1.0	1.0	0.0	1.0	1.0	0.0
21_+_46112803_46112824	3hr	3	1.0	1.0	0.0	1.0	1.0	0.0
21_+_46112803_46112824	12hr	3	1.0	1.0	0.0	1.0	1.0	0.0
21_+_46112803_46112824	24hr	3	1.0	1.0	0.0	1.0	1.0	0.0
21_+_46112803_46112824	48hr	3	1.0	1.0	0.0	1.0	1.0	0.0
21_+_46112803_46112824	72hr	3	1.0	1.0	0.0	1.0	1.0	0.0
21_+_46112803_46112824	7day	3	1.0	1.0	0.0	1.0	1.0	0.0
13_+_75549975_75549987	Ctrl	3	1.0	1.0	0.0	1.0	1.0	0.0
13_+_75549975_75549987	30min	3	1.0	1.0	0.0	1.0	1.0	0.0
13_+_75549975_75549987	3hr	3	1.0	1.0	0.0	1.0	1.0	0.0
13_+_75549975_75549987	12hr	3	1.0	1.0	0.0	1.0	1.0	0.0
13_+_75549975_75549987	24hr	3	1.0	1.0	0.0	1.0	1.0	0.0
13_+_75549975_75549987	48hr	3	1.0	1.0	0.0	1.0	1.0	0.0
13_+_75549975_75549987	72hr	3	1.0	1.0	0.0	1.0	1.0	0.0
13_+_75549975_75549987	7day	3	1.0	1.0	0.0	1.0	1.0	0.0
21_-_44337648_44337667	Ctrl	3	1.0	1.0	0.0	1.0	1.0	0.0
21_-_44337648_44337667	30min	3	1.0	1.0	0.0	1.0	1.0	0.0
21_-_44337648_44337667	3hr	3	1.0	1.0	0.0	1.0	1.0	0.0
21_-_44337648_44337667	12hr	3	1.0	1.0	0.0	1.0	1.0	0.0
21_-_44337648_44337667	24hr	3	1.0	1.0	0.0	1.0	1.0	0.0
21_-_44337648_44337667	48hr	3	1.0	1.0	0.0	1.0	1.0	0.0
21_-_44337648_44337667	72hr	3	1.0	1.0	0.0	1.0	1.0	0.0
21_-_44337648_44337667	7day	3	1.0	1.0	0.0	1.0	1.0	0.0
17_-_7193843_7193871	Ctrl	3	1.0	1.0	0.0	1.0	1.0	0.0
17_-_7193843_7193871	30min	3	1.0	1.0	0.0	1.0	1.0	0.0
17_-_7193843_7193871	3hr	2	1.0	1.0	0.0	1.0	1.0	0.0
17_-_7193843_7193871	12hr	2	1.0	1.0	0.0	1.0	1.0	0.0
17_-_7193843_7193871	24hr	3	1.0	1.0	0.0	1.0	1.0	0.0
17_-_7193843_7193871	48hr	0						
17_-_7193843_7193871	72hr	2	1.0	1.0	0.0	1.0	1.0	0.0
17_-_7193843_7193871	7day	3	1.0	1.0	0.0	1.0	1.0	0.0
19_+_17775055_17775080	Ctrl	3	0.9934640522875817	1.0	0.011320593513522033	0.9803921568627452	1.0	0.019607843137254832
19_+_17775055_17775080	30min	3	1.0	1.0	0.0	1.0	1.0	0.0
19_+_17775055_17775080	3hr	3	0.9866666666666667	1.0	0.023094010767585053	0.96	1.0	0.040000000000000036
19_+_17775055_17775080	12hr	3	0.9845725391196329	0.984251968503937	0.015269699541964143	0.9694656488549618	1.0	0.03053435114503822
19_+_17775055_17775080	24hr	3	0.9648809523809524	0.9571428571428572	0.031960461330139994	0.9375	1.0	0.0625
19_+_17775055_17775080	48hr	3	0.9408415350782319	0.9552238805970148	0.03724410641047662	0.8985507246376812	0.96875	0.07019927536231885
19_+_17775055_17775080	72hr	3	0.9474654377880185	0.9714285714285714	0.0677717104381557	0.8709677419354839	1.0	0.12903225806451613
19_+_17775055_17775080	7day	3	0.9833333333333333	0.9777777777777776	0.014698618394803313	0.9722222222222222	1.0	0.02777777777777779
19_+_19335717_19335735	Ctrl	3	0.9716312056737588	1.0	0.04913619312252135	0.9148936170212766	1.0	0.08510638297872342
19_+_19335717_19335735	30min	3	0.855	0.84	0.13811227316933133	0.725	1.0	0.275
19_+_19335717_19335735	3hr	3	0.9012594083016617	0.8888888888888888	0.05142999600645333	0.8571428571428571	0.9577464788732394	0.10060362173038229
19_+_19335717_19335735	12hr	3	1.0	1.0	0.0	1.0	1.0	0.0
19_+_19335717_19335735	24hr	3	0.9841269841269842	1.0	0.027492869961410718	0.9523809523809524	1.0	0.04761904761904756
19_+_19335717_19335735	48hr	3	1.0	1.0	0.0	1.0	1.0	0.0
19_+_19335717_19335735	72hr	3	1.0	1.0	0.0	1.0	1.0	0.0
19_+_19335717_19335735	7day	3	0.966183574879227	1.0	0.05857176643952725	0.8985507246376812	1.0	0.10144927536231885
2_-_106166055_106166083	Ctrl	3	1.0	1.0	0.0	1.0	1.0	0.0
2_-_106166055_106166083	30min	3	1.0	1.0	0.0	1.0	1.0	0.0
2_-_106166055_106166083	3hr	3	1.0	1.0	0.0	1.0	1.0	0.0
2_-_106166055_106166083	12hr	3	1.0	1.0	0.0	1.0	1.0	0.0
2_-_106166055_106166083	24hr	3	1.0	1.0	0.0	1.0	1.0	0.0
2_-_106166055_106166083	48hr	3	1.0	1.0	0.0	1.0	1.0	0.0
2_-_106166055_106166083	72hr	3	1.0	1.0	0.0	1.0	1.0	0.0
2_-_106166055_106166083	7day	3	1.0	1.0	0.0	1.0	1.0	0.0
5_+_176656894_176656924	Ctrl	3	0.34722222222222215	0.375	0.3342002615421101	0.0	0.6666666666666666	0.6666666666666666
5_+_176656894_176656924	30min	3	0.3686868686868687	0.2727272727272727	0.42487326834440625	0.0	0.8333333333333334	0.8333333333333334
5_+_176656894_176656924	3hr	2	0.0	0.0	0.0	0.0	0.0	0.0
5_+_176656894_176656924	12hr	3	0.10256410256410257	0.0	0.177646236673731	0.0	0.3076923076923077	0.3076923076923077
5_+_176656894_176656924	24hr	3	0.1514590347923681	0.1136363636363636	0.07762026066752506	0.1	0.2407407407407407	0.1407407407407407
5_+_176656894_176656924	48hr	3	0.1462231462231462	0.054054054054054	0.20821528446337942	0.0	0.3846153846153846	0.3846153846153846
5_+_176656894_176656924	72hr	3	0.4009717922256622	0.3235294117647059	0.3217602600162663	0.125	0.7543859649122807	0.6293859649122807
5_+_176656894_176656924	7day	3	0.14127940249284635	0.1392405063291139	0.004711224956207744	0.1379310344827586	0.1466666666666666	0.008735632183908021
6_+_26411554_26411581	Ctrl	3	1.0	1.0	0.0	1.0	1.0	0.0
6_+_26411554_26411581	30min	3	1.0	1.0	0.0	1.0	1.0	0.0
6_+_26411554_26411581	3hr	3	1.0	1.0	0.0	1.0	1.0	0.0
6_+_26411554_26411581	12hr	3	1.0	1.0	0.0	1.0	1.0	0.0
6_+_26411554_26411581	24hr	3	1.0	1.0	0.0	1.0	1.0	0.0
6_+_26411554_26411581	48hr	2	1.0	1.0	0.0	1.0	1.0	0.0
6_+_26411554_26411581	72hr	3	1.0	1.0	0.0	1.0	1.0	0.0
6_+_26411554_26411581	7day	3	1.0	1.0	0.0	1.0	1.0	0.0
11_+_118312152_118312170	Ctrl	3	0.28128687436890426	0.2635593220338983	0.05069163122209993	0.2418397626112759	0.3384615384615385	0.09662177585026258
11_+_118312152_118312170	30min	3	0.2603178886016048	0.2463545663852647	0.0349564418952864	0.2345013477088948	0.3000977517106549	0.06559640400176009
11_+_118312152_118312170	3hr	3	0.24871784273033049	0.2479141835518474	0.020298655734042957	0.2288329519450801	0.2694063926940639	0.04057344074898381
11_+_118312152_118312170	12hr	3	0.27631449518499857	0.285827395091053	0.022032921889712585	0.2511233150274588	0.291992775436484	0.04086946040902517
11_+_118312152_118312170	24hr	3	0.29327160616451203	0.29484425349087	0.003244779149605832	0.2895401718039413	0.2954303931987247	0.0058902213947834015
11_+_118312152_118312170	48hr	3	0.28958801000672346	0.2804878048780488	0.01679018242241725	0.2793124616329036	0.308963763509218	0.02965130187631443
11_+_118312152_118312170	72hr	3	0.23624468877522944	0.2384993300580616	0.005018851405950909	0.2304939155332856	0.2397408207343412	0.009246905201055589
11_+_118312152_118312170	7day	3	0.2590875740936582	0.2738275340393343	0.03615110617307988	0.2178952248493277	0.2855399633923124	0.06764473854298472
6_-_43626921_43626948	Ctrl	3	1.0	1.0	0.0	1.0	1.0	0.0
6_-_43626921_43626948	30min	3	1.0	1.0	0.0	1.0	1.0	0.0
6_-_43626921_43626948	3hr	3	1.0	1.0	0.0	1.0	1.0	0.0
6_-_43626921_43626948	12hr	3	1.0	1.0	0.0	1.0	1.0	0.0
6_-_43626921_43626948	24hr	3	1.0	1.0	0.0	1.0	1.0	0.0
6_-_43626921_43626948	48hr	3	1.0	1.0	0.0	1.0	1.0	0.0
6_-_43626921_43626948	72hr	3	1.0	1.0	0.0	1.0	1.0	0.0
6_-_43626921_43626948	7day	3	1.0	1.0	0.0	1.0	1.0	0.0
17_-_42329746_42329776	Ctrl	3	1.0	1.0	0.0	1.0	1.0	0.0
17_-_42329746_42329776	30min	3	0.9970501474926253	1.0	0.00510929441760738	0.991150442477876	1.0	0.008849557522124019
17_-_42329746_42329776	3hr	3	0.9897237880575974	0.992462311557789	0.006156406161665471	0.9826732673267328	0.9940357852882704	0.011362517961537644
17_-_42329746_42329776	12hr	3	0.9807197286996137	0.9779735682819384	0.005036104223802299	0.9776536312849162	0.9865319865319864	0.008878355247070147
17_-_42329746_42329776	24hr	3	0.9803731900283625	0.9854545454545456	0.022600058406517694	0.955665024630542	1.0	0.04433497536945796
17_-_42329746_42329776	48hr	3	0.9796747967479674	1.0	0.035204284706684526	0.9390243902439024	1.0	0.060975609756097615
17_-_42329746_42329776	72hr	3	0.9889807162534435	1.0	0.019085959312053747	0.9669421487603306	1.0	0.03305785123966942
17_-_42329746_42329776	7day	3	0.9849223464430308	0.9934640522875816	0.01493911190894137	0.9676724137931034	0.9936305732484076	0.02595815945530422
10_-_72072901_72072910	Ctrl	3	1.0	1.0	0.0	1.0	1.0	0.0
10_-_72072901_72072910	30min	3	1.0	1.0	0.0	1.0	1.0	0.0
10_-_72072901_72072910	3hr	3	1.0	1.0	0.0	1.0	1.0	0.0
10_-_72072901_72072910	12hr	3	1.0	1.0	0.0	1.0	1.0	0.0
10_-_72072901_72072910	24hr	3	1.0	1.0	0.0	1.0	1.0	0.0
10_-_72072901_72072910	48hr	3	1.0	1.0	0.0	1.0	1.0	0.0
10_-_72072901_72072910	72hr	3	1.0	1.0	0.0	1.0	1.0	0.0
10_-_72072901_72072910	7day	3	1.0	1.0	0.0	1.0	1.0	0.0
5_+_119492099_119492124	Ctrl	2	0.3904761904761904	0.3904761904761904	0.013468700594029546	0.3809523809523809	0.4	0.019047619047619146
5_+_119492099_119492124	30min	2	0.22619047619047616	0.22619047619047616	0.08417937871268426	0.1666666666666666	0.2857142857142857	0.1190476190476191
5_+_119492099_119492124	3hr	3	0.5238095238095238	0.5714285714285714	0.5016977977548923	0.0	1.0	1.0
5_+_119492099_119492124	12hr	3	0.5367901869960542	0.4827586206896552	0.09807633965464577	0.4776119402985074	0.65	0.17238805970149262
5_+_119492099_119492124	24hr	3	0.5123308162531464	0.496	0.03780447555670454	0.4854368932038835	0.5555555555555556	0.07011866235167208
5_+_119492099_119492124	48hr	3	0.5386522151545586	0.5875	0.11455825971204654	0.4077669902912621	0.6206896551724138	0.2129226648811517
5_+_119492099_119492124	72hr	3	0.38177268543351145	0.3455882352941176	0.2528778727521766	0.1489361702127659	0.6507936507936508	0.5018574805808849
5_+_119492099_119492124	7day	3	0.4990748798519808	0.5294117647058824	0.0628334956304495	0.4268292682926829	0.5409836065573771	0.11415433826469418
5_+_177365962_177365984	Ctrl	3	1.0	1.0	0.0	1.0	1.0	0.0
5_+_177365962_177365984	30min	3	1.0	1.0	0.0	1.0	1.0	0.0
5_+_177365962_177365984	3hr	3	1.0	1.0	0.0	1.0	1.0	0.0
5_+_177365962_177365984	12hr	3	1.0	1.0	0.0	1.0	1.0	0.0
5_+_177365962_177365984	24hr	3	1.0	1.0	0.0	1.0	1.0	0.0
5_+_177365962_177365984	48hr	3	1.0	1.0	0.0	1.0	1.0	0.0
5_+_177365962_177365984	72hr	3	1.0	1.0	0.0	1.0	1.0	0.0
5_+_177365962_177365984	7day	3	1.0	1.0	0.0	1.0	1.0	0.0
6_-_29629086_29629107	Ctrl	3	0.6487734487734488	0.7272727272727273	0.2844341429610771	0.3333333333333333	0.8857142857142857	0.5523809523809524
6_-_29629086_29629107	30min	3	0.6118077324973877	0.5172413793103449	0.35060819247528313	0.3181818181818182	1.0	0.6818181818181819
6_-_29629086_29629107	3hr	0						
6_-_29629086_29629107	12hr	0						
6_-_29629086_29629107	24hr	0						
6_-_29629086_29629107	48hr	0						
6_-_29629086_29629107	72hr	1	1.0	1.0		1.0	1.0	0.0
6_-_29629086_29629107	7day	0						
3_-_123567761_123567780	Ctrl	3	1.0	1.0	0.0	1.0	1.0	0.0
3_-_123567761_123567780	30min	3	1.0	1.0	0.0	1.0	1.0	0.0
3_-_123567761_123567780	3hr	2	1.0	1.0	0.0	1.0	1.0	0.0
3_-_123567761_123567780	12hr	3	1.0	1.0	0.0	1.0	1.0	0.0
3_-_123567761_123567780	24hr	3	1.0	1.0	0.0	1.0	1.0	0.0
3_-_123567761_123567780	48hr	3	1.0	1.0	0.0	1.0	1.0	0.0
3_-_123567761_123567780	72hr	3	1.0	1.0	0.0	1.0	1.0	0.0
3_-_123567761_123567780	7day	3	1.0	1.0	0.0	1.0	1.0	0.0
X_-_136677935_136677956	Ctrl	3	1.0	1.0	0.0	1.0	1.0	0.0
X_-_136677935_136677956	30min	3	1.0	1.0	0.0	1.0	1.0	0.0
X_-_136677935_136677956	3hr	2	1.0	1.0	0.0	1.0	1.0	0.0
X_-_136677935_136677956	12hr	3	1.0	1.0	0.0	1.0	1.0	0.0
X_-_136677935_136677956	24hr	3	1.0	1.0	0.0	1.0	1.0	0.0
X_-_136677935_136677956	48hr	3	1.0	1.0	0.0	1.0	1.0	0.0
X_-_136677935_136677956	72hr	3	1.0	1.0	0.0	1.0	1.0	0.0
X_-_136677935_136677956	7day	3	1.0	1.0	0.0	1.0	1.0	0.0
1_+_198692346_198692373	Ctrl	3	1.0	1.0	0.0	1.0	1.0	0.0
1_+_198692346_198692373	30min	3	1.0	1.0	0.0	1.0	1.0	0.0
1_+_198692346_198692373	3hr	3	1.0	1.0	0.0	1.0	1.0	0.0
1_+_198692346_198692373	12hr	3	1.0	1.0	0.0	1.0	1.0	0.0
1_+_198692346_198692373	24hr	3	1.0	1.0	0.0	1.0	1.0	0.0
1_+_198692346_198692373	48hr	3	1.0	1.0	0.0	1.0	1.0	0.0
1_+_198692346_198692373	72hr	3	1.0	1.0	0.0	1.0	1.0	0.0
1_+_198692346_198692373	7day	3	1.0	1.0	0.0	1.0	1.0	0.0
1_-_151406606_151406631	Ctrl	3	0.5736659736659737	0.6	0.10358132784209816	0.4594594594594595	0.6615384615384615	0.20207900207900203
1_-_151406606_151406631	30min	3	0.5984600581805756	0.5816326530612245	0.10203742265231455	0.5058823529411764	0.7078651685393258	0.20198281559814935
1_-_151406606_151406631	3hr	3	0.6000035608788036	0.6131386861313869	0.06237199247859223	0.5321100917431193	0.6547619047619048	0.12265181301878547
1_-_151406606_151406631	12hr	3	0.6085943584130932	0.6065573770491803	0.007871325706138734	0.6019417475728155	0.6172839506172839	0.015342203044468428
1_-_151406606_151406631	24hr	3	0.5987669394419491	0.5633802816901409	0.08531244662027225	0.5368421052631579	0.696078431372549	0.1592363261093911
1_-_151406606_151406631	48hr	3	0.6856988797471296	0.704225352112676	0.03981179166631844	0.64	0.7128712871287128	0.07287128712871282
1_-_151406606_151406631	72hr	3	0.6798124356263892	0.7272727272727273	0.08524962529669544	0.5813953488372093	0.7307692307692307	0.1493738819320214
1_-_151406606_151406631	7day	3	0.5978311229883556	0.5849056603773585	0.045260355469659876	0.5604395604395604	0.6481481481481481	0.08770858770858769
17_+_78005057_78005079	Ctrl	3	1.0	1.0	0.0	1.0	1.0	0.0
17_+_78005057_78005079	30min	3	1.0	1.0	0.0	1.0	1.0	0.0
17_+_78005057_78005079	3hr	3	1.0	1.0	0.0	1.0	1.0	0.0
17_+_78005057_78005079	12hr	3	1.0	1.0	0.0	1.0	1.0	0.0
17_+_78005057_78005079	24hr	2	1.0	1.0	0.0	1.0	1.0	0.0
17_+_78005057_78005079	48hr	3	1.0	1.0	0.0	1.0	1.0	0.0
17_+_78005057_78005079	72hr	1	1.0	1.0		1.0	1.0	0.0
17_+_78005057_78005079	7day	3	1.0	1.0	0.0	1.0	1.0	0.0
22_-_19899048_19899068	Ctrl	2	1.0	1.0	0.0	1.0	1.0	0.0
22_-_19899048_19899068	30min	3	1.0	1.0	0.0	1.0	1.0	0.0
22_-_19899048_19899068	3hr	3	1.0	1.0	0.0	1.0	1.0	0.0
22_-_19899048_19899068	12hr	3	1.0	1.0	0.0	1.0	1.0	0.0
22_-_19899048_19899068	24hr	3	1.0	1.0	0.0	1.0	1.0	0.0
22_-_19899048_19899068	48hr	3	1.0	1.0	0.0	1.0	1.0	0.0
22_-_19899048_19899068	72hr	3	1.0	1.0	0.0	1.0	1.0	0.0
22_-_19899048_19899068	7day	3	1.0	1.0	0.0	1.0	1.0	0.0
3_+_48974957_48974979	Ctrl	3	1.0	1.0	0.0	1.0	1.0	0.0
3_+_48974957_48974979	30min	3	1.0	1.0	0.0	1.0	1.0	0.0
3_+_48974957_48974979	3hr	3	1.0	1.0	0.0	1.0	1.0	0.0
3_+_48974957_48974979	12hr	3	1.0	1.0	0.0	1.0	1.0	0.0
3_+_48974957_48974979	24hr	3	1.0	1.0	0.0	1.0	1.0	0.0
3_+_48974957_48974979	48hr	3	1.0	1.0	0.0	1.0	1.0	0.0
3_+_48974957_48974979	72hr	3	1.0	1.0	0.0	1.0	1.0	0.0
3_+_48974957_48974979	7day	3	1.0	1.0	0.0	1.0	1.0	0.0
X_-_153790563_153790575	Ctrl	2	1.0	1.0	0.0	1.0	1.0	0.0
X_-_153790563_153790575	30min	3	1.0	1.0	0.0	1.0	1.0	0.0
X_-_153790563_153790575	3hr	3	1.0	1.0	0.0	1.0	1.0	0.0
X_-_153790563_153790575	12hr	3	1.0	1.0	0.0	1.0	1.0	0.0
X_-_153790563_153790575	24hr	3	1.0	1.0	0.0	1.0	1.0	0.0
X_-_153790563_153790575	48hr	3	1.0	1.0	0.0	1.0	1.0	0.0
X_-_153790563_153790575	72hr	3	1.0	1.0	0.0	1.0	1.0	0.0
X_-_153790563_153790575	7day	3	1.0	1.0	0.0	1.0	1.0	0.0
12_+_122762186_122762206	Ctrl	3	1.0	1.0	0.0	1.0	1.0	0.0
12_+_122762186_122762206	30min	3	1.0	1.0	0.0	1.0	1.0	0.0
12_+_122762186_122762206	3hr	3	1.0	1.0	0.0	1.0	1.0	0.0
12_+_122762186_122762206	12hr	3	1.0	1.0	0.0	1.0	1.0	0.0
12_+_122762186_122762206	24hr	3	1.0	1.0	0.0	1.0	1.0	0.0
12_+_122762186_122762206	48hr	3	1.0	1.0	0.0	1.0	1.0	0.0
12_+_122762186_122762206	72hr	3	1.0	1.0	0.0	1.0	1.0	0.0
12_+_122762186_122762206	7day	3	1.0	1.0	0.0	1.0	1.0	0.0
22_-_50777951_50777981	Ctrl	3	0.9689922480620154	1.0	0.053707001785081566	0.9069767441860463	1.0	0.09302325581395365
22_-_50777951_50777981	30min	3	0.9625	1.0	0.06495190528383293	0.8875	1.0	0.11250000000000004
22_-_50777951_50777981	3hr	3	0.9833333333333334	1.0	0.028867513459481315	0.95	1.0	0.050000000000000044
22_-_50777951_50777981	12hr	3	0.9827201783723524	0.9807692307692308	0.016391656580303927	0.967391304347826	1.0	0.03260869565217395
22_-_50777951_50777981	24hr	3	0.9967637540453075	1.0	0.005605342419316688	0.9902912621359224	1.0	0.009708737864077555
22_-_50777951_50777981	48hr	3	0.993939393939394	1.0	0.010497277621629563	0.9818181818181818	1.0	0.018181818181818188
22_-_50777951_50777981	72hr	3	1.0	1.0	0.0	1.0	1.0	0.0
22_-_50777951_50777981	7day	3	1.0	1.0	0.0	1.0	1.0	0.0
16_+_8748107_8748137	Ctrl	0						
16_+_8748107_8748137	30min	1	1.0	1.0		1.0	1.0	0.0
16_+_8748107_8748137	3hr	0						
16_+_8748107_8748137	12hr	1	1.0	1.0		1.0	1.0	0.0
16_+_8748107_8748137	24hr	3	1.0	1.0	0.0	1.0	1.0	0.0
16_+_8748107_8748137	48hr	3	1.0	1.0	0.0	1.0	1.0	0.0
16_+_8748107_8748137	72hr	3	1.0	1.0	0.0	1.0	1.0	0.0
16_+_8748107_8748137	7day	3	1.0	1.0	0.0	1.0	1.0	0.0
19_+_17218363_17218391	Ctrl	3	1.0	1.0	0.0	1.0	1.0	0.0
19_+_17218363_17218391	30min	3	1.0	1.0	0.0	1.0	1.0	0.0
19_+_17218363_17218391	3hr	3	1.0	1.0	0.0	1.0	1.0	0.0
19_+_17218363_17218391	12hr	3	1.0	1.0	0.0	1.0	1.0	0.0
19_+_17218363_17218391	24hr	3	1.0	1.0	0.0	1.0	1.0	0.0
19_+_17218363_17218391	48hr	3	1.0	1.0	0.0	1.0	1.0	0.0
19_+_17218363_17218391	72hr	3	1.0	1.0	0.0	1.0	1.0	0.0
19_+_17218363_17218391	7day	3	1.0	1.0	0.0	1.0	1.0	0.0
14_-_52661292_52661304	Ctrl	3	1.0	1.0	0.0	1.0	1.0	0.0
14_-_52661292_52661304	30min	3	1.0	1.0	0.0	1.0	1.0	0.0
14_-_52661292_52661304	3hr	3	1.0	1.0	0.0	1.0	1.0	0.0
14_-_52661292_52661304	12hr	3	1.0	1.0	0.0	1.0	1.0	0.0
14_-_52661292_52661304	24hr	3	1.0	1.0	0.0	1.0	1.0	0.0
14_-_52661292_52661304	48hr	3	1.0	1.0	0.0	1.0	1.0	0.0
14_-_52661292_52661304	72hr	3	1.0	1.0	0.0	1.0	1.0	0.0
14_-_52661292_52661304	7day	3	1.0	1.0	0.0	1.0	1.0	0.0
1_-_1299344_1299356	Ctrl	3	1.0	1.0	0.0	1.0	1.0	0.0
1_-_1299344_1299356	30min	3	1.0	1.0	0.0	1.0	1.0	0.0
1_-_1299344_1299356	3hr	3	1.0	1.0	0.0	1.0	1.0	0.0
1_-_1299344_1299356	12hr	3	1.0	1.0	0.0	1.0	1.0	0.0
1_-_1299344_1299356	24hr	3	1.0	1.0	0.0	1.0	1.0	0.0
1_-_1299344_1299356	48hr	2	1.0	1.0	0.0	1.0	1.0	0.0
1_-_1299344_1299356	72hr	2	1.0	1.0	0.0	1.0	1.0	0.0
1_-_1299344_1299356	7day	3	1.0	1.0	0.0	1.0	1.0	0.0
8_+_27520882_27520909	Ctrl	3	1.0	1.0	0.0	1.0	1.0	0.0
8_+_27520882_27520909	30min	3	1.0	1.0	0.0	1.0	1.0	0.0
8_+_27520882_27520909	3hr	3	1.0	1.0	0.0	1.0	1.0	0.0
8_+_27520882_27520909	12hr	3	1.0	1.0	0.0	1.0	1.0	0.0
8_+_27520882_27520909	24hr	3	1.0	1.0	0.0	1.0	1.0	0.0
8_+_27520882_27520909	48hr	3	1.0	1.0	0.0	1.0	1.0	0.0
8_+_27520882_27520909	72hr	3	1.0	1.0	0.0	1.0	1.0	0.0
8_+_27520882_27520909	7day	3	1.0	1.0	0.0	1.0	1.0	0.0
5_-_177739112_177739137	Ctrl	3	1.0	1.0	0.0	1.0	1.0	0.0
5_-_177739112_177739137	30min	2	1.0	1.0	0.0	1.0	1.0	0.0
5_-_177739112_177739137	3hr	2	1.0	1.0	0.0	1.0	1.0	0.0
5_-_177739112_177739137	12hr	0						
5_-_177739112_177739137	24hr	1	1.0	1.0		1.0	1.0	0.0
5_-_177739112_177739137	48hr	0						
5_-_177739112_177739137	72hr	0						
5_-_177739112_177739137	7day	2	1.0	1.0	0.0	1.0	1.0	0.0
17_+_62692111_62692138	Ctrl	3	1.0	1.0	0.0	1.0	1.0	0.0
17_+_62692111_62692138	30min	2	1.0	1.0	0.0	1.0	1.0	0.0
17_+_62692111_62692138	3hr	2	1.0	1.0	0.0	1.0	1.0	0.0
17_+_62692111_62692138	12hr	2	1.0	1.0	0.0	1.0	1.0	0.0
17_+_62692111_62692138	24hr	3	1.0	1.0	0.0	1.0	1.0	0.0
17_+_62692111_62692138	48hr	3	1.0	1.0	0.0	1.0	1.0	0.0
17_+_62692111_62692138	72hr	2	1.0	1.0	0.0	1.0	1.0	0.0
17_+_62692111_62692138	7day	2	1.0	1.0	0.0	1.0	1.0	0.0
19_+_7630822_7630846	Ctrl	3	0.9920634920634921	1.0	0.013746434980705392	0.9761904761904762	1.0	0.023809523809523836
19_+_7630822_7630846	30min	3	0.9694357630137448	0.9725274725274724	0.032221529953425344	0.9357798165137616	1.0	0.06422018348623837
19_+_7630822_7630846	3hr	3	0.9814814814814815	1.0	0.03207501495497923	0.9444444444444444	1.0	0.05555555555555558
19_+_7630822_7630846	12hr	3	0.9951338199513383	1.0	0.00842847108306022	0.9854014598540146	1.0	0.014598540145985384
19_+_7630822_7630846	24hr	3	1.0	1.0	0.0	1.0	1.0	0.0
19_+_7630822_7630846	48hr	3	1.0	1.0	0.0	1.0	1.0	0.0
19_+_7630822_7630846	72hr	3	0.9855967078189302	1.0	0.0249472338538727	0.9567901234567902	1.0	0.043209876543209846
19_+_7630822_7630846	7day	3	0.9936143039591315	1.0	0.011060349984475618	0.9808429118773946	1.0	0.019157088122605415
X_+_119575374_119575400	Ctrl	3	1.0	1.0	0.0	1.0	1.0	0.0
X_+_119575374_119575400	30min	3	1.0	1.0	0.0	1.0	1.0	0.0
X_+_119575374_119575400	3hr	3	1.0	1.0	0.0	1.0	1.0	0.0
X_+_119575374_119575400	12hr	3	1.0	1.0	0.0	1.0	1.0	0.0
X_+_119575374_119575400	24hr	3	1.0	1.0	0.0	1.0	1.0	0.0
X_+_119575374_119575400	48hr	3	1.0	1.0	0.0	1.0	1.0	0.0
X_+_119575374_119575400	72hr	3	1.0	1.0	0.0	1.0	1.0	0.0
X_+_119575374_119575400	7day	3	1.0	1.0	0.0	1.0	1.0	0.0
9_+_128598962_128598986	Ctrl	3	0.3463389739457427	0.3013698630136986	0.15383467947796514	0.22	0.5176470588235295	0.2976470588235295
9_+_128598962_128598986	30min	3	0.4259395424836601	0.4270833333333333	0.03714556269702946	0.388235294117647	0.4625	0.07426470588235301
9_+_128598962_128598986	3hr	3	0.5106522666046476	0.4903846153846153	0.07392061120559112	0.4489795918367347	0.5925925925925926	0.14361300075585787
9_+_128598962_128598986	12hr	3	0.48374760514780374	0.4736842105263157	0.06483937852842625	0.4245283018867924	0.553030303030303	0.12850200114351057
9_+_128598962_128598986	24hr	3	0.5621747050659265	0.53125	0.08574370507766069	0.4961832061068702	0.6590909090909091	0.16290770298403884
9_+_128598962_128598986	48hr	3	0.5259163059163059	0.56	0.08110323852851516	0.4333333333333333	0.5844155844155844	0.1510822510822511
9_+_128598962_128598986	72hr	3	0.5437517523079021	0.5798319327731093	0.15515321099680832	0.3737373737373737	0.6776859504132231	0.3039485766758494
9_+_128598962_128598986	7day	3	0.5296841191069305	0.528169014084507	0.028511096069225667	0.5019607843137255	0.5589225589225589	0.05696177460883345
12_-_56350411_56350432	Ctrl	3	0.3702693706870687	0.3046875	0.12028393536729551	0.297029702970297	0.509090909090909	0.21206120612061202
12_-_56350411_56350432	30min	3	0.22846177944862153	0.2857142857142857	0.17572554392701897	0.03125	0.3684210526315789	0.3371710526315789
12_-_56350411_56350432	3hr	3	0.1550127713920817	0.2083333333333333	0.10461280176271895	0.0344827586206896	0.2222222222222222	0.1877394636015326
12_-_56350411_56350432	12hr	3	0.2177442864520099	0.2303664921465968	0.030946331924050215	0.1824817518248175	0.2403846153846154	0.0579028635597979
12_-_56350411_56350432	24hr	3	0.2339165014679775	0.2072072072072072	0.05133847965862857	0.2014388489208633	0.293103448275862	0.09166459935499868
12_-_56350411_56350432	48hr	3	0.22178030303030302	0.1818181818181818	0.09224923663521346	0.15625	0.3272727272727272	0.17102272727272722
12_-_56350411_56350432	72hr	3	0.3258597945784261	0.3609022556390977	0.08570359610473184	0.2281879194630872	0.3884892086330935	0.1603012891700063
12_-_56350411_56350432	7day	3	0.1899594238182187	0.17	0.05744037166099174	0.1451612903225806	0.2547169811320754	0.10955569080949482
16_+_30661303_30661333	Ctrl	3	1.0	1.0	0.0	1.0	1.0	0.0
16_+_30661303_30661333	30min	3	1.0	1.0	0.0	1.0	1.0	0.0
16_+_30661303_30661333	3hr	3	1.0	1.0	0.0	1.0	1.0	0.0
16_+_30661303_30661333	12hr	3	1.0	1.0	0.0	1.0	1.0	0.0
16_+_30661303_30661333	24hr	3	1.0	1.0	0.0	1.0	1.0	0.0
16_+_30661303_30661333	48hr	3	1.0	1.0	0.0	1.0	1.0	0.0
16_+_30661303_30661333	72hr	3	1.0	1.0	0.0	1.0	1.0	0.0
16_+_30661303_30661333	7day	3	1.0	1.0	0.0	1.0	1.0	0.0
19_+_4310272_4310295	Ctrl	2	1.0	1.0	0.0	1.0	1.0	0.0
19_+_4310272_4310295	30min	1	1.0	1.0		1.0	1.0	0.0
19_+_4310272_4310295	3hr	0						
19_+_4310272_4310295	12hr	2	1.0	1.0	0.0	1.0	1.0	0.0
19_+_4310272_4310295	24hr	3	1.0	1.0	0.0	1.0	1.0	0.0
19_+_4310272_4310295	48hr	3	1.0	1.0	0.0	1.0	1.0	0.0
19_+_4310272_4310295	72hr	3	1.0	1.0	0.0	1.0	1.0	0.0
19_+_4310272_4310295	7day	3	1.0	1.0	0.0	1.0	1.0	0.0
2_-_152677450_152677475	Ctrl	3	1.0	1.0	0.0	1.0	1.0	0.0
2_-_152677450_152677475	30min	3	1.0	1.0	0.0	1.0	1.0	0.0
2_-_152677450_152677475	3hr	3	1.0	1.0	0.0	1.0	1.0	0.0
2_-_152677450_152677475	12hr	3	1.0	1.0	0.0	1.0	1.0	0.0
2_-_152677450_152677475	24hr	3	1.0	1.0	0.0	1.0	1.0	0.0
2_-_152677450_152677475	48hr	3	1.0	1.0	0.0	1.0	1.0	0.0
2_-_152677450_152677475	72hr	3	1.0	1.0	0.0	1.0	1.0	0.0
2_-_152677450_152677475	7day	3	1.0	1.0	0.0	1.0	1.0	0.0
4_-_2257981_2258011	Ctrl	3	1.0	1.0	0.0	1.0	1.0	0.0
4_-_2257981_2258011	30min	3	1.0	1.0	0.0	1.0	1.0	0.0
4_-_2257981_2258011	3hr	3	1.0	1.0	0.0	1.0	1.0	0.0
4_-_2257981_2258011	12hr	3	1.0	1.0	0.0	1.0	1.0	0.0
4_-_2257981_2258011	24hr	3	1.0	1.0	0.0	1.0	1.0	0.0
4_-_2257981_2258011	48hr	3	1.0	1.0	0.0	1.0	1.0	0.0
4_-_2257981_2258011	72hr	3	1.0	1.0	0.0	1.0	1.0	0.0
4_-_2257981_2258011	7day	3	1.0	1.0	0.0	1.0	1.0	0.0
21_+_45492686_45492713	Ctrl	3	1.0	1.0	0.0	1.0	1.0	0.0
21_+_45492686_45492713	30min	3	1.0	1.0	0.0	1.0	1.0	0.0
21_+_45492686_45492713	3hr	3	1.0	1.0	0.0	1.0	1.0	0.0
21_+_45492686_45492713	12hr	2	1.0	1.0	0.0	1.0	1.0	0.0
21_+_45492686_45492713	24hr	3	1.0	1.0	0.0	1.0	1.0	0.0
21_+_45492686_45492713	48hr	0						
21_+_45492686_45492713	72hr	0						
21_+_45492686_45492713	7day	3	1.0	1.0	0.0	1.0	1.0	0.0
2_+_231226773_231226798	Ctrl	0						
2_+_231226773_231226798	30min	0						
2_+_231226773_231226798	3hr	0						
2_+_231226773_231226798	12hr	1	1.0	1.0		1.0	1.0	0.0
2_+_231226773_231226798	24hr	1	1.0	1.0		1.0	1.0	0.0
2_+_231226773_231226798	48hr	3	1.0	1.0	0.0	1.0	1.0	0.0
2_+_231226773_231226798	72hr	2	1.0	1.0	0.0	1.0	1.0	0.0
2_+_231226773_231226798	7day	3	1.0	1.0	0.0	1.0	1.0	0.0
19_+_1429966_1429996	Ctrl	3	1.0	1.0	0.0	1.0	1.0	0.0
19_+_1429966_1429996	30min	3	1.0	1.0	0.0	1.0	1.0	0.0
19_+_1429966_1429996	3hr	3	1.0	1.0	0.0	1.0	1.0	0.0
19_+_1429966_1429996	12hr	3	1.0	1.0	0.0	1.0	1.0	0.0
19_+_1429966_1429996	24hr	3	1.0	1.0	0.0	1.0	1.0	0.0
19_+_1429966_1429996	48hr	3	1.0	1.0	0.0	1.0	1.0	0.0
19_+_1429966_1429996	72hr	3	1.0	1.0	0.0	1.0	1.0	0.0
19_+_1429966_1429996	7day	3	1.0	1.0	0.0	1.0	1.0	0.0
2_-_95921781_95921810	Ctrl	1	1.0	1.0		1.0	1.0	0.0
2_-_95921781_95921810	30min	2	1.0	1.0	0.0	1.0	1.0	0.0
2_-_95921781_95921810	3hr	3	1.0	1.0	0.0	1.0	1.0	0.0
2_-_95921781_95921810	12hr	0						
2_-_95921781_95921810	24hr	2	1.0	1.0	0.0	1.0	1.0	0.0
2_-_95921781_95921810	48hr	1	1.0	1.0		1.0	1.0	0.0
2_-_95921781_95921810	72hr	1	1.0	1.0		1.0	1.0	0.0
2_-_95921781_95921810	7day	0						
6_-_24870865_24870889	Ctrl	3	1.0	1.0	0.0	1.0	1.0	0.0
6_-_24870865_24870889	30min	3	1.0	1.0	0.0	1.0	1.0	0.0
6_-_24870865_24870889	3hr	3	1.0	1.0	0.0	1.0	1.0	0.0
6_-_24870865_24870889	12hr	3	1.0	1.0	0.0	1.0	1.0	0.0
6_-_24870865_24870889	24hr	3	1.0	1.0	0.0	1.0	1.0	0.0
6_-_24870865_24870889	48hr	3	1.0	1.0	0.0	1.0	1.0	0.0
6_-_24870865_24870889	72hr	3	1.0	1.0	0.0	1.0	1.0	0.0
6_-_24870865_24870889	7day	3	1.0	1.0	0.0	1.0	1.0	0.0
7_+_843205_843232	Ctrl	3	1.0	1.0	0.0	1.0	1.0	0.0
7_+_843205_843232	30min	3	1.0	1.0	0.0	1.0	1.0	0.0
7_+_843205_843232	3hr	3	0.9859154929577465	1.0	0.024395081796744784	0.9577464788732394	1.0	0.04225352112676062
7_+_843205_843232	12hr	3	0.987012987012987	0.987012987012987	0.012987012987012991	0.974025974025974	1.0	0.025974025974025983
7_+_843205_843232	24hr	3	0.975609756097561	1.0	0.04224514164802137	0.926829268292683	1.0	0.07317073170731703
7_+_843205_843232	48hr	3	1.0	1.0	0.0	1.0	1.0	0.0
7_+_843205_843232	72hr	3	1.0	1.0	0.0	1.0	1.0	0.0
7_+_843205_843232	7day	3	1.0	1.0	0.0	1.0	1.0	0.0
1_+_46309100_46309127	Ctrl	3	1.0	1.0	0.0	1.0	1.0	0.0
1_+_46309100_46309127	30min	3	1.0	1.0	0.0	1.0	1.0	0.0
1_+_46309100_46309127	3hr	3	0.9429889117849082	0.9302325581395348	0.05182407871651474	0.8987341772151899	1.0	0.10126582278481011
1_+_46309100_46309127	12hr	3	0.9337566137566138	0.96	0.08255514710643432	0.8412698412698413	1.0	0.15873015873015872
1_+_46309100_46309127	24hr	3	0.9013859786973982	0.9036144578313252	0.012916729843642361	0.8875	0.9130434782608696	0.025543478260869668
1_+_46309100_46309127	48hr	3	0.9747638326585695	0.9769230769230768	0.026382144102946276	0.9473684210526316	1.0	0.05263157894736836
1_+_46309100_46309127	72hr	3	0.9691093570607965	0.9865771812080536	0.03749272658015545	0.926070038910506	0.9946808510638298	0.06861081215332376
1_+_46309100_46309127	7day	3	0.9967320261437909	1.0	0.005660296756761016	0.9901960784313726	1.0	0.009803921568627416
17_-_56895925_56895952	Ctrl	3	0.8571428571428571	1.0	0.24743582965269675	0.5714285714285714	1.0	0.4285714285714286
17_-_56895925_56895952	30min	3	0.8253968253968255	0.8095238095238095	0.16723259925163078	0.6666666666666666	1.0	0.33333333333333337
17_-_56895925_56895952	3hr	2	1.0	1.0	0.0	1.0	1.0	0.0
17_-_56895925_56895952	12hr	3	0.9553436665505631	0.9885057471264368	0.05755156271305833	0.8888888888888888	0.9886363636363636	0.0997474747474748
17_-_56895925_56895952	24hr	3	0.9568843843843844	0.9466666666666668	0.026042662711249387	0.9375	0.9864864864864864	0.0489864864864864
17_-_56895925_56895952	48hr	3	0.9855072463768115	1.0	0.025102185616940234	0.9565217391304348	1.0	0.04347826086956519
17_-_56895925_56895952	72hr	3	0.9246263807667315	0.9035087719298246	0.06734556608805216	0.8703703703703703	1.0	0.12962962962962965
17_-_56895925_56895952	7day	3	0.981095311950161	0.9761904761904762	0.008708863300008522	0.9759450171821306	0.991150442477876	0.015205425295745423
12_+_110282603_110282621	Ctrl	3	1.0	1.0	0.0	1.0	1.0	0.0
12_+_110282603_110282621	30min	3	1.0	1.0	0.0	1.0	1.0	0.0
12_+_110282603_110282621	3hr	3	1.0	1.0	0.0	1.0	1.0	0.0
12_+_110282603_110282621	12hr	3	1.0	1.0	0.0	1.0	1.0	0.0
12_+_110282603_110282621	24hr	3	1.0	1.0	0.0	1.0	1.0	0.0
12_+_110282603_110282621	48hr	3	1.0	1.0	0.0	1.0	1.0	0.0
12_+_110282603_110282621	72hr	3	1.0	1.0	0.0	1.0	1.0	0.0
12_+_110282603_110282621	7day	3	1.0	1.0	0.0	1.0	1.0	0.0
14_-_57237337_57237366	Ctrl	3	1.0	1.0	0.0	1.0	1.0	0.0
14_-_57237337_57237366	30min	2	1.0	1.0	0.0	1.0	1.0	0.0
14_-_57237337_57237366	3hr	3	1.0	1.0	0.0	1.0	1.0	0.0
14_-_57237337_57237366	12hr	3	1.0	1.0	0.0	1.0	1.0	0.0
14_-_57237337_57237366	24hr	3	1.0	1.0	0.0	1.0	1.0	0.0
14_-_57237337_57237366	48hr	3	1.0	1.0	0.0	1.0	1.0	0.0
14_-_57237337_57237366	72hr	3	1.0	1.0	0.0	1.0	1.0	0.0
14_-_57237337_57237366	7day	3	1.0	1.0	0.0	1.0	1.0	0.0
19_+_19104912_19104938	Ctrl	3	1.0	1.0	0.0	1.0	1.0	0.0
19_+_19104912_19104938	30min	3	1.0	1.0	0.0	1.0	1.0	0.0
19_+_19104912_19104938	3hr	1	1.0	1.0		1.0	1.0	0.0
19_+_19104912_19104938	12hr	3	1.0	1.0	0.0	1.0	1.0	0.0
19_+_19104912_19104938	24hr	3	1.0	1.0	0.0	1.0	1.0	0.0
19_+_19104912_19104938	48hr	3	1.0	1.0	0.0	1.0	1.0	0.0
19_+_19104912_19104938	72hr	3	1.0	1.0	0.0	1.0	1.0	0.0
19_+_19104912_19104938	7day	3	1.0	1.0	0.0	1.0	1.0	0.0
17_-_42574195_42574210	Ctrl	0						
17_-_42574195_42574210	30min	0						
17_-_42574195_42574210	3hr	3	0.043859649122806994	0.0	0.07596714068284546	0.0	0.131578947368421	0.131578947368421
17_-_42574195_42574210	12hr	3	0.049999999999999996	0.0	0.08660254037844387	0.0	0.15	0.15
17_-_42574195_42574210	24hr	3	0.06654738296913933	0.0783132530120482	0.022678423385115026	0.0404040404040404	0.0809248554913294	0.040520815087289
17_-_42574195_42574210	48hr	3	0.08183255081919318	0.0649819494584837	0.030824290471578274	0.0631067961165048	0.117408906882591	0.054302110766086195
17_-_42574195_42574210	72hr	3	0.07865894145295423	0.0652173913043478	0.034574929146608195	0.052823315118397	0.1179361179361179	0.06511280281772089
17_-_42574195_42574210	7day	3	0.20372995549051884	0.2394366197183098	0.06828021438488897	0.125	0.2467532467532467	0.1217532467532467
5_-_150699241_150699271	Ctrl	3	1.0	1.0	0.0	1.0	1.0	0.0
5_-_150699241_150699271	30min	3	1.0	1.0	0.0	1.0	1.0	0.0
5_-_150699241_150699271	3hr	3	1.0	1.0	0.0	1.0	1.0	0.0
5_-_150699241_150699271	12hr	3	1.0	1.0	0.0	1.0	1.0	0.0
5_-_150699241_150699271	24hr	3	1.0	1.0	0.0	1.0	1.0	0.0
5_-_150699241_150699271	48hr	3	1.0	1.0	0.0	1.0	1.0	0.0
5_-_150699241_150699271	72hr	3	1.0	1.0	0.0	1.0	1.0	0.0
5_-_150699241_150699271	7day	3	1.0	1.0	0.0	1.0	1.0	0.0
2_-_190987038_190987068	Ctrl	3	1.0	1.0	0.0	1.0	1.0	0.0
2_-_190987038_190987068	30min	3	1.0	1.0	0.0	1.0	1.0	0.0
2_-_190987038_190987068	3hr	3	1.0	1.0	0.0	1.0	1.0	0.0
2_-_190987038_190987068	12hr	3	1.0	1.0	0.0	1.0	1.0	0.0
2_-_190987038_190987068	24hr	3	1.0	1.0	0.0	1.0	1.0	0.0
2_-_190987038_190987068	48hr	3	1.0	1.0	0.0	1.0	1.0	0.0
2_-_190987038_190987068	72hr	3	1.0	1.0	0.0	1.0	1.0	0.0
2_-_190987038_190987068	7day	3	1.0	1.0	0.0	1.0	1.0	0.0
19_+_19340845_19340873	Ctrl	3	1.0	1.0	0.0	1.0	1.0	0.0
19_+_19340845_19340873	30min	3	1.0	1.0	0.0	1.0	1.0	0.0
19_+_19340845_19340873	3hr	3	1.0	1.0	0.0	1.0	1.0	0.0
19_+_19340845_19340873	12hr	3	1.0	1.0	0.0	1.0	1.0	0.0
19_+_19340845_19340873	24hr	3	1.0	1.0	0.0	1.0	1.0	0.0
19_+_19340845_19340873	48hr	3	1.0	1.0	0.0	1.0	1.0	0.0
19_+_19340845_19340873	72hr	3	1.0	1.0	0.0	1.0	1.0	0.0
19_+_19340845_19340873	7day	3	1.0	1.0	0.0	1.0	1.0	0.0
2_+_97187197_97187226	Ctrl	2	1.0	1.0	0.0	1.0	1.0	0.0
2_+_97187197_97187226	30min	2	1.0	1.0	0.0	1.0	1.0	0.0
2_+_97187197_97187226	3hr	2	1.0	1.0	0.0	1.0	1.0	0.0
2_+_97187197_97187226	12hr	1	1.0	1.0		1.0	1.0	0.0
2_+_97187197_97187226	24hr	2	1.0	1.0	0.0	1.0	1.0	0.0
2_+_97187197_97187226	48hr	2	1.0	1.0	0.0	1.0	1.0	0.0
2_+_97187197_97187226	72hr	0						
2_+_97187197_97187226	7day	1	1.0	1.0		1.0	1.0	0.0
2_+_97200333_97200362	Ctrl	3	1.0	1.0	0.0	1.0	1.0	0.0
2_+_97200333_97200362	30min	2	1.0	1.0	0.0	1.0	1.0	0.0
2_+_97200333_97200362	3hr	1	1.0	1.0		1.0	1.0	0.0
2_+_97200333_97200362	12hr	1	1.0	1.0		1.0	1.0	0.0
2_+_97200333_97200362	24hr	2	1.0	1.0	0.0	1.0	1.0	0.0
2_+_97200333_97200362	48hr	1	1.0	1.0		1.0	1.0	0.0
2_+_97200333_97200362	72hr	0						
2_+_97200333_97200362	7day	0						
12_+_25089762_25089790	Ctrl	3	1.0	1.0	0.0	1.0	1.0	0.0
12_+_25089762_25089790	30min	3	1.0	1.0	0.0	1.0	1.0	0.0
12_+_25089762_25089790	3hr	3	1.0	1.0	0.0	1.0	1.0	0.0
12_+_25089762_25089790	12hr	3	1.0	1.0	0.0	1.0	1.0	0.0
12_+_25089762_25089790	24hr	3	1.0	1.0	0.0	1.0	1.0	0.0
12_+_25089762_25089790	48hr	3	1.0	1.0	0.0	1.0	1.0	0.0
12_+_25089762_25089790	72hr	3	1.0	1.0	0.0	1.0	1.0	0.0
12_+_25089762_25089790	7day	3	1.0	1.0	0.0	1.0	1.0	0.0
10_-_12170899_12170908	Ctrl	3	0.7619047619047619	0.7857142857142857	0.25084889887744616	0.5	1.0	0.5
10_-_12170899_12170908	30min	3	0.4367775128829028	0.3770491803278688	0.21217391017497003	0.2608695652173913	0.6724137931034483	0.411544227886057
10_-_12170899_12170908	3hr	3	0.37333333333333335	0.32	0.11015141094572205	0.3	0.5	0.2
10_-_12170899_12170908	12hr	3	0.4844944508576547	0.4882154882154882	0.012262032675941573	0.4708029197080292	0.4944649446494465	0.023662024941417337
10_-_12170899_12170908	24hr	3	0.43886419003132277	0.4129032258064516	0.05534332140847099	0.4012738853503185	0.5024154589371981	0.10114157358687959
10_-_12170899_12170908	48hr	3	0.43761888589156944	0.4486301369863014	0.030258185024451035	0.4033970276008493	0.4608294930875576	0.05743246548670833
10_-_12170899_12170908	72hr	3	0.42520609708547424	0.4181360201511335	0.0224900562124661	0.4071005917159763	0.4503816793893129	0.043281087673336605
10_-_12170899_12170908	7day	3	0.4415682119393041	0.4363636363636363	0.018971139720886626	0.4257425742574257	0.4625984251968504	0.03685585093942473
X_-_153913023_153913051	Ctrl	3	1.0	1.0	0.0	1.0	1.0	0.0
X_-_153913023_153913051	30min	3	1.0	1.0	0.0	1.0	1.0	0.0
X_-_153913023_153913051	3hr	3	1.0	1.0	0.0	1.0	1.0	0.0
X_-_153913023_153913051	12hr	3	1.0	1.0	0.0	1.0	1.0	0.0
X_-_153913023_153913051	24hr	3	1.0	1.0	0.0	1.0	1.0	0.0
X_-_153913023_153913051	48hr	3	1.0	1.0	0.0	1.0	1.0	0.0
X_-_153913023_153913051	72hr	3	1.0	1.0	0.0	1.0	1.0	0.0
X_-_153913023_153913051	7day	3	1.0	1.0	0.0	1.0	1.0	0.0
1_+_228369135_228369162	Ctrl	3	1.0	1.0	0.0	1.0	1.0	0.0
1_+_228369135_228369162	30min	3	1.0	1.0	0.0	1.0	1.0	0.0
1_+_228369135_228369162	3hr	2	1.0	1.0	0.0	1.0	1.0	0.0
1_+_228369135_228369162	12hr	0						
1_+_228369135_228369162	24hr	0						
1_+_228369135_228369162	48hr	0						
1_+_228369135_228369162	72hr	1	1.0	1.0		1.0	1.0	0.0
1_+_228369135_228369162	7day	0						
17_-_63698798_63698818	Ctrl	3	0.0015201379142599336	0.0015282730514518	0.0015160867153116964	0.0	0.003032140691328	0.003032140691328
17_-_63698798_63698818	30min	3	0.0013550135501355	0.0	0.002346952313778964	0.0	0.0040650406504065	0.0040650406504065
17_-_63698798_63698818	3hr	3	0.0028842374548814337	0.0030604437643458	0.0005786474503247253	0.0022379709063782	0.0033542976939203	0.0011163267875421
17_-_63698798_63698818	12hr	3	0.010135412714138	0.0098722415795586	0.0005666787175733648	0.0097481722177091	0.0107858243451463	0.0010376521274371997
17_-_63698798_63698818	24hr	3	0.009518778943729033	0.0099688473520249	0.001301929014359859	0.0080515297906602	0.010535959688502	0.002484429897841799
17_-_63698798_63698818	48hr	3	0.0035940780090700664	0.003725782414307	0.003530068962368887	0.0	0.0070564516129032	0.0070564516129032
17_-_63698798_63698818	72hr	3	0.015245234329203767	0.0128700128700128	0.012993101787135416	0.0036036036036036	0.0292620865139949	0.025658482910391297
17_-_63698798_63698818	7day	3	0.0046700569590351	0.0013642564802182	0.006940895139508928	0.0	0.0126459143968871	0.0126459143968871
1_+_207339396_207339417	Ctrl	3	0.9797979797979798	1.0	0.03499092540543183	0.9393939393939394	1.0	0.06060606060606055
1_+_207339396_207339417	30min	3	0.98989898989899	1.0	0.017495462702715982	0.9696969696969696	1.0	0.030303030303030387
1_+_207339396_207339417	3hr	3	0.98093255963295	0.9796238244514106	0.002601516560328729	0.979245283018868	0.9839285714285714	0.0046832884097033345
1_+_207339396_207339417	12hr	3	0.9830813927975942	0.9817073170731708	0.006676635569980592	0.977198697068404	0.9903381642512076	0.013139467182803566
1_+_207339396_207339417	24hr	3	0.9607467675349443	0.9632352941176472	0.007213509757738055	0.9526184538653366	0.9663865546218487	0.013768100756512136
1_+_207339396_207339417	48hr	3	0.9929983541948108	0.9957081545064378	0.008679811270703027	0.9832869080779943	1.0	0.016713091922005652
1_+_207339396_207339417	72hr	3	0.9862875707945173	0.9872068230277186	0.002513632855492808	0.9834437086092715	0.988212180746562	0.00476847213729048
1_+_207339396_207339417	7day	3	0.9712505607461065	0.9850467289719628	0.03526409072494945	0.931174089068826	0.9975308641975308	0.06635677512870475
21_+_43800861_43800881	Ctrl	2	1.0	1.0	0.0	1.0	1.0	0.0
21_+_43800861_43800881	30min	3	1.0	1.0	0.0	1.0	1.0	0.0
21_+_43800861_43800881	3hr	3	1.0	1.0	0.0	1.0	1.0	0.0
21_+_43800861_43800881	12hr	3	1.0	1.0	0.0	1.0	1.0	0.0
21_+_43800861_43800881	24hr	3	1.0	1.0	0.0	1.0	1.0	0.0
21_+_43800861_43800881	48hr	3	1.0	1.0	0.0	1.0	1.0	0.0
21_+_43800861_43800881	72hr	3	1.0	1.0	0.0	1.0	1.0	0.0
21_+_43800861_43800881	7day	3	1.0	1.0	0.0	1.0	1.0	0.0
12_+_118389926_118389946	Ctrl	3	1.0	1.0	0.0	1.0	1.0	0.0
12_+_118389926_118389946	30min	3	1.0	1.0	0.0	1.0	1.0	0.0
12_+_118389926_118389946	3hr	3	1.0	1.0	0.0	1.0	1.0	0.0
12_+_118389926_118389946	12hr	3	1.0	1.0	0.0	1.0	1.0	0.0
12_+_118389926_118389946	24hr	3	1.0	1.0	0.0	1.0	1.0	0.0
12_+_118389926_118389946	48hr	3	1.0	1.0	0.0	1.0	1.0	0.0
12_+_118389926_118389946	72hr	3	1.0	1.0	0.0	1.0	1.0	0.0
12_+_118389926_118389946	7day	3	1.0	1.0	0.0	1.0	1.0	0.0
20_-_45960863_45960882	Ctrl	3	1.0	1.0	0.0	1.0	1.0	0.0
20_-_45960863_45960882	30min	3	1.0	1.0	0.0	1.0	1.0	0.0
20_-_45960863_45960882	3hr	3	1.0	1.0	0.0	1.0	1.0	0.0
20_-_45960863_45960882	12hr	3	1.0	1.0	0.0	1.0	1.0	0.0
20_-_45960863_45960882	24hr	3	1.0	1.0	0.0	1.0	1.0	0.0
20_-_45960863_45960882	48hr	3	1.0	1.0	0.0	1.0	1.0	0.0
20_-_45960863_45960882	72hr	3	1.0	1.0	0.0	1.0	1.0	0.0
20_-_45960863_45960882	7day	3	1.0	1.0	0.0	1.0	1.0	0.0
21_+_34103496_34103519	Ctrl	3	0.47792580982236155	0.625	0.2646421684607243	0.1724137931034483	0.6363636363636364	0.46394984326018807
21_+_34103496_34103519	30min	3	0.41750841750841744	0.4444444444444444	0.046654567207242495	0.3636363636363636	0.4444444444444444	0.08080808080808083
21_+_34103496_34103519	3hr	3	0.280493498212293	0.1951219512195122	0.15190896466487117	0.1904761904761904	0.4558823529411764	0.265406162464986
21_+_34103496_34103519	12hr	3	0.0583319225777326	0.0636363636363636	0.011908661248479366	0.0446927374301676	0.0666666666666666	0.021973929236498997
21_+_34103496_34103519	24hr	3	0.09050024533659373	0.1027397260273972	0.02560847146670723	0.0610687022900763	0.1076923076923077	0.0466236054022314
21_+_34103496_34103519	48hr	3	0.0882585626126659	0.0852272727272727	0.05922017700288441	0.0306122448979591	0.1489361702127659	0.11832392531480679
21_+_34103496_34103519	72hr	3	0.0968089708237785	0.0629370629370629	0.06423076183843031	0.0566037735849056	0.170886075949367	0.11428230236446141
21_+_34103496_34103519	7day	3	0.20309447656131008	0.196078431372549	0.056138633961517234	0.1507936507936507	0.2624113475177305	0.11161769672407978
14_-_94129261_94129291	Ctrl	2	1.0	1.0	0.0	1.0	1.0	0.0
14_-_94129261_94129291	30min	3	1.0	1.0	0.0	1.0	1.0	0.0
14_-_94129261_94129291	3hr	1	1.0	1.0		1.0	1.0	0.0
14_-_94129261_94129291	12hr	3	1.0	1.0	0.0	1.0	1.0	0.0
14_-_94129261_94129291	24hr	3	1.0	1.0	0.0	1.0	1.0	0.0
14_-_94129261_94129291	48hr	3	1.0	1.0	0.0	1.0	1.0	0.0
14_-_94129261_94129291	72hr	3	1.0	1.0	0.0	1.0	1.0	0.0
14_-_94129261_94129291	7day	3	1.0	1.0	0.0	1.0	1.0	0.0
21_+_45987498_45987519	Ctrl	3	1.0	1.0	0.0	1.0	1.0	0.0
21_+_45987498_45987519	30min	3	1.0	1.0	0.0	1.0	1.0	0.0
21_+_45987498_45987519	3hr	3	1.0	1.0	0.0	1.0	1.0	0.0
21_+_45987498_45987519	12hr	3	1.0	1.0	0.0	1.0	1.0	0.0
21_+_45987498_45987519	24hr	3	1.0	1.0	0.0	1.0	1.0	0.0
21_+_45987498_45987519	48hr	3	1.0	1.0	0.0	1.0	1.0	0.0
21_+_45987498_45987519	72hr	3	1.0	1.0	0.0	1.0	1.0	0.0
21_+_45987498_45987519	7day	3	1.0	1.0	0.0	1.0	1.0	0.0
6_+_26390686_26390707	Ctrl	0						
6_+_26390686_26390707	30min	0						
6_+_26390686_26390707	3hr	3	1.0	1.0	0.0	1.0	1.0	0.0
6_+_26390686_26390707	12hr	3	1.0	1.0	0.0	1.0	1.0	0.0
6_+_26390686_26390707	24hr	1	1.0	1.0		1.0	1.0	0.0
6_+_26390686_26390707	48hr	2	1.0	1.0	0.0	1.0	1.0	0.0
6_+_26390686_26390707	72hr	3	1.0	1.0	0.0	1.0	1.0	0.0
6_+_26390686_26390707	7day	2	1.0	1.0	0.0	1.0	1.0	0.0
15_-_58901259_58901287	Ctrl	3	0.945562435500516	0.9509803921568628	0.01384802569692428	0.9298245614035088	0.9558823529411764	0.02605779153766763
15_-_58901259_58901287	30min	3	1.0	1.0	0.0	1.0	1.0	0.0
15_-_58901259_58901287	3hr	3	0.9750613091869459	0.9789473684210528	0.02709156668708363	0.946236559139785	1.0	0.053763440860215006
15_-_58901259_58901287	12hr	3	0.9712926509186351	0.9763779527559056	0.03155879783962166	0.9375	1.0	0.0625
15_-_58901259_58901287	24hr	3	1.0	1.0	0.0	1.0	1.0	0.0
15_-_58901259_58901287	48hr	3	1.0	1.0	0.0	1.0	1.0	0.0
15_-_58901259_58901287	72hr	3	1.0	1.0	0.0	1.0	1.0	0.0
15_-_58901259_58901287	7day	3	1.0	1.0	0.0	1.0	1.0	0.0
6_+_73723250_73723279	Ctrl	0						
6_+_73723250_73723279	30min	0						
6_+_73723250_73723279	3hr	3	1.0	1.0	0.0	1.0	1.0	0.0
6_+_73723250_73723279	12hr	3	1.0	1.0	0.0	1.0	1.0	0.0
6_+_73723250_73723279	24hr	3	1.0	1.0	0.0	1.0	1.0	0.0
6_+_73723250_73723279	48hr	3	1.0	1.0	0.0	1.0	1.0	0.0
6_+_73723250_73723279	72hr	0						
6_+_73723250_73723279	7day	3	1.0	1.0	0.0	1.0	1.0	0.0
2_-_86153559_86153574	Ctrl	3	1.0	1.0	0.0	1.0	1.0	0.0
2_-_86153559_86153574	30min	3	1.0	1.0	0.0	1.0	1.0	0.0
2_-_86153559_86153574	3hr	3	1.0	1.0	0.0	1.0	1.0	0.0
2_-_86153559_86153574	12hr	3	1.0	1.0	0.0	1.0	1.0	0.0
2_-_86153559_86153574	24hr	3	1.0	1.0	0.0	1.0	1.0	0.0
2_-_86153559_86153574	48hr	3	1.0	1.0	0.0	1.0	1.0	0.0
2_-_86153559_86153574	72hr	3	1.0	1.0	0.0	1.0	1.0	0.0
2_-_86153559_86153574	7day	3	1.0	1.0	0.0	1.0	1.0	0.0
19_-_5612539_5612567	Ctrl	3	0.7889192932671194	0.782608695652174	0.02895860093993111	0.7636363636363637	0.8205128205128205	0.056876456876456816
19_-_5612539_5612567	30min	3	0.8648882412591287	0.8076923076923077	0.10234918537042634	0.803921568627451	0.9830508474576272	0.17912927883017615
19_-_5612539_5612567	3hr	3	0.9720671064124575	0.967741935483871	0.016672703572387825	0.957983193277311	0.9904761904761904	0.032492997198879436
19_-_5612539_5612567	12hr	3	0.9950248756218905	1.0	0.008617168196860111	0.9850746268656716	1.0	0.014925373134328401
19_-_5612539_5612567	24hr	3	0.9966329966329966	1.0	0.005831820900905284	0.98989898989899	1.0	0.010101010101010055
19_-_5612539_5612567	48hr	3	1.0	1.0	0.0	1.0	1.0	0.0
19_-_5612539_5612567	72hr	3	0.9637980311209908	0.9552238805970148	0.032767323318996164	0.9361702127659576	1.0	0.06382978723404242
19_-_5612539_5612567	7day	3	1.0	1.0	0.0	1.0	1.0	0.0
6_-_79077699_79077729	Ctrl	3	1.0	1.0	0.0	1.0	1.0	0.0
6_-_79077699_79077729	30min	3	1.0	1.0	0.0	1.0	1.0	0.0
6_-_79077699_79077729	3hr	3	1.0	1.0	0.0	1.0	1.0	0.0
6_-_79077699_79077729	12hr	3	1.0	1.0	0.0	1.0	1.0	0.0
6_-_79077699_79077729	24hr	3	1.0	1.0	0.0	1.0	1.0	0.0
6_-_79077699_79077729	48hr	3	1.0	1.0	0.0	1.0	1.0	0.0
6_-_79077699_79077729	72hr	3	1.0	1.0	0.0	1.0	1.0	0.0
6_-_79077699_79077729	7day	3	1.0	1.0	0.0	1.0	1.0	0.0
21_+_45492534_45492564	Ctrl	3	1.0	1.0	0.0	1.0	1.0	0.0
21_+_45492534_45492564	30min	3	1.0	1.0	0.0	1.0	1.0	0.0
21_+_45492534_45492564	3hr	3	1.0	1.0	0.0	1.0	1.0	0.0
21_+_45492534_45492564	12hr	1	1.0	1.0		1.0	1.0	0.0
21_+_45492534_45492564	24hr	2	1.0	1.0	0.0	1.0	1.0	0.0
21_+_45492534_45492564	48hr	0						
21_+_45492534_45492564	72hr	2	1.0	1.0	0.0	1.0	1.0	0.0
21_+_45492534_45492564	7day	3	1.0	1.0	0.0	1.0	1.0	0.0
11_-_4601663_4601686	Ctrl	2	1.0	1.0	0.0	1.0	1.0	0.0
11_-_4601663_4601686	30min	1	1.0	1.0		1.0	1.0	0.0
11_-_4601663_4601686	3hr	3	1.0	1.0	0.0	1.0	1.0	0.0
11_-_4601663_4601686	12hr	3	1.0	1.0	0.0	1.0	1.0	0.0
11_-_4601663_4601686	24hr	3	1.0	1.0	0.0	1.0	1.0	0.0
11_-_4601663_4601686	48hr	3	1.0	1.0	0.0	1.0	1.0	0.0
11_-_4601663_4601686	72hr	3	1.0	1.0	0.0	1.0	1.0	0.0
11_-_4601663_4601686	7day	3	1.0	1.0	0.0	1.0	1.0	0.0
1_+_206419372_206419400	Ctrl	0						
1_+_206419372_206419400	30min	0						
1_+_206419372_206419400	3hr	0						
1_+_206419372_206419400	12hr	0						
1_+_206419372_206419400	24hr	2	1.0	1.0	0.0	1.0	1.0	0.0
1_+_206419372_206419400	48hr	3	1.0	1.0	0.0	1.0	1.0	0.0
1_+_206419372_206419400	72hr	3	1.0	1.0	0.0	1.0	1.0	0.0
1_+_206419372_206419400	7day	3	1.0	1.0	0.0	1.0	1.0	0.0
17_+_48862275_48862304	Ctrl	3	1.0	1.0	0.0	1.0	1.0	0.0
17_+_48862275_48862304	30min	3	1.0	1.0	0.0	1.0	1.0	0.0
17_+_48862275_48862304	3hr	3	1.0	1.0	0.0	1.0	1.0	0.0
17_+_48862275_48862304	12hr	3	1.0	1.0	0.0	1.0	1.0	0.0
17_+_48862275_48862304	24hr	3	1.0	1.0	0.0	1.0	1.0	0.0
17_+_48862275_48862304	48hr	3	1.0	1.0	0.0	1.0	1.0	0.0
17_+_48862275_48862304	72hr	3	1.0	1.0	0.0	1.0	1.0	0.0
17_+_48862275_48862304	7day	3	1.0	1.0	0.0	1.0	1.0	0.0
2_-_43950572_43950600	Ctrl	3	1.0	1.0	0.0	1.0	1.0	0.0
2_-_43950572_43950600	30min	3	1.0	1.0	0.0	1.0	1.0	0.0
2_-_43950572_43950600	3hr	3	1.0	1.0	0.0	1.0	1.0	0.0
2_-_43950572_43950600	12hr	3	1.0	1.0	0.0	1.0	1.0	0.0
2_-_43950572_43950600	24hr	3	1.0	1.0	0.0	1.0	1.0	0.0
2_-_43950572_43950600	48hr	3	1.0	1.0	0.0	1.0	1.0	0.0
2_-_43950572_43950600	72hr	3	1.0	1.0	0.0	1.0	1.0	0.0
2_-_43950572_43950600	7day	3	1.0	1.0	0.0	1.0	1.0	0.0
1_+_52414620_52414647	Ctrl	3	1.0	1.0	0.0	1.0	1.0	0.0
1_+_52414620_52414647	30min	3	1.0	1.0	0.0	1.0	1.0	0.0
1_+_52414620_52414647	3hr	3	1.0	1.0	0.0	1.0	1.0	0.0
1_+_52414620_52414647	12hr	3	1.0	1.0	0.0	1.0	1.0	0.0
1_+_52414620_52414647	24hr	3	1.0	1.0	0.0	1.0	1.0	0.0
1_+_52414620_52414647	48hr	3	1.0	1.0	0.0	1.0	1.0	0.0
1_+_52414620_52414647	72hr	3	1.0	1.0	0.0	1.0	1.0	0.0
1_+_52414620_52414647	7day	3	1.0	1.0	0.0	1.0	1.0	0.0
11_-_4386967_4386990	Ctrl	3	1.0	1.0	0.0	1.0	1.0	0.0
11_-_4386967_4386990	30min	3	1.0	1.0	0.0	1.0	1.0	0.0
11_-_4386967_4386990	3hr	3	1.0	1.0	0.0	1.0	1.0	0.0
11_-_4386967_4386990	12hr	3	1.0	1.0	0.0	1.0	1.0	0.0
11_-_4386967_4386990	24hr	3	1.0	1.0	0.0	1.0	1.0	0.0
11_-_4386967_4386990	48hr	3	1.0	1.0	0.0	1.0	1.0	0.0
11_-_4386967_4386990	72hr	3	1.0	1.0	0.0	1.0	1.0	0.0
11_-_4386967_4386990	7day	3	1.0	1.0	0.0	1.0	1.0	0.0
X_-_81119787_81119817	Ctrl	0						
X_-_81119787_81119817	30min	0						
X_-_81119787_81119817	3hr	1	1.0	1.0		1.0	1.0	0.0
X_-_81119787_81119817	12hr	0						
X_-_81119787_81119817	24hr	2	1.0	1.0	0.0	1.0	1.0	0.0
X_-_81119787_81119817	48hr	3	0.9666666666666667	1.0	0.05773502691896256	0.9	1.0	0.09999999999999998
X_-_81119787_81119817	72hr	3	1.0	1.0	0.0	1.0	1.0	0.0
X_-_81119787_81119817	7day	3	0.9761904761904763	1.0	0.041239304942116105	0.9285714285714286	1.0	0.0714285714285714
6_+_26410005_26410032	Ctrl	3	0.6289759146902004	0.6216216216216216	0.08188073195641427	0.5510204081632653	0.7142857142857143	0.16326530612244905
6_+_26410005_26410032	30min	3	0.6883934583934583	0.6944444444444444	0.08812131856381011	0.5974025974025974	0.7733333333333333	0.17593073593073594
6_+_26410005_26410032	3hr	3	0.647953216374269	0.7105263157894737	0.22334052257094605	0.4	0.8333333333333334	0.43333333333333335
6_+_26410005_26410032	12hr	3	0.6374521072796936	0.6206896551724138	0.0641637346987115	0.5833333333333334	0.7083333333333334	0.125
6_+_26410005_26410032	24hr	3	0.3874034462269756	0.3333333333333333	0.23728652828641092	0.1818181818181818	0.6470588235294118	0.46524064171123003
6_+_26410005_26410032	48hr	2	0.45238095238095233	0.45238095238095233	0.16835875742536843	0.3333333333333333	0.5714285714285714	0.23809523809523808
6_+_26410005_26410032	72hr	2	0.6166666666666667	0.6166666666666667	0.07071067811865474	0.5666666666666667	0.6666666666666666	0.09999999999999998
6_+_26410005_26410032	7day	2	0.25555555555555554	0.25555555555555554	0.2042752923427804	0.1111111111111111	0.4	0.2888888888888889
11_+_65205709_65205721	Ctrl	3	1.0	1.0	0.0	1.0	1.0	0.0
11_+_65205709_65205721	30min	3	1.0	1.0	0.0	1.0	1.0	0.0
11_+_65205709_65205721	3hr	3	1.0	1.0	0.0	1.0	1.0	0.0
11_+_65205709_65205721	12hr	3	1.0	1.0	0.0	1.0	1.0	0.0
11_+_65205709_65205721	24hr	3	1.0	1.0	0.0	1.0	1.0	0.0
11_+_65205709_65205721	48hr	3	1.0	1.0	0.0	1.0	1.0	0.0
11_+_65205709_65205721	72hr	3	1.0	1.0	0.0	1.0	1.0	0.0
11_+_65205709_65205721	7day	3	1.0	1.0	0.0	1.0	1.0	0.0
6_+_26373386_26373413	Ctrl	3	1.0	1.0	0.0	1.0	1.0	0.0
6_+_26373386_26373413	30min	3	1.0	1.0	0.0	1.0	1.0	0.0
6_+_26373386_26373413	3hr	3	0.8015873015873015	0.9	0.20001889555486288	0.5714285714285714	0.9333333333333332	0.36190476190476184
6_+_26373386_26373413	12hr	3	0.7052287581699347	0.6333333333333333	0.15429682411533105	0.6	0.8823529411764706	0.2823529411764706
6_+_26373386_26373413	24hr	3	0.8103069017703165	0.7804878048780488	0.07240267402185839	0.7575757575757576	0.8928571428571429	0.13528138528138534
6_+_26373386_26373413	48hr	3	0.7127450980392157	0.5882352941176471	0.24950354397170513	0.55	1.0	0.44999999999999996
6_+_26373386_26373413	72hr	3	0.9761904761904763	1.0	0.041239304942116105	0.9285714285714286	1.0	0.0714285714285714
6_+_26373386_26373413	7day	3	0.4583333333333333	0.4	0.12332207155790616	0.375	0.6	0.22499999999999998
3_-_160535660_160535690	Ctrl	3	1.0	1.0	0.0	1.0	1.0	0.0
3_-_160535660_160535690	30min	3	1.0	1.0	0.0	1.0	1.0	0.0
3_-_160535660_160535690	3hr	3	1.0	1.0	0.0	1.0	1.0	0.0
3_-_160535660_160535690	12hr	3	1.0	1.0	0.0	1.0	1.0	0.0
3_-_160535660_160535690	24hr	3	1.0	1.0	0.0	1.0	1.0	0.0
3_-_160535660_160535690	48hr	3	1.0	1.0	0.0	1.0	1.0	0.0
3_-_160535660_160535690	72hr	3	1.0	1.0	0.0	1.0	1.0	0.0
3_-_160535660_160535690	7day	3	1.0	1.0	0.0	1.0	1.0	0.0
16_+_28986539_28986569	Ctrl	3	0.5708808478840307	0.5645161290322581	0.055350999984467894	0.5189873417721519	0.6291390728476821	0.11015173107553022
16_+_28986539_28986569	30min	3	0.6454739412194231	0.703125	0.12136915836098816	0.5060240963855421	0.7272727272727273	0.22124863088718516
16_+_28986539_28986569	3hr	3	0.35907495584914945	0.2903225806451613	0.20977095785651642	0.1923076923076923	0.5945945945945946	0.40228690228690234
16_+_28986539_28986569	12hr	3	0.419993389348228	0.4038461538461538	0.07138556333606344	0.3580645161290323	0.4980694980694981	0.1400049819404658
16_+_28986539_28986569	24hr	3	0.42371001469096753	0.4626865671641791	0.06900447751464794	0.3440366972477064	0.4644067796610169	0.12037008241331049
16_+_28986539_28986569	48hr	3	0.5146972960038286	0.5326633165829145	0.06753110963492956	0.44	0.5714285714285714	0.1314285714285714
16_+_28986539_28986569	72hr	3	0.5214615721408641	0.4956772334293948	0.07127527054402276	0.4666666666666667	0.6020408163265306	0.13537414965986394
16_+_28986539_28986569	7day	3	0.46095538360309435	0.4752186588921283	0.03181790851257644	0.4245014245014245	0.4831460674157303	0.05864464291430582
3_+_184189254_184189277	Ctrl	3	0.2801217691492255	0.2568807339449541	0.054235953762699615	0.2413793103448276	0.3421052631578947	0.1007259528130671
3_+_184189254_184189277	30min	3	0.2033776067333114	0.2272727272727272	0.08625683441748072	0.1076923076923077	0.2751677852348993	0.16747547754259162
3_+_184189254_184189277	3hr	3	0.30186013705646153	0.2952755905511811	0.07497741449845846	0.230392156862745	0.3799126637554585	0.1495205068927135
3_+_184189254_184189277	12hr	3	0.38162104535925295	0.3811320754716981	0.012081287256443547	0.3697916666666667	0.3939393939393939	0.024147727272727237
3_+_184189254_184189277	24hr	3	0.32012476667649076	0.3115384615384615	0.022972679328002645	0.3026819923371647	0.3461538461538461	0.043471853816681394
3_+_184189254_184189277	48hr	3	0.3712156386465237	0.3464566929133858	0.07747313730225977	0.3091482649842271	0.458041958041958	0.14889369305773092
3_+_184189254_184189277	72hr	3	0.3427894852331648	0.3689839572192513	0.06432179069139367	0.2695035460992908	0.3898809523809524	0.1203774062816616
3_+_184189254_184189277	7day	3	0.3063063568792556	0.3553719008264462	0.08552854143432166	0.2075471698113207	0.356	0.14845283018867927
5_-_170262841_170262861	Ctrl	3	1.0	1.0	0.0	1.0	1.0	0.0
5_-_170262841_170262861	30min	3	1.0	1.0	0.0	1.0	1.0	0.0
5_-_170262841_170262861	3hr	3	1.0	1.0	0.0	1.0	1.0	0.0
5_-_170262841_170262861	12hr	3	1.0	1.0	0.0	1.0	1.0	0.0
5_-_170262841_170262861	24hr	3	1.0	1.0	0.0	1.0	1.0	0.0
5_-_170262841_170262861	48hr	3	1.0	1.0	0.0	1.0	1.0	0.0
5_-_170262841_170262861	72hr	3	1.0	1.0	0.0	1.0	1.0	0.0
5_-_170262841_170262861	7day	3	1.0	1.0	0.0	1.0	1.0	0.0
7_+_74755508_74755537	Ctrl	3	0.8867910447761194	0.875	0.034244462700745236	0.86	0.9253731343283582	0.06537313432835823
7_+_74755508_74755537	30min	3	0.9583975346687211	0.9661016949152542	0.045941607136750565	0.9090909090909092	1.0	0.09090909090909083
7_+_74755508_74755537	3hr	3	0.9714285714285715	1.0	0.049487165930539305	0.9142857142857144	1.0	0.08571428571428563
7_+_74755508_74755537	12hr	3	0.9869474890751486	0.9888888888888888	0.008864957326980248	0.9772727272727272	0.9946808510638298	0.01740812379110257
7_+_74755508_74755537	24hr	3	0.9904261630650973	0.9947089947089948	0.007978618440393602	0.9812206572769951	0.9953488372093025	0.014128179932307305
7_+_74755508_74755537	48hr	3	0.9958333333333332	1.0	0.007216878364870297	0.9875	1.0	0.012499999999999956
7_+_74755508_74755537	72hr	3	0.9893589358935895	0.987878787878788	0.009983623267630977	0.9801980198019802	1.0	0.01980198019801982
7_+_74755508_74755537	7day	3	1.0	1.0	0.0	1.0	1.0	0.0
4_+_53440581_53440608	Ctrl	3	0.26556225300387204	0.2560975609756097	0.06865797061879263	0.202127659574468	0.3384615384615385	0.1363338788870705
4_+_53440581_53440608	30min	3	0.3015700868332447	0.2982456140350877	0.010309175066879433	0.2933333333333333	0.3131313131313131	0.019797979797979814
4_+_53440581_53440608	3hr	3	0.297588908981314	0.2857142857142857	0.027074295002635723	0.2784810126582278	0.3285714285714285	0.050090415913200736
4_+_53440581_53440608	12hr	3	0.15607226745840605	0.1531531531531531	0.05045234349120157	0.1071428571428571	0.2079207920792079	0.10077793493635082
4_+_53440581_53440608	24hr	3	0.15543359064953746	0.1623931623931624	0.05923796359018834	0.0930232558139534	0.2108843537414966	0.1178610979275432
4_+_53440581_53440608	48hr	3	0.2837195075008641	0.2932330827067669	0.024359683647410077	0.2560386473429952	0.3018867924528302	0.04584814510983498
4_+_53440581_53440608	72hr	3	0.2701370806900436	0.2642276422764227	0.03772624634444012	0.2357142857142857	0.3104693140794224	0.0747550283651367
4_+_53440581_53440608	7day	3	0.43840124018926024	0.4244186046511627	0.0458891557002118	0.4011299435028249	0.4896551724137931	0.0885252289109682
8_+_63169386_63169411	Ctrl	3	1.0	1.0	0.0	1.0	1.0	0.0
8_+_63169386_63169411	30min	3	1.0	1.0	0.0	1.0	1.0	0.0
8_+_63169386_63169411	3hr	3	1.0	1.0	0.0	1.0	1.0	0.0
8_+_63169386_63169411	12hr	3	1.0	1.0	0.0	1.0	1.0	0.0
8_+_63169386_63169411	24hr	3	1.0	1.0	0.0	1.0	1.0	0.0
8_+_63169386_63169411	48hr	3	1.0	1.0	0.0	1.0	1.0	0.0
8_+_63169386_63169411	72hr	3	1.0	1.0	0.0	1.0	1.0	0.0
8_+_63169386_63169411	7day	3	1.0	1.0	0.0	1.0	1.0	0.0
5_-_170262966_170262992	Ctrl	3	1.0	1.0	0.0	1.0	1.0	0.0
5_-_170262966_170262992	30min	3	1.0	1.0	0.0	1.0	1.0	0.0
5_-_170262966_170262992	3hr	3	1.0	1.0	0.0	1.0	1.0	0.0
5_-_170262966_170262992	12hr	3	1.0	1.0	0.0	1.0	1.0	0.0
5_-_170262966_170262992	24hr	3	1.0	1.0	0.0	1.0	1.0	0.0
5_-_170262966_170262992	48hr	3	1.0	1.0	0.0	1.0	1.0	0.0
5_-_170262966_170262992	72hr	3	1.0	1.0	0.0	1.0	1.0	0.0
5_-_170262966_170262992	7day	3	1.0	1.0	0.0	1.0	1.0	0.0
18_+_10533535_10533553	Ctrl	1	1.0	1.0		1.0	1.0	0.0
18_+_10533535_10533553	30min	1	1.0	1.0		1.0	1.0	0.0
18_+_10533535_10533553	3hr	3	1.0	1.0	0.0	1.0	1.0	0.0
18_+_10533535_10533553	12hr	3	0.9341558950254604	0.945945945945946	0.030048805701940403	0.9	0.9565217391304348	0.05652173913043479
18_+_10533535_10533553	24hr	3	0.9276190476190477	0.9428571428571428	0.08108113010968673	0.84	1.0	0.16000000000000003
18_+_10533535_10533553	48hr	3	0.9360730593607306	1.0	0.11072470915965425	0.8082191780821918	1.0	0.1917808219178082
18_+_10533535_10533553	72hr	3	0.9509803921568628	1.0	0.08490445135141557	0.8529411764705882	1.0	0.1470588235294118
18_+_10533535_10533553	7day	3	1.0	1.0	0.0	1.0	1.0	0.0
19_+_50419945_50419973	Ctrl	0						
19_+_50419945_50419973	30min	0						
19_+_50419945_50419973	3hr	0						
19_+_50419945_50419973	12hr	0						
19_+_50419945_50419973	24hr	0						
19_+_50419945_50419973	48hr	0						
19_+_50419945_50419973	72hr	3	1.0	1.0	0.0	1.0	1.0	0.0
19_+_50419945_50419973	7day	3	1.0	1.0	0.0	1.0	1.0	0.0
17_+_43179393_43179412	Ctrl	3	1.0	1.0	0.0	1.0	1.0	0.0
17_+_43179393_43179412	30min	3	1.0	1.0	0.0	1.0	1.0	0.0
17_+_43179393_43179412	3hr	3	1.0	1.0	0.0	1.0	1.0	0.0
17_+_43179393_43179412	12hr	3	1.0	1.0	0.0	1.0	1.0	0.0
17_+_43179393_43179412	24hr	3	1.0	1.0	0.0	1.0	1.0	0.0
17_+_43179393_43179412	48hr	3	1.0	1.0	0.0	1.0	1.0	0.0
17_+_43179393_43179412	72hr	3	1.0	1.0	0.0	1.0	1.0	0.0
17_+_43179393_43179412	7day	3	1.0	1.0	0.0	1.0	1.0	0.0
7_+_142792521_142792539	Ctrl	3	1.0	1.0	0.0	1.0	1.0	0.0
7_+_142792521_142792539	30min	3	1.0	1.0	0.0	1.0	1.0	0.0
7_+_142792521_142792539	3hr	3	1.0	1.0	0.0	1.0	1.0	0.0
7_+_142792521_142792539	12hr	3	1.0	1.0	0.0	1.0	1.0	0.0
7_+_142792521_142792539	24hr	3	1.0	1.0	0.0	1.0	1.0	0.0
7_+_142792521_142792539	48hr	3	1.0	1.0	0.0	1.0	1.0	0.0
7_+_142792521_142792539	72hr	3	1.0	1.0	0.0	1.0	1.0	0.0
7_+_142792521_142792539	7day	3	1.0	1.0	0.0	1.0	1.0	0.0
19_+_39421282_39421299	Ctrl	3	1.0	1.0	0.0	1.0	1.0	0.0
19_+_39421282_39421299	30min	3	1.0	1.0	0.0	1.0	1.0	0.0
19_+_39421282_39421299	3hr	3	1.0	1.0	0.0	1.0	1.0	0.0
19_+_39421282_39421299	12hr	2	1.0	1.0	0.0	1.0	1.0	0.0
19_+_39421282_39421299	24hr	3	1.0	1.0	0.0	1.0	1.0	0.0
19_+_39421282_39421299	48hr	3	1.0	1.0	0.0	1.0	1.0	0.0
19_+_39421282_39421299	72hr	2	1.0	1.0	0.0	1.0	1.0	0.0
19_+_39421282_39421299	7day	3	1.0	1.0	0.0	1.0	1.0	0.0
6_-_28911695_28911718	Ctrl	3	0.9393939393939394	1.0	0.10497277621629557	0.8181818181818182	1.0	0.18181818181818177
6_-_28911695_28911718	30min	2	1.0	1.0	0.0	1.0	1.0	0.0
6_-_28911695_28911718	3hr	3	0.9770114942528737	1.0	0.039817259944112074	0.9310344827586208	1.0	0.06896551724137923
6_-_28911695_28911718	12hr	3	0.9639618424102401	0.961783439490446	0.011015324226803885	0.9541984732824428	0.9759036144578314	0.021705141175388576
6_-_28911695_28911718	24hr	3	0.9947454436376425	0.9923664122137404	0.004557345540596243	0.991869918699187	1.0	0.008130081300813052
6_-_28911695_28911718	48hr	3	0.9844134078212291	0.9832402234636872	0.015034369662629226	0.97	1.0	0.030000000000000027
6_-_28911695_28911718	72hr	3	0.9331054910002279	0.9428571428571428	0.020919202086810248	0.9090909090909092	0.9473684210526316	0.038277511961722466
6_-_28911695_28911718	7day	3	0.9869281045751634	1.0	0.02264118702704413	0.9607843137254902	1.0	0.039215686274509776
7_+_35831491_35831496	Ctrl	3	0.903225806451613	1.0	0.1676178200873107	0.7096774193548387	1.0	0.29032258064516125
7_+_35831491_35831496	30min	3	0.9333333333333332	1.0	0.11547005383792512	0.8	1.0	0.19999999999999996
7_+_35831491_35831496	3hr	3	0.917283950617284	0.9	0.07557128860643401	0.8518518518518519	1.0	0.14814814814814814
7_+_35831491_35831496	12hr	3	0.8931377264710597	0.9285714285714286	0.09276463509673162	0.7878787878787878	0.9629629629629628	0.17508417508417495
7_+_35831491_35831496	24hr	3	0.9040404040404041	0.8787878787878788	0.05818765407684841	0.8627450980392157	0.9705882352941176	0.10784313725490191
7_+_35831491_35831496	48hr	3	0.7552826577216821	0.6923076923076923	0.16207531802300665	0.6341463414634146	0.9393939393939394	0.3052475979305248
7_+_35831491_35831496	72hr	3	0.6397306397306397	0.5555555555555556	0.326425723585626	0.3636363636363636	1.0	0.6363636363636365
7_+_35831491_35831496	7day	3	0.69187675070028	0.6470588235294118	0.1480359693190343	0.5714285714285714	0.8571428571428571	0.2857142857142857
2_-_121401867_121401870	Ctrl	1	1.0	1.0		1.0	1.0	0.0
2_-_121401867_121401870	30min	0						
2_-_121401867_121401870	3hr	3	0.8958333333333334	1.0	0.18042195912175804	0.6875	1.0	0.3125
2_-_121401867_121401870	12hr	3	1.0	1.0	0.0	1.0	1.0	0.0
2_-_121401867_121401870	24hr	3	1.0	1.0	0.0	1.0	1.0	0.0
2_-_121401867_121401870	48hr	3	1.0	1.0	0.0	1.0	1.0	0.0
2_-_121401867_121401870	72hr	3	1.0	1.0	0.0	1.0	1.0	0.0
2_-_121401867_121401870	7day	3	0.9801169590643276	0.9736842105263158	0.01757307508925927	0.9666666666666668	1.0	0.033333333333333215
2_-_25835537_25835540	Ctrl	3	1.0	1.0	0.0	1.0	1.0	0.0
2_-_25835537_25835540	30min	3	1.0	1.0	0.0	1.0	1.0	0.0
2_-_25835537_25835540	3hr	1	1.0	1.0		1.0	1.0	0.0
2_-_25835537_25835540	12hr	3	0.8997979797979797	0.9393939393939394	0.12480336538829251	0.76	1.0	0.24
2_-_25835537_25835540	24hr	3	1.0	1.0	0.0	1.0	1.0	0.0
2_-_25835537_25835540	48hr	3	0.8813813813813814	0.8333333333333334	0.10334214298840697	0.8108108108108109	1.0	0.18918918918918914
2_-_25835537_25835540	72hr	3	0.7796451914098973	0.8095238095238095	0.23671263309043247	0.5294117647058824	1.0	0.47058823529411764
2_-_25835537_25835540	7day	3	0.9118629908103593	0.9736842105263158	0.13053249789337318	0.7619047619047619	1.0	0.23809523809523814
14_+_96874456_96874459	Ctrl	0						
14_+_96874456_96874459	30min	0						
14_+_96874456_96874459	3hr	1	1.0	1.0		1.0	1.0	0.0
14_+_96874456_96874459	12hr	2	0.5357142857142857	0.5357142857142857	0.05050762722761051	0.5	0.5714285714285714	0.0714285714285714
14_+_96874456_96874459	24hr	3	0.7111111111111111	0.6666666666666666	0.07698003589195015	0.6666666666666666	0.8	0.13333333333333341
14_+_96874456_96874459	48hr	3	0.4711700336700337	0.5454545454545454	0.13750506277916602	0.3125	0.5555555555555556	0.24305555555555558
14_+_96874456_96874459	72hr	3	0.5560365560365561	0.6363636363636364	0.1447905327751984	0.3888888888888889	0.6428571428571429	0.253968253968254
14_+_96874456_96874459	7day	3	0.44836601307189544	0.4117647058823529	0.13704933251849574	0.3333333333333333	0.6	0.26666666666666666
19_+_48477716_48477719	Ctrl	3	0.5322510822510823	0.5681818181818182	0.09118773006223711	0.4285714285714285	0.6	0.17142857142857149
19_+_48477716_48477719	30min	3	0.42063492063492064	0.3428571428571428	0.18640490230659296	0.2857142857142857	0.6333333333333333	0.3476190476190476
19_+_48477716_48477719	3hr	3	0.6462605462605463	0.5777777777777777	0.25506056742811317	0.4324324324324324	0.9285714285714286	0.4961389961389962
19_+_48477716_48477719	12hr	3	0.5474124075859853	0.5294117647058824	0.03543575887549934	0.5245901639344263	0.5882352941176471	0.06364513018322082
19_+_48477716_48477719	24hr	3	0.3524884844399505	0.3255813953488372	0.20063315680570604	0.1666666666666666	0.5652173913043478	0.39855072463768115
19_+_48477716_48477719	48hr	3	0.5732323232323232	0.5833333333333334	0.06874069489301111	0.5	0.6363636363636364	0.13636363636363635
19_+_48477716_48477719	72hr	3	0.5504624491305956	0.6352941176470588	0.1837496769815455	0.3396226415094339	0.6764705882352942	0.33684794672586027
19_+_48477716_48477719	7day	3	0.6129264450239026	0.6440677966101694	0.06477552201151313	0.5384615384615384	0.65625	0.11778846153846156
17_-_78696006_78696009	Ctrl	3	0.9905880916243611	0.98989898989899	0.009086975193024604	0.9818652849740932	1.0	0.0181347150259068
17_-_78696006_78696009	30min	3	0.9655670883834572	0.9534246575342464	0.027469107962450598	0.9462616822429908	0.9970149253731344	0.05075324313014362
17_-_78696006_78696009	3hr	3	0.9932993906678117	0.9974358974358974	0.007881750728456658	0.9842105263157894	0.9982517482517482	0.014041221935958803
17_-_78696006_78696009	12hr	3	0.991407867494824	0.9928571428571428	0.009400931124726782	0.9813664596273292	1.0	0.018633540372670843
17_-_78696006_78696009	24hr	3	1.0	1.0	0.0	1.0	1.0	0.0
17_-_78696006_78696009	48hr	3	0.988839615668884	0.990909090909091	0.01232611233246268	0.975609756097561	1.0	0.024390243902439046
17_-_78696006_78696009	72hr	3	0.9863013698630136	1.0	0.023726723391354513	0.958904109589041	1.0	0.04109589041095896
17_-_78696006_78696009	7day	3	0.978587089609613	0.9704433497536946	0.018720364805478902	0.9653179190751444	1.0	0.034682080924855585
6_-_166370217_166370221	Ctrl	3	1.0	1.0	0.0	1.0	1.0	0.0
6_-_166370217_166370221	30min	3	1.0	1.0	0.0	1.0	1.0	0.0
6_-_166370217_166370221	3hr	3	1.0	1.0	0.0	1.0	1.0	0.0
6_-_166370217_166370221	12hr	3	1.0	1.0	0.0	1.0	1.0	0.0
6_-_166370217_166370221	24hr	3	1.0	1.0	0.0	1.0	1.0	0.0
6_-_166370217_166370221	48hr	3	1.0	1.0	0.0	1.0	1.0	0.0
6_-_166370217_166370221	72hr	3	1.0	1.0	0.0	1.0	1.0	0.0
6_-_166370217_166370221	7day	3	1.0	1.0	0.0	1.0	1.0	0.0
14_-_50438091_50438094	Ctrl	3	1.0	1.0	0.0	1.0	1.0	0.0
14_-_50438091_50438094	30min	3	1.0	1.0	0.0	1.0	1.0	0.0
14_-_50438091_50438094	3hr	2	1.0	1.0	0.0	1.0	1.0	0.0
14_-_50438091_50438094	12hr	3	1.0	1.0	0.0	1.0	1.0	0.0
14_-_50438091_50438094	24hr	3	1.0	1.0	0.0	1.0	1.0	0.0
14_-_50438091_50438094	48hr	3	1.0	1.0	0.0	1.0	1.0	0.0
14_-_50438091_50438094	72hr	2	1.0	1.0	0.0	1.0	1.0	0.0
14_-_50438091_50438094	7day	3	1.0	1.0	0.0	1.0	1.0	0.0
