ME	timepoint	ctrl_n_valid	activation_n_valid	ctrl_mean_PSI	activation_mean_PSI	delta_PSI_activation_minus_ctrl	abs_delta_PSI	ctrl_sd_PSI	activation_sd_PSI	ctrl_min_PSI	ctrl_max_PSI	activation_min_PSI	activation_max_PSI	valid_comparison	all_3_replicates_both_groups	complete_group_separation	effect_class
10_-_73439871_73439901	30min	3	3	0.7770753460042963	0.9195906432748537	0.14251529727055745	0.14251529727055745	0.09392501507994556	0.07898796876748598	0.6923076923076923	0.8780487804878049	0.8421052631578947	1.0	True	True	False	exploratory
4_-_142202739_142202766	30min	3	3	0.4932191653577882	0.7018137436658014	0.2085945783080132	0.2085945783080132	0.31919971567110417	0.04374741557405237	0.1764705882352941	0.8148148148148148	0.6551724137931034	0.7419354838709677	True	True	False	strong
19_+_47780724_47780749	30min	3	3	0.6376478988168094	0.891170710940826	0.2535228121240166	0.2535228121240166	0.20568409861998962	0.05514545326168907	0.5116279069767442	0.875	0.8275862068965517	0.925925925925926	True	True	False	strong
11_+_67416175_67416202	30min	3	3	0.42372134038800696	0.29820825169662374	-0.12551308869138322	0.12551308869138322	0.18129455784052992	0.05597683927576481	0.2321428571428571	0.5925925925925926	0.238095238095238	0.3488372093023256	True	True	False	exploratory
1_-_156476493_156476514	30min	3	3	0.049851263443496434	0.19331661644734333	0.14346535300384688	0.14346535300384688	0.050517743804363115	0.0515828169686316	0.0	0.101010101010101	0.1376146788990825	0.2394366197183098	True	True	True	exploratory
11_+_59145826_59145856	30min	3	3	0.7109090909090909	0.8690476190476191	0.15813852813852813	0.15813852813852813	0.19115136142650568	0.12542444943872308	0.5	0.8727272727272727	0.75	1.0	True	True	False	exploratory
16_-_89653903_89653923	30min	3	3	0.7886904761904763	0.9387254901960783	0.15003501400560204	0.15003501400560204	0.1830538608890688	0.06253603344202487	0.6785714285714286	1.0	0.875	1.0	True	True	False	exploratory
6_+_29929018_29929045	30min	3	3	1.0	0.7619047619047619	-0.23809523809523814	0.23809523809523814	0.0	0.4123930494211613	1.0	1.0	0.2857142857142857	1.0	True	True	False	strong
5_+_65655635_65655653	30min	3	3	1.0	0.7142857142857143	-0.2857142857142857	0.2857142857142857	0.0	0.4948716593053935	1.0	1.0	0.1428571428571428	1.0	True	True	False	strong
5_+_146481446_146481476	30min	3	3	0.4722738218094255	0.6766788766788766	0.2044050548694511	0.2044050548694511	0.2049056012667931	0.04937089410510941	0.2666666666666666	0.6764705882352942	0.6428571428571429	0.7333333333333333	True	True	False	strong
19_-_39390259_39390289	30min	3	3	0.32455296168054	0.6394278715772899	0.3148749098967499	0.3148749098967499	0.15830682675258917	0.05477618880418713	0.1836734693877551	0.4958677685950413	0.5785714285714286	0.6847826086956522	True	True	True	strong
5_-_141588223_141588250	30min	3	3	0.2622568559419411	0.36970403687045367	0.10744718092851258	0.10744718092851258	0.12348752100411846	0.08187324328861521	0.1325301204819277	0.3783783783783784	0.2777777777777778	0.4347826086956521	True	True	False	exploratory
6_-_32181605_32181632	30min	3	3	0.44051932367149754	0.3226275917065391	-0.11789173196495845	0.11789173196495845	0.24536960666275687	0.15439771791791768	0.25	0.717391304347826	0.1875	0.4909090909090909	True	True	False	exploratory
16_-_70679314_70679323	30min	3	3	1.0	0.87526395173454	-0.12473604826546003	0.12473604826546003	0.0	0.07105129087237902	1.0	1.0	0.8	0.9411764705882352	True	True	True	exploratory
12_-_57305639_57305663	30min	3	3	0.1054673238408178	0.25692078245170547	0.15145345861088766	0.15145345861088766	0.09193593401562618	0.003928911599949682	0.0	0.1686746987951807	0.253012048192771	0.2608695652173913	True	True	True	exploratory
6_-_85538837_85538864	30min	3	3	0.5695806100217865	0.38580246913580246	-0.18377814088598404	0.18377814088598404	0.2779003998540212	0.37546648321559933	0.3823529411764705	0.8888888888888888	0.0	0.75	True	True	False	exploratory
5_+_32586491_32586501	30min	3	3	0.6422147722435079	0.28807471264367807	-0.3541400595998298	0.3541400595998298	0.2738668103741617	0.0211529193453096	0.396551724137931	0.9375	0.2758620689655172	0.3125	True	True	True	strong
17_-_41896619_41896649	30min	3	3	1.0	0.8149650349650349	-0.18503496503496508	0.18503496503496508	0.0	0.12256225831863791	1.0	1.0	0.6818181818181818	0.9230769230769232	True	True	True	exploratory
2_-_121409023_121409047	30min	3	3	0.7836257309941521	0.8908908908908909	0.1072651598967388	0.1072651598967388	0.1875908179221689	0.1081220100059484	0.6666666666666666	1.0	0.7837837837837838	1.0	True	True	False	exploratory
12_-_110499534_110499546	30min	2	2	0.5	0.8636363636363636	0.36363636363636365	0.36363636363636365	0.7071067811865476	0.1928473039599675	0.0	1.0	0.7272727272727273	1.0	True	False	False	strong
X_+_150712341_150712365	30min	3	3	1.0	0.8543083900226757	-0.14569160997732433	0.14569160997732433	0.0	0.23489302733970222	1.0	1.0	0.5833333333333334	1.0	True	True	False	exploratory
10_-_103105357_103105381	30min	3	3	0.936936936936937	0.8051027217693886	-0.13183421516754845	0.13183421516754845	0.10922842930614539	0.12377600151383394	0.8108108108108109	1.0	0.6785714285714286	0.925925925925926	True	True	False	exploratory
11_+_118364677_118364703	30min	3	3	0.5074074074074074	0.4019157088122605	-0.1054916985951469	0.1054916985951469	0.4576285265504732	0.24355975580613956	0.0	0.8888888888888888	0.2	0.6724137931034483	True	True	False	exploratory
1_+_78620943_78620971	30min	2	2	0.2727272727272727	0.0	-0.2727272727272727	0.2727272727272727	0.385694607919935	0.0	0.0	0.5454545454545454	0.0	0.0	True	False	False	strong
1_+_161339561_161339588	30min	3	3	0.26809269162210336	0.37784188635581817	0.1097491947337148	0.1097491947337148	0.2503595363331791	0.058260853009493796	0.0588235294117647	0.5454545454545454	0.3157894736842105	0.4313725490196078	True	True	False	exploratory
8_+_144242601_144242628	30min	3	3	0.8271873790166473	0.4983709273182957	-0.3288164516983516	0.3288164516983516	0.13423432668884475	0.31144894097815506	0.7142857142857143	0.975609756097561	0.2	0.8214285714285714	True	True	False	strong
11_+_70350993_70351023	30min	2	3	0.569327731092437	0.7757109557109557	0.20638322461851877	0.20638322461851877	0.30601680026140504	0.1664329983732054	0.3529411764705882	0.7857142857142857	0.6363636363636364	0.96	True	False	False	strong
11_+_62141499_62141511	30min	2	3	0.8529411764705883	0.9824561403508772	0.12951496388028894	0.12951496388028894	0.2079725827019257	0.030386856273138165	0.7058823529411765	1.0	0.9473684210526316	1.0	True	False	False	exploratory
15_-_50346371_50346395	30min	2	3	0.18039215686274504	0.5429292929292929	0.3625371360665479	0.3625371360665479	0.1608321306228226	0.1628934689178802	0.0666666666666666	0.2941176470588235	0.3636363636363636	0.6818181818181818	True	False	True	strong
8_-_27290155_27290178	30min	2	3	0.6053639846743295	0.9063492063492062	0.30098522167487674	0.30098522167487674	0.07043975598026907	0.10966174888518015	0.5555555555555556	0.6551724137931034	0.7857142857142857	1.0	True	False	True	strong
11_-_78441090_78441117	30min	2	3	0.6958041958041958	0.5265700483091788	-0.16923414749501708	0.16923414749501708	0.2126265146225283	0.3602763686695898	0.5454545454545454	0.8461538461538461	0.2	0.9130434782608696	True	False	False	exploratory
17_-_16151589_16151616	30min	3	2	0.2159090909090909	0.4161490683229814	0.20023997741389046	0.20023997741389046	0.19384911487763615	0.21959837925048056	0.0	0.375	0.2608695652173913	0.5714285714285714	True	False	False	strong
12_+_62566013_62566031	30min	2	2	0.7708333333333333	1.0	0.22916666666666674	0.22916666666666674	0.14731391274719743	0.0	0.6666666666666666	0.875	1.0	1.0	True	False	True	strong
15_-_78294945_78294973	30min	2	2	1.0	0.4230769230769231	-0.5769230769230769	0.5769230769230769	0.0	0.5983211225424633	1.0	1.0	0.0	0.8461538461538461	True	False	True	strong
19_+_2097928_2097955	30min	2	3	0.6111111111111112	0.7851851851851852	0.17407407407407405	0.17407407407407405	0.5499719409228703	0.2225922844639514	0.2222222222222222	1.0	0.5555555555555556	1.0	True	False	False	exploratory
12_-_42322417_42322446	30min	3	3	0.4367955721679126	0.5419436530547641	0.10514808088685151	0.10514808088685151	0.1621819132510978	0.13715164464015303	0.2553191489361702	0.5675675675675675	0.3950617283950617	0.6666666666666666	True	True	False	exploratory
17_-_7676381_7676403	30min	3	3	0.5188120337374068	0.4038054538054537	-0.11500657993195312	0.11500657993195312	0.1024513206137568	0.07379955852799348	0.4230769230769231	0.6268656716417911	0.3571428571428571	0.4888888888888889	True	True	False	exploratory
6_+_31587943_31587966	30min	3	3	0.6639249639249639	0.47413775331395475	-0.18978721061100917	0.18978721061100917	0.2525670136567699	0.1639646916015943	0.3857142857142857	0.8787878787878788	0.3043478260869565	0.631578947368421	True	True	False	exploratory
19_-_3017839_3017859	30min	3	3	0.8690476190476191	1.0	0.13095238095238093	0.13095238095238093	0.2268161771816387	0.0	0.6071428571428571	1.0	1.0	1.0	True	True	False	exploratory
11_+_112230207_112230230	30min	3	3	0.6334659593280283	0.5125787046132831	-0.12088725471474515	0.12088725471474515	0.23368054187580178	0.049460892319071956	0.45	0.896551724137931	0.4556962025316455	0.5454545454545454	True	True	False	exploratory
19_+_18122106_18122127	30min	3	3	0.2857142857142857	0.7705627705627706	0.48484848484848486	0.48484848484848486	0.49487165930539345	0.3587527665882403	0.0	0.8571428571428571	0.3571428571428571	1.0	True	True	False	strong
16_+_57062158_57062173	30min	3	3	0.2836302552063663	0.16623277476122453	-0.11739748044514178	0.11739748044514178	0.031395068642548526	0.05000915534477584	0.2486187845303867	0.3092783505154639	0.1329787234042553	0.2237442922374429	True	True	True	exploratory
6_-_34247466_34247492	30min	2	3	1.0	0.8039215686274509	-0.1960784313725491	0.1960784313725491	0.0	0.17970885078258195	1.0	1.0	0.6470588235294118	1.0	True	False	False	exploratory
18_+_35972884_35972907	30min	3	3	0.43948615177889055	0.6014030414030413	0.1619168896241508	0.1619168896241508	0.1873614725856069	0.19945457967106126	0.2231404958677686	0.5481481481481482	0.4358974358974359	0.8228571428571428	True	True	False	exploratory
15_+_42402123_42402135	30min	3	3	0.800358422939068	0.318732729259045	-0.481625693680023	0.481625693680023	0.28997656268461786	0.10151217429727041	0.4677419354838709	1.0	0.2571428571428571	0.4358974358974359	True	True	True	strong
19_-_38922237_38922267	30min	3	3	0.521062271062271	0.16666666666666666	-0.35439560439560436	0.35439560439560436	0.1994803154409984	0.2886751345948129	0.3846153846153846	0.75	0.0	0.5	True	True	False	strong
10_+_97452894_97452923	30min	2	2	0.5	1.0	0.5	0.5	0.7071067811865476	0.0	0.0	1.0	1.0	1.0	True	False	False	strong
13_+_75840084_75840110	30min	3	3	0.5626811594202898	0.6635802469135803	0.10089908749329046	0.10089908749329046	0.3036800386056203	0.07541229458562107	0.375	0.9130434782608696	0.6111111111111112	0.75	True	True	False	exploratory
3_-_194437555_194437573	30min	2	3	0.4888888888888889	0.2693650793650793	-0.21952380952380957	0.21952380952380957	0.2514157444218835	0.14375616586073128	0.3111111111111111	0.6666666666666666	0.1071428571428571	0.3809523809523809	True	False	False	strong
17_+_82909284_82909307	30min	3	3	0.8142857142857144	1.0	0.1857142857142856	0.1857142857142856	0.17899948694488096	0.0	0.6428571428571429	1.0	1.0	1.0	True	True	False	exploratory
12_+_56117188_56117211	30min	3	3	0.8164137449851735	0.654036504036504	-0.16237724094866945	0.16237724094866945	0.13961212420851865	0.1457202243342146	0.717948717948718	0.9761904761904762	0.5227272727272727	0.8108108108108109	True	True	False	exploratory
12_+_56154812_56154840	30min	3	2	0.6120120120120119	0.375	-0.23701201201201194	0.23701201201201194	0.1271558139978896	0.1767766952966369	0.4666666666666667	0.7027027027027027	0.25	0.5	True	False	False	strong
6_+_43500743_43500772	30min	3	3	0.8726425438596491	0.750965250965251	-0.1216772928943981	0.1216772928943981	0.07525211789122284	0.23349498659931225	0.796875	0.9473684210526316	0.4864864864864865	0.9285714285714286	True	True	False	exploratory
1_-_1084480_1084506	30min	3	3	0.4761904761904761	0.7185185185185184	0.24232804232804234	0.24232804232804234	0.4364357804719847	0.39523915768752893	0.0	0.8571428571428571	0.2666666666666666	1.0	True	True	False	strong
10_+_110244827_110244857	30min	3	3	0.6665316824645965	0.7874475205576849	0.12091583809308837	0.12091583809308837	0.07799170217777676	0.1078691343956377	0.6037735849056604	0.7538461538461538	0.6698113207547169	0.8817204301075269	True	True	False	exploratory
6_-_32580246_32580270	30min	3	3	0.9407407407407407	0.7260658914728682	-0.2146748492678725	0.2146748492678725	0.08413197549333735	0.26229184704267605	0.8444444444444444	1.0	0.4375	0.95	True	True	False	strong
6_-_166322856_166322886	30min	3	3	0.29201680672268904	0.6508699633699634	0.35885315664727435	0.35885315664727435	0.13684519827299377	0.27725512146203385	0.1428571428571428	0.4117647058823529	0.4285714285714285	0.9615384615384616	True	True	True	strong
20_-_33669686_33669712	30min	3	2	0.33455882352941174	0.4473684210526315	0.11280959752321978	0.11280959752321978	0.29601867255000974	0.03721614637823934	0.0	0.5625	0.4210526315789473	0.4736842105263157	True	False	False	exploratory
7_-_92577654_92577676	30min	3	3	0.7471282593375617	0.6430167055167055	-0.10411155382085613	0.10411155382085613	0.027073712830453664	0.19876666550860422	0.7209302325581395	0.775	0.4242424242424242	0.8125	True	True	False	exploratory
19_+_19335717_19335735	30min	3	3	0.9716312056737588	0.855	-0.11663120567375884	0.11663120567375884	0.04913619312252135	0.13811227316933133	0.9148936170212766	1.0	0.725	1.0	True	True	False	exploratory
5_+_119492099_119492124	30min	2	2	0.3904761904761904	0.22619047619047616	-0.16428571428571426	0.16428571428571426	0.013468700594029546	0.08417937871268426	0.3809523809523809	0.4	0.1666666666666666	0.2857142857142857	True	False	True	exploratory
12_-_56350411_56350432	30min	3	3	0.3702693706870687	0.22846177944862153	-0.1418075912384472	0.1418075912384472	0.12028393536729551	0.17572554392701897	0.297029702970297	0.509090909090909	0.03125	0.3684210526315789	True	True	False	exploratory
10_-_12170899_12170908	30min	3	3	0.7619047619047619	0.4367775128829028	-0.3251272490218591	0.3251272490218591	0.25084889887744616	0.21217391017497003	0.5	1.0	0.2608695652173913	0.6724137931034483	True	True	False	strong
19_+_48477716_48477719	30min	3	3	0.5322510822510823	0.42063492063492064	-0.11161616161616167	0.11161616161616167	0.09118773006223711	0.18640490230659296	0.4285714285714285	0.6	0.2857142857142857	0.6333333333333333	True	True	False	exploratory
4_+_88676217_88676241	3hr	3	3	0.9761904761904763	0.7955555555555556	-0.1806349206349207	0.1806349206349207	0.041239304942116105	0.11339867397487179	0.9285714285714286	1.0	0.6666666666666666	0.88	True	True	True	exploratory
10_-_73439871_73439901	3hr	3	3	0.7770753460042963	0.9046296296296296	0.12755428362533328	0.12755428362533328	0.09392501507994556	0.08855550908498248	0.6923076923076923	0.8780487804878049	0.825	1.0	True	True	False	exploratory
5_+_57221375_57221396	3hr	3	3	0.7467343147410553	0.3970875047776161	-0.3496468099634392	0.3496468099634392	0.14307830943169886	0.06472475031630849	0.582089552238806	0.8409090909090909	0.3245614035087719	0.4489795918367347	True	True	True	strong
11_-_75271700_75271724	3hr	3	3	0.3101851851851852	0.5205128205128206	0.21032763532763538	0.21032763532763538	0.07897556532051844	0.07147364033213514	0.2222222222222222	0.375	0.4615384615384615	0.6	True	True	True	strong
X_-_154357250_154357274	3hr	3	3	0.7339657009313675	0.610629799856096	-0.12333590107527148	0.12333590107527148	0.018876043114411663	0.06511037697038821	0.7166666666666667	0.7540983606557377	0.5365853658536586	0.6589403973509934	True	True	True	exploratory
9_+_133054943_133054964	3hr	3	3	0.3791035353535353	0.20160335856724945	-0.17750017678628585	0.17750017678628585	0.12707872306439813	0.09441960270533728	0.28125	0.5227272727272727	0.1186440677966101	0.3043478260869565	True	True	False	exploratory
4_-_142202739_142202766	3hr	3	2	0.4932191653577882	0.8571428571428572	0.363923691785069	0.363923691785069	0.31919971567110417	0.20203050891044214	0.1764705882352941	0.8148148148148148	0.7142857142857143	1.0	True	False	False	strong
3_+_47819235_47819264	3hr	2	3	0.8125	0.6602564102564102	-0.15224358974358976	0.15224358974358976	0.2651650429449553	0.37993952596762676	0.625	1.0	0.25	1.0	True	False	False	exploratory
11_+_67416175_67416202	3hr	3	2	0.42372134038800696	0.668560606060606	0.244839265672599	0.244839265672599	0.18129455784052992	0.17409826051941513	0.2321428571428571	0.5925925925925926	0.5454545454545454	0.7916666666666666	True	False	False	strong
16_+_70550649_70550678	3hr	3	3	0.6234819734345352	0.29579627843851564	-0.3276856949960195	0.3276856949960195	0.06651772478906715	0.22123059051728464	0.5483870967741935	0.675	0.1111111111111111	0.5409836065573771	True	True	True	strong
19_+_47205103_47205129	3hr	3	3	0.16801619433198378	0.0579710144927536	-0.11004517983923018	0.11004517983923018	0.17329874271922663	0.10040874246776096	0.0	0.3461538461538461	0.0	0.1739130434782608	True	True	False	exploratory
9_-_137023837_137023840	3hr	3	3	0.7754595443833464	0.6568627450980392	-0.1185967992853072	0.1185967992853072	0.11234811340795099	0.29752923344104937	0.6716417910447762	0.8947368421052632	0.4705882352941176	1.0	True	True	False	exploratory
12_-_122514711_122514728	3hr	3	3	0.3050934097200119	0.0691823899371069	-0.23591101978290502	0.23591101978290502	0.12278179444913952	0.11982741436011098	0.1764705882352941	0.4210526315789473	0.0	0.2075471698113207	True	True	False	strong
16_-_89653903_89653923	3hr	3	3	0.7886904761904763	0.9677719527505445	0.17908147656006823	0.17908147656006823	0.1830538608890688	0.027370809223821502	0.6785714285714286	1.0	0.9385474860335196	0.9928057553956836	True	True	False	exploratory
20_+_2975214_2975241	3hr	3	3	0.31634669678147936	0.1304429429429429	-0.18590375383853647	0.18590375383853647	0.1857040726697684	0.058883403960868046	0.1136363636363636	0.4782608695652174	0.0625	0.1666666666666666	True	True	False	exploratory
22_-_41681539_41681559	3hr	3	3	0.24502804705750694	0.11963712823311677	-0.12539091882439019	0.12539091882439019	0.04304870151175994	0.018047915038650195	0.2011834319526627	0.2872340425531915	0.0989010989010989	0.1318051575931232	True	True	True	exploratory
5_+_65655635_65655653	3hr	3	3	1.0	0.8888888888888888	-0.11111111111111116	0.11111111111111116	0.0	0.1924500897298753	1.0	1.0	0.6666666666666666	1.0	True	True	False	exploratory
5_+_146481446_146481476	3hr	3	3	0.4722738218094255	0.368979850004518	-0.10329397180490751	0.10329397180490751	0.2049056012667931	0.05392991017069255	0.2666666666666666	0.6764705882352942	0.3235294117647059	0.4285714285714285	True	True	False	exploratory
10_+_90895453_90895483	3hr	3	3	0.10897435897435896	0.3773007926574885	0.26832643368312953	0.26832643368312953	0.12804477150921909	0.023654370652085477	0.0	0.25	0.36	0.4042553191489361	True	True	True	strong
19_-_39390259_39390289	3hr	3	3	0.32455296168054	0.6488867630612528	0.3243338013807128	0.3243338013807128	0.15830682675258917	0.009414631959819652	0.1836734693877551	0.4958677685950413	0.6428571428571429	0.6597353497164461	True	True	True	strong
6_-_32181605_32181632	3hr	3	3	0.44051932367149754	0.30158730158730157	-0.13893202208419597	0.13893202208419597	0.24536960666275687	0.287033989206748	0.25	0.717391304347826	0.0	0.5714285714285714	True	True	False	exploratory
16_-_70679314_70679323	3hr	3	2	1.0	0.6846153846153846	-0.3153846153846154	0.3153846153846154	0.0	0.1196642245084927	1.0	1.0	0.6	0.7692307692307693	True	False	True	strong
14_+_55061679_55061701	3hr	3	3	0.8193214570056774	0.9765195817827396	0.1571981247770622	0.1571981247770622	0.09321132455409084	0.012006453469973142	0.7129629629629629	0.8867924528301887	0.9649122807017544	0.9888888888888888	True	True	True	exploratory
14_+_103465423_103465450	3hr	3	3	0.46349206349206346	0.04	-0.4234920634920635	0.4234920634920635	0.08469410521875624	0.06928203230275509	0.3666666666666666	0.5238095238095238	0.0	0.12	True	True	True	strong
3_+_56559568_56559594	3hr	3	3	0.5038594149705261	0.8713219148001756	0.3674624998296495	0.3674624998296495	0.09731792235333765	0.11306415544186402	0.4054054054054054	0.6	0.7878787878787878	1.0	True	True	True	strong
10_+_6228195_6228218	3hr	3	3	0.027777777777777766	0.13751443834957103	0.10973666057179327	0.10973666057179327	0.048112522432468795	0.07648989158481184	0.0	0.0833333333333333	0.0617283950617283	0.2146892655367231	True	True	False	exploratory
22_-_29329711_29329720	3hr	3	3	0.5686783804430863	0.43003663003663	-0.13864175040645627	0.13864175040645627	0.07677323841192839	0.10867484106705814	0.5194805194805194	0.6571428571428571	0.3090909090909091	0.5194805194805194	True	True	False	exploratory
6_-_85538837_85538864	3hr	3	3	0.5695806100217865	0.19376114081996434	-0.3758194692018222	0.3758194692018222	0.2779003998540212	0.14738062344308103	0.3823529411764705	0.8888888888888888	0.1	0.3636363636363636	True	True	True	strong
5_+_32586491_32586501	3hr	3	3	0.6422147722435079	0.44637345679012347	-0.1958413154533844	0.1958413154533844	0.2738668103741617	0.24383784308134832	0.396551724137931	0.9375	0.21875	0.7037037037037037	True	True	False	exploratory
17_-_41896619_41896649	3hr	3	3	1.0	0.749546279491833	-0.25045372050816705	0.25045372050816705	0.0	0.2972586189707808	1.0	1.0	0.4210526315789473	1.0	True	True	False	strong
2_-_121409023_121409047	3hr	3	3	0.7836257309941521	0.382716049382716	-0.40090968161143614	0.40090968161143614	0.1875908179221689	0.34413234233990997	0.6666666666666666	1.0	0.0	0.6666666666666666	True	True	False	strong
12_-_110499534_110499546	3hr	2	3	0.5	0.9555555555555556	0.4555555555555556	0.4555555555555556	0.7071067811865476	0.07698003589195009	0.0	1.0	0.8666666666666667	1.0	True	False	False	strong
10_-_103105357_103105381	3hr	3	3	0.936936936936937	0.57698785742264	-0.359949079514297	0.359949079514297	0.10922842930614539	0.11462893374592324	0.8108108108108109	1.0	0.4782608695652174	0.7027027027027027	True	True	True	strong
4_+_27007982_27008006	3hr	3	3	0.5048948670891573	0.3376844688320098	-0.1672103982571475	0.1672103982571475	0.16915544766542312	0.10989259725050239	0.3414634146341463	0.6792452830188679	0.2459016393442623	0.4594594594594595	True	True	False	exploratory
4_-_82899712_82899737	3hr	3	3	0.6198879551820728	0.45477207977207973	-0.16511587540999312	0.16511587540999312	0.1384549947141068	0.009086432209524981	0.5	0.7714285714285715	0.4444444444444444	0.4615384615384615	True	True	True	exploratory
14_-_65101545_65101572	3hr	3	3	0.8998694885361552	0.7747178324885949	-0.1251516560475603	0.1251516560475603	0.08459637863670637	0.029094139911341337	0.8148148148148148	0.984	0.7464788732394366	0.8045977011494253	True	True	True	exploratory
14_-_21263310_21263336	3hr	3	3	0.2662915757673248	0.62492025481968	0.35862867905235524	0.35862867905235524	0.035171353339094054	0.023926083065277225	0.2273901808785529	0.295843520782396	0.6014814814814815	0.6493055555555556	True	True	True	strong
11_+_70350993_70351023	3hr	2	3	0.569327731092437	0.2974747474747475	-0.27185298361768945	0.27185298361768945	0.30601680026140504	0.0970209776022087	0.3529411764705882	0.7857142857142857	0.2333333333333333	0.4090909090909091	True	False	False	strong
15_-_50346371_50346395	3hr	2	3	0.18039215686274504	0.46375590936260397	0.2833637524998589	0.2833637524998589	0.1608321306228226	0.07581340879829811	0.0666666666666666	0.2941176470588235	0.3766233766233766	0.5146443514644351	True	False	True	strong
17_+_42985650_42985656	3hr	3	3	0.3333333333333333	0.09375	-0.23958333333333331	0.23958333333333331	0.5773502691896258	0.16237976320958225	0.0	1.0	0.0	0.28125	True	True	False	strong
5_-_151110626_151110644	3hr	3	3	0.8310847274689692	0.972934472934473	0.14184974546550377	0.14184974546550377	0.1652671893582627	0.02780515854122955	0.6697247706422018	1.0	0.9444444444444444	1.0	True	True	False	exploratory
8_-_27290155_27290178	3hr	2	3	0.6053639846743295	0.9333333333333332	0.32796934865900373	0.32796934865900373	0.07043975598026907	0.11547005383792514	0.5555555555555556	0.6551724137931034	0.8	1.0	True	False	True	strong
13_+_25319325_25319350	3hr	3	3	0.13015873015873014	0.8377692266581156	0.7076104964993855	0.7076104964993855	0.11282130567566259	0.03897706351657527	0.0	0.2	0.8051948051948052	0.8809523809523809	True	True	True	strong
15_-_52348817_52348826	3hr	3	2	0.9509803921568628	0.6111111111111112	-0.33986928104575165	0.33986928104575165	0.08490445135141557	0.5499719409228703	0.8529411764705882	1.0	0.2222222222222222	1.0	True	False	False	strong
12_+_62566013_62566031	3hr	2	3	0.7708333333333333	0.5242712842712843	-0.24656204906204893	0.24656204906204893	0.14731391274719743	0.16951985927975946	0.6666666666666666	0.875	0.4242424242424242	0.72	True	False	False	strong
19_+_2097928_2097955	3hr	2	2	0.6111111111111112	0.2	-0.41111111111111115	0.41111111111111115	0.5499719409228703	0.28284271247461906	0.2222222222222222	1.0	0.0	0.4	True	False	False	strong
12_-_42322417_42322446	3hr	3	3	0.4367955721679126	0.1949810606060606	-0.241814511561852	0.241814511561852	0.1621819132510978	0.1161234694926526	0.2553191489361702	0.5675675675675675	0.075	0.3068181818181818	True	True	False	strong
6_+_31587943_31587966	3hr	3	3	0.6639249639249639	0.5476190476190476	-0.11630591630591636	0.11630591630591636	0.2525670136567699	0.041239304942116105	0.3857142857142857	0.8787878787878788	0.5	0.5714285714285714	True	True	False	exploratory
6_+_169766637_169766667	3hr	3	3	0.9871794871794872	0.6761904761904761	-0.3109890109890111	0.3109890109890111	0.02220577958421636	0.2932343679683934	0.9615384615384616	1.0	0.4285714285714285	1.0	True	True	False	strong
9_+_128609650_128609665	3hr	3	3	0.466284348864994	0.19318585380290024	-0.2730984950620937	0.2730984950620937	0.05445907591878369	0.01800732438338783	0.4111111111111111	0.52	0.175	0.2110091743119266	True	True	True	strong
12_-_6549475_6549484	3hr	2	2	0.5	1.0	0.5	0.5	0.7071067811865476	0.0	0.0	1.0	1.0	1.0	True	False	False	strong
16_-_28905866_28905878	3hr	3	3	0.9833333333333334	0.8603896103896104	-0.12294372294372302	0.12294372294372302	0.028867513459481315	0.12100418930898849	0.95	1.0	0.7857142857142857	1.0	True	True	False	exploratory
11_+_112230207_112230230	3hr	3	3	0.6334659593280283	0.47894855668440567	-0.15451740264362263	0.15451740264362263	0.23368054187580178	0.08959239188120365	0.45	0.896551724137931	0.3773584905660377	0.5466666666666666	True	True	False	exploratory
19_+_53563762_53563792	3hr	3	3	0.11946267432321574	0.22216914877597815	0.10270647445276242	0.10270647445276242	0.07910365285989793	0.033532446242854924	0.0377358490566037	0.1956521739130435	0.2017543859649122	0.2608695652173913	True	True	True	exploratory
16_+_57062158_57062173	3hr	3	3	0.2836302552063663	0.0296296296296296	-0.2540006255767367	0.2540006255767367	0.031395068642548526	0.05132002392796668	0.2486187845303867	0.3092783505154639	0.0	0.0888888888888888	True	True	True	strong
9_+_128627924_128627942	3hr	3	3	0.8596598520589435	0.5980025966487955	-0.26165725541014795	0.26165725541014795	0.042358047425289834	0.052467674946869006	0.8247422680412371	0.9067796610169492	0.5539568345323741	0.6560509554140127	True	True	True	strong
18_+_35972884_35972907	3hr	3	3	0.43948615177889055	0.8073112073112073	0.36782505553231676	0.36782505553231676	0.1873614725856069	0.05806630156525714	0.2231404958677686	0.5481481481481482	0.7532467532467533	0.8686868686868687	True	True	True	strong
15_+_42402123_42402135	3hr	3	2	0.800358422939068	0.5	-0.300358422939068	0.300358422939068	0.28997656268461786	0.0	0.4677419354838709	1.0	0.5	0.5	True	False	False	strong
11_-_62852655_62852681	3hr	3	3	0.24504283865963813	0.10321969696969696	-0.14182314168994117	0.14182314168994117	0.025901167889486792	0.10989337510143446	0.2265625	0.2746478873239437	0.0	0.21875	True	True	True	exploratory
1_+_42659227_42659251	3hr	3	3	0.728102304149776	0.8376811594202899	0.10957885527051392	0.10957885527051392	0.2214617038538123	0.13660018054809406	0.4893617021276595	0.926829268292683	0.68	0.92	True	True	False	exploratory
3_+_42630545_42630575	3hr	3	3	0.22160020226183183	0.5058998739832742	0.2842996717214423	0.2842996717214423	0.10181991799019743	0.1580908880855658	0.1571428571428571	0.3389830508474576	0.3255813953488372	0.6206896551724138	True	True	False	strong
10_-_119161054_119161081	3hr	2	3	0.8361111111111111	0.3666666666666667	-0.46944444444444444	0.46944444444444444	0.04321208107251124	0.32145502536643183	0.8055555555555556	0.8666666666666667	0.0	0.6	True	False	True	strong
11_+_121306458_121306486	3hr	3	3	0.496937283685404	0.012342826969406901	-0.4845944567159971	0.4845944567159971	0.20854129709688826	0.017088741236540007	0.3673469387755102	0.7375	0.0	0.0318471337579617	True	True	True	strong
1_-_40312455_40312479	3hr	3	3	0.32675438596491224	0.75	0.42324561403508776	0.42324561403508776	0.05747957202667174	0.4330127018922193	0.2631578947368421	0.375	0.25	1.0	True	True	False	strong
10_+_97452894_97452923	3hr	2	2	0.5	0.71875	0.21875	0.21875	0.7071067811865476	0.2209708691207961	0.0	1.0	0.5625	0.875	True	False	False	strong
6_+_26448727_26448754	3hr	3	3	0.34245516388373526	0.1956252811515969	-0.14682988273213834	0.14682988273213834	0.043659250294963974	0.07470178354844091	0.3163265306122449	0.3928571428571428	0.1153846153846153	0.2631578947368421	True	True	True	exploratory
13_+_75840084_75840110	3hr	3	3	0.5626811594202898	0.9259259259259259	0.3632447665056361	0.3632447665056361	0.3036800386056203	0.12830005981991682	0.375	0.9130434782608696	0.7777777777777778	1.0	True	True	False	strong
12_+_132574318_132574348	3hr	3	3	0.5288239281065872	0.3657485216308745	-0.16307540647571267	0.16307540647571267	0.09696692388539273	0.06864053962429897	0.4310850439882698	0.625	0.2944444444444444	0.4313725490196078	True	True	False	exploratory
6_+_26373275_26373296	3hr	3	3	1.0	0.8829966329966329	-0.11700336700336711	0.11700336700336711	0.0	0.1152891403931697	1.0	1.0	0.75	0.9545454545454546	True	True	True	exploratory
14_+_31080572_31080584	3hr	2	3	1.0	0.8343343343343342	-0.16566566566566576	0.16566566566566576	0.0	0.09710354663161436	1.0	1.0	0.7222222222222222	0.8918918918918919	True	False	True	exploratory
6_+_43500743_43500772	3hr	3	3	0.8726425438596491	0.5757608617075111	-0.29688168215213806	0.29688168215213806	0.07525211789122284	0.08463207448555354	0.796875	0.9473684210526316	0.5057471264367817	0.6698113207547169	True	True	True	strong
2_+_135753538_135753567	3hr	3	3	0.165079365079365	0.37244428996253814	0.20736492488317315	0.20736492488317315	0.06660640700616267	0.02930553649297672	0.0892857142857142	0.2142857142857142	0.3428571428571428	0.4014598540145985	True	True	True	strong
10_+_110244827_110244857	3hr	3	3	0.6665316824645965	0.868266429242039	0.20173474677744252	0.20173474677744252	0.07799170217777676	0.07150359292782796	0.6037735849056604	0.7538461538461538	0.8051948051948052	0.945945945945946	True	True	True	strong
6_-_166322856_166322886	3hr	3	3	0.29201680672268904	0.5542667209333875	0.26224991421069843	0.26224991421069843	0.13684519827299377	0.0818405698039449	0.1428571428571428	0.4117647058823529	0.4814814814814814	0.6428571428571429	True	True	True	strong
20_-_33669686_33669712	3hr	3	2	0.33455882352941174	0.5166666666666667	0.18210784313725498	0.18210784313725498	0.29601867255000974	0.4478342947514801	0.0	0.5625	0.2	0.8333333333333334	True	False	False	exploratory
9_+_137206280_137206309	3hr	3	3	0.5444004524886877	0.25523973585989085	-0.2891607166287969	0.2891607166287969	0.32124642942280907	0.22139664185072014	0.1764705882352941	0.7692307692307693	0.0	0.3953488372093023	True	True	False	strong
5_+_176656894_176656924	3hr	3	2	0.34722222222222215	0.0	-0.34722222222222215	0.34722222222222215	0.3342002615421101	0.0	0.0	0.6666666666666666	0.0	0.0	True	False	False	strong
5_+_119492099_119492124	3hr	2	3	0.3904761904761904	0.5238095238095238	0.13333333333333341	0.13333333333333341	0.013468700594029546	0.5016977977548923	0.3809523809523809	0.4	0.0	1.0	True	False	False	exploratory
9_+_128598962_128598986	3hr	3	3	0.3463389739457427	0.5106522666046476	0.16431329265890487	0.16431329265890487	0.15383467947796514	0.07392061120559112	0.22	0.5176470588235295	0.4489795918367347	0.5925925925925926	True	True	False	exploratory
12_-_56350411_56350432	3hr	3	3	0.3702693706870687	0.1550127713920817	-0.21525659929498703	0.21525659929498703	0.12028393536729551	0.10461280176271895	0.297029702970297	0.509090909090909	0.0344827586206896	0.2222222222222222	True	True	True	strong
17_-_56895925_56895952	3hr	3	2	0.8571428571428571	1.0	0.1428571428571429	0.1428571428571429	0.24743582965269675	0.0	0.5714285714285714	1.0	1.0	1.0	True	False	False	exploratory
10_-_12170899_12170908	3hr	3	3	0.7619047619047619	0.37333333333333335	-0.3885714285714285	0.3885714285714285	0.25084889887744616	0.11015141094572205	0.5	1.0	0.3	0.5	True	True	False	strong
21_+_34103496_34103519	3hr	3	3	0.47792580982236155	0.280493498212293	-0.19743231161006852	0.19743231161006852	0.2646421684607243	0.15190896466487117	0.1724137931034483	0.6363636363636364	0.1904761904761904	0.4558823529411764	True	True	False	exploratory
19_-_5612539_5612567	3hr	3	3	0.7889192932671194	0.9720671064124575	0.18314781314533812	0.18314781314533812	0.02895860093993111	0.016672703572387825	0.7636363636363637	0.8205128205128205	0.957983193277311	0.9904761904761904	True	True	True	exploratory
6_+_26373386_26373413	3hr	3	3	1.0	0.8015873015873015	-0.19841269841269848	0.19841269841269848	0.0	0.20001889555486288	1.0	1.0	0.5714285714285714	0.9333333333333332	True	True	True	exploratory
16_+_28986539_28986569	3hr	3	3	0.5708808478840307	0.35907495584914945	-0.21180589203488126	0.21180589203488126	0.055350999984467894	0.20977095785651642	0.5189873417721519	0.6291390728476821	0.1923076923076923	0.5945945945945946	True	True	False	strong
19_+_48477716_48477719	3hr	3	3	0.5322510822510823	0.6462605462605463	0.11400946400946399	0.11400946400946399	0.09118773006223711	0.25506056742811317	0.4285714285714285	0.6	0.4324324324324324	0.9285714285714286	True	True	False	exploratory
4_+_88676217_88676241	12hr	3	2	0.9761904761904763	0.7638888888888888	-0.21230158730158744	0.21230158730158744	0.041239304942116105	0.019641855032959663	0.9285714285714286	1.0	0.75	0.7777777777777778	True	False	True	strong
10_-_73439871_73439901	12hr	3	3	0.7770753460042963	0.9493176957716579	0.17224234976736164	0.17224234976736164	0.09392501507994556	0.040382781794173025	0.6923076923076923	0.8780487804878049	0.9041095890410958	0.9818181818181818	True	True	True	exploratory
5_+_57221375_57221396	12hr	3	3	0.7467343147410553	0.23439153439153435	-0.512342780349521	0.512342780349521	0.14307830943169886	0.04773354840749853	0.582089552238806	0.8409090909090909	0.2	0.2888888888888888	True	True	True	strong
11_-_75271700_75271724	12hr	3	3	0.3101851851851852	0.41335814722911496	0.10317296204392978	0.10317296204392978	0.07897556532051844	0.1479867715715638	0.2222222222222222	0.375	0.25	0.5384615384615384	True	True	False	exploratory
8_-_54065787_54065813	12hr	3	3	0.0	0.12027027027027022	0.12027027027027022	0.12027027027027022	0.0	0.06122978788761721	0.0	0.0	0.05	0.1621621621621621	True	True	True	exploratory
X_-_154357250_154357274	12hr	3	3	0.7339657009313675	0.5620655721661795	-0.171900128765188	0.171900128765188	0.018876043114411663	0.008822235300618554	0.7166666666666667	0.7540983606557377	0.5521472392638037	0.5690376569037657	True	True	True	exploratory
9_+_133054943_133054964	12hr	3	3	0.3791035353535353	0.18941070404065238	-0.18969283131288292	0.18969283131288292	0.12707872306439813	0.07938748720116928	0.28125	0.5227272727272727	0.1224489795918367	0.2771084337349397	True	True	True	exploratory
4_-_142202739_142202766	12hr	3	3	0.4932191653577882	0.1026968200881244	-0.3905223452696638	0.3905223452696638	0.31919971567110417	0.069313975585125	0.1764705882352941	0.8148148148148148	0.0238095238095238	0.1538461538461538	True	True	True	strong
3_+_47819235_47819264	12hr	2	3	0.8125	0.5343434343434343	-0.27815656565656566	0.27815656565656566	0.2651650429449553	0.08991033863221683	0.625	1.0	0.4666666666666667	0.6363636363636364	True	False	False	strong
16_+_70550649_70550678	12hr	3	3	0.6234819734345352	0.09903401505576108	-0.5244479583787741	0.5244479583787741	0.06651772478906715	0.0206985926558702	0.5483870967741935	0.675	0.0754716981132075	0.1142857142857142	True	True	True	strong
1_-_156476493_156476514	12hr	3	3	0.049851263443496434	0.23025583982202447	0.18040457637852803	0.18040457637852803	0.050517743804363115	0.052445718505567465	0.0	0.101010101010101	0.1935483870967742	0.2903225806451613	True	True	True	exploratory
9_-_137023837_137023840	12hr	3	2	0.7754595443833464	0.9	0.12454045561665361	0.12454045561665361	0.11234811340795099	0.14142135623730948	0.6716417910447762	0.8947368421052632	0.8	1.0	True	False	False	exploratory
13_+_75809153_75809183	12hr	3	2	1.0	0.8015873015873016	-0.19841269841269837	0.19841269841269837	0.0	0.12346308877860349	1.0	1.0	0.7142857142857143	0.8888888888888888	True	False	True	exploratory
4_-_75918760_75918789	12hr	2	3	0.35185185185185186	0.7449506118236768	0.393098759971825	0.393098759971825	0.4975936608349779	0.13987332606366665	0.0	0.7037037037037037	0.5882352941176471	0.8571428571428571	True	False	False	strong
12_-_122514711_122514728	12hr	3	3	0.3050934097200119	0.015384615384615366	-0.28970879433539654	0.28970879433539654	0.12278179444913952	0.02664693550105962	0.1764705882352941	0.4210526315789473	0.0	0.0461538461538461	True	True	True	strong
8_+_22539468_22539498	12hr	3	3	0.8673569023569024	0.6342592592592592	-0.23309764309764325	0.23309764309764325	0.05748442901303384	0.1105657914487258	0.8181818181818182	0.9305555555555556	0.5111111111111111	0.725	True	True	True	strong
16_-_89653903_89653923	12hr	3	3	0.7886904761904763	0.9658214448570126	0.17713096866653633	0.17713096866653633	0.1830538608890688	0.01571613677651775	0.6785714285714286	1.0	0.9476744186046512	0.975	True	True	False	exploratory
12_+_9650332_9650361	12hr	3	3	0.18088460444541263	0.05623805623805623	-0.1246465482073564	0.1246465482073564	0.12244311104242848	0.05418625615686856	0.081967213114754	0.3178294573643411	0.0	0.1081081081081081	True	True	False	exploratory
11_+_63906087_63906114	12hr	3	3	0.0182310914018231	0.24716049382716046	0.22892940242533735	0.22892940242533735	0.016062994149005208	0.09325785699923424	0.0	0.0303030303030303	0.1481481481481481	0.3333333333333333	True	True	True	strong
20_+_2975214_2975241	12hr	3	3	0.31634669678147936	0.1898338220918866	-0.12651287468959277	0.12651287468959277	0.1857040726697684	0.08841597648659069	0.1136363636363636	0.4782608695652174	0.0967741935483871	0.2727272727272727	True	True	False	exploratory
22_-_41681539_41681559	12hr	3	3	0.24502804705750694	0.002624671916010467	-0.24240337514149649	0.24240337514149649	0.04304870151175994	0.004546065111729281	0.2011834319526627	0.2872340425531915	0.0	0.0078740157480314	True	True	True	strong
5_+_65655635_65655653	12hr	3	3	1.0	0.8158974358974359	-0.1841025641025641	0.1841025641025641	0.0	0.18014020399857147	1.0	1.0	0.64	1.0	True	True	False	exploratory
5_+_146481446_146481476	12hr	3	3	0.4722738218094255	0.0	-0.4722738218094255	0.4722738218094255	0.2049056012667931	0.0	0.2666666666666666	0.6764705882352942	0.0	0.0	True	True	True	strong
10_+_90895453_90895483	12hr	3	3	0.10897435897435896	0.4609727128628132	0.35199835388845424	0.35199835388845424	0.12804477150921909	0.02072664447759473	0.0	0.25	0.4403669724770642	0.4818181818181818	True	True	True	strong
19_-_39390259_39390289	12hr	3	3	0.32455296168054	0.6512355660530577	0.32668260437251767	0.32668260437251767	0.15830682675258917	0.009367444387715775	0.1836734693877551	0.4958677685950413	0.6414342629482072	0.6600985221674877	True	True	True	strong
14_+_105468337_105468349	12hr	3	3	0.08149058149058147	0.20456941231589118	0.12307883082530971	0.12307883082530971	0.07197311910015129	0.05278242985723059	0.0	0.1363636363636363	0.1486486486486486	0.2535211267605634	True	True	True	exploratory
5_-_141588223_141588250	12hr	3	3	0.2622568559419411	0.1272797404071014	-0.13497711553483968	0.13497711553483968	0.12348752100411846	0.035460188046809026	0.1325301204819277	0.3783783783783784	0.0871559633027523	0.1544117647058823	True	True	False	exploratory
6_-_32181605_32181632	12hr	3	3	0.44051932367149754	0.6803751803751803	0.23985585670368276	0.23985585670368276	0.24536960666275687	0.09163627256253114	0.25	0.717391304347826	0.6190476190476191	0.7857142857142857	True	True	False	strong
2_+_101868028_101868037	12hr	3	3	0.07086077674312963	0.47442680776014107	0.40356603101701144	0.40356603101701144	0.08299099693073872	0.12502157741409017	0.0	0.1621621621621621	0.3333333333333333	0.5714285714285714	True	True	True	strong
16_-_70679314_70679323	12hr	3	3	1.0	0.4444444444444444	-0.5555555555555556	0.5555555555555556	0.0	0.09622504486493764	1.0	1.0	0.3333333333333333	0.5	True	True	True	strong
14_+_55061679_55061701	12hr	3	3	0.8193214570056774	0.9834544201092433	0.16413296310356595	0.16413296310356595	0.09321132455409084	0.021214469315016533	0.7129629629629629	0.8867924528301887	0.9595375722543352	1.0	True	True	True	exploratory
14_+_103465423_103465450	12hr	3	3	0.46349206349206346	0.0	-0.46349206349206346	0.46349206349206346	0.08469410521875624	0.0	0.3666666666666666	0.5238095238095238	0.0	0.0	True	True	True	strong
12_-_57305639_57305663	12hr	3	3	0.1054673238408178	0.3649616368286445	0.2594943129878267	0.2594943129878267	0.09193593401562618	0.27393166922137907	0.0	0.1686746987951807	0.1	0.6470588235294118	True	True	False	strong
3_+_56559568_56559594	12hr	3	3	0.5038594149705261	0.9533333333333333	0.44947391836280715	0.44947391836280715	0.09731792235333765	0.05033222956847165	0.4054054054054054	0.6	0.9	1.0	True	True	True	strong
22_-_29329711_29329720	12hr	3	3	0.5686783804430863	0.4311307549688359	-0.13754762547425037	0.13754762547425037	0.07677323841192839	0.030872141419552454	0.5194805194805194	0.6571428571428571	0.4057971014492754	0.4655172413793103	True	True	True	exploratory
5_+_32586491_32586501	12hr	3	3	0.6422147722435079	0.1697712418300653	-0.47244353041344256	0.47244353041344256	0.2738668103741617	0.0480800480061719	0.396551724137931	0.9375	0.1372549019607843	0.225	True	True	True	strong
17_-_41896619_41896649	12hr	3	3	1.0	0.8620587789030364	-0.1379412210969636	0.1379412210969636	0.0	0.0604250858874601	1.0	1.0	0.8118811881188119	0.9291338582677166	True	True	True	exploratory
2_-_121409023_121409047	12hr	3	3	0.7836257309941521	0.35555555555555557	-0.42807017543859655	0.42807017543859655	0.1875908179221689	0.03849001794597508	0.6666666666666666	1.0	0.3333333333333333	0.4	True	True	True	strong
12_-_110499534_110499546	12hr	2	3	0.5	0.9265407794819559	0.4265407794819559	0.4265407794819559	0.7071067811865476	0.05419701845517755	0.0	1.0	0.8823529411764706	0.987012987012987	True	False	False	strong
10_-_103105357_103105381	12hr	3	3	0.936936936936937	0.5334948320413436	-0.4034421048955934	0.4034421048955934	0.10922842930614539	0.08926603216637358	0.8108108108108109	1.0	0.4333333333333333	0.6046511627906976	True	True	True	strong
7_-_43887789_43887816	12hr	2	3	1.0	0.8680555555555555	-0.13194444444444453	0.13194444444444453	0.0	0.16182194719070894	1.0	1.0	0.6875	1.0	True	False	False	exploratory
4_+_27007982_27008006	12hr	3	3	0.5048948670891573	0.18551587301587302	-0.3193789940732843	0.3193789940732843	0.16915544766542312	0.06549873349303202	0.3414634146341463	0.6792452830188679	0.119047619047619	0.25	True	True	True	strong
11_+_118364677_118364703	12hr	3	3	0.5074074074074074	0.12037037037037036	-0.38703703703703707	0.38703703703703707	0.4576285265504732	0.12525693757841375	0.0	0.8888888888888888	0.0	0.25	True	True	False	strong
1_+_78620943_78620971	12hr	2	3	0.2727272727272727	0.13095238095238093	-0.14177489177489178	0.14177489177489178	0.385694607919935	0.12542444943872308	0.0	0.5454545454545454	0.0	0.25	True	False	False	exploratory
4_-_82899712_82899737	12hr	3	3	0.6198879551820728	0.0	-0.6198879551820728	0.6198879551820728	0.1384549947141068	0.0	0.5	0.7714285714285715	0.0	0.0	True	True	True	strong
1_+_161339561_161339588	12hr	3	3	0.26809269162210336	0.0	-0.26809269162210336	0.26809269162210336	0.2503595363331791	0.0	0.0588235294117647	0.5454545454545454	0.0	0.0	True	True	True	strong
14_-_65101545_65101572	12hr	3	3	0.8998694885361552	0.7784084721319265	-0.12146101640422868	0.12146101640422868	0.08459637863670637	0.04468150034225311	0.8148148148148148	0.984	0.7300613496932515	0.8181818181818182	True	True	False	exploratory
14_-_21263310_21263336	12hr	3	3	0.2662915757673248	0.9155113022245005	0.6492197264571757	0.6492197264571757	0.035171353339094054	0.011393556449588072	0.2273901808785529	0.295843520782396	0.904688304997424	0.927400468384075	True	True	True	strong
1_+_39436481_39436490	12hr	3	3	0.8094325852946542	0.9895833333333334	0.18015074803867914	0.18015074803867914	0.10120870859981577	0.018042195912175808	0.6984126984126984	0.896551724137931	0.96875	1.0	True	True	True	exploratory
8_+_144242601_144242628	12hr	3	2	0.8271873790166473	0.7083333333333333	-0.11885404568331404	0.11885404568331404	0.13423432668884475	0.09820927516479831	0.7142857142857143	0.975609756097561	0.6388888888888888	0.7777777777777778	True	False	False	exploratory
11_+_70350993_70351023	12hr	2	3	0.569327731092437	0.17193173565722583	-0.3973959954352111	0.3973959954352111	0.30601680026140504	0.06930778841960722	0.3529411764705882	0.7857142857142857	0.1176470588235294	0.25	True	False	True	strong
15_-_50346371_50346395	12hr	2	3	0.18039215686274504	0.3831597965102458	0.20276763964750075	0.20276763964750075	0.1608321306228226	0.015270116171062843	0.0666666666666666	0.2941176470588235	0.3658536585365853	0.3947368421052631	True	False	True	strong
17_+_42985650_42985656	12hr	3	3	0.3333333333333333	0.6357598978288633	0.30242656449553	0.30242656449553	0.5773502691896258	0.3303387158660506	0.0	1.0	0.3555555555555555	1.0	True	True	False	strong
10_+_78040203_78040225	12hr	3	3	0.7310387120489756	0.13796618132008379	-0.5930725307288919	0.5930725307288919	0.024080731496342628	0.01342280180705964	0.7057627118644068	0.7537128712871287	0.1232876712328767	0.1496156120638675	True	True	True	strong
8_-_27290155_27290178	12hr	2	3	0.6053639846743295	0.9841518634622083	0.3787878787878788	0.3787878787878788	0.07043975598026907	0.015199482078480434	0.5555555555555556	0.6551724137931034	0.9696969696969696	1.0	True	False	True	strong
9_+_128162003_128162007	12hr	3	3	0.06151354446319637	0.17756410256410252	0.11605055810090614	0.11605055810090614	0.05359869777140832	0.08160686938508901	0.0038167938931297	0.1097560975609756	0.0833333333333333	0.225	True	True	False	exploratory
11_-_78441090_78441117	12hr	2	3	0.6958041958041958	0.5629214648822493	-0.13288273092194658	0.13288273092194658	0.2126265146225283	0.02631164497711705	0.5454545454545454	0.8461538461538461	0.5357142857142857	0.5882352941176471	True	False	False	exploratory
13_+_25319325_25319350	12hr	3	3	0.13015873015873014	1.0	0.8698412698412699	0.8698412698412699	0.11282130567566259	0.0	0.0	0.2	1.0	1.0	True	True	True	strong
22_+_30023456_30023483	12hr	3	3	0.4352770885028949	0.12280701754385964	-0.3124700709590353	0.3124700709590353	0.2469857923495381	0.21270799391196737	0.2307692307692307	0.7096774193548387	0.0	0.3684210526315789	True	True	False	strong
15_-_52348817_52348826	12hr	3	3	0.9509803921568628	0.6628787878787878	-0.28810160427807496	0.28810160427807496	0.08490445135141557	0.31986836565978555	0.8529411764705882	1.0	0.3636363636363636	1.0	True	True	False	strong
12_+_62566013_62566031	12hr	2	3	0.7708333333333333	0.4021164021164021	-0.36871693121693117	0.36871693121693117	0.14731391274719743	0.06009426820952669	0.6666666666666666	0.875	0.3333333333333333	0.4444444444444444	True	False	True	strong
12_-_42322417_42322446	12hr	3	3	0.4367955721679126	0.0	-0.4367955721679126	0.4367955721679126	0.1621819132510978	0.0	0.2553191489361702	0.5675675675675675	0.0	0.0	True	True	True	strong
10_-_71823887_71823896	12hr	3	3	0.19583550931319374	0.06156117994516804	-0.1342743293680257	0.1342743293680257	0.09542104809326986	0.013127453207478152	0.0909090909090909	0.2774193548387096	0.0476190476190476	0.0736842105263157	True	True	True	exploratory
9_+_128609650_128609665	12hr	3	3	0.466284348864994	0.08215088402756963	-0.38413346483742433	0.38413346483742433	0.05445907591878369	0.052718753583708075	0.4111111111111111	0.52	0.0212765957446808	0.1126760563380281	True	True	True	strong
16_-_67236410_67236434	12hr	2	3	0.6451612903225806	0.0817094017094017	-0.563451888613179	0.563451888613179	0.5018177156807757	0.1087389110576197	0.2903225806451613	1.0	0.0	0.2051282051282051	True	False	True	strong
12_-_6549475_6549484	12hr	2	2	0.5	0.8605769230769231	0.36057692307692313	0.36057692307692313	0.7071067811865476	0.020397310995765798	0.0	1.0	0.8461538461538461	0.875	True	False	False	strong
11_+_112230207_112230230	12hr	3	3	0.6334659593280283	0.49648908439231015	-0.13697687493571814	0.13697687493571814	0.23368054187580178	0.1366414996580842	0.45	0.896551724137931	0.3387096774193548	0.5757575757575758	True	True	False	exploratory
19_+_18122106_18122127	12hr	3	3	0.2857142857142857	0.8666666666666667	0.580952380952381	0.580952380952381	0.49487165930539345	0.23094010767585033	0.0	0.8571428571428571	0.6	1.0	True	True	False	strong
10_-_31839304_31839319	12hr	3	3	0.9824561403508772	0.7222222222222222	-0.26023391812865504	0.26023391812865504	0.030386856273138165	0.2545875386086578	0.9473684210526316	1.0	0.5	1.0	True	True	False	strong
9_+_128627924_128627942	12hr	3	3	0.8596598520589435	0.6379209094124292	-0.22173894264651428	0.22173894264651428	0.042358047425289834	0.20367583004807457	0.8247422680412371	0.9067796610169492	0.4107142857142857	0.8041237113402062	True	True	True	strong
18_+_35972884_35972907	12hr	3	3	0.43948615177889055	0.7464638608014288	0.30697770902253824	0.30697770902253824	0.1873614725856069	0.0387466337066279	0.2231404958677686	0.5481481481481482	0.7142857142857143	0.7894736842105263	True	True	True	strong
15_+_42402123_42402135	12hr	3	2	0.800358422939068	0.0	-0.800358422939068	0.800358422939068	0.28997656268461786	0.0	0.4677419354838709	1.0	0.0	0.0	True	False	True	strong
11_-_62852655_62852681	12hr	3	3	0.24504283865963813	0.0936799050006597	-0.15136293365897843	0.15136293365897843	0.025901167889486792	0.01830023916016033	0.2265625	0.2746478873239437	0.0769230769230769	0.1132075471698113	True	True	True	exploratory
1_+_42659227_42659251	12hr	3	3	0.728102304149776	0.9852692586331804	0.25716695448340443	0.25716695448340443	0.2214617038538123	0.012961832311344752	0.4893617021276595	0.926829268292683	0.975609756097561	1.0	True	True	True	strong
3_+_42630545_42630575	12hr	3	3	0.22160020226183183	0.6009752699407872	0.37937506767895535	0.37937506767895535	0.10181991799019743	0.10683403840341449	0.1571428571428571	0.3389830508474576	0.5333333333333333	0.7241379310344828	True	True	True	strong
19_-_38922237_38922267	12hr	3	3	0.521062271062271	0.8540863638902855	0.3330240928280145	0.3330240928280145	0.1994803154409984	0.0859946267906614	0.3846153846153846	0.75	0.7692307692307693	0.9411764705882352	True	True	True	strong
11_+_121306458_121306486	12hr	3	3	0.496937283685404	0.011904761904761899	-0.4850325217806421	0.4850325217806421	0.20854129709688826	0.020619652471058056	0.3673469387755102	0.7375	0.0	0.0357142857142857	True	True	True	strong
10_+_97452894_97452923	12hr	2	3	0.5	0.8961653015636634	0.39616530156366336	0.39616530156366336	0.7071067811865476	0.08515784516607622	0.0	1.0	0.8	0.9620253164556962	True	False	False	strong
13_+_75840084_75840110	12hr	3	2	0.5626811594202898	1.0	0.43731884057971016	0.43731884057971016	0.3036800386056203	0.0	0.375	0.9130434782608696	1.0	1.0	True	False	True	strong
17_+_82909284_82909307	12hr	3	3	0.8142857142857144	0.9323853615520283	0.11809964726631395	0.11809964726631395	0.17899948694488096	0.05371397902151155	0.6428571428571429	1.0	0.8703703703703703	0.9642857142857144	True	True	False	exploratory
12_+_132574318_132574348	12hr	3	3	0.5288239281065872	0.3464995227938343	-0.1823244053127529	0.1823244053127529	0.09696692388539273	0.04316371257621355	0.4310850439882698	0.625	0.2978723404255319	0.380281690140845	True	True	True	exploratory
6_+_26373275_26373296	12hr	3	3	1.0	0.78676525290923	-0.21323474709076995	0.21323474709076995	0.0	0.1172618235397408	1.0	1.0	0.6565656565656566	0.8840579710144928	True	True	True	strong
6_+_43500743_43500772	12hr	3	3	0.8726425438596491	0.5477702669241816	-0.3248722769354675	0.3248722769354675	0.07525211789122284	0.15006579735119996	0.796875	0.9473684210526316	0.375	0.6456692913385826	True	True	True	strong
2_+_135753538_135753567	12hr	3	3	0.165079365079365	0.4668123684636554	0.30173300338429043	0.30173300338429043	0.06660640700616267	0.07651168608964921	0.0892857142857142	0.2142857142857142	0.3793103448275862	0.5211267605633803	True	True	True	strong
10_+_110244827_110244857	12hr	3	3	0.6665316824645965	0.9555555555555556	0.2890238730909591	0.2890238730909591	0.07799170217777676	0.07698003589195009	0.6037735849056604	0.7538461538461538	0.8666666666666667	1.0	True	True	True	strong
6_-_166322856_166322886	12hr	3	3	0.29201680672268904	0.5547201336675021	0.262703326944813	0.262703326944813	0.13684519827299377	0.047466742612339324	0.1428571428571428	0.4117647058823529	0.5	0.5847953216374269	True	True	True	strong
20_-_33669686_33669712	12hr	3	2	0.33455882352941174	0.75	0.41544117647058826	0.41544117647058826	0.29601867255000974	0.3535533905932738	0.0	0.5625	0.5	1.0	True	False	False	strong
2_+_86131077_86131106	12hr	3	3	0.8386838996595095	0.7260982866650881	-0.11258561299442138	0.11258561299442138	0.05497043179740067	0.01747554277577433	0.7777777777777778	0.8846153846153846	0.7120418848167539	0.7456647398843931	True	True	True	exploratory
7_-_92577654_92577676	12hr	3	2	0.7471282593375617	0.3598484848484848	-0.38727977448907686	0.38727977448907686	0.027073712830453664	0.3910514774743786	0.7209302325581395	0.775	0.0833333333333333	0.6363636363636364	True	False	True	strong
9_+_137206280_137206309	12hr	3	3	0.5444004524886877	0.20902800980064595	-0.3353724426880418	0.3353724426880418	0.32124642942280907	0.040298680416642745	0.1764705882352941	0.7692307692307693	0.1625	0.2328767123287671	True	True	False	strong
5_+_176656894_176656924	12hr	3	3	0.34722222222222215	0.10256410256410257	-0.24465811965811957	0.24465811965811957	0.3342002615421101	0.177646236673731	0.0	0.6666666666666666	0.0	0.3076923076923077	True	True	False	strong
5_+_119492099_119492124	12hr	2	3	0.3904761904761904	0.5367901869960542	0.14631399651986376	0.14631399651986376	0.013468700594029546	0.09807633965464577	0.3809523809523809	0.4	0.4776119402985074	0.65	True	False	True	exploratory
9_+_128598962_128598986	12hr	3	3	0.3463389739457427	0.48374760514780374	0.13740863120206104	0.13740863120206104	0.15383467947796514	0.06483937852842625	0.22	0.5176470588235295	0.4245283018867924	0.553030303030303	True	True	False	exploratory
12_-_56350411_56350432	12hr	3	3	0.3702693706870687	0.2177442864520099	-0.1525250842350588	0.1525250842350588	0.12028393536729551	0.030946331924050215	0.297029702970297	0.509090909090909	0.1824817518248175	0.2403846153846154	True	True	True	exploratory
10_-_12170899_12170908	12hr	3	3	0.7619047619047619	0.4844944508576547	-0.27741031104710717	0.27741031104710717	0.25084889887744616	0.012262032675941573	0.5	1.0	0.4708029197080292	0.4944649446494465	True	True	True	strong
21_+_34103496_34103519	12hr	3	3	0.47792580982236155	0.0583319225777326	-0.4195938872446289	0.4195938872446289	0.2646421684607243	0.011908661248479366	0.1724137931034483	0.6363636363636364	0.0446927374301676	0.0666666666666666	True	True	True	strong
19_-_5612539_5612567	12hr	3	3	0.7889192932671194	0.9950248756218905	0.20610558235477106	0.20610558235477106	0.02895860093993111	0.008617168196860111	0.7636363636363637	0.8205128205128205	0.9850746268656716	1.0	True	True	True	strong
6_+_26373386_26373413	12hr	3	3	1.0	0.7052287581699347	-0.2947712418300653	0.2947712418300653	0.0	0.15429682411533105	1.0	1.0	0.6	0.8823529411764706	True	True	True	strong
16_+_28986539_28986569	12hr	3	3	0.5708808478840307	0.419993389348228	-0.1508874585358027	0.1508874585358027	0.055350999984467894	0.07138556333606344	0.5189873417721519	0.6291390728476821	0.3580645161290323	0.4980694980694981	True	True	True	exploratory
3_+_184189254_184189277	12hr	3	3	0.2801217691492255	0.38162104535925295	0.10149927621002747	0.10149927621002747	0.054235953762699615	0.012081287256443547	0.2413793103448276	0.3421052631578947	0.3697916666666667	0.3939393939393939	True	True	True	exploratory
7_+_74755508_74755537	12hr	3	3	0.8867910447761194	0.9869474890751486	0.10015644429902926	0.10015644429902926	0.034244462700745236	0.008864957326980248	0.86	0.9253731343283582	0.9772727272727272	0.9946808510638298	True	True	True	exploratory
4_+_53440581_53440608	12hr	3	3	0.26556225300387204	0.15607226745840605	-0.10948998554546599	0.10948998554546599	0.06865797061879263	0.05045234349120157	0.202127659574468	0.3384615384615385	0.1071428571428571	0.2079207920792079	True	True	False	exploratory
2_-_25835537_25835540	12hr	3	3	1.0	0.8997979797979797	-0.10020202020202029	0.10020202020202029	0.0	0.12480336538829251	1.0	1.0	0.76	1.0	True	True	False	exploratory
4_+_88676217_88676241	24hr	3	3	0.9761904761904763	0.8745098039215686	-0.10168067226890765	0.10168067226890765	0.041239304942116105	0.10931262639032434	0.9285714285714286	1.0	0.8	1.0	True	True	False	exploratory
10_-_73439871_73439901	24hr	3	3	0.7770753460042963	0.8979497931110835	0.12087444710678719	0.12087444710678719	0.09392501507994556	0.11365973078623466	0.6923076923076923	0.8780487804878049	0.7702702702702703	0.988095238095238	True	True	False	exploratory
5_+_57221375_57221396	24hr	3	3	0.7467343147410553	0.2437694844247338	-0.5029648303163216	0.5029648303163216	0.14307830943169886	0.07519324128381494	0.582089552238806	0.8409090909090909	0.189873417721519	0.3296703296703296	True	True	True	strong
X_-_154357250_154357274	24hr	3	3	0.7339657009313675	0.4951533790096543	-0.2388123219217132	0.2388123219217132	0.018876043114411663	0.018454443695367594	0.7166666666666667	0.7540983606557377	0.4838056680161943	0.5164473684210527	True	True	True	strong
4_-_142202739_142202766	24hr	3	3	0.4932191653577882	0.16989039329464858	-0.3233287720631396	0.3233287720631396	0.31919971567110417	0.07070110966441026	0.1764705882352941	0.8148148148148148	0.0909090909090909	0.2272727272727272	True	True	False	strong
3_+_47819235_47819264	24hr	2	3	0.8125	0.5102707749766573	-0.3022292250233427	0.3022292250233427	0.2651650429449553	0.10402244054306582	0.625	1.0	0.4117647058823529	0.6190476190476191	True	False	True	strong
17_-_35014739_35014763	24hr	3	3	1.0	0.8982456140350877	-0.10175438596491226	0.10175438596491226	0.0	0.1000461573991807	1.0	1.0	0.8	1.0	True	True	False	exploratory
11_+_67416175_67416202	24hr	3	2	0.42372134038800696	0.8	0.3762786596119931	0.3762786596119931	0.18129455784052992	0.28284271247461906	0.2321428571428571	0.5925925925925926	0.6	1.0	True	False	True	strong
16_+_70550649_70550678	24hr	3	3	0.6234819734345352	0.08715659050448173	-0.5363253829300534	0.5363253829300534	0.06651772478906715	0.031476131275883744	0.5483870967741935	0.675	0.0523560209424083	0.1136363636363636	True	True	True	strong
1_-_156476493_156476514	24hr	3	3	0.049851263443496434	0.19248366013071894	0.1426323966872225	0.1426323966872225	0.050517743804363115	0.10559298391443617	0.0	0.101010101010101	0.0833333333333333	0.2941176470588235	True	True	False	exploratory
9_-_137023837_137023840	24hr	3	3	0.7754595443833464	0.9027777777777778	0.12731823339443138	0.12731823339443138	0.11234811340795099	0.08673608331108884	0.6716417910447762	0.8947368421052632	0.8333333333333334	1.0	True	True	False	exploratory
4_-_75918760_75918789	24hr	2	3	0.35185185185185186	0.6282096171802053	0.27635776532835343	0.27635776532835343	0.4975936608349779	0.2858339955193526	0.0	0.7037037037037037	0.3809523809523809	0.9411764705882352	True	False	False	strong
12_-_122514711_122514728	24hr	3	3	0.3050934097200119	0.014184397163120567	-0.29090901255689133	0.29090901255689133	0.12278179444913952	0.024568096561260667	0.1764705882352941	0.4210526315789473	0.0	0.0425531914893617	True	True	True	strong
8_+_22539468_22539498	24hr	3	3	0.8673569023569024	0.557602554654876	-0.3097543477020265	0.3097543477020265	0.05748442901303384	0.06653769863873296	0.8181818181818182	0.9305555555555556	0.5	0.6304347826086957	True	True	True	strong
16_-_89653903_89653923	24hr	3	3	0.7886904761904763	0.9300401555742384	0.14134967938376208	0.14134967938376208	0.1830538608890688	0.021629690413768103	0.6785714285714286	1.0	0.9064327485380116	0.948905109489051	True	True	False	exploratory
11_+_63906087_63906114	24hr	3	3	0.0182310914018231	0.23029439696106357	0.21206330555924047	0.21206330555924047	0.016062994149005208	0.13737640434083798	0.0	0.0303030303030303	0.1481481481481481	0.3888888888888889	True	True	True	strong
22_-_41681539_41681559	24hr	3	3	0.24502804705750694	0.0011695906432748332	-0.24385845641423212	0.24385845641423212	0.04304870151175994	0.0020257904182091778	0.2011834319526627	0.2872340425531915	0.0	0.0035087719298245	True	True	True	strong
5_+_65655635_65655653	24hr	3	3	1.0	0.844142785319256	-0.15585721468074398	0.15585721468074398	0.0	0.1367179370479205	1.0	1.0	0.6862745098039216	0.9230769230769232	True	True	True	exploratory
5_+_146481446_146481476	24hr	3	3	0.4722738218094255	0.0	-0.4722738218094255	0.4722738218094255	0.2049056012667931	0.0	0.2666666666666666	0.6764705882352942	0.0	0.0	True	True	True	strong
10_+_90895453_90895483	24hr	3	3	0.10897435897435896	0.4962650731706712	0.3872907141963122	0.3872907141963122	0.12804477150921909	0.08927277347942901	0.0	0.25	0.3932038834951456	0.549645390070922	True	True	True	strong
19_-_39390259_39390289	24hr	3	3	0.32455296168054	0.6700053704379231	0.3454524087573831	0.3454524087573831	0.15830682675258917	0.09401489995296614	0.1836734693877551	0.4958677685950413	0.5982142857142857	0.7764227642276422	True	True	True	strong
5_-_141588223_141588250	24hr	3	3	0.2622568559419411	0.15941123030408744	-0.10284562563785365	0.10284562563785365	0.12348752100411846	0.010359085996266521	0.1325301204819277	0.3783783783783784	0.1476923076923077	0.1673469387755102	True	True	False	exploratory
2_+_101868028_101868037	24hr	3	3	0.07086077674312963	0.4002760524499654	0.32941527570683576	0.32941527570683576	0.08299099693073872	0.26201998572872953	0.0	0.1621621621621621	0.1428571428571428	0.6666666666666666	True	True	False	strong
1_+_28457831_28457855	24hr	2	3	0.15625	0.33809523809523806	0.18184523809523806	0.18184523809523806	0.2209708691207961	0.07867957924694428	0.0	0.3125	0.2857142857142857	0.4285714285714285	True	False	False	exploratory
16_-_70679314_70679323	24hr	3	2	1.0	0.46753246753246747	-0.5324675324675325	0.5324675324675325	0.0	0.1469312792075943	1.0	1.0	0.3636363636363636	0.5714285714285714	True	False	True	strong
14_+_55061679_55061701	24hr	3	3	0.8193214570056774	0.9742802448870229	0.15495878788134554	0.15495878788134554	0.09321132455409084	0.01523546197372029	0.7129629629629629	0.8867924528301887	0.9652173913043478	0.991869918699187	True	True	True	exploratory
14_+_103465423_103465450	24hr	3	3	0.46349206349206346	0.0	-0.46349206349206346	0.46349206349206346	0.08469410521875624	0.0	0.3666666666666666	0.5238095238095238	0.0	0.0	True	True	True	strong
12_-_57305639_57305663	24hr	3	3	0.1054673238408178	0.4608225108225108	0.355355186981693	0.355355186981693	0.09193593401562618	0.09659428917170301	0.0	0.1686746987951807	0.3809523809523809	0.5681818181818182	True	True	True	strong
3_+_56559568_56559594	24hr	3	3	0.5038594149705261	0.8680961663417803	0.3642367513712542	0.3642367513712542	0.09731792235333765	0.11493262907189307	0.4054054054054054	0.6	0.7894736842105263	1.0	True	True	True	strong
22_-_29329711_29329720	24hr	3	3	0.5686783804430863	0.4040429505135387	-0.16463542992954755	0.16463542992954755	0.07677323841192839	0.046380975162535996	0.5194805194805194	0.6571428571428571	0.3542857142857142	0.446078431372549	True	True	True	exploratory
3_+_133587158_133587161	24hr	3	3	0.28362999452654625	0.10077819426815994	-0.18285180025838632	0.18285180025838632	0.17721988292126634	0.03400195811367542	0.1724137931034483	0.488	0.0616740088105726	0.1233766233766233	True	True	True	exploratory
6_-_85538837_85538864	24hr	3	3	0.5695806100217865	0.20912698412698408	-0.36045362589480245	0.36045362589480245	0.2779003998540212	0.06645729594581266	0.3823529411764705	0.8888888888888888	0.1666666666666666	0.2857142857142857	True	True	True	strong
5_+_32586491_32586501	24hr	3	3	0.6422147722435079	0.0896851286728167	-0.5525296435706912	0.5525296435706912	0.2738668103741617	0.03562394123912025	0.396551724137931	0.9375	0.0490196078431372	0.1153846153846153	True	True	True	strong
17_-_41896619_41896649	24hr	3	3	1.0	0.824162217552678	-0.17583778244732196	0.17583778244732196	0.0	0.0364384430018679	1.0	1.0	0.7843866171003717	0.8559322033898306	True	True	True	exploratory
2_-_121409023_121409047	24hr	3	3	0.7836257309941521	0.4194266381766381	-0.364199092817514	0.364199092817514	0.1875908179221689	0.272942425115486	0.6666666666666666	1.0	0.1923076923076923	0.7222222222222222	True	True	False	strong
12_-_110499534_110499546	24hr	2	3	0.5	0.9027288165709776	0.4027288165709776	0.4027288165709776	0.7071067811865476	0.049605537697231195	0.0	1.0	0.8454545454545455	0.9320388349514565	True	False	False	strong
X_+_150712341_150712365	24hr	3	3	1.0	0.8585417258690917	-0.14145827413090828	0.14145827413090828	0.0	0.048663827194076706	1.0	1.0	0.8194444444444444	0.9130434782608696	True	True	True	exploratory
10_-_103105357_103105381	24hr	3	3	0.936936936936937	0.33173726615972354	-0.6051996707772135	0.6051996707772135	0.10922842930614539	0.14896939385711047	0.8108108108108109	1.0	0.1951219512195122	0.490566037735849	True	True	True	strong
4_+_27007982_27008006	24hr	3	3	0.5048948670891573	0.14603174603174598	-0.35886312105741136	0.35886312105741136	0.16915544766542312	0.0667233319269324	0.3414634146341463	0.6792452830188679	0.0714285714285714	0.2	True	True	True	strong
11_+_118364677_118364703	24hr	3	3	0.5074074074074074	0.06349206349206347	-0.44391534391534393	0.44391534391534393	0.4576285265504732	0.10997147984564296	0.0	0.8888888888888888	0.0	0.1904761904761904	True	True	False	strong
4_-_82899712_82899737	24hr	3	3	0.6198879551820728	0.0	-0.6198879551820728	0.6198879551820728	0.1384549947141068	0.0	0.5	0.7714285714285715	0.0	0.0	True	True	True	strong
1_+_161339561_161339588	24hr	3	3	0.26809269162210336	0.005578800557880033	-0.26251389106422335	0.26251389106422335	0.2503595363331791	0.009662766011541816	0.0588235294117647	0.5454545454545454	0.0	0.0167364016736401	True	True	True	strong
14_-_21263310_21263336	24hr	3	3	0.2662915757673248	0.9222332079142245	0.6559416321468996	0.6559416321468996	0.035171353339094054	0.0060701045151810105	0.2273901808785529	0.295843520782396	0.9170476812540824	0.9289099526066352	True	True	True	strong
1_+_39436481_39436490	24hr	3	3	0.8094325852946542	0.9937106918238993	0.18427810652924503	0.18427810652924503	0.10120870859981577	0.0108934013054647	0.6984126984126984	0.896551724137931	0.981132075471698	1.0	True	True	True	exploratory
8_+_144242601_144242628	24hr	3	3	0.8271873790166473	0.6917402438558269	-0.1354471351608204	0.1354471351608204	0.13423432668884475	0.1566896591105759	0.7142857142857143	0.975609756097561	0.5294117647058824	0.8421052631578947	True	True	False	exploratory
11_+_70350993_70351023	24hr	2	3	0.569327731092437	0.15822423775705197	-0.411103493335385	0.411103493335385	0.30601680026140504	0.11673115399689246	0.3529411764705882	0.7857142857142857	0.0689655172413793	0.2903225806451613	True	False	True	strong
11_+_62141499_62141511	24hr	2	3	0.8529411764705883	0.5385964912280702	-0.31434468524251813	0.31434468524251813	0.2079725827019257	0.24440177024746026	0.7058823529411765	1.0	0.3157894736842105	0.8	True	False	False	strong
15_-_50346371_50346395	24hr	2	3	0.18039215686274504	0.4212171311604472	0.24082497429770214	0.24082497429770214	0.1608321306228226	0.11642203378170245	0.0666666666666666	0.2941176470588235	0.293103448275862	0.5205479452054794	True	False	False	strong
10_+_78040203_78040225	24hr	3	3	0.7310387120489756	0.07154170214987267	-0.659497009899103	0.659497009899103	0.024080731496342628	0.008935784795189226	0.7057627118644068	0.7537128712871287	0.0614406779661017	0.0784157363104731	True	True	True	strong
10_+_99750368_99750396	24hr	3	3	1.0	0.8644911171333937	-0.13550888286660634	0.13550888286660634	0.0	0.05588561853975068	1.0	1.0	0.8148148148148148	0.925	True	True	True	exploratory
8_-_27290155_27290178	24hr	2	3	0.6053639846743295	0.9714285714285715	0.366064586754242	0.366064586754242	0.07043975598026907	0.049487165930539305	0.5555555555555556	0.6551724137931034	0.9142857142857144	1.0	True	False	True	strong
9_+_128162003_128162007	24hr	3	3	0.06151354446319637	0.1885284421048797	0.12701489764168333	0.12701489764168333	0.05359869777140832	0.09718018094393731	0.0038167938931297	0.1097560975609756	0.1129032258064516	0.2981366459627329	True	True	True	exploratory
11_-_78441090_78441117	24hr	2	3	0.6958041958041958	0.5365614347812491	-0.15924276102294677	0.15924276102294677	0.2126265146225283	0.02807442135310432	0.5454545454545454	0.8461538461538461	0.5098039215686274	0.5657894736842105	True	False	False	exploratory
13_+_25319325_25319350	24hr	3	3	0.13015873015873014	0.9869791666666666	0.8568204365079365	0.8568204365079365	0.11282130567566259	0.022552744890219755	0.0	0.2	0.9609375	1.0	True	True	True	strong
17_-_16151589_16151616	24hr	3	3	0.2159090909090909	0.3407193958664547	0.12481030495736381	0.12481030495736381	0.19384911487763615	0.1810751171758186	0.0	0.375	0.1875	0.5405405405405406	True	True	False	exploratory
19_-_14152132_14152150	24hr	3	3	0.7839937071010797	0.5613819999065901	-0.22261170719448964	0.22261170719448964	0.1224276350731627	0.04723145495630658	0.6511627906976745	0.8923076923076924	0.5277777777777778	0.6153846153846154	True	True	True	strong
22_+_30023456_30023483	24hr	3	3	0.4352770885028949	0.3078703703703704	-0.12740671813252452	0.12740671813252452	0.2469857923495381	0.028065638085606793	0.2307692307692307	0.7096774193548387	0.2777777777777778	0.3333333333333333	True	True	False	exploratory
15_-_52348817_52348826	24hr	3	3	0.9509803921568628	0.6868686868686869	-0.26411170528817596	0.26411170528817596	0.08490445135141557	0.3351648489502436	0.8529411764705882	1.0	0.3333333333333333	1.0	True	True	False	strong
12_+_62566013_62566031	24hr	2	3	0.7708333333333333	0.2835249042145594	-0.48730842911877387	0.48730842911877387	0.14731391274719743	0.26219328905633144	0.6666666666666666	0.875	0.0	0.5172413793103449	True	False	True	strong
19_+_2097928_2097955	24hr	2	2	0.6111111111111112	0.7222222222222222	0.11111111111111105	0.11111111111111105	0.5499719409228703	0.3928371006591931	0.2222222222222222	1.0	0.4444444444444444	1.0	True	False	False	exploratory
12_-_42322417_42322446	24hr	3	3	0.4367955721679126	0.008872532237818068	-0.4279230399300945	0.4279230399300945	0.1621819132510978	0.008061713809195577	0.2553191489361702	0.5675675675675675	0.0	0.0157480314960629	True	True	True	strong
10_-_71823887_71823896	24hr	3	3	0.19583550931319374	0.05656952753806987	-0.13926598177512386	0.13926598177512386	0.09542104809326986	0.02862192227451843	0.0909090909090909	0.2774193548387096	0.0301204819277108	0.0869565217391304	True	True	True	exploratory
6_+_31587943_31587966	24hr	3	3	0.6639249639249639	0.5324074074074073	-0.1315175565175566	0.1315175565175566	0.2525670136567699	0.21531511026358308	0.3857142857142857	0.8787878787878788	0.375	0.7777777777777778	True	True	False	exploratory
9_+_128609650_128609665	24hr	3	3	0.466284348864994	0.04771687467267457	-0.41856747419231943	0.41856747419231943	0.05445907591878369	0.028974721137076546	0.4111111111111111	0.52	0.0142857142857142	0.0655737704918032	True	True	True	strong
16_-_67236410_67236434	24hr	2	3	0.6451612903225806	0.13733503618561083	-0.5078262541369698	0.5078262541369698	0.5018177156807757	0.04815091463901464	0.2903225806451613	1.0	0.0888888888888888	0.1851851851851851	True	False	True	strong
19_-_3017839_3017859	24hr	3	2	0.8690476190476191	1.0	0.13095238095238093	0.13095238095238093	0.2268161771816387	0.0	0.6071428571428571	1.0	1.0	1.0	True	False	False	exploratory
12_-_6549475_6549484	24hr	2	3	0.5	0.6416666666666667	0.14166666666666672	0.14166666666666672	0.7071067811865476	0.3412599204907212	0.0	1.0	0.25	0.875	True	False	False	exploratory
19_+_18122106_18122127	24hr	3	3	0.2857142857142857	0.8518518518518517	0.566137566137566	0.566137566137566	0.49487165930539345	0.25660011963983365	0.0	0.8571428571428571	0.5555555555555556	1.0	True	True	False	strong
10_-_31839304_31839319	24hr	3	2	0.9824561403508772	0.0	-0.9824561403508772	0.9824561403508772	0.030386856273138165	0.0	0.9473684210526316	1.0	0.0	0.0	True	False	True	strong
16_+_57062158_57062173	24hr	3	3	0.2836302552063663	0.10960626674912387	-0.17402398845724243	0.17402398845724243	0.031395068642548526	0.039536992772214154	0.2486187845303867	0.3092783505154639	0.0757575757575757	0.1530612244897959	True	True	True	exploratory
9_+_128627924_128627942	24hr	3	3	0.8596598520589435	0.6515228895311242	-0.2081369625278192	0.2081369625278192	0.042358047425289834	0.025327532154293893	0.8247422680412371	0.9067796610169492	0.6293103448275862	0.6791044776119403	True	True	True	strong
18_+_35972884_35972907	24hr	3	3	0.43948615177889055	0.841726518130188	0.4022403663512974	0.4022403663512974	0.1873614725856069	0.016691762655999618	0.2231404958677686	0.5481481481481482	0.824	0.8571428571428571	True	True	True	strong
15_+_42402123_42402135	24hr	3	3	0.800358422939068	0.1238095238095238	-0.6765488991295442	0.6765488991295442	0.28997656268461786	0.15670935878004127	0.4677419354838709	1.0	0.0	0.3	True	True	True	strong
11_-_62852655_62852681	24hr	3	3	0.24504283865963813	0.0222222222222222	-0.22282061643741594	0.22282061643741594	0.025901167889486792	0.020971762320196496	0.2265625	0.2746478873239437	0.0	0.0416666666666666	True	True	True	strong
1_+_42659227_42659251	24hr	3	3	0.728102304149776	0.9408717007285162	0.21276939657874028	0.21276939657874028	0.2214617038538123	0.012891644793533387	0.4893617021276595	0.926829268292683	0.9320388349514565	0.955665024630542	True	True	True	strong
3_+_42630545_42630575	24hr	3	3	0.22160020226183183	0.7878787878787877	0.5662785856169559	0.5662785856169559	0.10181991799019743	0.04008714107673625	0.1571428571428571	0.3389830508474576	0.7575757575757576	0.8333333333333334	True	True	True	strong
19_-_38922237_38922267	24hr	3	3	0.521062271062271	0.9484684684684684	0.42740619740619745	0.42740619740619745	0.1994803154409984	0.04786251717450735	0.3846153846153846	0.75	0.9054054054054054	1.0	True	True	True	strong
11_+_121306458_121306486	24hr	3	3	0.496937283685404	0.0	-0.496937283685404	0.496937283685404	0.20854129709688826	0.0	0.3673469387755102	0.7375	0.0	0.0	True	True	True	strong
2_-_11218454_11218466	24hr	2	3	0.2857142857142857	1.0	0.7142857142857143	0.7142857142857143	0.40406101782088427	0.0	0.0	0.5714285714285714	1.0	1.0	True	False	True	strong
3_-_12600387_12600415	24hr	3	3	0.6676124422026062	0.5532617556939079	-0.11435068650869828	0.11435068650869828	0.01783092779619079	0.05486139144724464	0.6502732240437158	0.6858974358974359	0.4900990099009901	0.589041095890411	True	True	True	exploratory
11_+_5642816_5642843	24hr	2	2	1.0	0.875	-0.125	0.125	0.0	0.1767766952966369	1.0	1.0	0.75	1.0	True	False	False	exploratory
10_+_97452894_97452923	24hr	2	3	0.5	0.9322128851540615	0.43221288515406153	0.43221288515406153	0.7071067811865476	0.01947937103721417	0.0	1.0	0.9142857142857144	0.9529411764705882	True	False	False	strong
17_+_82909284_82909307	24hr	3	3	0.8142857142857144	0.9155998103366524	0.101314096050938	0.101314096050938	0.17899948694488096	0.05301622799384145	0.6428571428571429	1.0	0.868421052631579	0.972972972972973	True	True	False	exploratory
12_+_132574318_132574348	24hr	3	3	0.5288239281065872	0.42689785049037177	-0.10192607761621542	0.10192607761621542	0.09696692388539273	0.013475132263198318	0.4310850439882698	0.625	0.4186046511627907	0.4424460431654676	True	True	False	exploratory
6_+_26373275_26373296	24hr	3	3	1.0	0.8507507507507507	-0.14924924924924932	0.14924924924924932	0.0	0.06134290620218869	1.0	1.0	0.8	0.918918918918919	True	True	True	exploratory
1_+_66984571_66984592	24hr	3	3	0.0254237288135593	0.22368019820850008	0.19825646939494077	0.19825646939494077	0.04403519002293752	0.19710202410399696	0.0	0.0762711864406779	0.0166666666666666	0.4090909090909091	True	True	False	exploratory
20_-_33672397_33672422	24hr	2	3	1.0	0.8888888888888888	-0.11111111111111116	0.11111111111111116	0.0	0.1924500897298753	1.0	1.0	0.6666666666666666	1.0	True	False	False	exploratory
6_+_43500743_43500772	24hr	3	3	0.8726425438596491	0.5251059704184704	-0.3475365734411787	0.3475365734411787	0.07525211789122284	0.03187205344687375	0.796875	0.9473684210526316	0.4886363636363636	0.5476190476190477	True	True	True	strong
1_-_1084480_1084506	24hr	3	2	0.4761904761904761	0.7222222222222223	0.2460317460317462	0.2460317460317462	0.4364357804719847	0.15713484026367722	0.0	0.8571428571428571	0.6111111111111112	0.8333333333333334	True	False	False	strong
2_+_135753538_135753567	24hr	3	3	0.165079365079365	0.5327304173571857	0.36765105227782074	0.36765105227782074	0.06660640700616267	0.0559006542392954	0.0892857142857142	0.2142857142857142	0.4745762711864407	0.5860655737704918	True	True	True	strong
10_+_110244827_110244857	24hr	3	2	0.6665316824645965	1.0	0.3334683175354035	0.3334683175354035	0.07799170217777676	0.0	0.6037735849056604	0.7538461538461538	1.0	1.0	True	False	True	strong
4_-_75491610_75491637	24hr	3	3	1.0	0.898654937209154	-0.10134506279084599	0.10134506279084599	0.0	0.03689617014499861	1.0	1.0	0.8571428571428571	0.927710843373494	True	True	True	exploratory
6_-_32580246_32580270	24hr	3	3	0.9407407407407407	0.803752191933684	-0.1369885488070567	0.1369885488070567	0.08413197549333735	0.05480637286631799	0.8444444444444444	1.0	0.7450980392156863	0.8536585365853658	True	True	False	exploratory
6_-_166322856_166322886	24hr	3	3	0.29201680672268904	0.6380914739809642	0.3460746672582752	0.3460746672582752	0.13684519827299377	0.03551197060024474	0.1428571428571428	0.4117647058823529	0.61328125	0.6787709497206704	True	True	True	strong
20_-_33669686_33669712	24hr	3	3	0.33455882352941174	0.4797979797979797	0.14523915626856798	0.14523915626856798	0.29601867255000974	0.22693577715819163	0.0	0.5625	0.2272727272727272	0.6666666666666666	True	True	False	exploratory
2_+_86131077_86131106	24hr	3	3	0.8386838996595095	0.7259028199847313	-0.11278107967477824	0.11278107967477824	0.05497043179740067	0.028577402262374048	0.7777777777777778	0.8846153846153846	0.6951219512195121	0.7515923566878981	True	True	True	exploratory
7_-_92577654_92577676	24hr	3	3	0.7471282593375617	0.572463768115942	-0.17466449122161964	0.17466449122161964	0.027073712830453664	0.3185934483620379	0.7209302325581395	0.775	0.217391304347826	0.8333333333333334	True	True	False	exploratory
9_+_137206280_137206309	24hr	3	3	0.5444004524886877	0.21184169249165527	-0.33255875999703244	0.33255875999703244	0.32124642942280907	0.01646816824269839	0.1764705882352941	0.7692307692307693	0.1984126984126984	0.2302158273381295	True	True	False	strong
5_+_176656894_176656924	24hr	3	3	0.34722222222222215	0.1514590347923681	-0.19576318742985405	0.19576318742985405	0.3342002615421101	0.07762026066752506	0.0	0.6666666666666666	0.1	0.2407407407407407	True	True	False	exploratory
5_+_119492099_119492124	24hr	2	3	0.3904761904761904	0.5123308162531464	0.12185462577695594	0.12185462577695594	0.013468700594029546	0.03780447555670454	0.3809523809523809	0.4	0.4854368932038835	0.5555555555555556	True	False	True	exploratory
9_+_128598962_128598986	24hr	3	3	0.3463389739457427	0.5621747050659265	0.21583573112018378	0.21583573112018378	0.15383467947796514	0.08574370507766069	0.22	0.5176470588235295	0.4961832061068702	0.6590909090909091	True	True	False	strong
12_-_56350411_56350432	24hr	3	3	0.3702693706870687	0.2339165014679775	-0.13635286921909123	0.13635286921909123	0.12028393536729551	0.05133847965862857	0.297029702970297	0.509090909090909	0.2014388489208633	0.293103448275862	True	True	True	exploratory
10_-_12170899_12170908	24hr	3	3	0.7619047619047619	0.43886419003132277	-0.3230405718734391	0.3230405718734391	0.25084889887744616	0.05534332140847099	0.5	1.0	0.4012738853503185	0.5024154589371981	True	True	False	strong
21_+_34103496_34103519	24hr	3	3	0.47792580982236155	0.09050024533659373	-0.3874255644857678	0.3874255644857678	0.2646421684607243	0.02560847146670723	0.1724137931034483	0.6363636363636364	0.0610687022900763	0.1076923076923077	True	True	True	strong
19_-_5612539_5612567	24hr	3	3	0.7889192932671194	0.9966329966329966	0.20771370336587724	0.20771370336587724	0.02895860093993111	0.005831820900905284	0.7636363636363637	0.8205128205128205	0.98989898989899	1.0	True	True	True	strong
6_+_26410005_26410032	24hr	3	3	0.6289759146902004	0.3874034462269756	-0.24157246846322483	0.24157246846322483	0.08188073195641427	0.23728652828641092	0.5510204081632653	0.7142857142857143	0.1818181818181818	0.6470588235294118	True	True	False	strong
6_+_26373386_26373413	24hr	3	3	1.0	0.8103069017703165	-0.1896930982296835	0.1896930982296835	0.0	0.07240267402185839	1.0	1.0	0.7575757575757576	0.8928571428571429	True	True	True	exploratory
16_+_28986539_28986569	24hr	3	3	0.5708808478840307	0.42371001469096753	-0.14717083319306318	0.14717083319306318	0.055350999984467894	0.06900447751464794	0.5189873417721519	0.6291390728476821	0.3440366972477064	0.4644067796610169	True	True	True	exploratory
7_+_74755508_74755537	24hr	3	3	0.8867910447761194	0.9904261630650973	0.10363511828897798	0.10363511828897798	0.034244462700745236	0.007978618440393602	0.86	0.9253731343283582	0.9812206572769951	0.9953488372093025	True	True	True	exploratory
4_+_53440581_53440608	24hr	3	3	0.26556225300387204	0.15543359064953746	-0.11012866235433458	0.11012866235433458	0.06865797061879263	0.05923796359018834	0.202127659574468	0.3384615384615385	0.0930232558139534	0.2108843537414966	True	True	False	exploratory
19_+_48477716_48477719	24hr	3	3	0.5322510822510823	0.3524884844399505	-0.1797625978111318	0.1797625978111318	0.09118773006223711	0.20063315680570604	0.4285714285714285	0.6	0.1666666666666666	0.5652173913043478	True	True	False	exploratory
4_+_88676217_88676241	48hr	3	2	0.9761904761904763	0.75	-0.22619047619047628	0.22619047619047628	0.041239304942116105	0.3535533905932738	0.9285714285714286	1.0	0.5	1.0	True	False	False	strong
10_-_73439871_73439901	48hr	3	3	0.7770753460042963	0.932970208264804	0.15589486226050775	0.15589486226050775	0.09392501507994556	0.03961539685187278	0.6923076923076923	0.8780487804878049	0.9047619047619048	0.9782608695652174	True	True	True	exploratory
5_+_57221375_57221396	48hr	3	3	0.7467343147410553	0.1966078575611037	-0.5501264571799517	0.5501264571799517	0.14307830943169886	0.0382762653290782	0.582089552238806	0.8409090909090909	0.1702127659574468	0.240506329113924	True	True	True	strong
11_-_75271700_75271724	48hr	3	3	0.3101851851851852	0.1037037037037037	-0.2064814814814815	0.2064814814814815	0.07897556532051844	0.10020555006273099	0.2222222222222222	0.375	0.0	0.2	True	True	True	strong
X_-_154357250_154357274	48hr	3	3	0.7339657009313675	0.5303536851645861	-0.20361201576678134	0.20361201576678134	0.018876043114411663	0.03152067391939705	0.7166666666666667	0.7540983606557377	0.5100574712643678	0.5666666666666667	True	True	True	strong
9_+_133054943_133054964	48hr	3	3	0.3791035353535353	0.24735982237428233	-0.13174371297925297	0.13174371297925297	0.12707872306439813	0.013444204436661026	0.28125	0.5227272727272727	0.2358490566037736	0.2621359223300971	True	True	True	exploratory
4_-_142202739_142202766	48hr	3	3	0.4932191653577882	0.17472133150099248	-0.31849783385679575	0.31849783385679575	0.31919971567110417	0.06700135567922628	0.1764705882352941	0.8148148148148148	0.1216216216216216	0.25	True	True	False	strong
3_+_47819235_47819264	48hr	2	3	0.8125	0.5099493264120628	-0.3025506735879372	0.3025506735879372	0.2651650429449553	0.14544234087230976	0.625	1.0	0.3793103448275862	0.6666666666666666	True	False	False	strong
3_-_146536539_146536565	48hr	3	3	1.0	0.8836668142232998	-0.11633318577670015	0.11633318577670015	0.0	0.058356855200011465	1.0	1.0	0.8165137614678899	0.922077922077922	True	True	True	exploratory
12_-_57538518_57538524	48hr	3	3	0.20035810078182958	0.08699414725239683	-0.11336395352943275	0.11336395352943275	0.11354676953652378	0.04941020535445645	0.0972222222222222	0.3220338983050847	0.0490196078431372	0.1428571428571428	True	True	False	exploratory
16_+_70550649_70550678	48hr	3	3	0.6234819734345352	0.14460526286454464	-0.4788767105699905	0.4788767105699905	0.06651772478906715	0.028653826098890618	0.5483870967741935	0.675	0.1245283018867924	0.1774193548387097	True	True	True	strong
19_+_41897314_41897326	48hr	3	3	0.8748691516407558	0.6850556280586694	-0.18981352358208647	0.18981352358208647	0.0414520173907069	0.07256618292090049	0.8431372549019608	0.9217687074829932	0.6424870466321243	0.7688442211055276	True	True	True	exploratory
4_-_75918760_75918789	48hr	2	3	0.35185185185185186	0.5675	0.21564814814814814	0.21564814814814814	0.4975936608349779	0.0701338006955277	0.0	0.7037037037037037	0.5	0.64	True	False	False	strong
11_+_59145826_59145856	48hr	3	3	0.7109090909090909	0.8565626650733034	0.14565357416421243	0.14565357416421243	0.19115136142650568	0.1311636012515578	0.5	0.8727272727272727	0.717948717948718	0.9787234042553192	True	True	False	exploratory
12_-_122514711_122514728	48hr	3	3	0.3050934097200119	0.012820512820512801	-0.29227289689949915	0.29227289689949915	0.12278179444913952	0.02220577958421634	0.1764705882352941	0.4210526315789473	0.0	0.0384615384615384	True	True	True	strong
8_+_22539468_22539498	48hr	3	3	0.8673569023569024	0.7153735632183907	-0.1519833391385117	0.1519833391385117	0.05748442901303384	0.037971014718851406	0.8181818181818182	0.9305555555555556	0.6875	0.7586206896551724	True	True	True	exploratory
16_-_89653903_89653923	48hr	3	3	0.7886904761904763	0.9231094547217156	0.1344189785312393	0.1344189785312393	0.1830538608890688	0.025688518306996987	0.6785714285714286	1.0	0.8942731277533039	0.9435483870967742	True	True	False	exploratory
12_+_9650332_9650361	48hr	3	3	0.18088460444541263	0.05614529284742046	-0.12473931159799218	0.12473931159799218	0.12244311104242848	0.03994008389158208	0.081967213114754	0.3178294573643411	0.0158730158730158	0.0957446808510638	True	True	False	exploratory
11_+_63906087_63906114	48hr	3	3	0.0182310914018231	0.2168642951251647	0.1986332037233416	0.1986332037233416	0.016062994149005208	0.13910872390192133	0.0	0.0303030303030303	0.0869565217391304	0.3636363636363636	True	True	True	exploratory
20_+_2975214_2975241	48hr	3	3	0.31634669678147936	0.13840996168582373	-0.17793673509565563	0.17793673509565563	0.1857040726697684	0.06286364242616604	0.1136363636363636	0.4782608695652174	0.0833333333333333	0.2068965517241379	True	True	False	exploratory
22_-_41681539_41681559	48hr	3	3	0.24502804705750694	0.0020242914979757003	-0.24300375555953124	0.24300375555953124	0.04304870151175994	0.0035061757238236233	0.2011834319526627	0.2872340425531915	0.0	0.0060728744939271	True	True	True	strong
5_+_65655635_65655653	48hr	3	3	1.0	0.7337873470925276	-0.2662126529074724	0.2662126529074724	0.0	0.16379459120773468	1.0	1.0	0.5581395348837209	0.8823529411764706	True	True	True	strong
5_+_146481446_146481476	48hr	3	3	0.4722738218094255	0.0	-0.4722738218094255	0.4722738218094255	0.2049056012667931	0.0	0.2666666666666666	0.6764705882352942	0.0	0.0	True	True	True	strong
8_-_140426614_140426641	48hr	3	2	0.821501014198783	0.4128205128205128	-0.40868050137827017	0.40868050137827017	0.15681756594491258	0.3952545597401727	0.7058823529411765	1.0	0.1333333333333333	0.6923076923076923	True	False	True	strong
10_+_90895453_90895483	48hr	3	3	0.10897435897435896	0.5362356621123695	0.42726130313801053	0.42726130313801053	0.12804477150921909	0.047811116696067094	0.0	0.25	0.4882506527415143	0.5838709677419355	True	True	True	strong
19_-_39390259_39390289	48hr	3	3	0.32455296168054	0.6810648945770778	0.35651193289653776	0.35651193289653776	0.15830682675258917	0.03926025068032415	0.1836734693877551	0.4958677685950413	0.6411764705882353	0.7196652719665272	True	True	True	strong
5_-_141588223_141588250	48hr	3	3	0.2622568559419411	0.1365801927725582	-0.1256766631693829	0.1256766631693829	0.12348752100411846	0.02237685808627582	0.1325301204819277	0.3783783783783784	0.1206434316353887	0.1621621621621621	True	True	False	exploratory
6_-_32181605_32181632	48hr	3	2	0.44051932367149754	0.744360902255639	0.30384157858414146	0.30384157858414146	0.24536960666275687	0.1594977701924543	0.25	0.717391304347826	0.631578947368421	0.8571428571428571	True	False	False	strong
2_+_101868028_101868037	48hr	3	3	0.07086077674312963	0.3317230273752012	0.2608622506320716	0.2608622506320716	0.08299099693073872	0.10073104137219592	0.0	0.1621621621621621	0.217391304347826	0.4074074074074074	True	True	True	strong
1_+_28457831_28457855	48hr	2	2	0.15625	0.5	0.34375	0.34375	0.2209708691207961	0.7071067811865476	0.0	0.3125	0.0	1.0	True	False	False	strong
16_-_70679314_70679323	48hr	3	3	1.0	0.26519607843137255	-0.7348039215686275	0.7348039215686275	0.0	0.1817847726723772	1.0	1.0	0.125	0.4705882352941176	True	True	True	strong
14_+_55061679_55061701	48hr	3	3	0.8193214570056774	0.9568495673680492	0.13752811036237178	0.13752811036237178	0.09321132455409084	0.04381605662180339	0.7129629629629629	0.8867924528301887	0.9080459770114944	0.9928057553956836	True	True	True	exploratory
14_+_103465423_103465450	48hr	3	3	0.46349206349206346	0.0	-0.46349206349206346	0.46349206349206346	0.08469410521875624	0.0	0.3666666666666666	0.5238095238095238	0.0	0.0	True	True	True	strong
20_+_58659622_58659634	48hr	3	3	0.23215360304781696	0.10473038288572267	-0.1274232201620943	0.1274232201620943	0.07152758594902812	0.0715679930645915	0.1497175141242938	0.2777777777777778	0.029126213592233	0.1714285714285714	True	True	False	exploratory
3_+_56559568_56559594	48hr	3	3	0.5038594149705261	0.8541666666666666	0.3503072516961405	0.3503072516961405	0.09731792235333765	0.1301041249666333	0.4054054054054054	0.6	0.75	1.0	True	True	True	strong
22_-_29329711_29329720	48hr	3	3	0.5686783804430863	0.4208525821227074	-0.1478257983203789	0.1478257983203789	0.07677323841192839	0.045211029874097586	0.5194805194805194	0.6571428571428571	0.3687707641196013	0.45	True	True	True	exploratory
3_+_133587158_133587161	48hr	3	3	0.28362999452654625	0.12829730291011587	-0.15533269161643037	0.15533269161643037	0.17721988292126634	0.027202324531597086	0.1724137931034483	0.488	0.097165991902834	0.1474820143884892	True	True	True	exploratory
6_-_85538837_85538864	48hr	3	3	0.5695806100217865	0.1152882205513784	-0.4542923894704081	0.4542923894704081	0.2779003998540212	0.08673815779785565	0.3823529411764705	0.8888888888888888	0.0526315789473684	0.2142857142857142	True	True	True	strong
5_+_32586491_32586501	48hr	3	3	0.6422147722435079	0.020447268234878798	-0.6217675040086291	0.6217675040086291	0.2738668103741617	0.022313670630778996	0.396551724137931	0.9375	0.0	0.0442477876106194	True	True	True	strong
17_-_41896619_41896649	48hr	3	3	1.0	0.8768589118968436	-0.12314108810315638	0.12314108810315638	0.0	0.033054737307533916	1.0	1.0	0.8519736842105263	0.914364640883978	True	True	True	exploratory
2_-_121409023_121409047	48hr	3	3	0.7836257309941521	0.6407407407407407	-0.1428849902534114	0.1428849902534114	0.1875908179221689	0.21554791891779942	0.6666666666666666	1.0	0.5	0.8888888888888888	True	True	False	exploratory
12_-_110499534_110499546	48hr	2	3	0.5	0.8288328939764567	0.32883289397645665	0.32883289397645665	0.7071067811865476	0.05093123502192491	0.0	1.0	0.7848101265822784	0.8846153846153846	True	False	False	strong
X_+_150712341_150712365	48hr	3	3	1.0	0.7646464646464647	-0.23535353535353531	0.23535353535353531	0.0	0.03640569957765678	1.0	1.0	0.7272727272727273	0.8	True	True	True	strong
10_-_103105357_103105381	48hr	3	3	0.936936936936937	0.45979532163742687	-0.47714161529951016	0.47714161529951016	0.10922842930614539	0.07093657043250368	0.8108108108108109	1.0	0.4166666666666667	0.5416666666666666	True	True	True	strong
4_+_27007982_27008006	48hr	3	3	0.5048948670891573	0.08932461873638343	-0.4155702483527739	0.4155702483527739	0.16915544766542312	0.08066888270838178	0.3414634146341463	0.6792452830188679	0.0	0.1568627450980392	True	True	True	strong
11_+_118364677_118364703	48hr	3	3	0.5074074074074074	0.2151970836181362	-0.29221032378927125	0.29221032378927125	0.4576285265504732	0.14615987996307336	0.0	0.8888888888888888	0.0714285714285714	0.3636363636363636	True	True	False	strong
4_-_82899712_82899737	48hr	3	3	0.6198879551820728	0.1111111111111111	-0.5087768440709617	0.5087768440709617	0.1384549947141068	0.19245008972987526	0.5	0.7714285714285715	0.0	0.3333333333333333	True	True	True	strong
1_+_161339561_161339588	48hr	3	3	0.26809269162210336	0.006293706293706233	-0.2617989853283971	0.2617989853283971	0.2503595363331791	0.008064729087182344	0.0588235294117647	0.5454545454545454	0.0	0.0153846153846153	True	True	True	strong
14_-_65101545_65101572	48hr	3	3	0.8998694885361552	0.6736714975845409	-0.2261979909516143	0.2261979909516143	0.08459637863670637	0.05655115052940105	0.8148148148148148	0.984	0.6231884057971014	0.7347826086956522	True	True	True	strong
14_-_21263310_21263336	48hr	3	3	0.2662915757673248	0.9553807628334945	0.6890891870661697	0.6890891870661697	0.035171353339094054	0.001995618391890323	0.2273901808785529	0.295843520782396	0.9535714285714286	0.95752123938031	True	True	True	strong
5_-_177310667_177310697	48hr	2	2	1.0	0.85	-0.15000000000000002	0.15000000000000002	0.0	0.21213203435596428	1.0	1.0	0.7	1.0	True	False	False	exploratory
1_+_39436481_39436490	48hr	3	3	0.8094325852946542	0.9916666666666667	0.18223408137201247	0.18223408137201247	0.10120870859981577	0.014433756729740658	0.6984126984126984	0.896551724137931	0.975	1.0	True	True	True	exploratory
11_+_70350993_70351023	48hr	2	3	0.569327731092437	0.10348583877995639	-0.4658418923124806	0.4658418923124806	0.30601680026140504	0.1340400553580922	0.3529411764705882	0.7857142857142857	0.0	0.2549019607843137	True	False	True	strong
11_+_62141499_62141511	48hr	2	3	0.8529411764705883	0.6411657559198543	-0.21177542055073406	0.21177542055073406	0.2079725827019257	0.11956825815866162	0.7058823529411765	1.0	0.5555555555555556	0.7777777777777778	True	False	False	strong
15_-_50346371_50346395	48hr	2	3	0.18039215686274504	0.4551033591731266	0.2747112023103816	0.2747112023103816	0.1608321306228226	0.05424722129874822	0.0666666666666666	0.2941176470588235	0.4069767441860465	0.5138888888888888	True	False	True	strong
10_+_78040203_78040225	48hr	3	3	0.7310387120489756	0.017489994079511368	-0.7135487179694643	0.7135487179694643	0.024080731496342628	0.0018883297741902254	0.7057627118644068	0.7537128712871287	0.0153266331658291	0.0188076650106458	True	True	True	strong
10_+_99750368_99750396	48hr	3	3	1.0	0.7960340545689597	-0.2039659454310403	0.2039659454310403	0.0	0.10666564449300223	1.0	1.0	0.704225352112676	0.9130434782608696	True	True	True	strong
8_-_27290155_27290178	48hr	2	3	0.6053639846743295	0.9702021653731915	0.364838180698862	0.364838180698862	0.07043975598026907	0.030644727604628785	0.5555555555555556	0.6551724137931034	0.9387755102040816	1.0	True	False	True	strong
9_+_128162003_128162007	48hr	3	3	0.06151354446319637	0.21309542512029564	0.15158188065709927	0.15158188065709927	0.05359869777140832	0.05491256321969202	0.0038167938931297	0.1097560975609756	0.1627906976744186	0.2716763005780346	True	True	True	exploratory
11_-_78441090_78441117	48hr	2	3	0.6958041958041958	0.5893668631785802	-0.10643733262561561	0.10643733262561561	0.2126265146225283	0.02814953634748957	0.5454545454545454	0.8461538461538461	0.5625	0.6186440677966102	True	False	False	exploratory
13_+_25319325_25319350	48hr	3	3	0.13015873015873014	0.9816883219151115	0.8515295917563813	0.8515295917563813	0.11282130567566259	0.005102252849370305	0.0	0.2	0.976470588235294	0.9866666666666668	True	True	True	strong
17_-_16151589_16151616	48hr	3	3	0.2159090909090909	0.4813492063492064	0.2654401154401155	0.2654401154401155	0.19384911487763615	0.04183780048602811	0.0	0.375	0.4375	0.5208333333333334	True	True	True	strong
19_-_14152132_14152150	48hr	3	3	0.7839937071010797	0.9019607843137255	0.11796707721264577	0.11796707721264577	0.1224276350731627	0.089854425391291	0.6511627906976745	0.8923076923076924	0.8235294117647058	1.0	True	True	False	exploratory
22_+_30023456_30023483	48hr	3	2	0.4352770885028949	0.0	-0.4352770885028949	0.4352770885028949	0.2469857923495381	0.0	0.2307692307692307	0.7096774193548387	0.0	0.0	True	False	True	strong
15_-_52348817_52348826	48hr	3	3	0.9509803921568628	0.3421717171717171	-0.6088086749851457	0.6088086749851457	0.08490445135141557	0.02942217221649254	0.8529411764705882	1.0	0.3181818181818182	0.375	True	True	True	strong
12_+_62566013_62566031	48hr	2	3	0.7708333333333333	0.638558201058201	-0.1322751322751322	0.1322751322751322	0.14731391274719743	0.2955622269562864	0.6666666666666666	0.875	0.3125	0.8888888888888888	True	False	False	exploratory
12_-_42322417_42322446	48hr	3	3	0.4367955721679126	0.01587301587301587	-0.4209225562948967	0.4209225562948967	0.1621819132510978	0.02749286996141074	0.2553191489361702	0.5675675675675675	0.0	0.0476190476190476	True	True	True	strong
10_-_71823887_71823896	48hr	3	3	0.19583550931319374	0.004926108374384233	-0.1909094009388095	0.1909094009388095	0.09542104809326986	0.00853226998802402	0.0909090909090909	0.2774193548387096	0.0	0.0147783251231527	True	True	True	exploratory
6_+_31587943_31587966	48hr	3	3	0.6639249639249639	0.504644142575177	-0.15928082134978694	0.15928082134978694	0.2525670136567699	0.09225637370598846	0.3857142857142857	0.8787878787878788	0.4482758620689655	0.6111111111111112	True	True	False	exploratory
9_+_128609650_128609665	48hr	3	3	0.466284348864994	0.1022263450834879	-0.3640580037815061	0.3640580037815061	0.05445907591878369	0.04215913932217939	0.4111111111111111	0.52	0.0612244897959183	0.1454545454545454	True	True	True	strong
16_-_67236410_67236434	48hr	2	3	0.6451612903225806	0.0971993867756843	-0.5479619035468963	0.5479619035468963	0.5018177156807757	0.021623192996293047	0.2903225806451613	1.0	0.078125	0.1206896551724138	True	False	True	strong
1_-_32634767_32634792	48hr	3	3	0.3947368421052631	0.5327486942070275	0.13801185210176442	0.13801185210176442	0.3540427380808871	0.027191763098849034	0.0	0.6842105263157895	0.515625	0.5641025641025641	True	True	False	exploratory
19_+_10808568_10808580	48hr	3	3	0.9733333333333333	0.8401415124959429	-0.13319182083739034	0.13319182083739034	0.046188021535170036	0.1511209066667809	0.92	1.0	0.6708860759493671	0.9615384615384616	True	True	False	exploratory
19_+_18122106_18122127	48hr	3	3	0.2857142857142857	0.7057109557109557	0.41999666999666996	0.41999666999666996	0.49487165930539345	0.06082140780018244	0.0	0.8571428571428571	0.6363636363636364	0.75	True	True	False	strong
16_+_57062158_57062173	48hr	3	3	0.2836302552063663	0.038430904022301864	-0.24519935118406444	0.24519935118406444	0.031395068642548526	0.051368165789461795	0.2486187845303867	0.3092783505154639	0.0	0.0967741935483871	True	True	True	strong
9_+_128627924_128627942	48hr	3	3	0.8596598520589435	0.7309719822339988	-0.12868786982494462	0.12868786982494462	0.042358047425289834	0.07142446577022929	0.8247422680412371	0.9067796610169492	0.6513761467889908	0.7894736842105263	True	True	True	exploratory
18_+_35972884_35972907	48hr	3	3	0.43948615177889055	0.9057311523797811	0.4662450006008905	0.4662450006008905	0.1873614725856069	0.043832900875639215	0.2231404958677686	0.5481481481481482	0.8554913294797688	0.9361702127659576	True	True	True	strong
11_-_62852655_62852681	48hr	3	3	0.24504283865963813	0.024358130348913733	-0.2206847083107244	0.2206847083107244	0.025901167889486792	0.021524401216947726	0.2265625	0.2746478873239437	0.0	0.0408163265306122	True	True	True	strong
1_+_42659227_42659251	48hr	3	3	0.728102304149776	0.9531545223034583	0.22505221815368237	0.22505221815368237	0.2214617038538123	0.041849044396984586	0.4893617021276595	0.926829268292683	0.9073359073359072	0.9893617021276596	True	True	False	strong
3_+_42630545_42630575	48hr	3	3	0.22160020226183183	0.9487179487179488	0.7271177464561169	0.7271177464561169	0.10181991799019743	0.0888231183368655	0.1571428571428571	0.3389830508474576	0.8461538461538461	1.0	True	True	True	strong
19_-_38922237_38922267	48hr	3	3	0.521062271062271	0.9226190476190476	0.4015567765567766	0.4015567765567766	0.1994803154409984	0.13402774106187737	0.3846153846153846	0.75	0.7678571428571429	1.0	True	True	True	strong
11_+_121306458_121306486	48hr	3	3	0.496937283685404	0.0	-0.496937283685404	0.496937283685404	0.20854129709688826	0.0	0.3673469387755102	0.7375	0.0	0.0	True	True	True	strong
6_+_26409893_26409914	48hr	3	2	0.8085531415959721	0.4636363636363636	-0.3449167779596085	0.3449167779596085	0.0504478027050267	0.3728381209892705	0.7653631284916201	0.864	0.2	0.7272727272727273	True	False	True	strong
11_-_62852810_62852839	48hr	3	3	0.2062848454264731	0.31312008012624354	0.10683523469977044	0.10683523469977044	0.007704840253308044	0.030280289805712367	0.2005988023952095	0.2150537634408602	0.2785714285714286	0.3350515463917525	True	True	True	exploratory
3_-_12600387_12600415	48hr	3	3	0.6676124422026062	0.541165839420873	-0.12644660278173314	0.12644660278173314	0.01783092779619079	0.0677169529396864	0.6502732240437158	0.6858974358974359	0.4756756756756757	0.610909090909091	True	True	True	exploratory
10_+_97452894_97452923	48hr	2	3	0.5	0.8960848697014995	0.3960848697014995	0.3960848697014995	0.7071067811865476	0.047759493426704394	0.0	1.0	0.8674698795180723	0.951219512195122	True	False	False	strong
6_+_26448727_26448754	48hr	3	3	0.34245516388373526	0.5832772166105499	0.24082205272681462	0.24082205272681462	0.043659250294963974	0.15625447274110082	0.3163265306122449	0.3928571428571428	0.4090909090909091	0.7111111111111111	True	True	True	strong
17_+_82909284_82909307	48hr	3	3	0.8142857142857144	0.9464085297418631	0.13212281545614868	0.13212281545614868	0.17899948694488096	0.047989642009031594	0.6428571428571429	1.0	0.9074074074074074	1.0	True	True	False	exploratory
6_+_26373275_26373296	48hr	3	3	1.0	0.8199404761904763	-0.18005952380952372	0.18005952380952372	0.0	0.16417002267021044	1.0	1.0	0.6785714285714286	1.0	True	True	False	exploratory
1_+_66984571_66984592	48hr	3	3	0.0254237288135593	0.17509712509712508	0.14967339628356577	0.14967339628356577	0.04403519002293752	0.08781386784614696	0.0	0.0762711864406779	0.1025641025641025	0.2727272727272727	True	True	True	exploratory
12_+_56117188_56117211	48hr	3	3	0.8164137449851735	0.9284283094976163	0.11201456451244285	0.11201456451244285	0.13961212420851865	0.03634991091660203	0.717948717948718	0.9761904761904762	0.8888888888888888	0.9603960396039604	True	True	False	exploratory
6_+_43500743_43500772	48hr	3	3	0.8726425438596491	0.5211056644880174	-0.3515368793716317	0.3515368793716317	0.07525211789122284	0.05671537400686956	0.796875	0.9473684210526316	0.4558823529411764	0.5588235294117647	True	True	True	strong
1_-_1084480_1084506	48hr	3	2	0.4761904761904761	0.8174603174603174	0.34126984126984133	0.34126984126984133	0.4364357804719847	0.05611958580845611	0.0	0.8571428571428571	0.7777777777777778	0.8571428571428571	True	False	False	strong
2_+_135753538_135753567	48hr	3	3	0.165079365079365	0.5393638037028824	0.3742844386235174	0.3742844386235174	0.06660640700616267	0.07459047749498654	0.0892857142857142	0.2142857142857142	0.4816753926701571	0.6235955056179775	True	True	True	strong
10_+_110244827_110244857	48hr	3	3	0.6665316824645965	1.0	0.3334683175354035	0.3334683175354035	0.07799170217777676	0.0	0.6037735849056604	0.7538461538461538	1.0	1.0	True	True	True	strong
6_-_166322856_166322886	48hr	3	3	0.29201680672268904	0.6222336693515199	0.3302168626288309	0.3302168626288309	0.13684519827299377	0.027247463239161135	0.1428571428571428	0.4117647058823529	0.5907859078590786	0.6387959866220736	True	True	True	strong
20_-_33669686_33669712	48hr	3	3	0.33455882352941174	0.6711270410195143	0.3365682174901025	0.3365682174901025	0.29601867255000974	0.061670197768564784	0.0	0.5625	0.6	0.7096774193548387	True	True	True	strong
5_+_119475705_119475727	48hr	2	3	0.6272727272727272	0.7363439495833862	0.10907122231065902	0.10907122231065902	0.2442732516826256	0.023638216048672563	0.4545454545454545	0.8	0.7133333333333334	0.7605633802816901	True	False	False	exploratory
2_+_86131077_86131106	48hr	3	3	0.8386838996595095	0.6529007523774376	-0.1857831472820719	0.1857831472820719	0.05497043179740067	0.020992946284965987	0.7777777777777778	0.8846153846153846	0.6352459016393442	0.6761133603238867	True	True	True	exploratory
7_-_92577654_92577676	48hr	3	2	0.7471282593375617	0.3628571428571429	-0.3842711164804188	0.3842711164804188	0.027073712830453664	0.10909647481163877	0.7209302325581395	0.775	0.2857142857142857	0.44	True	False	True	strong
9_+_137206280_137206309	48hr	3	3	0.5444004524886877	0.13390922802687508	-0.41049122446181263	0.41049122446181263	0.32124642942280907	0.04861619468301791	0.1764705882352941	0.7692307692307693	0.0846153846153846	0.1818181818181818	True	True	False	strong
2_-_97507035_97507065	48hr	3	2	0.9583333333333334	0.8571428571428572	-0.10119047619047616	0.10119047619047616	0.07216878364870323	0.20203050891044214	0.875	1.0	0.7142857142857143	1.0	True	False	False	exploratory
5_+_176656894_176656924	48hr	3	3	0.34722222222222215	0.1462231462231462	-0.20099907599907596	0.20099907599907596	0.3342002615421101	0.20821528446337942	0.0	0.6666666666666666	0.0	0.3846153846153846	True	True	False	strong
5_+_119492099_119492124	48hr	2	3	0.3904761904761904	0.5386522151545586	0.1481760246783682	0.1481760246783682	0.013468700594029546	0.11455825971204654	0.3809523809523809	0.4	0.4077669902912621	0.6206896551724138	True	False	True	exploratory
1_-_151406606_151406631	48hr	3	3	0.5736659736659737	0.6856988797471296	0.1120329060811559	0.1120329060811559	0.10358132784209816	0.03981179166631844	0.4594594594594595	0.6615384615384615	0.64	0.7128712871287128	True	True	False	exploratory
9_+_128598962_128598986	48hr	3	3	0.3463389739457427	0.5259163059163059	0.1795773319705632	0.1795773319705632	0.15383467947796514	0.08110323852851516	0.22	0.5176470588235295	0.4333333333333333	0.5844155844155844	True	True	False	exploratory
12_-_56350411_56350432	48hr	3	3	0.3702693706870687	0.22178030303030302	-0.1484890676567657	0.1484890676567657	0.12028393536729551	0.09224923663521346	0.297029702970297	0.509090909090909	0.15625	0.3272727272727272	True	True	False	exploratory
17_-_56895925_56895952	48hr	3	3	0.8571428571428571	0.9855072463768115	0.12836438923395443	0.12836438923395443	0.24743582965269675	0.025102185616940234	0.5714285714285714	1.0	0.9565217391304348	1.0	True	True	False	exploratory
10_-_12170899_12170908	48hr	3	3	0.7619047619047619	0.43761888589156944	-0.3242858760131924	0.3242858760131924	0.25084889887744616	0.030258185024451035	0.5	1.0	0.4033970276008493	0.4608294930875576	True	True	True	strong
21_+_34103496_34103519	48hr	3	3	0.47792580982236155	0.0882585626126659	-0.38966724720969564	0.38966724720969564	0.2646421684607243	0.05922017700288441	0.1724137931034483	0.6363636363636364	0.0306122448979591	0.1489361702127659	True	True	True	strong
19_-_5612539_5612567	48hr	3	3	0.7889192932671194	1.0	0.2110807067328806	0.2110807067328806	0.02895860093993111	0.0	0.7636363636363637	0.8205128205128205	1.0	1.0	True	True	True	strong
6_+_26410005_26410032	48hr	3	2	0.6289759146902004	0.45238095238095233	-0.1765949623092481	0.1765949623092481	0.08188073195641427	0.16835875742536843	0.5510204081632653	0.7142857142857143	0.3333333333333333	0.5714285714285714	True	False	False	exploratory
6_+_26373386_26373413	48hr	3	3	1.0	0.7127450980392157	-0.2872549019607843	0.2872549019607843	0.0	0.24950354397170513	1.0	1.0	0.55	1.0	True	True	False	strong
7_+_74755508_74755537	48hr	3	3	0.8867910447761194	0.9958333333333332	0.10904228855721387	0.10904228855721387	0.034244462700745236	0.007216878364870297	0.86	0.9253731343283582	0.9875	1.0	True	True	True	exploratory
7_+_35831491_35831496	48hr	3	3	0.903225806451613	0.7552826577216821	-0.14794314872993086	0.14794314872993086	0.1676178200873107	0.16207531802300665	0.7096774193548387	1.0	0.6341463414634146	0.9393939393939394	True	True	False	exploratory
2_-_25835537_25835540	48hr	3	3	1.0	0.8813813813813814	-0.11861861861861855	0.11861861861861855	0.0	0.10334214298840697	1.0	1.0	0.8108108108108109	1.0	True	True	False	exploratory
10_-_73439871_73439901	72hr	3	3	0.7770753460042963	0.8807588075880758	0.1036834615837795	0.1036834615837795	0.09392501507994556	0.1858098614246282	0.6923076923076923	0.8780487804878049	0.6666666666666666	1.0	True	True	False	exploratory
5_+_57221375_57221396	72hr	3	3	0.7467343147410553	0.24900213496704718	-0.4977321797740082	0.4977321797740082	0.14307830943169886	0.12130029287711028	0.582089552238806	0.8409090909090909	0.1729323308270676	0.3888888888888889	True	True	True	strong
11_-_75271700_75271724	72hr	3	3	0.3101851851851852	0.17195767195767195	-0.13822751322751323	0.13822751322751323	0.07897556532051844	0.1411568420312603	0.2222222222222222	0.375	0.0714285714285714	0.3333333333333333	True	True	False	exploratory
8_-_54065787_54065813	72hr	3	3	0.0	0.11895424836601305	0.11895424836601305	0.11895424836601305	0.0	0.17794950375732768	0.0	0.0	0.0	0.3235294117647059	True	True	False	exploratory
X_-_154357250_154357274	72hr	3	3	0.7339657009313675	0.49600274042414766	-0.23796296050721982	0.23796296050721982	0.018876043114411663	0.020290262629361545	0.7166666666666667	0.7540983606557377	0.4746192893401015	0.5149863760217984	True	True	True	strong
4_-_142202739_142202766	72hr	3	3	0.4932191653577882	0.2063235484288116	-0.2868956169289766	0.2868956169289766	0.31919971567110417	0.15553400566336378	0.1764705882352941	0.8148148148148148	0.0526315789473684	0.3636363636363636	True	True	False	strong
3_+_47819235_47819264	72hr	2	3	0.8125	0.35434782608695653	-0.45815217391304347	0.45815217391304347	0.2651650429449553	0.3289511889142381	0.625	1.0	0.0	0.65	True	False	False	strong
19_+_47780724_47780749	72hr	3	3	0.6376478988168094	0.8244810744810745	0.18683317566426516	0.18683317566426516	0.20568409861998962	0.1627470851102668	0.5116279069767442	0.875	0.6785714285714286	1.0	True	True	False	exploratory
16_+_70550649_70550678	72hr	3	3	0.6234819734345352	0.25591249434166685	-0.3675694790928683	0.3675694790928683	0.06651772478906715	0.0566977690065803	0.5483870967741935	0.675	0.1935483870967742	0.3043478260869565	True	True	True	strong
19_+_41897314_41897326	72hr	3	3	0.8748691516407558	0.34184284119851127	-0.5330263104422446	0.5330263104422446	0.0414520173907069	0.04527311401572023	0.8431372549019608	0.9217687074829932	0.3034188034188034	0.3917525773195876	True	True	True	strong
12_-_122514711_122514728	72hr	3	3	0.3050934097200119	0.0	-0.3050934097200119	0.3050934097200119	0.12278179444913952	0.0	0.1764705882352941	0.4210526315789473	0.0	0.0	True	True	True	strong
8_+_22539468_22539498	72hr	3	3	0.8673569023569024	0.750634707287933	-0.11672219506896941	0.11672219506896941	0.05748442901303384	0.13620717982547664	0.8181818181818182	0.9305555555555556	0.59375	0.8387096774193549	True	True	False	exploratory
16_-_89653903_89653923	72hr	3	3	0.7886904761904763	0.9325929134439773	0.14390243725350105	0.14390243725350105	0.1830538608890688	0.04606321255589966	0.6785714285714286	1.0	0.8978723404255319	0.9848484848484848	True	True	False	exploratory
12_+_9650332_9650361	72hr	3	3	0.18088460444541263	0.019108280254777066	-0.16177632419063556	0.16177632419063556	0.12244311104242848	0.03309651224653905	0.081967213114754	0.3178294573643411	0.0	0.0573248407643312	True	True	True	exploratory
11_+_63906087_63906114	72hr	3	3	0.0182310914018231	0.24854921467141664	0.23031812326959353	0.23031812326959353	0.016062994149005208	0.03395907760931389	0.0	0.0303030303030303	0.2105263157894736	0.2758620689655172	True	True	True	strong
22_-_41681539_41681559	72hr	3	3	0.24502804705750694	0.0040738298324702665	-0.24095421722503668	0.24095421722503668	0.04304870151175994	0.005307247934182702	0.2011834319526627	0.2872340425531915	0.0	0.0100755667506297	True	True	True	strong
5_+_65655635_65655653	72hr	3	3	1.0	0.673153153153153	-0.32684684684684695	0.32684684684684695	0.0	0.2874869493443844	1.0	1.0	0.4594594594594595	1.0	True	True	False	strong
5_+_146481446_146481476	72hr	3	3	0.4722738218094255	0.0	-0.4722738218094255	0.4722738218094255	0.2049056012667931	0.0	0.2666666666666666	0.6764705882352942	0.0	0.0	True	True	True	strong
10_+_90895453_90895483	72hr	3	3	0.10897435897435896	0.5874332027457753	0.4784588437714163	0.4784588437714163	0.12804477150921909	0.031927462201844295	0.0	0.25	0.5506172839506173	0.6075156576200418	True	True	True	strong
19_-_39390259_39390289	72hr	3	3	0.32455296168054	0.696941957293291	0.372388995612751	0.372388995612751	0.15830682675258917	0.057625265473614774	0.1836734693877551	0.4958677685950413	0.6540880503144654	0.7624521072796935	True	True	True	strong
6_-_32181605_32181632	72hr	3	3	0.44051932367149754	0.8706097823744883	0.43009045870299073	0.43009045870299073	0.24536960666275687	0.054456915434690965	0.25	0.717391304347826	0.8205128205128205	0.9285714285714286	True	True	True	strong
2_+_101868028_101868037	72hr	3	3	0.07086077674312963	0.4022366522366522	0.3313758754935226	0.3313758754935226	0.08299099693073872	0.3512406385865131	0.0	0.1621621621621621	0.0476190476190476	0.75	True	True	False	strong
1_+_28457831_28457855	72hr	2	2	0.15625	0.42727272727272725	0.27102272727272725	0.27102272727272725	0.2209708691207961	0.038569460791993436	0.0	0.3125	0.4	0.4545454545454545	True	False	True	strong
14_+_103465423_103465450	72hr	3	3	0.46349206349206346	0.0	-0.46349206349206346	0.46349206349206346	0.08469410521875624	0.0	0.3666666666666666	0.5238095238095238	0.0	0.0	True	True	True	strong
12_-_57305639_57305663	72hr	3	3	0.1054673238408178	0.3	0.19453267615918218	0.19453267615918218	0.09193593401562618	0.5196152422706632	0.0	0.1686746987951807	0.0	0.9	True	True	False	exploratory
19_+_45009813_45009822	72hr	3	3	0.9597701149425287	0.7847503373819164	-0.17501977756061238	0.17501977756061238	0.06968020490219623	0.11902076596023563	0.8793103448275862	1.0	0.6491228070175439	0.8717948717948718	True	True	True	exploratory
3_+_56559568_56559594	72hr	3	3	0.5038594149705261	0.8397435897435898	0.33588417477306365	0.33588417477306365	0.09731792235333765	0.1391188103475045	0.4054054054054054	0.6	0.75	1.0	True	True	True	strong
22_-_29329711_29329720	72hr	3	3	0.5686783804430863	0.44634064821305913	-0.12233773223002714	0.12233773223002714	0.07677323841192839	0.01269983751017742	0.5194805194805194	0.6571428571428571	0.4369230769230769	0.4607843137254901	True	True	True	exploratory
3_+_133587158_133587161	72hr	3	3	0.28362999452654625	0.08498202901379126	-0.198647965512755	0.198647965512755	0.17721988292126634	0.01076564874555883	0.1724137931034483	0.488	0.0737704918032786	0.0952380952380952	True	True	True	exploratory
6_-_85538837_85538864	72hr	3	3	0.5695806100217865	0.21333333333333335	-0.35624727668845313	0.35624727668845313	0.2779003998540212	0.18903262505010432	0.3823529411764705	0.8888888888888888	0.0	0.36	True	True	True	strong
5_+_32586491_32586501	72hr	3	3	0.6422147722435079	0.006535947712418301	-0.6356788245310896	0.6356788245310896	0.2738668103741617	0.011320593513522074	0.396551724137931	0.9375	0.0	0.0196078431372549	True	True	True	strong
2_-_121409023_121409047	72hr	3	3	0.7836257309941521	0.15555555555555553	-0.6280701754385966	0.6280701754385966	0.1875908179221689	0.21430335024428793	0.6666666666666666	1.0	0.0	0.4	True	True	True	strong
12_-_110499534_110499546	72hr	2	3	0.5	0.8553673778302585	0.3553673778302585	0.3553673778302585	0.7071067811865476	0.0664905636419717	0.0	1.0	0.7976190476190477	0.9280575539568344	True	False	False	strong
10_-_103105357_103105381	72hr	3	3	0.936936936936937	0.452991452991453	-0.48394548394548403	0.48394548394548403	0.10922842930614539	0.1890029434828716	0.8108108108108109	1.0	0.3076923076923077	0.6666666666666666	True	True	True	strong
4_+_27007982_27008006	72hr	3	3	0.5048948670891573	0.3093808109090132	-0.1955140561801441	0.1955140561801441	0.16915544766542312	0.11351317008580533	0.3414634146341463	0.6792452830188679	0.1967213114754098	0.423728813559322	True	True	False	exploratory
X_-_23734340_23734367	72hr	3	3	1.0	0.8656375227686702	-0.13436247723132977	0.13436247723132977	0.0	0.06637565444169297	1.0	1.0	0.7916666666666666	0.92	True	True	True	exploratory
11_+_118364677_118364703	72hr	3	2	0.5074074074074074	0.0	-0.5074074074074074	0.5074074074074074	0.4576285265504732	0.0	0.0	0.8888888888888888	0.0	0.0	True	False	False	strong
1_+_78620943_78620971	72hr	2	3	0.2727272727272727	0.0	-0.2727272727272727	0.2727272727272727	0.385694607919935	0.0	0.0	0.5454545454545454	0.0	0.0	True	False	False	strong
4_-_82899712_82899737	72hr	3	3	0.6198879551820728	0.13862433862433857	-0.4812636165577343	0.4812636165577343	0.1384549947141068	0.12378238747521218	0.5	0.7714285714285715	0.0	0.238095238095238	True	True	True	strong
1_+_161339561_161339588	72hr	3	3	0.26809269162210336	0.0	-0.26809269162210336	0.26809269162210336	0.2503595363331791	0.0	0.0588235294117647	0.5454545454545454	0.0	0.0	True	True	True	strong
14_-_65101545_65101572	72hr	3	3	0.8998694885361552	0.6127623772006614	-0.2871071113354938	0.2871071113354938	0.08459637863670637	0.07549380577496236	0.8148148148148148	0.984	0.53	0.6778523489932886	True	True	True	strong
14_-_21263310_21263336	72hr	3	3	0.2662915757673248	0.9341180946725993	0.6678265189052746	0.6678265189052746	0.035171353339094054	0.020160196108767903	0.2273901808785529	0.295843520782396	0.9223300970873788	0.957396449704142	True	True	True	strong
1_+_39436481_39436490	72hr	3	3	0.8094325852946542	0.9777777777777777	0.16834519248312352	0.16834519248312352	0.10120870859981577	0.03849001794597511	0.6984126984126984	0.896551724137931	0.9333333333333332	1.0	True	True	True	exploratory
8_+_144242601_144242628	72hr	3	3	0.8271873790166473	0.40317460317460313	-0.42401277584204417	0.42401277584204417	0.13423432668884475	0.2619191915216928	0.7142857142857143	0.975609756097561	0.1428571428571428	0.6666666666666666	True	True	True	strong
11_+_70350993_70351023	72hr	2	3	0.569327731092437	0.10066476733143397	-0.46866296376100297	0.46866296376100297	0.30601680026140504	0.08722478634913604	0.3529411764705882	0.7857142857142857	0.0	0.1538461538461538	True	False	True	strong
11_+_62141499_62141511	72hr	2	3	0.8529411764705883	0.5988827062356474	-0.2540584702349409	0.2540584702349409	0.2079725827019257	0.14609756176367455	0.7058823529411765	1.0	0.4324324324324324	0.7058823529411765	True	False	False	strong
15_-_50346371_50346395	72hr	2	3	0.18039215686274504	0.5280382423239566	0.34764608546121156	0.34764608546121156	0.1608321306228226	0.0961929251537936	0.0666666666666666	0.2941176470588235	0.4489795918367347	0.6351351351351351	True	False	True	strong
17_+_42985650_42985656	72hr	3	3	0.3333333333333333	0.5133560670645069	0.18002273373117356	0.18002273373117356	0.5773502691896258	0.21727941779688106	0.0	1.0	0.2647058823529412	0.6666666666666666	True	True	False	exploratory
10_+_78040203_78040225	72hr	3	3	0.7310387120489756	0.05126541882883764	-0.679773293220138	0.679773293220138	0.024080731496342628	0.006061289824752078	0.7057627118644068	0.7537128712871287	0.0473731077471059	0.0582491005653589	True	True	True	strong
10_+_99750368_99750396	72hr	3	3	1.0	0.7704387744208391	-0.22956122557916092	0.22956122557916092	0.0	0.06429434366750009	1.0	1.0	0.7210526315789474	0.8431372549019608	True	True	True	strong
8_-_27290155_27290178	72hr	2	3	0.6053639846743295	0.8845538215286114	0.2791898368542819	0.2791898368542819	0.07043975598026907	0.13555374179107024	0.5555555555555556	0.6551724137931034	0.7352941176470589	1.0	True	False	True	strong
9_+_128162003_128162007	72hr	3	3	0.06151354446319637	0.19944118395808266	0.1379276394948863	0.1379276394948863	0.05359869777140832	0.0534001330691551	0.0038167938931297	0.1097560975609756	0.1593625498007968	0.2600619195046439	True	True	True	exploratory
11_-_78441090_78441117	72hr	2	3	0.6958041958041958	0.5461615197736608	-0.14964267603053505	0.14964267603053505	0.2126265146225283	0.04489003423983568	0.5454545454545454	0.8461538461538461	0.5161290322580645	0.5977653631284916	True	False	False	exploratory
13_+_25319325_25319350	72hr	3	3	0.13015873015873014	0.9603174603174603	0.8301587301587302	0.8301587301587302	0.11282130567566259	0.06873217490352689	0.0	0.2	0.8809523809523809	1.0	True	True	True	strong
17_-_16151589_16151616	72hr	3	3	0.2159090909090909	0.6157796451914098	0.3998705542823189	0.3998705542823189	0.19384911487763615	0.18031000385295679	0.0	0.375	0.5	0.8235294117647058	True	True	True	strong
19_-_14152132_14152150	72hr	3	3	0.7839937071010797	0.40606060606060607	-0.3779331010404737	0.3779331010404737	0.1224276350731627	0.40912457773909505	0.6511627906976745	0.8923076923076924	0.0	0.8181818181818182	True	True	False	strong
22_+_30023456_30023483	72hr	3	2	0.4352770885028949	0.1515151515151515	-0.28376193698774343	0.28376193698774343	0.2469857923495381	0.21427478217774162	0.2307692307692307	0.7096774193548387	0.0	0.303030303030303	True	False	False	strong
12_+_62566013_62566031	72hr	2	3	0.7708333333333333	0.0909090909090909	-0.6799242424242423	0.6799242424242423	0.14731391274719743	0.1574591643244434	0.6666666666666666	0.875	0.0	0.2727272727272727	True	False	True	strong
19_+_2097928_2097955	72hr	2	3	0.6111111111111112	0.49597088967792297	-0.1151402214331882	0.1151402214331882	0.5499719409228703	0.1304899379515143	0.2222222222222222	1.0	0.3934426229508196	0.6428571428571429	True	False	False	exploratory
12_-_42322417_42322446	72hr	3	3	0.4367955721679126	0.0	-0.4367955721679126	0.4367955721679126	0.1621819132510978	0.0	0.2553191489361702	0.5675675675675675	0.0	0.0	True	True	True	strong
10_-_71823887_71823896	72hr	3	3	0.19583550931319374	0.006756756756756733	-0.189078752556437	0.189078752556437	0.09542104809326986	0.011703045997086967	0.0909090909090909	0.2774193548387096	0.0	0.0202702702702702	True	True	True	exploratory
6_+_31587943_31587966	72hr	3	3	0.6639249639249639	0.16780269482238921	-0.49612226910257473	0.49612226910257473	0.2525670136567699	0.05464720572995007	0.3857142857142857	0.8787878787878788	0.1240310077519379	0.2290502793296089	True	True	True	strong
9_+_128609650_128609665	72hr	3	3	0.466284348864994	0.07181032750653003	-0.39447402135846393	0.39447402135846393	0.05445907591878369	0.06972351775095048	0.4111111111111111	0.52	0.0	0.1392405063291139	True	True	True	strong
16_-_67236410_67236434	72hr	2	3	0.6451612903225806	0.09167363363521097	-0.5534876566873697	0.5534876566873697	0.5018177156807757	0.09499470733550824	0.2903225806451613	1.0	0.0077519379844961	0.1948051948051948	True	False	True	strong
19_+_10808568_10808580	72hr	3	3	0.9733333333333333	0.8138359883419172	-0.1594973449914161	0.1594973449914161	0.046188021535170036	0.11389554724967235	0.92	1.0	0.7065217391304348	0.9333333333333332	True	True	False	exploratory
12_-_6549475_6549484	72hr	2	3	0.5	0.8148148148148149	0.3148148148148149	0.3148148148148149	0.7071067811865476	0.3207501495497921	0.0	1.0	0.4444444444444444	1.0	True	False	False	strong
19_+_18122106_18122127	72hr	3	3	0.2857142857142857	1.0	0.7142857142857143	0.7142857142857143	0.49487165930539345	0.0	0.0	0.8571428571428571	1.0	1.0	True	True	True	strong
16_+_57062158_57062173	72hr	3	3	0.2836302552063663	0.10373667010663912	-0.1798935850997272	0.1798935850997272	0.031395068642548526	0.08012238818698382	0.2486187845303867	0.3092783505154639	0.0526315789473684	0.196078431372549	True	True	True	exploratory
9_+_128627924_128627942	72hr	3	3	0.8596598520589435	0.6219790353964781	-0.23768081666246532	0.23768081666246532	0.042358047425289834	0.07427957362237027	0.8247422680412371	0.9067796610169492	0.549618320610687	0.6980392156862745	True	True	True	strong
18_+_35972884_35972907	72hr	3	3	0.43948615177889055	0.7852026027802426	0.345716451001352	0.345716451001352	0.1873614725856069	0.07288766735372043	0.2231404958677686	0.5481481481481482	0.7282608695652174	0.8673469387755102	True	True	True	strong
15_+_42402123_42402135	72hr	3	2	0.800358422939068	0.3055555555555555	-0.4948028673835125	0.4948028673835125	0.28997656268461786	0.19641855032959657	0.4677419354838709	1.0	0.1666666666666666	0.4444444444444444	True	False	True	strong
11_-_62852655_62852681	72hr	3	3	0.24504283865963813	0.0714285714285714	-0.17361426723106674	0.17361426723106674	0.025901167889486792	0.12371791482634832	0.2265625	0.2746478873239437	0.0	0.2142857142857142	True	True	True	exploratory
19_+_17861292_17861307	72hr	3	3	0.032020298200669504	0.20132882062706617	0.16930852242639666	0.16930852242639666	0.006031811128787793	0.07039002385714321	0.0275862068965517	0.0388888888888888	0.1495726495726495	0.2814814814814815	True	True	True	exploratory
1_+_42659227_42659251	72hr	3	3	0.728102304149776	0.9263144121023839	0.1982121079526079	0.1982121079526079	0.2214617038538123	0.026349566819003474	0.4893617021276595	0.926829268292683	0.9104477611940298	0.9567307692307692	True	True	False	exploratory
3_+_42630545_42630575	72hr	3	3	0.22160020226183183	0.552536231884058	0.3309360296222261	0.3309360296222261	0.10181991799019743	0.4807351182701845	0.1571428571428571	0.3389830508474576	0.0	0.875	True	True	False	strong
19_-_38922237_38922267	72hr	3	3	0.521062271062271	0.9885057471264368	0.4674434760641658	0.4674434760641658	0.1994803154409984	0.019908629972056037	0.3846153846153846	0.75	0.9655172413793104	1.0	True	True	True	strong
10_-_119161054_119161081	72hr	2	3	0.8361111111111111	0.9577089986080406	0.12159788749692946	0.12159788749692946	0.04321208107251124	0.05278605432366046	0.8055555555555556	0.8666666666666667	0.8985507246376812	1.0	True	False	True	exploratory
11_+_121306458_121306486	72hr	3	3	0.496937283685404	0.0	-0.496937283685404	0.496937283685404	0.20854129709688826	0.0	0.3673469387755102	0.7375	0.0	0.0	True	True	True	strong
3_-_12600387_12600415	72hr	3	3	0.6676124422026062	0.4794293683099653	-0.18818307389264088	0.18818307389264088	0.01783092779619079	0.0722819240542073	0.6502732240437158	0.6858974358974359	0.4029850746268656	0.5466666666666666	True	True	True	exploratory
10_+_97452894_97452923	72hr	2	3	0.5	0.9859154929577465	0.4859154929577465	0.4859154929577465	0.7071067811865476	0.02439508179674478	0.0	1.0	0.9577464788732394	1.0	True	False	False	strong
6_+_26448727_26448754	72hr	3	3	0.34245516388373526	0.48526654787095813	0.14281138398722287	0.14281138398722287	0.043659250294963974	0.13728239929835337	0.3163265306122449	0.3928571428571428	0.3287671232876712	0.5853658536585366	True	True	False	exploratory
13_+_75840084_75840110	72hr	3	2	0.5626811594202898	1.0	0.43731884057971016	0.43731884057971016	0.3036800386056203	0.0	0.375	0.9130434782608696	1.0	1.0	True	False	True	strong
17_+_82909284_82909307	72hr	3	3	0.8142857142857144	0.9197530864197532	0.10546737213403878	0.10546737213403878	0.17899948694488096	0.08350462505227581	0.6428571428571429	1.0	0.8333333333333334	1.0	True	True	False	exploratory
1_+_66984571_66984592	72hr	3	3	0.0254237288135593	0.4405328333138013	0.41510910450024197	0.41510910450024197	0.04403519002293752	0.3409915962357926	0.0	0.0762711864406779	0.1886792452830188	0.8285714285714286	True	True	True	strong
3_+_127674390_127674418	72hr	3	3	0.08509747168023425	0.20554226475279103	0.12044479307255677	0.12044479307255677	0.011343157197066401	0.0989131107165981	0.072	0.091743119266055	0.1052631578947368	0.303030303030303	True	True	True	exploratory
12_+_56117188_56117211	72hr	3	3	0.8164137449851735	0.9272063090090096	0.11079256402383608	0.11079256402383608	0.13961212420851865	0.03492641434326106	0.717948717948718	0.9761904761904762	0.8878048780487805	0.9543568464730292	True	True	False	exploratory
2_+_189665421_189665451	72hr	3	3	0.2645442052221713	0.37769944797021604	0.11315524274804473	0.11315524274804473	0.0993994755032156	0.17457286266940913	0.1949152542372881	0.3783783783783784	0.1818181818181818	0.5168539325842697	True	True	False	exploratory
6_+_43500743_43500772	72hr	3	3	0.8726425438596491	0.5684969607662552	-0.3041455830933939	0.3041455830933939	0.07525211789122284	0.1320983396534046	0.796875	0.9473684210526316	0.4269662921348314	0.6885245901639344	True	True	True	strong
1_-_1084480_1084506	72hr	3	3	0.4761904761904761	0.9333333333333332	0.45714285714285713	0.45714285714285713	0.4364357804719847	0.11547005383792512	0.0	0.8571428571428571	0.8	1.0	True	True	False	strong
2_+_135753538_135753567	72hr	3	3	0.165079365079365	0.4188519339738852	0.2537725688945202	0.2537725688945202	0.06660640700616267	0.03407038048036212	0.0892857142857142	0.2142857142857142	0.3983739837398374	0.4581818181818182	True	True	True	strong
10_+_110244827_110244857	72hr	3	3	0.6665316824645965	1.0	0.3334683175354035	0.3334683175354035	0.07799170217777676	0.0	0.6037735849056604	0.7538461538461538	1.0	1.0	True	True	True	strong
6_-_32580246_32580270	72hr	3	3	0.9407407407407407	0.800231160425335	-0.1405095803154056	0.1405095803154056	0.08413197549333735	0.01394041113842332	0.8444444444444444	1.0	0.7864077669902912	0.8142857142857143	True	True	True	exploratory
1_+_150962129_150962158	72hr	3	3	1.0	0.8000512032770097	-0.19994879672299026	0.19994879672299026	0.0	0.17342667839995474	1.0	1.0	0.6904761904761905	1.0	True	True	False	exploratory
6_-_166322856_166322886	72hr	3	3	0.29201680672268904	0.605756905249291	0.313740098526602	0.313740098526602	0.13684519827299377	0.037146424165126264	0.1428571428571428	0.4117647058823529	0.5800865800865801	0.6483516483516484	True	True	True	strong
20_-_33669686_33669712	72hr	3	3	0.33455882352941174	0.6248696947133284	0.2903108711839167	0.2903108711839167	0.29601867255000974	0.08317930202065277	0.0	0.5625	0.5569620253164557	0.7176470588235294	True	True	False	strong
16_+_28985712_28985740	72hr	3	3	0.45613497108791196	0.3441168364944067	-0.11201813459350524	0.11201813459350524	0.02384676639325918	0.04063066192472904	0.4299065420560747	0.4765100671140939	0.3172866520787746	0.3908629441624365	True	True	True	exploratory
2_+_86131077_86131106	72hr	3	3	0.8386838996595095	0.7220595974605534	-0.11662430219895614	0.11662430219895614	0.05497043179740067	0.09295026262449368	0.7777777777777778	0.8846153846153846	0.6360294117647058	0.8206521739130435	True	True	False	exploratory
7_-_92577654_92577676	72hr	3	3	0.7471282593375617	0.8472222222222222	0.10009396288466055	0.10009396288466055	0.027073712830453664	0.196908984427192	0.7209302325581395	0.775	0.625	1.0	True	True	False	exploratory
9_+_137206280_137206309	72hr	3	3	0.5444004524886877	0.15134139560745064	-0.3930590568812371	0.3930590568812371	0.32124642942280907	0.06714730227895295	0.1764705882352941	0.7692307692307693	0.0738636363636363	0.1926605504587156	True	True	False	strong
2_-_97507035_97507065	72hr	3	3	0.9583333333333334	0.8307692307692308	-0.12756410256410255	0.12756410256410255	0.07216878364870323	0.15613679330911107	0.875	1.0	0.6923076923076923	1.0	True	True	False	exploratory
1_-_151406606_151406631	72hr	3	3	0.5736659736659737	0.6798124356263892	0.10614646196041544	0.10614646196041544	0.10358132784209816	0.08524962529669544	0.4594594594594595	0.6615384615384615	0.5813953488372093	0.7307692307692307	True	True	False	exploratory
9_+_128598962_128598986	72hr	3	3	0.3463389739457427	0.5437517523079021	0.19741277836215937	0.19741277836215937	0.15383467947796514	0.15515321099680832	0.22	0.5176470588235295	0.3737373737373737	0.6776859504132231	True	True	False	exploratory
10_-_12170899_12170908	72hr	3	3	0.7619047619047619	0.42520609708547424	-0.3366986648192876	0.3366986648192876	0.25084889887744616	0.0224900562124661	0.5	1.0	0.4071005917159763	0.4503816793893129	True	True	True	strong
21_+_34103496_34103519	72hr	3	3	0.47792580982236155	0.0968089708237785	-0.38111683899858306	0.38111683899858306	0.2646421684607243	0.06423076183843031	0.1724137931034483	0.6363636363636364	0.0566037735849056	0.170886075949367	True	True	True	strong
19_-_5612539_5612567	72hr	3	3	0.7889192932671194	0.9637980311209908	0.17487873785387142	0.17487873785387142	0.02895860093993111	0.032767323318996164	0.7636363636363637	0.8205128205128205	0.9361702127659576	1.0	True	True	True	exploratory
7_+_74755508_74755537	72hr	3	3	0.8867910447761194	0.9893589358935895	0.10256789111747011	0.10256789111747011	0.034244462700745236	0.009983623267630977	0.86	0.9253731343283582	0.9801980198019802	1.0	True	True	True	exploratory
7_+_35831491_35831496	72hr	3	3	0.903225806451613	0.6397306397306397	-0.2634951667209733	0.2634951667209733	0.1676178200873107	0.326425723585626	0.7096774193548387	1.0	0.3636363636363636	1.0	True	True	False	strong
2_-_25835537_25835540	72hr	3	3	1.0	0.7796451914098973	-0.2203548085901027	0.2203548085901027	0.0	0.23671263309043247	1.0	1.0	0.5294117647058824	1.0	True	True	False	strong
10_-_73439871_73439901	7day	3	3	0.7770753460042963	0.9395183360700603	0.16244299006576401	0.16244299006576401	0.09392501507994556	0.052572943528290374	0.6923076923076923	0.8780487804878049	0.9047619047619048	1.0	True	True	True	exploratory
5_+_57221375_57221396	7day	3	3	0.7467343147410553	0.2873510577132774	-0.45938325702777794	0.45938325702777794	0.14307830943169886	0.06221588019520595	0.582089552238806	0.8409090909090909	0.2235294117647059	0.3478260869565217	True	True	True	strong
X_-_154357250_154357274	7day	3	3	0.7339657009313675	0.5109959029142223	-0.22296979801714523	0.22296979801714523	0.018876043114411663	0.016347529948219395	0.7166666666666667	0.7540983606557377	0.4962593516209476	0.5285802089735709	True	True	True	strong
9_+_133054943_133054964	7day	3	3	0.3791035353535353	0.20898695898695893	-0.17011657636657637	0.17011657636657637	0.12707872306439813	0.034743952860113836	0.28125	0.5227272727272727	0.1689189189189189	0.2307692307692307	True	True	True	exploratory
4_-_142202739_142202766	7day	3	3	0.4932191653577882	0.18557422969187667	-0.30764493566591156	0.30764493566591156	0.31919971567110417	0.08855428976108448	0.1764705882352941	0.8148148148148148	0.0833333333333333	0.238095238095238	True	True	False	strong
3_+_47819235_47819264	7day	2	3	0.8125	0.7061904761904761	-0.10630952380952385	0.10630952380952385	0.2651650429449553	0.24721441298272753	0.625	1.0	0.44	0.9285714285714286	True	False	False	exploratory
19_+_47780724_47780749	7day	3	3	0.6376478988168094	0.8035714285714285	0.1659235297546191	0.1659235297546191	0.20568409861998962	0.09579450559185167	0.5116279069767442	0.875	0.7142857142857143	0.9047619047619048	True	True	False	exploratory
11_+_67416175_67416202	7day	3	3	0.42372134038800696	0.6285612535612536	0.20483991317324662	0.20483991317324662	0.18129455784052992	0.24147268784853085	0.2321428571428571	0.5925925925925926	0.3888888888888889	0.8717948717948718	True	True	False	strong
16_+_70550649_70550678	7day	3	3	0.6234819734345352	0.25378202227876506	-0.3696999511557701	0.3696999511557701	0.06651772478906715	0.12049927158028025	0.5483870967741935	0.675	0.1308411214953271	0.3716814159292035	True	True	True	strong
1_-_156476493_156476514	7day	3	3	0.049851263443496434	0.24642306845696674	0.1965718050134703	0.1965718050134703	0.050517743804363115	0.010405337917141546	0.0	0.101010101010101	0.2363636363636363	0.2571428571428571	True	True	True	exploratory
19_+_41897314_41897326	7day	3	3	0.8748691516407558	0.5563642274725064	-0.3185049241682495	0.3185049241682495	0.0414520173907069	0.05164578788955234	0.8431372549019608	0.9217687074829932	0.4971857410881801	0.5923344947735192	True	True	True	strong
4_-_75918760_75918789	7day	2	2	0.35185185185185186	0.6862745098039216	0.3344226579520697	0.3344226579520697	0.4975936608349779	0.02772967769359016	0.0	0.7037037037037037	0.6666666666666666	0.7058823529411765	True	False	False	strong
12_-_122514711_122514728	7day	3	3	0.3050934097200119	0.03381642512077294	-0.271276984599239	0.271276984599239	0.12278179444913952	0.05857176643952723	0.1764705882352941	0.4210526315789473	0.0	0.1014492753623188	True	True	True	strong
16_-_89653903_89653923	7day	3	3	0.7886904761904763	0.9617195974799442	0.1730291212894679	0.1730291212894679	0.1830538608890688	0.018211226262274834	0.6785714285714286	1.0	0.940928270042194	0.9748427672955976	True	True	False	exploratory
12_+_9650332_9650361	7day	3	3	0.18088460444541263	0.011733099648436633	-0.169151504796976	0.169151504796976	0.12244311104242848	0.007970418629371034	0.081967213114754	0.3178294573643411	0.003584229390681	0.0195121951219512	True	True	True	exploratory
22_-_41681539_41681559	7day	3	3	0.24502804705750694	0.023101183270657365	-0.2219268637868496	0.2219268637868496	0.04304870151175994	0.015534860752702832	0.2011834319526627	0.2872340425531915	0.0058823529411764	0.0360655737704918	True	True	True	strong
5_+_65655635_65655653	7day	3	3	1.0	0.7222222222222223	-0.2777777777777777	0.2777777777777777	0.0	0.1924500897298753	1.0	1.0	0.5	0.8333333333333334	True	True	True	strong
5_+_146481446_146481476	7day	3	3	0.4722738218094255	0.0	-0.4722738218094255	0.4722738218094255	0.2049056012667931	0.0	0.2666666666666666	0.6764705882352942	0.0	0.0	True	True	True	strong
10_+_90895453_90895483	7day	3	3	0.10897435897435896	0.4812510337624493	0.37227667478809034	0.37227667478809034	0.12804477150921909	0.06278855286314627	0.0	0.25	0.4232804232804232	0.547945205479452	True	True	True	strong
19_-_39390259_39390289	7day	3	3	0.32455296168054	0.687744373475483	0.363191411794943	0.363191411794943	0.15830682675258917	0.0423027974262882	0.1836734693877551	0.4958677685950413	0.6411042944785276	0.7236363636363636	True	True	True	strong
2_+_101868028_101868037	7day	3	3	0.07086077674312963	0.32789115646258504	0.2570303797194554	0.2570303797194554	0.08299099693073872	0.15999704981314555	0.0	0.1621621621621621	0.1836734693877551	0.5	True	True	True	strong
1_+_28457831_28457855	7day	2	3	0.15625	0.42203460496143425	0.26578460496143425	0.26578460496143425	0.2209708691207961	0.22144143420609955	0.0	0.3125	0.1666666666666666	0.5609756097560976	True	False	False	strong
14_+_55061679_55061701	7day	3	3	0.8193214570056774	0.9771594684385382	0.1578380114328608	0.1578380114328608	0.09321132455409084	0.020285646303644565	0.7129629629629629	0.8867924528301887	0.9612403100775194	1.0	True	True	True	exploratory
14_+_103465423_103465450	7day	3	3	0.46349206349206346	0.015151515151515133	-0.4483405483405483	0.4483405483405483	0.08469410521875624	0.026243194054073868	0.3666666666666666	0.5238095238095238	0.0	0.0454545454545454	True	True	True	strong
12_-_57305639_57305663	7day	3	2	0.1054673238408178	0.6234817813765182	0.5180144575357004	0.5180144575357004	0.09193593401562618	0.011451121962535135	0.0	0.1686746987951807	0.6153846153846154	0.631578947368421	True	False	True	strong
20_+_58659622_58659634	7day	3	3	0.23215360304781696	0.35361988940543476	0.1214662863576178	0.1214662863576178	0.07152758594902812	0.1460207952532129	0.1497175141242938	0.2777777777777778	0.2512562814070351	0.5208333333333334	True	True	False	exploratory
3_+_56559568_56559594	7day	3	3	0.5038594149705261	0.9606481481481483	0.45678873317762214	0.45678873317762214	0.09731792235333765	0.03425613098830728	0.4054054054054054	0.6	0.9375	1.0	True	True	True	strong
22_-_29329711_29329720	7day	3	3	0.5686783804430863	0.4612663906142167	-0.10741198982886957	0.10741198982886957	0.07677323841192839	0.034345617617157195	0.5194805194805194	0.6571428571428571	0.4345238095238095	0.5	True	True	True	exploratory
3_+_133587158_133587161	7day	3	3	0.28362999452654625	0.13518518518518516	-0.1484448093413611	0.1484448093413611	0.17721988292126634	0.09674838641005173	0.1724137931034483	0.488	0.0238095238095238	0.1984126984126984	True	True	False	exploratory
6_-_85538837_85538864	7day	3	3	0.5695806100217865	0.2938859272538567	-0.2756946827679298	0.2756946827679298	0.2779003998540212	0.06722277389105565	0.3823529411764705	0.8888888888888888	0.2272727272727272	0.3617021276595745	True	True	True	strong
5_+_32586491_32586501	7day	3	3	0.6422147722435079	0.06627184547453427	-0.5759429267689736	0.5759429267689736	0.2738668103741617	0.046260685491026944	0.396551724137931	0.9375	0.0169491525423728	0.108695652173913	True	True	True	strong
17_-_41896619_41896649	7day	3	3	1.0	0.8987293604606762	-0.1012706395393238	0.1012706395393238	0.0	0.0393234852833534	1.0	1.0	0.8662420382165605	0.9424460431654677	True	True	True	exploratory
12_-_110499534_110499546	7day	2	3	0.5	0.7863630565123102	0.2863630565123102	0.2863630565123102	0.7071067811865476	0.06299726620746432	0.0	1.0	0.746268656716418	0.8589743589743589	True	False	False	strong
10_-_103105357_103105381	7day	3	3	0.936936936936937	0.6474984171050068	-0.28943851983193025	0.28943851983193025	0.10922842930614539	0.15952080104494354	0.8108108108108109	1.0	0.4915254237288136	0.8103448275862069	True	True	True	strong
4_+_27007982_27008006	7day	3	3	0.5048948670891573	0.14789869628579302	-0.3569961708033643	0.3569961708033643	0.16915544766542312	0.030312623774384734	0.3414634146341463	0.6792452830188679	0.119047619047619	0.1794871794871795	True	True	True	strong
X_-_23734340_23734367	7day	3	3	1.0	0.8979283721285785	-0.10207162787142154	0.10207162787142154	0.0	0.024045312856406355	1.0	1.0	0.8705882352941177	0.9157894736842104	True	True	True	exploratory
11_+_118364677_118364703	7day	3	3	0.5074074074074074	0.10256410256410257	-0.40484330484330483	0.40484330484330483	0.4576285265504732	0.177646236673731	0.0	0.8888888888888888	0.0	0.3076923076923077	True	True	False	strong
1_+_78620943_78620971	7day	2	3	0.2727272727272727	0.15661930451080205	-0.11610796821647065	0.11610796821647065	0.385694607919935	0.02752225463985126	0.0	0.5454545454545454	0.1333333333333333	0.1869918699186991	True	False	False	exploratory
4_-_82899712_82899737	7day	3	3	0.6198879551820728	0.15311986863710994	-0.46676808654496293	0.46676808654496293	0.1384549947141068	0.05516270000108736	0.5	0.7714285714285715	0.1071428571428571	0.2142857142857142	True	True	True	strong
1_+_161339561_161339588	7day	3	3	0.26809269162210336	0.022124863088718468	-0.2459678285333849	0.2459678285333849	0.2503595363331791	0.024337142366149093	0.0588235294117647	0.5454545454545454	0.0	0.0481927710843373	True	True	True	strong
14_-_21263310_21263336	7day	3	3	0.2662915757673248	0.8087595336597996	0.5424679578924747	0.5424679578924747	0.035171353339094054	0.02926584926839412	0.2273901808785529	0.295843520782396	0.7777777777777778	0.8359375	True	True	True	strong
8_+_144242601_144242628	7day	3	3	0.8271873790166473	0.6792929292929294	-0.1478944497237179	0.1478944497237179	0.13423432668884475	0.1831286945385444	0.7142857142857143	0.975609756097561	0.4848484848484848	0.8484848484848485	True	True	False	exploratory
11_+_70350993_70351023	7day	2	3	0.569327731092437	0.21581196581196574	-0.35351576528047124	0.35351576528047124	0.30601680026140504	0.12566936711566337	0.3529411764705882	0.7857142857142857	0.0833333333333333	0.3333333333333333	True	False	True	strong
15_-_50346371_50346395	7day	2	3	0.18039215686274504	0.5138257575757575	0.33343360071301253	0.33343360071301253	0.1608321306228226	0.26651078809717316	0.0666666666666666	0.2941176470588235	0.2727272727272727	0.8	True	False	False	strong
17_+_42985650_42985656	7day	3	3	0.3333333333333333	0.5386158886158886	0.2052825552825553	0.2052825552825553	0.5773502691896258	0.19001964949628442	0.0	1.0	0.4090909090909091	0.7567567567567568	True	True	False	strong
10_+_78040203_78040225	7day	3	3	0.7310387120489756	0.41428226706994414	-0.3167564449790315	0.3167564449790315	0.024080731496342628	0.008480824301901743	0.7057627118644068	0.7537128712871287	0.4045034829094444	0.4196254389387436	True	True	True	strong
8_-_27290155_27290178	7day	2	3	0.6053639846743295	0.9969135802469137	0.3915495955725842	0.3915495955725842	0.07043975598026907	0.0053458358258298274	0.5555555555555556	0.6551724137931034	0.9907407407407408	1.0	True	False	True	strong
13_+_25319325_25319350	7day	3	3	0.13015873015873014	0.9780723557028445	0.8479136255441143	0.8479136255441143	0.11282130567566259	0.0211722520334394	0.0	0.2	0.9577464788732394	1.0	True	True	True	strong
19_-_14152132_14152150	7day	3	3	0.7839937071010797	0.9047619047619048	0.12076819766082503	0.12076819766082503	0.1224276350731627	0.1649572197684645	0.6511627906976745	0.8923076923076924	0.7142857142857143	1.0	True	True	False	exploratory
22_+_30023456_30023483	7day	3	3	0.4352770885028949	0.18718648473034438	-0.24809060377255054	0.24809060377255054	0.2469857923495381	0.0983755239166851	0.2307692307692307	0.7096774193548387	0.1052631578947368	0.2962962962962963	True	True	False	strong
15_-_52348817_52348826	7day	3	3	0.9509803921568628	0.7469820152746983	-0.2039983768821645	0.2039983768821645	0.08490445135141557	0.07616777641978195	0.8529411764705882	1.0	0.6666666666666666	0.8181818181818182	True	True	True	strong
12_+_62566013_62566031	7day	2	3	0.7708333333333333	0.9365079365079366	0.16567460317460336	0.16567460317460336	0.14731391274719743	0.07273929674533083	0.6666666666666666	0.875	0.8571428571428571	1.0	True	False	False	exploratory
12_-_42322417_42322446	7day	3	3	0.4367955721679126	0.0018939393939393665	-0.4349016327739732	0.4349016327739732	0.1621819132510978	0.0032803992567591897	0.2553191489361702	0.5675675675675675	0.0	0.0056818181818181	True	True	True	strong
10_-_71823887_71823896	7day	3	3	0.19583550931319374	0.0192350122053225	-0.17660049710787123	0.17660049710787123	0.09542104809326986	0.00801807622566755	0.0909090909090909	0.2774193548387096	0.0104166666666666	0.0260869565217391	True	True	True	exploratory
6_+_31587943_31587966	7day	3	3	0.6639249639249639	0.21047948957084273	-0.4534454743541212	0.4534454743541212	0.2525670136567699	0.013598597217307067	0.3857142857142857	0.8787878787878788	0.1976284584980237	0.2247191011235955	True	True	True	strong
9_+_128609650_128609665	7day	3	3	0.466284348864994	0.29294738389182834	-0.17333696497316564	0.17333696497316564	0.05445907591878369	0.07879389215647992	0.4111111111111111	0.52	0.2469135802469135	0.3839285714285714	True	True	True	exploratory
16_-_67236410_67236434	7day	2	3	0.6451612903225806	0.14445970695970692	-0.5007015833628737	0.5007015833628737	0.5018177156807757	0.07131070332740257	0.2903225806451613	1.0	0.0625	0.1923076923076923	True	False	True	strong
1_-_32634767_32634792	7day	3	3	0.3947368421052631	0.6655710795541304	0.2708342374488673	0.2708342374488673	0.3540427380808871	0.09615336666490241	0.0	0.6842105263157895	0.5945945945945946	0.775	True	True	False	strong
12_-_6549475_6549484	7day	2	3	0.5	0.6489820565907521	0.14898205659075214	0.14898205659075214	0.7071067811865476	0.41820379359132953	0.0	1.0	0.1666666666666666	0.9107142857142856	True	False	False	exploratory
11_+_112230207_112230230	7day	3	3	0.6334659593280283	0.4943170360593228	-0.13914892326870548	0.13914892326870548	0.23368054187580178	0.04778070887334571	0.45	0.896551724137931	0.4393939393939394	0.5263157894736842	True	True	False	exploratory
19_+_18122106_18122127	7day	3	3	0.2857142857142857	0.8166666666666668	0.5309523809523811	0.5309523809523811	0.49487165930539345	0.2753785273643051	0.0	0.8571428571428571	0.5	1.0	True	True	False	strong
19_+_53563762_53563792	7day	3	3	0.11946267432321574	0.28613053613053613	0.1666678618073204	0.1666678618073204	0.07910365285989793	0.15357108807022268	0.0377358490566037	0.1956521739130435	0.1538461538461538	0.4545454545454545	True	True	False	exploratory
16_+_57062158_57062173	7day	3	3	0.2836302552063663	0.06657393421685166	-0.21705632098951466	0.21705632098951466	0.031395068642548526	0.02531495308892724	0.2486187845303867	0.3092783505154639	0.044776119402985	0.0943396226415094	True	True	True	strong
18_+_35972884_35972907	7day	3	3	0.43948615177889055	0.7786580086580086	0.33917185687911805	0.33917185687911805	0.1873614725856069	0.0368285320536115	0.2231404958677686	0.5481481481481482	0.7380952380952381	0.81	True	True	True	strong
15_+_42402123_42402135	7day	3	3	0.800358422939068	0.5666666666666667	-0.23369175627240135	0.23369175627240135	0.28997656268461786	0.5131601439446883	0.4677419354838709	1.0	0.0	1.0	True	True	False	strong
11_-_62852655_62852681	7day	3	3	0.24504283865963813	0.051461988304093535	-0.1935808503555446	0.1935808503555446	0.025901167889486792	0.04579361859754826	0.2265625	0.2746478873239437	0.0	0.087719298245614	True	True	True	exploratory
19_+_17861292_17861307	7day	3	3	0.032020298200669504	0.2518122898691619	0.21979199166849236	0.21979199166849236	0.006031811128787793	0.05061726391835043	0.0275862068965517	0.0388888888888888	0.2179487179487179	0.31	True	True	True	strong
1_+_42659227_42659251	7day	3	3	0.728102304149776	0.9687979539641942	0.24069564981441827	0.24069564981441827	0.2214617038538123	0.02957477345365482	0.4893617021276595	0.926829268292683	0.9411764705882352	1.0	True	True	True	strong
3_+_42630545_42630575	7day	3	3	0.22160020226183183	0.5394957983193277	0.31789559605749584	0.31789559605749584	0.10181991799019743	0.12658709282454148	0.1571428571428571	0.3389830508474576	0.4	0.6470588235294118	True	True	True	strong
19_-_38922237_38922267	7day	3	3	0.521062271062271	0.947114556416882	0.42605228535461104	0.42605228535461104	0.1994803154409984	0.04678739190586039	0.3846153846153846	0.75	0.9111111111111112	1.0	True	True	True	strong
11_+_121306458_121306486	7day	3	3	0.496937283685404	0.0	-0.496937283685404	0.496937283685404	0.20854129709688826	0.0	0.3673469387755102	0.7375	0.0	0.0	True	True	True	strong
6_+_26409893_26409914	7day	3	3	0.8085531415959721	0.6474867724867724	-0.1610663691091997	0.1610663691091997	0.0504478027050267	0.2309811296858102	0.7653631284916201	0.864	0.4285714285714285	0.8888888888888888	True	True	False	exploratory
16_-_934243_934254	7day	3	3	0.9779314888010541	0.8253968253968255	-0.1525346634042286	0.1525346634042286	0.021746615072785316	0.3024215695755183	0.9565217391304348	1.0	0.4761904761904761	1.0	True	True	False	exploratory
2_-_11218454_11218466	7day	2	2	0.2857142857142857	1.0	0.7142857142857143	0.7142857142857143	0.40406101782088427	0.0	0.0	0.5714285714285714	1.0	1.0	True	False	True	strong
10_+_97452894_97452923	7day	2	3	0.5	0.9299439073875164	0.4299439073875164	0.4299439073875164	0.7071067811865476	0.06310649551115322	0.0	1.0	0.8775510204081632	1.0	True	False	False	strong
13_+_75840084_75840110	7day	3	3	0.5626811594202898	1.0	0.43731884057971016	0.43731884057971016	0.3036800386056203	0.0	0.375	0.9130434782608696	1.0	1.0	True	True	True	strong
17_+_82909284_82909307	7day	3	3	0.8142857142857144	0.9411856491825797	0.12689993489686535	0.12689993489686535	0.17899948694488096	0.03094037892628037	0.6428571428571429	1.0	0.9069767441860463	0.9672131147540984	True	True	False	exploratory
6_+_26373275_26373296	7day	3	3	1.0	0.6886274509803921	-0.31137254901960787	0.31137254901960787	0.0	0.08138365149867148	1.0	1.0	0.6	0.76	True	True	True	strong
2_+_97213418_97213447	7day	3	2	0.8968253968253969	1.0	0.10317460317460314	0.10317460317460314	0.09014140231429006	0.0	0.8333333333333334	1.0	1.0	1.0	True	False	False	exploratory
6_+_43500743_43500772	7day	3	3	0.8726425438596491	0.6314124381549712	-0.24123010570467796	0.24123010570467796	0.07525211789122284	0.14580578161243887	0.796875	0.9473684210526316	0.4680851063829787	0.7484662576687117	True	True	True	strong
2_+_135753538_135753567	7day	3	3	0.165079365079365	0.5160560016884691	0.3509766366091041	0.3509766366091041	0.06660640700616267	0.03104780406666101	0.0892857142857142	0.2142857142857142	0.4850746268656716	0.5471698113207547	True	True	True	strong
10_+_110244827_110244857	7day	3	3	0.6665316824645965	0.9145299145299145	0.24799823206531801	0.24799823206531801	0.07799170217777676	0.14803853056144248	0.6037735849056604	0.7538461538461538	0.7435897435897436	1.0	True	True	False	strong
6_-_166322856_166322886	7day	3	3	0.29201680672268904	0.5818518518518518	0.2898350451291628	0.2898350451291628	0.13684519827299377	0.15666403990443037	0.1428571428571428	0.4117647058823529	0.44	0.75	True	True	True	strong
20_-_33669686_33669712	7day	3	3	0.33455882352941174	0.5500548415508922	0.2154960180214805	0.2154960180214805	0.29601867255000974	0.09430699029564697	0.0	0.5625	0.4728682170542636	0.6551724137931034	True	True	False	strong
5_+_119475705_119475727	7day	2	3	0.6272727272727272	0.7489047832980344	0.12163205602530724	0.12163205602530724	0.2442732516826256	0.12258294513966553	0.4545454545454545	0.8	0.6086956521739131	0.835820895522388	True	False	False	exploratory
2_+_86131077_86131106	7day	3	3	0.8386838996595095	0.719077992673625	-0.11960590698588447	0.11960590698588447	0.05497043179740067	0.042444874978997425	0.7777777777777778	0.8846153846153846	0.674074074074074	0.7583892617449665	True	True	True	exploratory
7_-_92577654_92577676	7day	3	2	0.7471282593375617	0.49999999999999994	-0.24712825933756172	0.24712825933756172	0.027073712830453664	0.10101525445522111	0.7209302325581395	0.775	0.4285714285714285	0.5714285714285714	True	False	True	strong
9_+_137206280_137206309	7day	3	3	0.5444004524886877	0.1810958951481827	-0.36330455734050504	0.36330455734050504	0.32124642942280907	0.05335245363240868	0.1764705882352941	0.7692307692307693	0.1323529411764706	0.238095238095238	True	True	False	strong
5_+_176656894_176656924	7day	3	3	0.34722222222222215	0.14127940249284635	-0.2059428197293758	0.2059428197293758	0.3342002615421101	0.004711224956207744	0.0	0.6666666666666666	0.1379310344827586	0.1466666666666666	True	True	False	strong
5_+_119492099_119492124	7day	2	3	0.3904761904761904	0.4990748798519808	0.10859868937579037	0.10859868937579037	0.013468700594029546	0.0628334956304495	0.3809523809523809	0.4	0.4268292682926829	0.5409836065573771	True	False	True	exploratory
9_+_128598962_128598986	7day	3	3	0.3463389739457427	0.5296841191069305	0.18334514516118777	0.18334514516118777	0.15383467947796514	0.028511096069225667	0.22	0.5176470588235295	0.5019607843137255	0.5589225589225589	True	True	False	exploratory
12_-_56350411_56350432	7day	3	3	0.3702693706870687	0.1899594238182187	-0.18030994686885002	0.18030994686885002	0.12028393536729551	0.05744037166099174	0.297029702970297	0.509090909090909	0.1451612903225806	0.2547169811320754	True	True	True	exploratory
17_-_56895925_56895952	7day	3	3	0.8571428571428571	0.981095311950161	0.12395245480730388	0.12395245480730388	0.24743582965269675	0.008708863300008522	0.5714285714285714	1.0	0.9759450171821306	0.991150442477876	True	True	False	exploratory
10_-_12170899_12170908	7day	3	3	0.7619047619047619	0.4415682119393041	-0.32033654996545774	0.32033654996545774	0.25084889887744616	0.018971139720886626	0.5	1.0	0.4257425742574257	0.4625984251968504	True	True	True	strong
21_+_34103496_34103519	7day	3	3	0.47792580982236155	0.20309447656131008	-0.27483133326105147	0.27483133326105147	0.2646421684607243	0.056138633961517234	0.1724137931034483	0.6363636363636364	0.1507936507936507	0.2624113475177305	True	True	False	strong
19_-_5612539_5612567	7day	3	3	0.7889192932671194	1.0	0.2110807067328806	0.2110807067328806	0.02895860093993111	0.0	0.7636363636363637	0.8205128205128205	1.0	1.0	True	True	True	strong
6_+_26410005_26410032	7day	3	2	0.6289759146902004	0.25555555555555554	-0.3734203591346449	0.3734203591346449	0.08188073195641427	0.2042752923427804	0.5510204081632653	0.7142857142857143	0.1111111111111111	0.4	True	False	True	strong
6_+_26373386_26373413	7day	3	3	1.0	0.4583333333333333	-0.5416666666666667	0.5416666666666667	0.0	0.12332207155790616	1.0	1.0	0.375	0.6	True	True	True	strong
16_+_28986539_28986569	7day	3	3	0.5708808478840307	0.46095538360309435	-0.10992546428093636	0.10992546428093636	0.055350999984467894	0.03181790851257644	0.5189873417721519	0.6291390728476821	0.4245014245014245	0.4831460674157303	True	True	True	exploratory
7_+_74755508_74755537	7day	3	3	0.8867910447761194	1.0	0.11320895522388064	0.11320895522388064	0.034244462700745236	0.0	0.86	0.9253731343283582	1.0	1.0	True	True	True	exploratory
4_+_53440581_53440608	7day	3	3	0.26556225300387204	0.43840124018926024	0.1728389871853882	0.1728389871853882	0.06865797061879263	0.0458891557002118	0.202127659574468	0.3384615384615385	0.4011299435028249	0.4896551724137931	True	True	True	exploratory
7_+_35831491_35831496	7day	3	3	0.903225806451613	0.69187675070028	-0.211349055751333	0.211349055751333	0.1676178200873107	0.1480359693190343	0.7096774193548387	1.0	0.5714285714285714	0.8571428571428571	True	True	False	strong
