ME	timepoint	ctrl_n_valid	activation_n_valid	ctrl_mean_PSI	activation_mean_PSI	delta_PSI_activation_minus_ctrl	abs_delta_PSI	ctrl_sd_PSI	activation_sd_PSI	ctrl_min_PSI	ctrl_max_PSI	activation_min_PSI	activation_max_PSI	valid_comparison	all_3_replicates_both_groups	complete_group_separation	effect_class	gene_id	gene_name	gene_biotype	whippet_Gene	whippet_Node	whippet_Coord	whippet_Strand	whippet_Type	whippet_Psi_A	whippet_Psi_B	whippet_delta_raw_ctrl_minus_activation	whippet_delta_activation_minus_ctrl	whippet_Probability	whippet_diff_file	whippet_mapped	microexonator_direction	whippet_direction	direction_concordant	delta_difference_whippet_minus_microexonator	abs_delta_difference
19_-_39390259_39390289	30min	3	3	0.32455296168054	0.6394278715772899	0.3148749098967499	0.3148749098967499	0.1583068267525891	0.0547761888041871	0.1836734693877551	0.4958677685950413	0.5785714285714286	0.6847826086956522	True	True	True	strong	ENSG00000006712	PAF1	protein_coding	ENSG00000006712	5	19:39390260-39390289	-	CE	0.76779	0.9388	-0.17101	0.17101	0.851	whippet_validation_inputs/Delta/CD8_Ctrl_vs_CD8_30min_activation.diff.gz	True	increase	increase	True	-0.14386490989674988	0.14386490989674988
5_+_32586491_32586501	30min	3	3	0.6422147722435079	0.288074712643678	-0.3541400595998298	0.3541400595998298	0.2738668103741617	0.0211529193453096	0.396551724137931	0.9375	0.2758620689655172	0.3125	True	True	True	strong	ENSG00000113387	SUB1	protein_coding	ENSG00000113387	16	5:32586492-32586501	+	CE	0.24484	0.17538	0.06946	-0.06946	0.758	whippet_validation_inputs/Delta/CD8_Ctrl_vs_CD8_30min_activation.diff.gz	True	decrease	decrease	True	0.2846800595998298	0.2846800595998298
15_-_50346371_50346395	30min	2	3	0.180392156862745	0.5429292929292929	0.3625371360665479	0.3625371360665479	0.1608321306228226	0.1628934689178802	0.0666666666666666	0.2941176470588235	0.3636363636363636	0.6818181818181818	True	False	True	strong	ENSG00000104064	GABPB1	protein_coding	ENSG00000104064	7	15:50346372-50346395	-	CE	0.1623	0.31617	-0.15387	0.15387	0.823	whippet_validation_inputs/Delta/CD8_Ctrl_vs_CD8_30min_activation.diff.gz	True	increase	increase	True	-0.2086671360665479	0.2086671360665479
8_-_27290155_27290178	30min	2	3	0.6053639846743295	0.9063492063492062	0.3009852216748767	0.3009852216748767	0.070439755980269	0.1096617488851801	0.5555555555555556	0.6551724137931034	0.7857142857142857	1.0	True	False	True	strong	ENSG00000104228	TRIM35	protein_coding	ENSG00000104228	8	8:27290156-27290178	-	CE	0.4821	0.70971	-0.22761	0.22761	0.842	whippet_validation_inputs/Delta/CD8_Ctrl_vs_CD8_30min_activation.diff.gz	True	increase	increase	True	-0.07337522167487667	0.07337522167487667
12_+_62566013_62566031	30min	2	2	0.7708333333333333	1.0	0.2291666666666667	0.2291666666666667	0.1473139127471974	0.0	0.6666666666666666	0.875	1.0	1.0	True	False	True	strong	ENSG00000061987	MON2	protein_coding	ENSG00000061987	44	12:62566014-62566031	+	CE	0.68795	0.84933	-0.16139	0.16139	0.735	whippet_validation_inputs/Delta/CD8_Ctrl_vs_CD8_30min_activation.diff.gz	True	increase	increase	True	-0.06777666666666671	0.06777666666666671
15_-_78294945_78294973	30min	2	2	1.0	0.4230769230769231	-0.5769230769230769	0.5769230769230769	0.0	0.5983211225424633	1.0	1.0	0.0	0.8461538461538461	True	False	True	strong	ENSG00000140395	SKIC8	protein_coding	ENSG00000140395	15	15:78294946-78294973	-	CE	0.97219	0.9615	0.010684	-0.010684	0.564	whippet_validation_inputs/Delta/CD8_Ctrl_vs_CD8_30min_activation.diff.gz	True	decrease	decrease	True	0.5662390769230768	0.5662390769230768
15_+_42402123_42402135	30min	3	3	0.800358422939068	0.318732729259045	-0.481625693680023	0.481625693680023	0.2899765626846178	0.1015121742972704	0.4677419354838709	1.0	0.2571428571428571	0.4358974358974359	True	True	True	strong	ENSG00000258461		protein_coding	ENSG00000258461	17	15:42402124-42402135	+	CE	0.98568	0.96079	0.024886	-0.024886	0.706	whippet_validation_inputs/Delta/CD8_Ctrl_vs_CD8_30min_activation.diff.gz	True	decrease	decrease	True	0.456739693680023	0.456739693680023
6_-_166322856_166322886	30min	3	3	0.292016806722689	0.6508699633699634	0.3588531566472743	0.3588531566472743	0.1368451982729937	0.2772551214620338	0.1428571428571428	0.4117647058823529	0.4285714285714285	0.9615384615384616	True	True	True	strong	ENSG00000198818	SFT2D1	protein_coding	ENSG00000198818	15	6:166322857-166322886	-	CE	0.92206	0.95429	-0.032232	0.032232	0.565	whippet_validation_inputs/Delta/CD8_Ctrl_vs_CD8_30min_activation.diff.gz	True	increase	increase	True	-0.3266211566472743	0.3266211566472743
5_+_57221375_57221396	3hr	3	3	0.7467343147410553	0.3970875047776161	-0.3496468099634392	0.3496468099634392	0.1430783094316988	0.0647247503163084	0.582089552238806	0.8409090909090909	0.3245614035087719	0.4489795918367347	True	True	True	strong	ENSG00000062194	GPBP1	protein_coding	ENSG00000062194	8	5:57221376-57221396	+	CE	0.75604	0.32374	0.4323	-0.4323	1.0	whippet_validation_inputs/Delta/CD8_Ctrl_vs_CD8_3hr_activation.diff.gz	True	decrease	decrease	True	-0.0826531900365608	0.0826531900365608
11_-_75271700_75271724	3hr	3	3	0.3101851851851852	0.5205128205128206	0.2103276353276353	0.2103276353276353	0.0789755653205184	0.0714736403321351	0.2222222222222222	0.375	0.4615384615384615	0.6	True	True	True	strong	ENSG00000137486	ARRB1	protein_coding	ENSG00000137486	31	11:75271701-75271724	-	CE	0.22155	0.27893	-0.057382	0.057382	0.58	whippet_validation_inputs/Delta/CD8_Ctrl_vs_CD8_3hr_activation.diff.gz	True	increase	increase	True	-0.15294563532763528	0.15294563532763528
16_+_70550649_70550678	3hr	3	3	0.6234819734345352	0.2957962784385156	-0.3276856949960195	0.3276856949960195	0.0665177247890671	0.2212305905172846	0.5483870967741935	0.675	0.1111111111111111	0.5409836065573771	True	True	True	strong	ENSG00000189091	SF3B3	protein_coding	ENSG00000189091	28	16:70550650-70550678	+	CE	0.45287	0.24306	0.20981	-0.20981	0.859	whippet_validation_inputs/Delta/CD8_Ctrl_vs_CD8_3hr_activation.diff.gz	True	decrease	decrease	True	0.11787569499601952	0.11787569499601952
10_+_90895453_90895483	3hr	3	3	0.1089743589743589	0.3773007926574885	0.2683264336831295	0.2683264336831295	0.128044771509219	0.0236543706520854	0.0	0.25	0.36	0.4042553191489361	True	True	True	strong	ENSG00000148688	RPP30	protein_coding	ENSG00000148688	15	10:90895454-90895483	+	CE	0.43084	0.77844	-0.3476	0.3476	0.99	whippet_validation_inputs/Delta/CD8_Ctrl_vs_CD8_3hr_activation.diff.gz	True	increase	increase	True	0.07927356631687055	0.07927356631687055
19_-_39390259_39390289	3hr	3	3	0.32455296168054	0.6488867630612528	0.3243338013807128	0.3243338013807128	0.1583068267525891	0.0094146319598196	0.1836734693877551	0.4958677685950413	0.6428571428571429	0.6597353497164461	True	True	True	strong	ENSG00000006712	PAF1	protein_coding	ENSG00000006712	5	19:39390260-39390289	-	CE	0.76596	0.86319	-0.097224	0.097224	0.673	whippet_validation_inputs/Delta/CD8_Ctrl_vs_CD8_3hr_activation.diff.gz	True	increase	increase	True	-0.22710980138071282	0.22710980138071282
16_-_70679314_70679323	3hr	3	2	1.0	0.6846153846153846	-0.3153846153846154	0.3153846153846154	0.0	0.1196642245084927	1.0	1.0	0.6	0.7692307692307693	True	False	True	strong	ENSG00000132613	MTSS2	protein_coding	ENSG00000132613	8	16:70679315-70679323	-	CE	0.89093	0.71558	0.17535	-0.17535	0.833	whippet_validation_inputs/Delta/CD8_Ctrl_vs_CD8_3hr_activation.diff.gz	True	decrease	decrease	True	0.14003461538461537	0.14003461538461537
14_+_103465423_103465450	3hr	3	3	0.4634920634920634	0.04	-0.4234920634920635	0.4234920634920635	0.0846941052187562	0.069282032302755	0.3666666666666666	0.5238095238095238	0.0	0.12	True	True	True	strong	ENSG00000075413	MARK3	protein_coding												False	decrease	missing	False		
3_+_56559568_56559594	3hr	3	3	0.5038594149705261	0.8713219148001756	0.3674624998296495	0.3674624998296495	0.0973179223533376	0.113064155441864	0.4054054054054054	0.6	0.7878787878787878	1.0	True	True	True	strong	ENSG00000180376	CCDC66	protein_coding	ENSG00000180376	16	3:56559569-56559594	+	CE	0.578	0.73058	-0.15258	0.15258	0.952	whippet_validation_inputs/Delta/CD8_Ctrl_vs_CD8_3hr_activation.diff.gz	True	increase	increase	True	-0.21488249982964952	0.21488249982964952
6_-_85538837_85538864	3hr	3	3	0.5695806100217865	0.1937611408199643	-0.3758194692018222	0.3758194692018222	0.2779003998540212	0.147380623443081	0.3823529411764705	0.8888888888888888	0.1	0.3636363636363636	True	True	True	strong	ENSG00000135317	SNX14	protein_coding	ENSG00000135317	72	6:85538838-85538864	-	CE	0.3504	0.26949	0.080904	-0.080904	0.697	whippet_validation_inputs/Delta/CD8_Ctrl_vs_CD8_3hr_activation.diff.gz	True	decrease	decrease	True	0.2949154692018222	0.2949154692018222
10_-_103105357_103105381	3hr	3	3	0.936936936936937	0.57698785742264	-0.359949079514297	0.359949079514297	0.1092284293061453	0.1146289337459232	0.8108108108108109	1.0	0.4782608695652174	0.7027027027027027	True	True	True	strong	ENSG00000076685	NT5C2	protein_coding	ENSG00000076685	33	10:103105358-103105381	-	CE	0.72419	0.54003	0.18416	-0.18416	0.909	whippet_validation_inputs/Delta/CD8_Ctrl_vs_CD8_3hr_activation.diff.gz	True	decrease	decrease	True	0.175789079514297	0.175789079514297
14_-_21263310_21263336	3hr	3	3	0.2662915757673248	0.62492025481968	0.3586286790523552	0.3586286790523552	0.035171353339094	0.0239260830652772	0.2273901808785529	0.295843520782396	0.6014814814814815	0.6493055555555556	True	True	True	strong	ENSG00000092199	HNRNPC	protein_coding	ENSG00000092199	23	14:21263311-21263336	-	CE	0.74019	0.73374	0.0064508	-0.0064508	0.523	whippet_validation_inputs/Delta/CD8_Ctrl_vs_CD8_3hr_activation.diff.gz	True	increase	decrease	False	-0.36507947905235516	0.36507947905235516
15_-_50346371_50346395	3hr	2	3	0.180392156862745	0.4637559093626039	0.2833637524998589	0.2833637524998589	0.1608321306228226	0.0758134087982981	0.0666666666666666	0.2941176470588235	0.3766233766233766	0.5146443514644351	True	False	True	strong	ENSG00000104064	GABPB1	protein_coding	ENSG00000104064	7	15:50346372-50346395	-	CE	0.16373	0.3286	-0.16486	0.16486	0.875	whippet_validation_inputs/Delta/CD8_Ctrl_vs_CD8_3hr_activation.diff.gz	True	increase	increase	True	-0.1185037524998589	0.1185037524998589
8_-_27290155_27290178	3hr	2	3	0.6053639846743295	0.9333333333333332	0.3279693486590037	0.3279693486590037	0.070439755980269	0.1154700538379251	0.5555555555555556	0.6551724137931034	0.8	1.0	True	False	True	strong	ENSG00000104228	TRIM35	protein_coding	ENSG00000104228	8	8:27290156-27290178	-	CE	0.47981	0.95513	-0.47532	0.47532	1.0	whippet_validation_inputs/Delta/CD8_Ctrl_vs_CD8_3hr_activation.diff.gz	True	increase	increase	True	0.14735065134099634	0.14735065134099634
13_+_25319325_25319350	3hr	3	3	0.1301587301587301	0.8377692266581156	0.7076104964993855	0.7076104964993855	0.1128213056756625	0.0389770635165752	0.0	0.2	0.8051948051948052	0.8809523809523809	True	True	True	strong	ENSG00000139496	NUP58	protein_coding	ENSG00000139496	29	13:25319326-25319350	+	CE	0.34375	0.79384	-0.45009	0.45009	0.987	whippet_validation_inputs/Delta/CD8_Ctrl_vs_CD8_3hr_activation.diff.gz	True	increase	increase	True	-0.25752049649938547	0.25752049649938547
9_+_128609650_128609665	3hr	3	3	0.466284348864994	0.1931858538029002	-0.2730984950620937	0.2730984950620937	0.0544590759187836	0.0180073243833878	0.4111111111111111	0.52	0.175	0.2110091743119266	True	True	True	strong	ENSG00000197694	SPTAN1	protein_coding	ENSG00000197694	90	9:128609651-128609665	+	CE	0.4224	0.25116	0.17124	-0.17124	0.964	whippet_validation_inputs/Delta/CD8_Ctrl_vs_CD8_3hr_activation.diff.gz	True	decrease	decrease	True	0.10185849506209371	0.10185849506209371
16_+_57062158_57062173	3hr	3	3	0.2836302552063663	0.0296296296296296	-0.2540006255767367	0.2540006255767367	0.0313950686425485	0.0513200239279666	0.2486187845303867	0.3092783505154639	0.0	0.0888888888888888	True	True	True	strong	ENSG00000140853	NLRC5	protein_coding	ENSG00000140853	76	16:57062159-57062173	+	CE	0.21007	0.078878	0.13119	-0.13119	0.997	whippet_validation_inputs/Delta/CD8_Ctrl_vs_CD8_3hr_activation.diff.gz	True	decrease	decrease	True	0.12281062557673669	0.12281062557673669
9_+_128627924_128627942	3hr	3	3	0.8596598520589435	0.5980025966487955	-0.2616572554101479	0.2616572554101479	0.0423580474252898	0.052467674946869	0.8247422680412371	0.9067796610169492	0.5539568345323741	0.6560509554140127	True	True	True	strong	ENSG00000197694	SPTAN1	protein_coding	ENSG00000197694	127	9:128627925-128627942	+	CE	0.81602	0.57335	0.24267	-0.24267	0.989	whippet_validation_inputs/Delta/CD8_Ctrl_vs_CD8_3hr_activation.diff.gz	True	decrease	decrease	True	0.018987255410147896	0.018987255410147896
18_+_35972884_35972907	3hr	3	3	0.4394861517788905	0.8073112073112073	0.3678250555323167	0.3678250555323167	0.1873614725856069	0.0580663015652571	0.2231404958677686	0.5481481481481482	0.7532467532467533	0.8686868686868687	True	True	True	strong	ENSG00000141428	C18orf21	protein_coding	ENSG00000141428	10	18:35972885-35972907	+	CE	0.96874	0.89205	0.076693	-0.076693	0.867	whippet_validation_inputs/Delta/CD8_Ctrl_vs_CD8_3hr_activation.diff.gz	True	increase	decrease	False	-0.4445180555323167	0.4445180555323167
10_-_119161054_119161081	3hr	2	3	0.8361111111111111	0.3666666666666667	-0.4694444444444444	0.4694444444444444	0.0432120810725112	0.3214550253664318	0.8055555555555556	0.8666666666666667	0.0	0.6	True	False	True	strong	ENSG00000183605	SFXN4	protein_coding	ENSG00000183605	10	10:119161055-119161081	-	CE	0.8077	0.30118	0.50652	-0.50652	0.976	whippet_validation_inputs/Delta/CD8_Ctrl_vs_CD8_3hr_activation.diff.gz	True	decrease	decrease	True	-0.037075555555555584	0.037075555555555584
11_+_121306458_121306486	3hr	3	3	0.496937283685404	0.0123428269694069	-0.4845944567159971	0.4845944567159971	0.2085412970968882	0.01708874123654	0.3673469387755102	0.7375	0.0	0.0318471337579617	True	True	True	strong	ENSG00000109929	SC5D	protein_coding	ENSG00000109929	14	11:121306459-121306486	+	CE	0.9944	0.99754	-0.0031414	0.0031414	0.709	whippet_validation_inputs/Delta/CD8_Ctrl_vs_CD8_3hr_activation.diff.gz	True	decrease	increase	False	0.4877358567159971	0.4877358567159971
6_+_43500743_43500772	3hr	3	3	0.8726425438596491	0.5757608617075111	-0.296881682152138	0.296881682152138	0.0752521178912228	0.0846320744855535	0.796875	0.9473684210526316	0.5057471264367817	0.6698113207547169	True	True	True	strong	ENSG00000137221	TJAP1	protein_coding	ENSG00000137221	20	6:43500744-43500772	+	CE	0.9901	0.99433	-0.004232	0.004232	0.604	whippet_validation_inputs/Delta/CD8_Ctrl_vs_CD8_3hr_activation.diff.gz	True	decrease	increase	False	0.301113682152138	0.301113682152138
2_+_135753538_135753567	3hr	3	3	0.165079365079365	0.3724442899625381	0.2073649248831731	0.2073649248831731	0.0666064070061626	0.0293055364929767	0.0892857142857142	0.2142857142857142	0.3428571428571428	0.4014598540145985	True	True	True	strong	ENSG00000144224	UBXN4	protein_coding	ENSG00000144224	9	2:135753539-135753567	+	CE	0.87351	0.99617	-0.12266	0.12266	1.0	whippet_validation_inputs/Delta/CD8_Ctrl_vs_CD8_3hr_activation.diff.gz	True	increase	increase	True	-0.08470492488317309	0.08470492488317309
10_+_110244827_110244857	3hr	3	3	0.6665316824645965	0.868266429242039	0.2017347467774425	0.2017347467774425	0.0779917021777767	0.0715035929278279	0.6037735849056604	0.7538461538461538	0.8051948051948052	0.945945945945946	True	True	True	strong	ENSG00000119950	MXI1	protein_coding												False	increase	missing	False		
6_-_166322856_166322886	3hr	3	3	0.292016806722689	0.5542667209333875	0.2622499142106984	0.2622499142106984	0.1368451982729937	0.0818405698039449	0.1428571428571428	0.4117647058823529	0.4814814814814814	0.6428571428571429	True	True	True	strong	ENSG00000198818	SFT2D1	protein_coding	ENSG00000198818	15	6:166322857-166322886	-	CE	0.9233	0.97899	-0.055684	0.055684	0.687	whippet_validation_inputs/Delta/CD8_Ctrl_vs_CD8_3hr_activation.diff.gz	True	increase	increase	True	-0.20656591421069836	0.20656591421069836
12_-_56350411_56350432	3hr	3	3	0.3702693706870687	0.1550127713920817	-0.215256599294987	0.215256599294987	0.1202839353672955	0.1046128017627189	0.297029702970297	0.509090909090909	0.0344827586206896	0.2222222222222222	True	True	True	strong	ENSG00000170581	STAT2	protein_coding	ENSG00000170581	58	12:56350412-56350432	-	CE	0.97717	0.98001	-0.0028356	0.0028356	0.556	whippet_validation_inputs/Delta/CD8_Ctrl_vs_CD8_3hr_activation.diff.gz	True	decrease	increase	False	0.218092199294987	0.218092199294987
4_+_88676217_88676241	12hr	3	2	0.9761904761904764	0.7638888888888888	-0.2123015873015874	0.2123015873015874	0.0412393049421161	0.0196418550329596	0.9285714285714286	1.0	0.75	0.7777777777777778	True	False	True	strong	ENSG00000287542	HERC3	protein_coding	ENSG00000138641	33	4:88676218-88676241	+	CE	0.92349	0.608	0.31549	-0.31549	0.984	whippet_validation_inputs/Delta/CD8_Ctrl_vs_CD8_12hr_activation.diff.gz	True	decrease	decrease	True	-0.10318841269841258	0.10318841269841258
5_+_57221375_57221396	12hr	3	3	0.7467343147410553	0.2343915343915343	-0.512342780349521	0.512342780349521	0.1430783094316988	0.0477335484074985	0.582089552238806	0.8409090909090909	0.2	0.2888888888888888	True	True	True	strong	ENSG00000062194	GPBP1	protein_coding	ENSG00000062194	8	5:57221376-57221396	+	CE	0.75582	0.22195	0.53388	-0.53388	1.0	whippet_validation_inputs/Delta/CD8_Ctrl_vs_CD8_12hr_activation.diff.gz	True	decrease	decrease	True	-0.021537219650479056	0.021537219650479056
4_-_142202739_142202766	12hr	3	3	0.4932191653577882	0.1026968200881244	-0.3905223452696638	0.3905223452696638	0.3191997156711041	0.069313975585125	0.1764705882352941	0.8148148148148148	0.0238095238095238	0.1538461538461538	True	True	True	strong	ENSG00000109452	INPP4B	protein_coding	ENSG00000109452	61	4:142202740-142202766	-	CE	0.28862	0.06054	0.22808	-0.22808	0.972	whippet_validation_inputs/Delta/CD8_Ctrl_vs_CD8_12hr_activation.diff.gz	True	decrease	decrease	True	0.16244234526966378	0.16244234526966378
16_+_70550649_70550678	12hr	3	3	0.6234819734345352	0.099034015055761	-0.5244479583787741	0.5244479583787741	0.0665177247890671	0.0206985926558702	0.5483870967741935	0.675	0.0754716981132075	0.1142857142857142	True	True	True	strong	ENSG00000189091	SF3B3	protein_coding	ENSG00000189091	28	16:70550650-70550678	+	CE	0.4527	0.087267	0.36543	-0.36543	0.996	whippet_validation_inputs/Delta/CD8_Ctrl_vs_CD8_12hr_activation.diff.gz	True	decrease	decrease	True	0.15901795837877414	0.15901795837877414
12_-_122514711_122514728	12hr	3	3	0.3050934097200119	0.0153846153846153	-0.2897087943353965	0.2897087943353965	0.1227817944491395	0.0266469355010596	0.1764705882352941	0.4210526315789473	0.0	0.0461538461538461	True	True	True	strong	ENSG00000111011	RSRC2	protein_coding	ENSG00000111011	42	12:122514712-122514728	-	CE	0.38543	0.0091002	0.37633	-0.37633	1.0	whippet_validation_inputs/Delta/CD8_Ctrl_vs_CD8_12hr_activation.diff.gz	True	decrease	decrease	True	-0.08662120566460352	0.08662120566460352
8_+_22539468_22539498	12hr	3	3	0.8673569023569024	0.6342592592592592	-0.2330976430976432	0.2330976430976432	0.0574844290130338	0.1105657914487258	0.8181818181818182	0.9305555555555556	0.5111111111111111	0.725	True	True	True	strong	ENSG00000120910	PPP3CC	protein_coding	ENSG00000120910	26	8:22539469-22539498	+	CE	0.8645	0.63281	0.2317	-0.2317	0.987	whippet_validation_inputs/Delta/CD8_Ctrl_vs_CD8_12hr_activation.diff.gz	True	decrease	decrease	True	0.001397643097643203	0.001397643097643203
11_+_63906087_63906114	12hr	3	3	0.0182310914018231	0.2471604938271604	0.2289294024253373	0.2289294024253373	0.0160629941490052	0.0932578569992342	0.0	0.0303030303030303	0.1481481481481481	0.3333333333333333	True	True	True	strong	ENSG00000072518	MARK2	protein_coding	ENSG00000072518	53	11:63906088-63906114	+	CE	0.033946	0.11996	-0.086017	0.086017	0.873	whippet_validation_inputs/Delta/CD8_Ctrl_vs_CD8_12hr_activation.diff.gz	True	increase	increase	True	-0.14291240242533731	0.14291240242533731
22_-_41681539_41681559	12hr	3	3	0.2450280470575069	0.0026246719160104	-0.2424033751414964	0.2424033751414964	0.0430487015117599	0.0045460651117292	0.2011834319526627	0.2872340425531915	0.0	0.0078740157480314	True	True	True	strong	ENSG00000100138	SNU13	protein_coding												False	decrease	missing	False		
5_+_146481446_146481476	12hr	3	3	0.4722738218094255	0.0	-0.4722738218094255	0.4722738218094255	0.2049056012667931	0.0	0.2666666666666666	0.6764705882352942	0.0	0.0	True	True	True	strong	ENSG00000113649	TCERG1	protein_coding												False	decrease	missing	False		
10_+_90895453_90895483	12hr	3	3	0.1089743589743589	0.4609727128628132	0.3519983538884542	0.3519983538884542	0.128044771509219	0.0207266444775947	0.0	0.25	0.4403669724770642	0.4818181818181818	True	True	True	strong	ENSG00000148688	RPP30	protein_coding	ENSG00000148688	15	10:90895454-90895483	+	CE	0.42916	0.87016	-0.441	0.441	1.0	whippet_validation_inputs/Delta/CD8_Ctrl_vs_CD8_12hr_activation.diff.gz	True	increase	increase	True	0.08900164611154582	0.08900164611154582
19_-_39390259_39390289	12hr	3	3	0.32455296168054	0.6512355660530577	0.3266826043725176	0.3266826043725176	0.1583068267525891	0.0093674443877157	0.1836734693877551	0.4958677685950413	0.6414342629482072	0.6600985221674877	True	True	True	strong	ENSG00000006712	PAF1	protein_coding	ENSG00000006712	5	19:39390260-39390289	-	CE	0.76785	0.96629	-0.19844	0.19844	0.935	whippet_validation_inputs/Delta/CD8_Ctrl_vs_CD8_12hr_activation.diff.gz	True	increase	increase	True	-0.1282426043725176	0.1282426043725176
2_+_101868028_101868037	12hr	3	3	0.0708607767431296	0.474426807760141	0.4035660310170114	0.4035660310170114	0.0829909969307387	0.1250215774140901	0.0	0.1621621621621621	0.3333333333333333	0.5714285714285714	True	True	True	strong	ENSG00000071054	MAP4K4	protein_coding	ENSG00000071054	42	2:101868029-101868037	+	CE	0.17539	0.34883	-0.17344	0.17344	0.906	whippet_validation_inputs/Delta/CD8_Ctrl_vs_CD8_12hr_activation.diff.gz	True	increase	increase	True	-0.23012603101701137	0.23012603101701137
16_-_70679314_70679323	12hr	3	3	1.0	0.4444444444444444	-0.5555555555555556	0.5555555555555556	0.0	0.0962250448649376	1.0	1.0	0.3333333333333333	0.5	True	True	True	strong	ENSG00000132613	MTSS2	protein_coding	ENSG00000132613	8	16:70679315-70679323	-	CE	0.8901	0.52636	0.36374	-0.36374	0.955	whippet_validation_inputs/Delta/CD8_Ctrl_vs_CD8_12hr_activation.diff.gz	True	decrease	decrease	True	0.19181555555555557	0.19181555555555557
14_+_103465423_103465450	12hr	3	3	0.4634920634920634	0.0	-0.4634920634920634	0.4634920634920634	0.0846941052187562	0.0	0.3666666666666666	0.5238095238095238	0.0	0.0	True	True	True	strong	ENSG00000075413	MARK3	protein_coding												False	decrease	missing	False		
3_+_56559568_56559594	12hr	3	3	0.5038594149705261	0.9533333333333333	0.4494739183628071	0.4494739183628071	0.0973179223533376	0.0503322295684716	0.4054054054054054	0.6	0.9	1.0	True	True	True	strong	ENSG00000180376	CCDC66	protein_coding	ENSG00000180376	16	3:56559569-56559594	+	CE	0.57812	0.87681	-0.29869	0.29869	1.0	whippet_validation_inputs/Delta/CD8_Ctrl_vs_CD8_12hr_activation.diff.gz	True	increase	increase	True	-0.15078391836280708	0.15078391836280708
5_+_32586491_32586501	12hr	3	3	0.6422147722435079	0.1697712418300653	-0.4724435304134425	0.4724435304134425	0.2738668103741617	0.0480800480061719	0.396551724137931	0.9375	0.1372549019607843	0.225	True	True	True	strong	ENSG00000113387	SUB1	protein_coding	ENSG00000113387	16	5:32586492-32586501	+	CE	0.24684	0.2185	0.028336	-0.028336	0.588	whippet_validation_inputs/Delta/CD8_Ctrl_vs_CD8_12hr_activation.diff.gz	True	decrease	decrease	True	0.44410753041344253	0.44410753041344253
2_-_121409023_121409047	12hr	3	3	0.7836257309941521	0.3555555555555555	-0.4280701754385965	0.4280701754385965	0.1875908179221689	0.038490017945975	0.6666666666666666	1.0	0.3333333333333333	0.4	True	True	True	strong	ENSG00000074054	CLASP1	protein_coding	ENSG00000074054	46	2:121409024-121409047	-	CE	0.6926	0.21621	0.47639	-0.47639	0.999	whippet_validation_inputs/Delta/CD8_Ctrl_vs_CD8_12hr_activation.diff.gz	True	decrease	decrease	True	-0.04831982456140349	0.04831982456140349
10_-_103105357_103105381	12hr	3	3	0.936936936936937	0.5334948320413436	-0.4034421048955934	0.4034421048955934	0.1092284293061453	0.0892660321663735	0.8108108108108109	1.0	0.4333333333333333	0.6046511627906976	True	True	True	strong	ENSG00000076685	NT5C2	protein_coding	ENSG00000076685	33	10:103105358-103105381	-	CE	0.72399	0.48403	0.23995	-0.23995	0.994	whippet_validation_inputs/Delta/CD8_Ctrl_vs_CD8_12hr_activation.diff.gz	True	decrease	decrease	True	0.1634921048955934	0.1634921048955934
4_+_27007982_27008006	12hr	3	3	0.5048948670891573	0.185515873015873	-0.3193789940732843	0.3193789940732843	0.1691554476654231	0.065498733493032	0.3414634146341463	0.6792452830188679	0.119047619047619	0.25	True	True	True	strong	ENSG00000109689	STIM2	protein_coding	ENSG00000109689	22	4:27007983-27008006	+	CE	0.34636	0.15848	0.18788	-0.18788	0.893	whippet_validation_inputs/Delta/CD8_Ctrl_vs_CD8_12hr_activation.diff.gz	True	decrease	decrease	True	0.1314989940732843	0.1314989940732843
4_-_82899712_82899737	12hr	3	3	0.6198879551820728	0.0	-0.6198879551820728	0.6198879551820728	0.1384549947141068	0.0	0.5	0.7714285714285715	0.0	0.0	True	True	True	strong	ENSG00000251022	THAP9-AS1	lncRNA	ENSG00000251022	12	4:82899713-82899737	-	CE	0.77718	0.1299	0.64728	-0.64728	0.999	whippet_validation_inputs/Delta/CD8_Ctrl_vs_CD8_12hr_activation.diff.gz	True	decrease	decrease	True	-0.02739204481792712	0.02739204481792712
1_+_161339561_161339588	12hr	3	3	0.2680926916221033	0.0	-0.2680926916221033	0.2680926916221033	0.2503595363331791	0.0	0.0588235294117647	0.5454545454545454	0.0	0.0	True	True	True	strong	ENSG00000143252	SDHC	protein_coding	ENSG00000143252	17	1:161339562-161339588	+	CE	0.2446	0.028895	0.21571	-0.21571	0.991	whippet_validation_inputs/Delta/CD8_Ctrl_vs_CD8_12hr_activation.diff.gz	True	decrease	decrease	True	0.052382691622103295	0.052382691622103295
14_-_21263310_21263336	12hr	3	3	0.2662915757673248	0.9155113022245004	0.6492197264571757	0.6492197264571757	0.035171353339094	0.011393556449588	0.2273901808785529	0.295843520782396	0.904688304997424	0.927400468384075	True	True	True	strong	ENSG00000092199	HNRNPC	protein_coding	ENSG00000092199	23	14:21263311-21263336	-	CE	0.73945	0.91683	-0.17738	0.17738	1.0	whippet_validation_inputs/Delta/CD8_Ctrl_vs_CD8_12hr_activation.diff.gz	True	increase	increase	True	-0.47183972645717576	0.47183972645717576
11_+_70350993_70351023	12hr	2	3	0.569327731092437	0.1719317356572258	-0.3973959954352111	0.3973959954352111	0.306016800261405	0.0693077884196072	0.3529411764705882	0.7857142857142857	0.1176470588235294	0.25	True	False	True	strong	ENSG00000131626	PPFIA1	protein_coding	ENSG00000131626	48	11:70350994-70351023	+	CE	0.38512	0.16328	0.22184	-0.22184	0.892	whippet_validation_inputs/Delta/CD8_Ctrl_vs_CD8_12hr_activation.diff.gz	True	decrease	decrease	True	0.17555599543521108	0.17555599543521108
15_-_50346371_50346395	12hr	2	3	0.180392156862745	0.3831597965102458	0.2027676396475007	0.2027676396475007	0.1608321306228226	0.0152701161710628	0.0666666666666666	0.2941176470588235	0.3658536585365853	0.3947368421052631	True	False	True	strong	ENSG00000104064	GABPB1	protein_coding	ENSG00000104064	7	15:50346372-50346395	-	CE	0.16184	0.29971	-0.13787	0.13787	0.833	whippet_validation_inputs/Delta/CD8_Ctrl_vs_CD8_12hr_activation.diff.gz	True	increase	increase	True	-0.0648976396475007	0.0648976396475007
10_+_78040203_78040225	12hr	3	3	0.7310387120489756	0.1379661813200837	-0.5930725307288919	0.5930725307288919	0.0240807314963426	0.0134228018070596	0.7057627118644068	0.7537128712871287	0.1232876712328767	0.1496156120638675	True	True	True	strong	ENSG00000138326	RPS24	protein_coding	ENSG00000138326	31	10:78040204-78040225	+	CE	0.64301	0.11584	0.52717	-0.52717	1.0	whippet_validation_inputs/Delta/CD8_Ctrl_vs_CD8_12hr_activation.diff.gz	True	decrease	decrease	True	0.06590253072889185	0.06590253072889185
8_-_27290155_27290178	12hr	2	3	0.6053639846743295	0.9841518634622084	0.3787878787878788	0.3787878787878788	0.070439755980269	0.0151994820784804	0.5555555555555556	0.6551724137931034	0.9696969696969696	1.0	True	False	True	strong	ENSG00000104228	TRIM35	protein_coding	ENSG00000104228	8	8:27290156-27290178	-	CE	0.47754	0.93953	-0.46199	0.46199	1.0	whippet_validation_inputs/Delta/CD8_Ctrl_vs_CD8_12hr_activation.diff.gz	True	increase	increase	True	0.08320212121212123	0.08320212121212123
13_+_25319325_25319350	12hr	3	3	0.1301587301587301	1.0	0.8698412698412699	0.8698412698412699	0.1128213056756625	0.0	0.0	0.2	1.0	1.0	True	True	True	strong	ENSG00000139496	NUP58	protein_coding	ENSG00000139496	29	13:25319326-25319350	+	CE	0.34275	0.99535	-0.6526	0.6526	1.0	whippet_validation_inputs/Delta/CD8_Ctrl_vs_CD8_12hr_activation.diff.gz	True	increase	increase	True	-0.2172412698412699	0.2172412698412699
12_+_62566013_62566031	12hr	2	3	0.7708333333333333	0.4021164021164021	-0.3687169312169311	0.3687169312169311	0.1473139127471974	0.0600942682095266	0.6666666666666666	0.875	0.3333333333333333	0.4444444444444444	True	False	True	strong	ENSG00000061987	MON2	protein_coding	ENSG00000061987	44	12:62566014-62566031	+	CE	0.6866	0.33635	0.35025	-0.35025	0.921	whippet_validation_inputs/Delta/CD8_Ctrl_vs_CD8_12hr_activation.diff.gz	True	decrease	decrease	True	0.018466931216931104	0.018466931216931104
12_-_42322417_42322446	12hr	3	3	0.4367955721679126	0.0	-0.4367955721679126	0.4367955721679126	0.1621819132510978	0.0	0.2553191489361702	0.5675675675675675	0.0	0.0	True	True	True	strong	ENSG00000139168	ZCRB1	protein_coding	ENSG00000139168	16	12:42322418-42322446	-	CE	0.96366	0.97731	-0.013651	0.013651	0.568	whippet_validation_inputs/Delta/CD8_Ctrl_vs_CD8_12hr_activation.diff.gz	True	decrease	increase	False	0.4504465721679126	0.4504465721679126
9_+_128609650_128609665	12hr	3	3	0.466284348864994	0.0821508840275696	-0.3841334648374243	0.3841334648374243	0.0544590759187836	0.052718753583708	0.4111111111111111	0.52	0.0212765957446808	0.1126760563380281	True	True	True	strong	ENSG00000197694	SPTAN1	protein_coding	ENSG00000197694	90	9:128609651-128609665	+	CE	0.42248	0.1136	0.30888	-0.30888	1.0	whippet_validation_inputs/Delta/CD8_Ctrl_vs_CD8_12hr_activation.diff.gz	True	decrease	decrease	True	0.07525346483742429	0.07525346483742429
16_-_67236410_67236434	12hr	2	3	0.6451612903225806	0.0817094017094017	-0.563451888613179	0.563451888613179	0.5018177156807757	0.1087389110576197	0.2903225806451613	1.0	0.0	0.2051282051282051	True	False	True	strong	ENSG00000135723	FHOD1	protein_coding	ENSG00000135723	20	16:67236411-67236434	-	CE	0.393	0.076243	0.31676	-0.31676	0.854	whippet_validation_inputs/Delta/CD8_Ctrl_vs_CD8_12hr_activation.diff.gz	True	decrease	decrease	True	0.24669188861317898	0.24669188861317898
9_+_128627924_128627942	12hr	3	3	0.8596598520589435	0.6379209094124292	-0.2217389426465142	0.2217389426465142	0.0423580474252898	0.2036758300480745	0.8247422680412371	0.9067796610169492	0.4107142857142857	0.8041237113402062	True	True	True	strong	ENSG00000197694	SPTAN1	protein_coding	ENSG00000197694	127	9:128627925-128627942	+	CE	0.81715	0.74553	0.071612	-0.071612	0.798	whippet_validation_inputs/Delta/CD8_Ctrl_vs_CD8_12hr_activation.diff.gz	True	decrease	decrease	True	0.15012694264651422	0.15012694264651422
18_+_35972884_35972907	12hr	3	3	0.4394861517788905	0.7464638608014288	0.3069777090225382	0.3069777090225382	0.1873614725856069	0.0387466337066279	0.2231404958677686	0.5481481481481482	0.7142857142857143	0.7894736842105263	True	True	True	strong	ENSG00000141428	C18orf21	protein_coding	ENSG00000141428	10	18:35972885-35972907	+	CE	0.96847	0.80279	0.16568	-0.16568	0.967	whippet_validation_inputs/Delta/CD8_Ctrl_vs_CD8_12hr_activation.diff.gz	True	increase	decrease	False	-0.4726577090225382	0.4726577090225382
15_+_42402123_42402135	12hr	3	2	0.800358422939068	0.0	-0.800358422939068	0.800358422939068	0.2899765626846178	0.0	0.4677419354838709	1.0	0.0	0.0	True	False	True	strong	ENSG00000258461		protein_coding	ENSG00000258461	17	15:42402124-42402135	+	CE	0.98618	0.95194	0.034235	-0.034235	0.766	whippet_validation_inputs/Delta/CD8_Ctrl_vs_CD8_12hr_activation.diff.gz	True	decrease	decrease	True	0.766123422939068	0.766123422939068
1_+_42659227_42659251	12hr	3	3	0.728102304149776	0.9852692586331804	0.2571669544834044	0.2571669544834044	0.2214617038538123	0.0129618323113447	0.4893617021276595	0.926829268292683	0.975609756097561	1.0	True	True	True	strong	ENSG00000171960	PPIH	protein_coding												False	increase	missing	False		
3_+_42630545_42630575	12hr	3	3	0.2216002022618318	0.6009752699407872	0.3793750676789553	0.3793750676789553	0.1018199179901974	0.1068340384034144	0.1571428571428571	0.3389830508474576	0.5333333333333333	0.7241379310344828	True	True	True	strong	ENSG00000114857	NKTR	protein_coding	ENSG00000114857	30	3:42630546-42630575	+	CE	0.93124	0.96492	-0.033678	0.033678	0.603	whippet_validation_inputs/Delta/CD8_Ctrl_vs_CD8_12hr_activation.diff.gz	True	increase	increase	True	-0.3456970676789553	0.3456970676789553
19_-_38922237_38922267	12hr	3	3	0.521062271062271	0.8540863638902855	0.3330240928280145	0.3330240928280145	0.1994803154409984	0.0859946267906614	0.3846153846153846	0.75	0.7692307692307693	0.9411764705882352	True	True	True	strong	ENSG00000104835	SARS2	protein_coding	ENSG00000104835	9	19:38922238-38922267	-	CE	0.97859	0.98843	-0.0098399	0.0098399	0.637	whippet_validation_inputs/Delta/CD8_Ctrl_vs_CD8_12hr_activation.diff.gz	True	increase	increase	True	-0.32318419282801447	0.32318419282801447
11_+_121306458_121306486	12hr	3	3	0.496937283685404	0.0119047619047618	-0.4850325217806421	0.4850325217806421	0.2085412970968882	0.020619652471058	0.3673469387755102	0.7375	0.0	0.0357142857142857	True	True	True	strong	ENSG00000109929	SC5D	protein_coding	ENSG00000109929	14	11:121306459-121306486	+	CE	0.99457	0.99241	0.0021557	-0.0021557	0.568	whippet_validation_inputs/Delta/CD8_Ctrl_vs_CD8_12hr_activation.diff.gz	True	decrease	decrease	True	0.4828768217806421	0.4828768217806421
13_+_75840084_75840110	12hr	3	2	0.5626811594202898	1.0	0.4373188405797101	0.4373188405797101	0.3036800386056203	0.0	0.375	0.9130434782608696	1.0	1.0	True	False	True	strong	ENSG00000136153	LMO7	protein_coding	ENSG00000136153	62	13:75840085-75840110	+	CE	0.98663	0.94502	0.041607	-0.041607	0.768	whippet_validation_inputs/Delta/CD8_Ctrl_vs_CD8_12hr_activation.diff.gz	True	increase	decrease	False	-0.4789258405797101	0.4789258405797101
6_+_26373275_26373296	12hr	3	3	1.0	0.78676525290923	-0.2132347470907699	0.2132347470907699	0.0	0.1172618235397408	1.0	1.0	0.6565656565656566	0.8840579710144928	True	True	True	strong	ENSG00000186470	BTN3A2	protein_coding	ENSG00000186470	35	6:26373276-26373296	+	CE	0.98886	0.97393	0.014928	-0.014928	0.783	whippet_validation_inputs/Delta/CD8_Ctrl_vs_CD8_12hr_activation.diff.gz	True	decrease	decrease	True	0.1983067470907699	0.1983067470907699
6_+_43500743_43500772	12hr	3	3	0.8726425438596491	0.5477702669241816	-0.3248722769354675	0.3248722769354675	0.0752521178912228	0.1500657973511999	0.796875	0.9473684210526316	0.375	0.6456692913385826	True	True	True	strong	ENSG00000137221	TJAP1	protein_coding	ENSG00000137221	20	6:43500744-43500772	+	CE	0.98975	0.99457	-0.0048191	0.0048191	0.641	whippet_validation_inputs/Delta/CD8_Ctrl_vs_CD8_12hr_activation.diff.gz	True	decrease	increase	False	0.3296913769354675	0.3296913769354675
2_+_135753538_135753567	12hr	3	3	0.165079365079365	0.4668123684636554	0.3017330033842904	0.3017330033842904	0.0666064070061626	0.0765116860896492	0.0892857142857142	0.2142857142857142	0.3793103448275862	0.5211267605633803	True	True	True	strong	ENSG00000144224	UBXN4	protein_coding	ENSG00000144224	9	2:135753539-135753567	+	CE	0.87328	0.99768	-0.1244	0.1244	1.0	whippet_validation_inputs/Delta/CD8_Ctrl_vs_CD8_12hr_activation.diff.gz	True	increase	increase	True	-0.17733300338429037	0.17733300338429037
10_+_110244827_110244857	12hr	3	3	0.6665316824645965	0.9555555555555556	0.2890238730909591	0.2890238730909591	0.0779917021777767	0.07698003589195	0.6037735849056604	0.7538461538461538	0.8666666666666667	1.0	True	True	True	strong	ENSG00000119950	MXI1	protein_coding												False	increase	missing	False		
6_-_166322856_166322886	12hr	3	3	0.292016806722689	0.5547201336675021	0.262703326944813	0.262703326944813	0.1368451982729937	0.0474667426123393	0.1428571428571428	0.4117647058823529	0.5	0.5847953216374269	True	True	True	strong	ENSG00000198818	SFT2D1	protein_coding	ENSG00000198818	15	6:166322857-166322886	-	CE	0.92413	0.98428	-0.060141	0.060141	0.703	whippet_validation_inputs/Delta/CD8_Ctrl_vs_CD8_12hr_activation.diff.gz	True	increase	increase	True	-0.20256232694481302	0.20256232694481302
7_-_92577654_92577676	12hr	3	2	0.7471282593375617	0.3598484848484848	-0.3872797744890768	0.3872797744890768	0.0270737128304536	0.3910514774743786	0.7209302325581395	0.775	0.0833333333333333	0.6363636363636364	True	False	True	strong	ENSG00000234545	FAM133B	protein_coding	ENSG00000234545	17	7:92577655-92577676	-	CE	0.95672	0.84992	0.10679	-0.10679	0.664	whippet_validation_inputs/Delta/CD8_Ctrl_vs_CD8_12hr_activation.diff.gz	True	decrease	decrease	True	0.2804897744890768	0.2804897744890768
10_-_12170899_12170908	12hr	3	3	0.7619047619047619	0.4844944508576547	-0.2774103110471071	0.2774103110471071	0.2508488988774461	0.0122620326759415	0.5	1.0	0.4708029197080292	0.4944649446494465	True	True	True	strong	ENSG00000165609	NUDT5	protein_coding	ENSG00000165609	17	10:12170900-12170908	-	CE	0.81157	0.97959	-0.16802	0.16802	0.976	whippet_validation_inputs/Delta/CD8_Ctrl_vs_CD8_12hr_activation.diff.gz	True	decrease	increase	False	0.4454303110471071	0.4454303110471071
21_+_34103496_34103519	12hr	3	3	0.4779258098223615	0.0583319225777326	-0.4195938872446289	0.4195938872446289	0.2646421684607243	0.0119086612484793	0.1724137931034483	0.6363636363636364	0.0446927374301676	0.0666666666666666	True	True	True	strong	ENSG00000243927	MRPS6	protein_coding	ENSG00000243927	6	21:34103497-34103519	+	CE	0.23656	0.053724	0.18283	-0.18283	0.976	whippet_validation_inputs/Delta/CD8_Ctrl_vs_CD8_12hr_activation.diff.gz	True	decrease	decrease	True	0.23676388724462893	0.23676388724462893
19_-_5612539_5612567	12hr	3	3	0.7889192932671194	0.9950248756218903	0.206105582354771	0.206105582354771	0.0289586009399311	0.0086171681968601	0.7636363636363637	0.8205128205128205	0.9850746268656716	1.0	True	True	True	strong	ENSG00000130254	SAFB2	protein_coding	ENSG00000130254	9	19:5612540-5612567	-	CE	0.99261	0.99272	-0.00011741	0.00011741	0.512	whippet_validation_inputs/Delta/CD8_Ctrl_vs_CD8_12hr_activation.diff.gz	True	increase	increase	True	-0.205988172354771	0.205988172354771
6_+_26373386_26373413	12hr	3	3	1.0	0.7052287581699347	-0.2947712418300653	0.2947712418300653	0.0	0.154296824115331	1.0	1.0	0.6	0.8823529411764706	True	True	True	strong	ENSG00000186470	BTN3A2	protein_coding	ENSG00000186470	37	6:26373387-26373413	+	CE	0.98859	0.99642	-0.0078257	0.0078257	0.738	whippet_validation_inputs/Delta/CD8_Ctrl_vs_CD8_12hr_activation.diff.gz	True	decrease	increase	False	0.3025969418300653	0.3025969418300653
5_+_57221375_57221396	24hr	3	3	0.7467343147410553	0.2437694844247338	-0.5029648303163216	0.5029648303163216	0.1430783094316988	0.0751932412838149	0.582089552238806	0.8409090909090909	0.189873417721519	0.3296703296703296	True	True	True	strong	ENSG00000062194	GPBP1	protein_coding	ENSG00000062194	8	5:57221376-57221396	+	CE	0.75664	0.26896	0.48769	-0.48769	1.0	whippet_validation_inputs/Delta/CD8_Ctrl_vs_CD8_24hr_activation.diff.gz	True	decrease	decrease	True	0.015274830316321542	0.015274830316321542
X_-_154357250_154357274	24hr	3	3	0.7339657009313675	0.4951533790096543	-0.2388123219217132	0.2388123219217132	0.0188760431144116	0.0184544436953675	0.7166666666666667	0.7540983606557377	0.4838056680161943	0.5164473684210527	True	True	True	strong	ENSG00000196924	FLNA	protein_coding	ENSG00000196924	48	X:154357251-154357274	-	CE	0.67685	0.3967	0.28016	-0.28016	1.0	whippet_validation_inputs/Delta/CD8_Ctrl_vs_CD8_24hr_activation.diff.gz	True	decrease	decrease	True	-0.04134767807828682	0.04134767807828682
3_+_47819235_47819264	24hr	2	3	0.8125	0.5102707749766573	-0.3022292250233427	0.3022292250233427	0.2651650429449553	0.1040224405430658	0.625	1.0	0.4117647058823529	0.6190476190476191	True	False	True	strong	ENSG00000132153	DHX30	protein_coding	ENSG00000132153	15	3:47819236-47819264	+	CE	0.55487	0.41093	0.14394	-0.14394	0.595	whippet_validation_inputs/Delta/CD8_Ctrl_vs_CD8_24hr_activation.diff.gz	True	decrease	decrease	True	0.1582892250233427	0.1582892250233427
11_+_67416175_67416202	24hr	3	2	0.4237213403880069	0.8	0.3762786596119931	0.3762786596119931	0.1812945578405299	0.282842712474619	0.2321428571428571	0.5925925925925926	0.6	1.0	True	False	True	strong	ENSG00000172508	CARNS1	protein_coding												False	increase	missing	False		
16_+_70550649_70550678	24hr	3	3	0.6234819734345352	0.0871565905044817	-0.5363253829300534	0.5363253829300534	0.0665177247890671	0.0314761312758837	0.5483870967741935	0.675	0.0523560209424083	0.1136363636363636	True	True	True	strong	ENSG00000189091	SF3B3	protein_coding	ENSG00000189091	28	16:70550650-70550678	+	CE	0.45338	0.059455	0.39392	-0.39392	0.999	whippet_validation_inputs/Delta/CD8_Ctrl_vs_CD8_24hr_activation.diff.gz	True	decrease	decrease	True	0.1424053829300534	0.1424053829300534
12_-_122514711_122514728	24hr	3	3	0.3050934097200119	0.0141843971631205	-0.2909090125568913	0.2909090125568913	0.1227817944491395	0.0245680965612606	0.1764705882352941	0.4210526315789473	0.0	0.0425531914893617	True	True	True	strong	ENSG00000111011	RSRC2	protein_coding	ENSG00000111011	42	12:122514712-122514728	-	CE	0.38539	0.0091362	0.37625	-0.37625	1.0	whippet_validation_inputs/Delta/CD8_Ctrl_vs_CD8_24hr_activation.diff.gz	True	decrease	decrease	True	-0.0853409874431087	0.0853409874431087
8_+_22539468_22539498	24hr	3	3	0.8673569023569024	0.557602554654876	-0.3097543477020265	0.3097543477020265	0.0574844290130338	0.0665376986387329	0.8181818181818182	0.9305555555555556	0.5	0.6304347826086957	True	True	True	strong	ENSG00000120910	PPP3CC	protein_coding	ENSG00000120910	26	8:22539469-22539498	+	CE	0.86525	0.56063	0.30462	-0.30462	0.999	whippet_validation_inputs/Delta/CD8_Ctrl_vs_CD8_24hr_activation.diff.gz	True	decrease	decrease	True	0.005134347702026476	0.005134347702026476
11_+_63906087_63906114	24hr	3	3	0.0182310914018231	0.2302943969610635	0.2120633055592404	0.2120633055592404	0.0160629941490052	0.1373764043408379	0.0	0.0303030303030303	0.1481481481481481	0.3888888888888889	True	True	True	strong	ENSG00000072518	MARK2	protein_coding	ENSG00000072518	53	11:63906088-63906114	+	CE	0.032507	0.12368	-0.091176	0.091176	0.931	whippet_validation_inputs/Delta/CD8_Ctrl_vs_CD8_24hr_activation.diff.gz	True	increase	increase	True	-0.12088730555924042	0.12088730555924042
22_-_41681539_41681559	24hr	3	3	0.2450280470575069	0.0011695906432748	-0.2438584564142321	0.2438584564142321	0.0430487015117599	0.0020257904182091	0.2011834319526627	0.2872340425531915	0.0	0.0035087719298245	True	True	True	strong	ENSG00000100138	SNU13	protein_coding												False	decrease	missing	False		
5_+_146481446_146481476	24hr	3	3	0.4722738218094255	0.0	-0.4722738218094255	0.4722738218094255	0.2049056012667931	0.0	0.2666666666666666	0.6764705882352942	0.0	0.0	True	True	True	strong	ENSG00000113649	TCERG1	protein_coding												False	decrease	missing	False		
10_+_90895453_90895483	24hr	3	3	0.1089743589743589	0.4962650731706712	0.3872907141963122	0.3872907141963122	0.128044771509219	0.089272773479429	0.0	0.25	0.3932038834951456	0.549645390070922	True	True	True	strong	ENSG00000148688	RPP30	protein_coding	ENSG00000148688	15	10:90895454-90895483	+	CE	0.42865	0.87154	-0.4429	0.4429	1.0	whippet_validation_inputs/Delta/CD8_Ctrl_vs_CD8_24hr_activation.diff.gz	True	increase	increase	True	0.05560928580368779	0.05560928580368779
19_-_39390259_39390289	24hr	3	3	0.32455296168054	0.6700053704379231	0.3454524087573831	0.3454524087573831	0.1583068267525891	0.0940148999529661	0.1836734693877551	0.4958677685950413	0.5982142857142857	0.7764227642276422	True	True	True	strong	ENSG00000006712	PAF1	protein_coding	ENSG00000006712	5	19:39390260-39390289	-	CE	0.76653	0.98317	-0.21664	0.21664	0.971	whippet_validation_inputs/Delta/CD8_Ctrl_vs_CD8_24hr_activation.diff.gz	True	increase	increase	True	-0.1288124087573831	0.1288124087573831
16_-_70679314_70679323	24hr	3	2	1.0	0.4675324675324674	-0.5324675324675325	0.5324675324675325	0.0	0.1469312792075943	1.0	1.0	0.3636363636363636	0.5714285714285714	True	False	True	strong	ENSG00000132613	MTSS2	protein_coding	ENSG00000132613	8	16:70679315-70679323	-	CE	0.89116	0.46381	0.42735	-0.42735	0.971	whippet_validation_inputs/Delta/CD8_Ctrl_vs_CD8_24hr_activation.diff.gz	True	decrease	decrease	True	0.10511753246753253	0.10511753246753253
14_+_103465423_103465450	24hr	3	3	0.4634920634920634	0.0	-0.4634920634920634	0.4634920634920634	0.0846941052187562	0.0	0.3666666666666666	0.5238095238095238	0.0	0.0	True	True	True	strong	ENSG00000075413	MARK3	protein_coding												False	decrease	missing	False		
12_-_57305639_57305663	24hr	3	3	0.1054673238408178	0.4608225108225108	0.355355186981693	0.355355186981693	0.0919359340156261	0.096594289171703	0.0	0.1686746987951807	0.3809523809523809	0.5681818181818182	True	True	True	strong	ENSG00000179912	R3HDM2	protein_coding	ENSG00000179912	11	12:57305640-57305663	-	CE	0.12164	0.34645	-0.22481	0.22481	0.984	whippet_validation_inputs/Delta/CD8_Ctrl_vs_CD8_24hr_activation.diff.gz	True	increase	increase	True	-0.13054518698169298	0.13054518698169298
3_+_56559568_56559594	24hr	3	3	0.5038594149705261	0.8680961663417803	0.3642367513712542	0.3642367513712542	0.0973179223533376	0.114932629071893	0.4054054054054054	0.6	0.7894736842105263	1.0	True	True	True	strong	ENSG00000180376	CCDC66	protein_coding	ENSG00000180376	16	3:56559569-56559594	+	CE	0.57909	0.90743	-0.32834	0.32834	0.997	whippet_validation_inputs/Delta/CD8_Ctrl_vs_CD8_24hr_activation.diff.gz	True	increase	increase	True	-0.0358967513712542	0.0358967513712542
6_-_85538837_85538864	24hr	3	3	0.5695806100217865	0.209126984126984	-0.3604536258948024	0.3604536258948024	0.2779003998540212	0.0664572959458126	0.3823529411764705	0.8888888888888888	0.1666666666666666	0.2857142857142857	True	True	True	strong	ENSG00000135317	SNX14	protein_coding	ENSG00000135317	72	6:85538838-85538864	-	CE	0.35323	0.15821	0.19502	-0.19502	0.94	whippet_validation_inputs/Delta/CD8_Ctrl_vs_CD8_24hr_activation.diff.gz	True	decrease	decrease	True	0.1654336258948024	0.1654336258948024
5_+_32586491_32586501	24hr	3	3	0.6422147722435079	0.0896851286728167	-0.5525296435706912	0.5525296435706912	0.2738668103741617	0.0356239412391202	0.396551724137931	0.9375	0.0490196078431372	0.1153846153846153	True	True	True	strong	ENSG00000113387	SUB1	protein_coding	ENSG00000113387	16	5:32586492-32586501	+	CE	0.24834	0.10414	0.14419	-0.14419	0.966	whippet_validation_inputs/Delta/CD8_Ctrl_vs_CD8_24hr_activation.diff.gz	True	decrease	decrease	True	0.4083396435706912	0.4083396435706912
10_-_103105357_103105381	24hr	3	3	0.936936936936937	0.3317372661597235	-0.6051996707772135	0.6051996707772135	0.1092284293061453	0.1489693938571104	0.8108108108108109	1.0	0.1951219512195122	0.490566037735849	True	True	True	strong	ENSG00000076685	NT5C2	protein_coding	ENSG00000076685	33	10:103105358-103105381	-	CE	0.72511	0.28638	0.43873	-0.43873	1.0	whippet_validation_inputs/Delta/CD8_Ctrl_vs_CD8_24hr_activation.diff.gz	True	decrease	decrease	True	0.16646967077721347	0.16646967077721347
4_+_27007982_27008006	24hr	3	3	0.5048948670891573	0.1460317460317459	-0.3588631210574113	0.3588631210574113	0.1691554476654231	0.0667233319269324	0.3414634146341463	0.6792452830188679	0.0714285714285714	0.2	True	True	True	strong	ENSG00000109689	STIM2	protein_coding	ENSG00000109689	22	4:27007983-27008006	+	CE	0.34577	0.18348	0.16229	-0.16229	0.835	whippet_validation_inputs/Delta/CD8_Ctrl_vs_CD8_24hr_activation.diff.gz	True	decrease	decrease	True	0.19657312105741132	0.19657312105741132
4_-_82899712_82899737	24hr	3	3	0.6198879551820728	0.0	-0.6198879551820728	0.6198879551820728	0.1384549947141068	0.0	0.5	0.7714285714285715	0.0	0.0	True	True	True	strong	ENSG00000251022	THAP9-AS1	lncRNA	ENSG00000251022	12	4:82899713-82899737	-	CE	0.77729	0.081378	0.69591	-0.69591	1.0	whippet_validation_inputs/Delta/CD8_Ctrl_vs_CD8_24hr_activation.diff.gz	True	decrease	decrease	True	-0.07602204481792718	0.07602204481792718
1_+_161339561_161339588	24hr	3	3	0.2680926916221033	0.00557880055788	-0.2625138910642233	0.2625138910642233	0.2503595363331791	0.0096627660115418	0.0588235294117647	0.5454545454545454	0.0	0.0167364016736401	True	True	True	strong	ENSG00000143252	SDHC	protein_coding	ENSG00000143252	17	1:161339562-161339588	+	CE	0.2431	0.0038268	0.23928	-0.23928	1.0	whippet_validation_inputs/Delta/CD8_Ctrl_vs_CD8_24hr_activation.diff.gz	True	decrease	decrease	True	0.0232338910642233	0.0232338910642233
14_-_21263310_21263336	24hr	3	3	0.2662915757673248	0.9222332079142244	0.6559416321468996	0.6559416321468996	0.035171353339094	0.006070104515181	0.2273901808785529	0.295843520782396	0.9170476812540824	0.9289099526066352	True	True	True	strong	ENSG00000092199	HNRNPC	protein_coding	ENSG00000092199	23	14:21263311-21263336	-	CE	0.739	0.90503	-0.16603	0.16603	1.0	whippet_validation_inputs/Delta/CD8_Ctrl_vs_CD8_24hr_activation.diff.gz	True	increase	increase	True	-0.4899116321468996	0.4899116321468996
11_+_70350993_70351023	24hr	2	3	0.569327731092437	0.1582242377570519	-0.411103493335385	0.411103493335385	0.306016800261405	0.1167311539968924	0.3529411764705882	0.7857142857142857	0.0689655172413793	0.2903225806451613	True	False	True	strong	ENSG00000131626	PPFIA1	protein_coding	ENSG00000131626	48	11:70350994-70351023	+	CE	0.38191	0.15253	0.22937	-0.22937	0.922	whippet_validation_inputs/Delta/CD8_Ctrl_vs_CD8_24hr_activation.diff.gz	True	decrease	decrease	True	0.181733493335385	0.181733493335385
10_+_78040203_78040225	24hr	3	3	0.7310387120489756	0.0715417021498726	-0.659497009899103	0.659497009899103	0.0240807314963426	0.0089357847951892	0.7057627118644068	0.7537128712871287	0.0614406779661017	0.0784157363104731	True	True	True	strong	ENSG00000138326	RPS24	protein_coding	ENSG00000138326	31	10:78040204-78040225	+	CE	0.64296	0.066998	0.57596	-0.57596	1.0	whippet_validation_inputs/Delta/CD8_Ctrl_vs_CD8_24hr_activation.diff.gz	True	decrease	decrease	True	0.08353700989910295	0.08353700989910295
8_-_27290155_27290178	24hr	2	3	0.6053639846743295	0.9714285714285716	0.366064586754242	0.366064586754242	0.070439755980269	0.0494871659305393	0.5555555555555556	0.6551724137931034	0.9142857142857144	1.0	True	False	True	strong	ENSG00000104228	TRIM35	protein_coding	ENSG00000104228	8	8:27290156-27290178	-	CE	0.47963	0.96276	-0.48313	0.48313	1.0	whippet_validation_inputs/Delta/CD8_Ctrl_vs_CD8_24hr_activation.diff.gz	True	increase	increase	True	0.11706541324575798	0.11706541324575798
13_+_25319325_25319350	24hr	3	3	0.1301587301587301	0.9869791666666666	0.8568204365079365	0.8568204365079365	0.1128213056756625	0.0225527448902197	0.0	0.2	0.9609375	1.0	True	True	True	strong	ENSG00000139496	NUP58	protein_coding	ENSG00000139496	29	13:25319326-25319350	+	CE	0.34419	0.98548	-0.64129	0.64129	1.0	whippet_validation_inputs/Delta/CD8_Ctrl_vs_CD8_24hr_activation.diff.gz	True	increase	increase	True	-0.21553043650793646	0.21553043650793646
19_-_14152132_14152150	24hr	3	3	0.7839937071010797	0.5613819999065901	-0.2226117071944896	0.2226117071944896	0.1224276350731627	0.0472314549563065	0.6511627906976745	0.8923076923076924	0.5277777777777778	0.6153846153846154	True	True	True	strong	ENSG00000072071	ADGRL1	protein_coding	ENSG00000072071	36	19:14152133-14152150	-	CE	0.95081	0.89917	0.051638	-0.051638	0.803	whippet_validation_inputs/Delta/CD8_Ctrl_vs_CD8_24hr_activation.diff.gz	True	decrease	decrease	True	0.17097370719448962	0.17097370719448962
12_+_62566013_62566031	24hr	2	3	0.7708333333333333	0.2835249042145594	-0.4873084291187738	0.4873084291187738	0.1473139127471974	0.2621932890563314	0.6666666666666666	0.875	0.0	0.5172413793103449	True	False	True	strong	ENSG00000061987	MON2	protein_coding	ENSG00000061987	44	12:62566014-62566031	+	CE	0.68433	0.37416	0.31017	-0.31017	0.902	whippet_validation_inputs/Delta/CD8_Ctrl_vs_CD8_24hr_activation.diff.gz	True	decrease	decrease	True	0.1771384291187738	0.1771384291187738
12_-_42322417_42322446	24hr	3	3	0.4367955721679126	0.008872532237818	-0.4279230399300945	0.4279230399300945	0.1621819132510978	0.0080617138091955	0.2553191489361702	0.5675675675675675	0.0	0.0157480314960629	True	True	True	strong	ENSG00000139168	ZCRB1	protein_coding	ENSG00000139168	16	12:42322418-42322446	-	CE	0.96407	0.98568	-0.021604	0.021604	0.662	whippet_validation_inputs/Delta/CD8_Ctrl_vs_CD8_24hr_activation.diff.gz	True	decrease	increase	False	0.4495270399300945	0.4495270399300945
9_+_128609650_128609665	24hr	3	3	0.466284348864994	0.0477168746726745	-0.4185674741923194	0.4185674741923194	0.0544590759187836	0.0289747211370765	0.4111111111111111	0.52	0.0142857142857142	0.0655737704918032	True	True	True	strong	ENSG00000197694	SPTAN1	protein_coding	ENSG00000197694	90	9:128609651-128609665	+	CE	0.42354	0.090406	0.33314	-0.33314	1.0	whippet_validation_inputs/Delta/CD8_Ctrl_vs_CD8_24hr_activation.diff.gz	True	decrease	decrease	True	0.08542747419231939	0.08542747419231939
16_-_67236410_67236434	24hr	2	3	0.6451612903225806	0.1373350361856108	-0.5078262541369698	0.5078262541369698	0.5018177156807757	0.0481509146390146	0.2903225806451613	1.0	0.0888888888888888	0.1851851851851851	True	False	True	strong	ENSG00000135723	FHOD1	protein_coding	ENSG00000135723	20	16:67236411-67236434	-	CE	0.39335	0.072186	0.32116	-0.32116	0.834	whippet_validation_inputs/Delta/CD8_Ctrl_vs_CD8_24hr_activation.diff.gz	True	decrease	decrease	True	0.1866662541369698	0.1866662541369698
10_-_31839304_31839319	24hr	3	2	0.9824561403508772	0.0	-0.9824561403508772	0.9824561403508772	0.0303868562731381	0.0	0.9473684210526316	1.0	0.0	0.0	True	False	True	strong	ENSG00000165322	ARHGAP12	protein_coding	ENSG00000165322	14	10:31839305-31839319	-	CE	0.9874	0.22338	0.76402	-0.76402	1.0	whippet_validation_inputs/Delta/CD8_Ctrl_vs_CD8_24hr_activation.diff.gz	True	decrease	decrease	True	0.21843614035087722	0.21843614035087722
9_+_128627924_128627942	24hr	3	3	0.8596598520589435	0.6515228895311242	-0.2081369625278192	0.2081369625278192	0.0423580474252898	0.0253275321542938	0.8247422680412371	0.9067796610169492	0.6293103448275862	0.6791044776119403	True	True	True	strong	ENSG00000197694	SPTAN1	protein_coding	ENSG00000197694	127	9:128627925-128627942	+	CE	0.81724	0.68814	0.12909	-0.12909	0.913	whippet_validation_inputs/Delta/CD8_Ctrl_vs_CD8_24hr_activation.diff.gz	True	decrease	decrease	True	0.0790469625278192	0.0790469625278192
18_+_35972884_35972907	24hr	3	3	0.4394861517788905	0.841726518130188	0.4022403663512974	0.4022403663512974	0.1873614725856069	0.0166917626559996	0.2231404958677686	0.5481481481481482	0.824	0.8571428571428571	True	True	True	strong	ENSG00000141428	C18orf21	protein_coding	ENSG00000141428	10	18:35972885-35972907	+	CE	0.96867	0.85727	0.11141	-0.11141	0.971	whippet_validation_inputs/Delta/CD8_Ctrl_vs_CD8_24hr_activation.diff.gz	True	increase	decrease	False	-0.5136503663512973	0.5136503663512973
15_+_42402123_42402135	24hr	3	3	0.800358422939068	0.1238095238095238	-0.6765488991295442	0.6765488991295442	0.2899765626846178	0.1567093587800412	0.4677419354838709	1.0	0.0	0.3	True	True	True	strong	ENSG00000258461		protein_coding	ENSG00000258461	17	15:42402124-42402135	+	CE	0.98629	0.92795	0.058342	-0.058342	0.841	whippet_validation_inputs/Delta/CD8_Ctrl_vs_CD8_24hr_activation.diff.gz	True	decrease	decrease	True	0.6182068991295442	0.6182068991295442
11_-_62852655_62852681	24hr	3	3	0.2450428386596381	0.0222222222222222	-0.2228206164374159	0.2228206164374159	0.0259011678894867	0.0209717623201964	0.2265625	0.2746478873239437	0.0	0.0416666666666666	True	True	True	strong	ENSG00000255717	SNHG1	lncRNA												False	decrease	missing	False		
1_+_42659227_42659251	24hr	3	3	0.728102304149776	0.9408717007285162	0.2127693965787402	0.2127693965787402	0.2214617038538123	0.0128916447935333	0.4893617021276595	0.926829268292683	0.9320388349514565	0.955665024630542	True	True	True	strong	ENSG00000171960	PPIH	protein_coding												False	increase	missing	False		
3_+_42630545_42630575	24hr	3	3	0.2216002022618318	0.7878787878787877	0.5662785856169559	0.5662785856169559	0.1018199179901974	0.0400871410767362	0.1571428571428571	0.3389830508474576	0.7575757575757576	0.8333333333333334	True	True	True	strong	ENSG00000114857	NKTR	protein_coding	ENSG00000114857	30	3:42630546-42630575	+	CE	0.9315	0.9783	-0.046798	0.046798	0.607	whippet_validation_inputs/Delta/CD8_Ctrl_vs_CD8_24hr_activation.diff.gz	True	increase	increase	True	-0.5194805856169559	0.5194805856169559
19_-_38922237_38922267	24hr	3	3	0.521062271062271	0.9484684684684684	0.4274061974061974	0.4274061974061974	0.1994803154409984	0.0478625171745073	0.3846153846153846	0.75	0.9054054054054054	1.0	True	True	True	strong	ENSG00000104835	SARS2	protein_coding	ENSG00000104835	9	19:38922238-38922267	-	CE	0.97922	0.99256	-0.013338	0.013338	0.698	whippet_validation_inputs/Delta/CD8_Ctrl_vs_CD8_24hr_activation.diff.gz	True	increase	increase	True	-0.4140681974061974	0.4140681974061974
11_+_121306458_121306486	24hr	3	3	0.496937283685404	0.0	-0.496937283685404	0.496937283685404	0.2085412970968882	0.0	0.3673469387755102	0.7375	0.0	0.0	True	True	True	strong	ENSG00000109929	SC5D	protein_coding	ENSG00000109929	14	11:121306459-121306486	+	CE	0.99475	0.99252	0.0022331	-0.0022331	0.602	whippet_validation_inputs/Delta/CD8_Ctrl_vs_CD8_24hr_activation.diff.gz	True	decrease	decrease	True	0.49470418368540403	0.49470418368540403
2_-_11218454_11218466	24hr	2	3	0.2857142857142857	1.0	0.7142857142857143	0.7142857142857143	0.4040610178208842	0.0	0.0	0.5714285714285714	1.0	1.0	True	False	True	strong	ENSG00000134318	ROCK2	protein_coding	ENSG00000134318	19	2:11218455-11218466	-	CE	0.94742	0.97932	-0.031902	0.031902	0.677	whippet_validation_inputs/Delta/CD8_Ctrl_vs_CD8_24hr_activation.diff.gz	True	increase	increase	True	-0.6823837142857143	0.6823837142857143
6_+_43500743_43500772	24hr	3	3	0.8726425438596491	0.5251059704184704	-0.3475365734411787	0.3475365734411787	0.0752521178912228	0.0318720534468737	0.796875	0.9473684210526316	0.4886363636363636	0.5476190476190477	True	True	True	strong	ENSG00000137221	TJAP1	protein_coding	ENSG00000137221	20	6:43500744-43500772	+	CE	0.9899	0.99443	-0.0045295	0.0045295	0.632	whippet_validation_inputs/Delta/CD8_Ctrl_vs_CD8_24hr_activation.diff.gz	True	decrease	increase	False	0.35206607344117874	0.35206607344117874
2_+_135753538_135753567	24hr	3	3	0.165079365079365	0.5327304173571857	0.3676510522778207	0.3676510522778207	0.0666064070061626	0.0559006542392954	0.0892857142857142	0.2142857142857142	0.4745762711864407	0.5860655737704918	True	True	True	strong	ENSG00000144224	UBXN4	protein_coding	ENSG00000144224	9	2:135753539-135753567	+	CE	0.87403	0.99775	-0.12372	0.12372	1.0	whippet_validation_inputs/Delta/CD8_Ctrl_vs_CD8_24hr_activation.diff.gz	True	increase	increase	True	-0.2439310522778207	0.2439310522778207
10_+_110244827_110244857	24hr	3	2	0.6665316824645965	1.0	0.3334683175354035	0.3334683175354035	0.0779917021777767	0.0	0.6037735849056604	0.7538461538461538	1.0	1.0	True	False	True	strong	ENSG00000119950	MXI1	protein_coding												False	increase	missing	False		
6_-_166322856_166322886	24hr	3	3	0.292016806722689	0.6380914739809642	0.3460746672582752	0.3460746672582752	0.1368451982729937	0.0355119706002447	0.1428571428571428	0.4117647058823529	0.61328125	0.6787709497206704	True	True	True	strong	ENSG00000198818	SFT2D1	protein_coding	ENSG00000198818	15	6:166322857-166322886	-	CE	0.92358	0.99018	-0.066599	0.066599	0.788	whippet_validation_inputs/Delta/CD8_Ctrl_vs_CD8_24hr_activation.diff.gz	True	increase	increase	True	-0.27947566725827516	0.27947566725827516
21_+_34103496_34103519	24hr	3	3	0.4779258098223615	0.0905002453365937	-0.3874255644857678	0.3874255644857678	0.2646421684607243	0.0256084714667072	0.1724137931034483	0.6363636363636364	0.0610687022900763	0.1076923076923077	True	True	True	strong	ENSG00000243927	MRPS6	protein_coding	ENSG00000243927	6	21:34103497-34103519	+	CE	0.23895	0.045391	0.19356	-0.19356	0.988	whippet_validation_inputs/Delta/CD8_Ctrl_vs_CD8_24hr_activation.diff.gz	True	decrease	decrease	True	0.1938655644857678	0.1938655644857678
19_-_5612539_5612567	24hr	3	3	0.7889192932671194	0.9966329966329966	0.2077137033658772	0.2077137033658772	0.0289586009399311	0.0058318209009052	0.7636363636363637	0.8205128205128205	0.98989898989899	1.0	True	True	True	strong	ENSG00000130254	SAFB2	protein_coding	ENSG00000130254	9	19:5612540-5612567	-	CE	0.99266	0.99291	-0.00025274	0.00025274	0.5	whippet_validation_inputs/Delta/CD8_Ctrl_vs_CD8_24hr_activation.diff.gz	True	increase	increase	True	-0.2074609633658772	0.2074609633658772
5_+_57221375_57221396	48hr	3	3	0.7467343147410553	0.1966078575611037	-0.5501264571799517	0.5501264571799517	0.1430783094316988	0.0382762653290782	0.582089552238806	0.8409090909090909	0.1702127659574468	0.240506329113924	True	True	True	strong	ENSG00000062194	GPBP1	protein_coding	ENSG00000062194	8	5:57221376-57221396	+	CE	0.7572	0.18768	0.56952	-0.56952	1.0	whippet_validation_inputs/Delta/CD8_Ctrl_vs_CD8_48hr_activation.diff.gz	True	decrease	decrease	True	-0.01939354282004835	0.01939354282004835
11_-_75271700_75271724	48hr	3	3	0.3101851851851852	0.1037037037037037	-0.2064814814814815	0.2064814814814815	0.0789755653205184	0.1002055500627309	0.2222222222222222	0.375	0.0	0.2	True	True	True	strong	ENSG00000137486	ARRB1	protein_coding	ENSG00000137486	31	11:75271701-75271724	-	CE	0.2222	0.1557	0.066494	-0.066494	0.739	whippet_validation_inputs/Delta/CD8_Ctrl_vs_CD8_48hr_activation.diff.gz	True	decrease	decrease	True	0.1399874814814815	0.1399874814814815
X_-_154357250_154357274	48hr	3	3	0.7339657009313675	0.5303536851645861	-0.2036120157667813	0.2036120157667813	0.0188760431144116	0.031520673919397	0.7166666666666667	0.7540983606557377	0.5100574712643678	0.5666666666666667	True	True	True	strong	ENSG00000196924	FLNA	protein_coding	ENSG00000196924	48	X:154357251-154357274	-	CE	0.67699	0.40872	0.26826	-0.26826	1.0	whippet_validation_inputs/Delta/CD8_Ctrl_vs_CD8_48hr_activation.diff.gz	True	decrease	decrease	True	-0.06464798423321869	0.06464798423321869
16_+_70550649_70550678	48hr	3	3	0.6234819734345352	0.1446052628645446	-0.4788767105699905	0.4788767105699905	0.0665177247890671	0.0286538260988906	0.5483870967741935	0.675	0.1245283018867924	0.1774193548387097	True	True	True	strong	ENSG00000189091	SF3B3	protein_coding	ENSG00000189091	28	16:70550650-70550678	+	CE	0.45241	0.10206	0.35035	-0.35035	0.988	whippet_validation_inputs/Delta/CD8_Ctrl_vs_CD8_48hr_activation.diff.gz	True	decrease	decrease	True	0.1285267105699905	0.1285267105699905
12_-_122514711_122514728	48hr	3	3	0.3050934097200119	0.0128205128205128	-0.2922728968994991	0.2922728968994991	0.1227817944491395	0.0222057795842163	0.1764705882352941	0.4210526315789473	0.0	0.0384615384615384	True	True	True	strong	ENSG00000111011	RSRC2	protein_coding	ENSG00000111011	42	12:122514712-122514728	-	CE	0.38596	0.0069845	0.37897	-0.37897	1.0	whippet_validation_inputs/Delta/CD8_Ctrl_vs_CD8_48hr_activation.diff.gz	True	decrease	decrease	True	-0.08669710310050088	0.08669710310050088
22_-_41681539_41681559	48hr	3	3	0.2450280470575069	0.0020242914979757	-0.2430037555595312	0.2430037555595312	0.0430487015117599	0.0035061757238236	0.2011834319526627	0.2872340425531915	0.0	0.0060728744939271	True	True	True	strong	ENSG00000100138	SNU13	protein_coding												False	decrease	missing	False		
5_+_65655635_65655653	48hr	3	3	1.0	0.7337873470925276	-0.2662126529074724	0.2662126529074724	0.0	0.1637945912077346	1.0	1.0	0.5581395348837209	0.8823529411764706	True	True	True	strong	ENSG00000113597	TRAPPC13	protein_coding	ENSG00000113597	17	5:65655636-65655653	+	CE	0.83325	0.6567	0.17655	-0.17655	0.833	whippet_validation_inputs/Delta/CD8_Ctrl_vs_CD8_48hr_activation.diff.gz	True	decrease	decrease	True	0.08966265290747241	0.08966265290747241
5_+_146481446_146481476	48hr	3	3	0.4722738218094255	0.0	-0.4722738218094255	0.4722738218094255	0.2049056012667931	0.0	0.2666666666666666	0.6764705882352942	0.0	0.0	True	True	True	strong	ENSG00000113649	TCERG1	protein_coding												False	decrease	missing	False		
8_-_140426614_140426641	48hr	3	2	0.821501014198783	0.4128205128205128	-0.4086805013782701	0.4086805013782701	0.1568175659449125	0.3952545597401727	0.7058823529411765	1.0	0.1333333333333333	0.6923076923076923	True	False	True	strong	ENSG00000167632	TRAPPC9	protein_coding	ENSG00000167632	8	8:140426615-140426641	-	CE	0.78934	0.29257	0.49678	-0.49678	0.958	whippet_validation_inputs/Delta/CD8_Ctrl_vs_CD8_48hr_activation.diff.gz	True	decrease	decrease	True	-0.08809949862172989	0.08809949862172989
10_+_90895453_90895483	48hr	3	3	0.1089743589743589	0.5362356621123695	0.4272613031380105	0.4272613031380105	0.128044771509219	0.047811116696067	0.0	0.25	0.4882506527415143	0.5838709677419355	True	True	True	strong	ENSG00000148688	RPP30	protein_coding	ENSG00000148688	15	10:90895454-90895483	+	CE	0.43	0.898	-0.468	0.468	1.0	whippet_validation_inputs/Delta/CD8_Ctrl_vs_CD8_48hr_activation.diff.gz	True	increase	increase	True	0.040738696861989554	0.040738696861989554
19_-_39390259_39390289	48hr	3	3	0.32455296168054	0.6810648945770778	0.3565119328965377	0.3565119328965377	0.1583068267525891	0.0392602506803241	0.1836734693877551	0.4958677685950413	0.6411764705882353	0.7196652719665272	True	True	True	strong	ENSG00000006712	PAF1	protein_coding	ENSG00000006712	5	19:39390260-39390289	-	CE	0.76545	0.97806	-0.21261	0.21261	0.965	whippet_validation_inputs/Delta/CD8_Ctrl_vs_CD8_48hr_activation.diff.gz	True	increase	increase	True	-0.14390193289653772	0.14390193289653772
2_+_101868028_101868037	48hr	3	3	0.0708607767431296	0.3317230273752012	0.2608622506320716	0.2608622506320716	0.0829909969307387	0.1007310413721959	0.0	0.1621621621621621	0.217391304347826	0.4074074074074074	True	True	True	strong	ENSG00000071054	MAP4K4	protein_coding	ENSG00000071054	42	2:101868029-101868037	+	CE	0.17415	0.27958	-0.10543	0.10543	0.813	whippet_validation_inputs/Delta/CD8_Ctrl_vs_CD8_48hr_activation.diff.gz	True	increase	increase	True	-0.15543225063207158	0.15543225063207158
16_-_70679314_70679323	48hr	3	3	1.0	0.2651960784313725	-0.7348039215686275	0.7348039215686275	0.0	0.1817847726723772	1.0	1.0	0.125	0.4705882352941176	True	True	True	strong	ENSG00000132613	MTSS2	protein_coding	ENSG00000132613	8	16:70679315-70679323	-	CE	0.89156	0.29277	0.59879	-0.59879	0.99	whippet_validation_inputs/Delta/CD8_Ctrl_vs_CD8_48hr_activation.diff.gz	True	decrease	decrease	True	0.13601392156862746	0.13601392156862746
14_+_103465423_103465450	48hr	3	3	0.4634920634920634	0.0	-0.4634920634920634	0.4634920634920634	0.0846941052187562	0.0	0.3666666666666666	0.5238095238095238	0.0	0.0	True	True	True	strong	ENSG00000075413	MARK3	protein_coding												False	decrease	missing	False		
3_+_56559568_56559594	48hr	3	3	0.5038594149705261	0.8541666666666666	0.3503072516961405	0.3503072516961405	0.0973179223533376	0.1301041249666333	0.4054054054054054	0.6	0.75	1.0	True	True	True	strong	ENSG00000180376	CCDC66	protein_coding	ENSG00000180376	16	3:56559569-56559594	+	CE	0.5797	0.89471	-0.31502	0.31502	1.0	whippet_validation_inputs/Delta/CD8_Ctrl_vs_CD8_48hr_activation.diff.gz	True	increase	increase	True	-0.0352872516961405	0.0352872516961405
6_-_85538837_85538864	48hr	3	3	0.5695806100217865	0.1152882205513784	-0.4542923894704081	0.4542923894704081	0.2779003998540212	0.0867381577978556	0.3823529411764705	0.8888888888888888	0.0526315789473684	0.2142857142857142	True	True	True	strong	ENSG00000135317	SNX14	protein_coding	ENSG00000135317	72	6:85538838-85538864	-	CE	0.35093	0.090964	0.25997	-0.25997	0.972	whippet_validation_inputs/Delta/CD8_Ctrl_vs_CD8_48hr_activation.diff.gz	True	decrease	decrease	True	0.19432238947040814	0.19432238947040814
5_+_32586491_32586501	48hr	3	3	0.6422147722435079	0.0204472682348787	-0.6217675040086291	0.6217675040086291	0.2738668103741617	0.0223136706307789	0.396551724137931	0.9375	0.0	0.0442477876106194	True	True	True	strong	ENSG00000113387	SUB1	protein_coding	ENSG00000113387	16	5:32586492-32586501	+	CE	0.24664	0.055136	0.1915	-0.1915	0.99	whippet_validation_inputs/Delta/CD8_Ctrl_vs_CD8_48hr_activation.diff.gz	True	decrease	decrease	True	0.4302675040086291	0.4302675040086291
X_+_150712341_150712365	48hr	3	3	1.0	0.7646464646464647	-0.2353535353535353	0.2353535353535353	0.0	0.0364056995776567	1.0	1.0	0.7272727272727273	0.8	True	True	True	strong	ENSG00000063601	MTMR1	protein_coding	ENSG00000063601	12	X:150712342-150712365	+	CE	0.88617	0.73537	0.1508	-0.1508	0.836	whippet_validation_inputs/Delta/CD8_Ctrl_vs_CD8_48hr_activation.diff.gz	True	decrease	decrease	True	0.0845535353535353	0.0845535353535353
10_-_103105357_103105381	48hr	3	3	0.936936936936937	0.4597953216374268	-0.4771416152995101	0.4771416152995101	0.1092284293061453	0.0709365704325036	0.8108108108108109	1.0	0.4166666666666667	0.5416666666666666	True	True	True	strong	ENSG00000076685	NT5C2	protein_coding	ENSG00000076685	33	10:103105358-103105381	-	CE	0.72429	0.34557	0.37872	-0.37872	0.999	whippet_validation_inputs/Delta/CD8_Ctrl_vs_CD8_48hr_activation.diff.gz	True	decrease	decrease	True	0.0984216152995101	0.0984216152995101
4_+_27007982_27008006	48hr	3	3	0.5048948670891573	0.0893246187363834	-0.4155702483527739	0.4155702483527739	0.1691554476654231	0.0806688827083817	0.3414634146341463	0.6792452830188679	0.0	0.1568627450980392	True	True	True	strong	ENSG00000109689	STIM2	protein_coding	ENSG00000109689	22	4:27007983-27008006	+	CE	0.34624	0.092112	0.25413	-0.25413	0.972	whippet_validation_inputs/Delta/CD8_Ctrl_vs_CD8_48hr_activation.diff.gz	True	decrease	decrease	True	0.16144024835277387	0.16144024835277387
4_-_82899712_82899737	48hr	3	3	0.6198879551820728	0.1111111111111111	-0.5087768440709617	0.5087768440709617	0.1384549947141068	0.1924500897298752	0.5	0.7714285714285715	0.0	0.3333333333333333	True	True	True	strong	ENSG00000251022	THAP9-AS1	lncRNA	ENSG00000251022	12	4:82899713-82899737	-	CE	0.7775	0.085554	0.69195	-0.69195	0.999	whippet_validation_inputs/Delta/CD8_Ctrl_vs_CD8_48hr_activation.diff.gz	True	decrease	decrease	True	-0.18317315592903827	0.18317315592903827
1_+_161339561_161339588	48hr	3	3	0.2680926916221033	0.0062937062937062	-0.2617989853283971	0.2617989853283971	0.2503595363331791	0.0080647290871823	0.0588235294117647	0.5454545454545454	0.0	0.0153846153846153	True	True	True	strong	ENSG00000143252	SDHC	protein_coding	ENSG00000143252	17	1:161339562-161339588	+	CE	0.24271	0.027709	0.215	-0.215	0.996	whippet_validation_inputs/Delta/CD8_Ctrl_vs_CD8_48hr_activation.diff.gz	True	decrease	decrease	True	0.04679898532839713	0.04679898532839713
14_-_65101545_65101572	48hr	3	3	0.8998694885361552	0.6736714975845409	-0.2261979909516143	0.2261979909516143	0.0845963786367063	0.056551150529401	0.8148148148148148	0.984	0.6231884057971014	0.7347826086956522	True	True	True	strong	ENSG00000125952	MAX	protein_coding	ENSG00000125952	16	14:65101546-65101572	-	CE	0.7862	0.59615	0.19004	-0.19004	1.0	whippet_validation_inputs/Delta/CD8_Ctrl_vs_CD8_48hr_activation.diff.gz	True	decrease	decrease	True	0.036157990951614316	0.036157990951614316
14_-_21263310_21263336	48hr	3	3	0.2662915757673248	0.9553807628334944	0.6890891870661697	0.6890891870661697	0.035171353339094	0.0019956183918903	0.2273901808785529	0.295843520782396	0.9535714285714286	0.95752123938031	True	True	True	strong	ENSG00000092199	HNRNPC	protein_coding	ENSG00000092199	23	14:21263311-21263336	-	CE	0.73905	0.86035	-0.1213	0.1213	1.0	whippet_validation_inputs/Delta/CD8_Ctrl_vs_CD8_48hr_activation.diff.gz	True	increase	increase	True	-0.5677891870661698	0.5677891870661698
11_+_70350993_70351023	48hr	2	3	0.569327731092437	0.1034858387799563	-0.4658418923124806	0.4658418923124806	0.306016800261405	0.1340400553580922	0.3529411764705882	0.7857142857142857	0.0	0.2549019607843137	True	False	True	strong	ENSG00000131626	PPFIA1	protein_coding	ENSG00000131626	48	11:70350994-70351023	+	CE	0.3876	0.12815	0.25945	-0.25945	0.96	whippet_validation_inputs/Delta/CD8_Ctrl_vs_CD8_48hr_activation.diff.gz	True	decrease	decrease	True	0.20639189231248056	0.20639189231248056
15_-_50346371_50346395	48hr	2	3	0.180392156862745	0.4551033591731266	0.2747112023103816	0.2747112023103816	0.1608321306228226	0.0542472212987482	0.0666666666666666	0.2941176470588235	0.4069767441860465	0.5138888888888888	True	False	True	strong	ENSG00000104064	GABPB1	protein_coding	ENSG00000104064	7	15:50346372-50346395	-	CE	0.16471	0.32554	-0.16083	0.16083	0.869	whippet_validation_inputs/Delta/CD8_Ctrl_vs_CD8_48hr_activation.diff.gz	True	increase	increase	True	-0.1138812023103816	0.1138812023103816
10_+_78040203_78040225	48hr	3	3	0.7310387120489756	0.0174899940795113	-0.7135487179694643	0.7135487179694643	0.0240807314963426	0.0018883297741902	0.7057627118644068	0.7537128712871287	0.0153266331658291	0.0188076650106458	True	True	True	strong	ENSG00000138326	RPS24	protein_coding	ENSG00000138326	31	10:78040204-78040225	+	CE	0.64283	0.024384	0.61844	-0.61844	1.0	whippet_validation_inputs/Delta/CD8_Ctrl_vs_CD8_48hr_activation.diff.gz	True	decrease	decrease	True	0.0951087179694643	0.0951087179694643
10_+_99750368_99750396	48hr	3	3	1.0	0.7960340545689597	-0.2039659454310403	0.2039659454310403	0.0	0.1066656444930022	1.0	1.0	0.704225352112676	0.9130434782608696	True	True	True	strong	ENSG00000119929	CUTC	protein_coding	ENSG00000119929	13	10:99750369-99750396	+	CE	0.95999	0.78357	0.17643	-0.17643	0.973	whippet_validation_inputs/Delta/CD8_Ctrl_vs_CD8_48hr_activation.diff.gz	True	decrease	decrease	True	0.027535945431040293	0.027535945431040293
8_-_27290155_27290178	48hr	2	3	0.6053639846743295	0.9702021653731916	0.364838180698862	0.364838180698862	0.070439755980269	0.0306447276046287	0.5555555555555556	0.6551724137931034	0.9387755102040816	1.0	True	False	True	strong	ENSG00000104228	TRIM35	protein_coding	ENSG00000104228	8	8:27290156-27290178	-	CE	0.47921	0.94422	-0.46501	0.46501	1.0	whippet_validation_inputs/Delta/CD8_Ctrl_vs_CD8_48hr_activation.diff.gz	True	increase	increase	True	0.100171819301138	0.100171819301138
13_+_25319325_25319350	48hr	3	3	0.1301587301587301	0.9816883219151116	0.8515295917563813	0.8515295917563813	0.1128213056756625	0.0051022528493703	0.0	0.2	0.976470588235294	0.9866666666666668	True	True	True	strong	ENSG00000139496	NUP58	protein_coding	ENSG00000139496	29	13:25319326-25319350	+	CE	0.3428	0.98744	-0.64464	0.64464	1.0	whippet_validation_inputs/Delta/CD8_Ctrl_vs_CD8_48hr_activation.diff.gz	True	increase	increase	True	-0.20688959175638133	0.20688959175638133
17_-_16151589_16151616	48hr	3	3	0.2159090909090909	0.4813492063492064	0.2654401154401155	0.2654401154401155	0.1938491148776361	0.0418378004860281	0.0	0.375	0.4375	0.5208333333333334	True	True	True	strong	ENSG00000141027	NCOR1	protein_coding	ENSG00000141027	26	17:16151590-16151616	-	CE	0.29827	0.46365	-0.16538	0.16538	0.817	whippet_validation_inputs/Delta/CD8_Ctrl_vs_CD8_48hr_activation.diff.gz	True	increase	increase	True	-0.10006011544011548	0.10006011544011548
22_+_30023456_30023483	48hr	3	2	0.4352770885028949	0.0	-0.4352770885028949	0.4352770885028949	0.2469857923495381	0.0	0.2307692307692307	0.7096774193548387	0.0	0.0	True	False	True	strong	ENSG00000100330	MTMR3	protein_coding	ENSG00000100330	38	22:30023457-30023483	+	CE	0.34761	0.049885	0.29772	-0.29772	0.976	whippet_validation_inputs/Delta/CD8_Ctrl_vs_CD8_48hr_activation.diff.gz	True	decrease	decrease	True	0.13755708850289494	0.13755708850289494
15_-_52348817_52348826	48hr	3	3	0.9509803921568628	0.3421717171717171	-0.6088086749851457	0.6088086749851457	0.0849044513514155	0.0294221722164925	0.8529411764705882	1.0	0.3181818181818182	0.375	True	True	True	strong	ENSG00000197535	MYO5A	protein_coding	ENSG00000197535	81	15:52348818-52348826	-	CE	0.90781	0.30879	0.59902	-0.59902	0.992	whippet_validation_inputs/Delta/CD8_Ctrl_vs_CD8_48hr_activation.diff.gz	True	decrease	decrease	True	0.009788674985145684	0.009788674985145684
12_-_42322417_42322446	48hr	3	3	0.4367955721679126	0.0158730158730158	-0.4209225562948967	0.4209225562948967	0.1621819132510978	0.0274928699614107	0.2553191489361702	0.5675675675675675	0.0	0.0476190476190476	True	True	True	strong	ENSG00000139168	ZCRB1	protein_coding	ENSG00000139168	16	12:42322418-42322446	-	CE	0.96323	0.98761	-0.024384	0.024384	0.7	whippet_validation_inputs/Delta/CD8_Ctrl_vs_CD8_48hr_activation.diff.gz	True	decrease	increase	False	0.44530655629489674	0.44530655629489674
9_+_128609650_128609665	48hr	3	3	0.466284348864994	0.1022263450834879	-0.3640580037815061	0.3640580037815061	0.0544590759187836	0.0421591393221793	0.4111111111111111	0.52	0.0612244897959183	0.1454545454545454	True	True	True	strong	ENSG00000197694	SPTAN1	protein_coding	ENSG00000197694	90	9:128609651-128609665	+	CE	0.42148	0.086792	0.33469	-0.33469	1.0	whippet_validation_inputs/Delta/CD8_Ctrl_vs_CD8_48hr_activation.diff.gz	True	decrease	decrease	True	0.029368003781506113	0.029368003781506113
16_-_67236410_67236434	48hr	2	3	0.6451612903225806	0.0971993867756843	-0.5479619035468963	0.5479619035468963	0.5018177156807757	0.021623192996293	0.2903225806451613	1.0	0.078125	0.1206896551724138	True	False	True	strong	ENSG00000135723	FHOD1	protein_coding	ENSG00000135723	20	16:67236411-67236434	-	CE	0.3936	0.058176	0.33543	-0.33543	0.871	whippet_validation_inputs/Delta/CD8_Ctrl_vs_CD8_48hr_activation.diff.gz	True	decrease	decrease	True	0.21253190354689633	0.21253190354689633
16_+_57062158_57062173	48hr	3	3	0.2836302552063663	0.0384309040223018	-0.2451993511840644	0.2451993511840644	0.0313950686425485	0.0513681657894617	0.2486187845303867	0.3092783505154639	0.0	0.0967741935483871	True	True	True	strong	ENSG00000140853	NLRC5	protein_coding	ENSG00000140853	76	16:57062159-57062173	+	CE	0.21062	0.055225	0.15539	-0.15539	0.996	whippet_validation_inputs/Delta/CD8_Ctrl_vs_CD8_48hr_activation.diff.gz	True	decrease	decrease	True	0.08980935118406441	0.08980935118406441
18_+_35972884_35972907	48hr	3	3	0.4394861517788905	0.9057311523797812	0.4662450006008905	0.4662450006008905	0.1873614725856069	0.0438329008756392	0.2231404958677686	0.5481481481481482	0.8554913294797688	0.9361702127659576	True	True	True	strong	ENSG00000141428	C18orf21	protein_coding	ENSG00000141428	10	18:35972885-35972907	+	CE	0.96853	0.76344	0.20509	-0.20509	0.994	whippet_validation_inputs/Delta/CD8_Ctrl_vs_CD8_48hr_activation.diff.gz	True	increase	decrease	False	-0.6713350006008905	0.6713350006008905
11_-_62852655_62852681	48hr	3	3	0.2450428386596381	0.0243581303489137	-0.2206847083107244	0.2206847083107244	0.0259011678894867	0.0215244012169477	0.2265625	0.2746478873239437	0.0	0.0408163265306122	True	True	True	strong	ENSG00000255717	SNHG1	lncRNA												False	decrease	missing	False		
3_+_42630545_42630575	48hr	3	3	0.2216002022618318	0.9487179487179488	0.7271177464561169	0.7271177464561169	0.1018199179901974	0.0888231183368655	0.1571428571428571	0.3389830508474576	0.8461538461538461	1.0	True	True	True	strong	ENSG00000114857	NKTR	protein_coding	ENSG00000114857	30	3:42630546-42630575	+	CE	0.93147	0.90287	0.028609	-0.028609	0.655	whippet_validation_inputs/Delta/CD8_Ctrl_vs_CD8_48hr_activation.diff.gz	True	increase	decrease	False	-0.7557267464561169	0.7557267464561169
19_-_38922237_38922267	48hr	3	3	0.521062271062271	0.9226190476190476	0.4015567765567766	0.4015567765567766	0.1994803154409984	0.1340277410618773	0.3846153846153846	0.75	0.7678571428571429	1.0	True	True	True	strong	ENSG00000104835	SARS2	protein_coding	ENSG00000104835	9	19:38922238-38922267	-	CE	0.9792	0.99384	-0.014642	0.014642	0.75	whippet_validation_inputs/Delta/CD8_Ctrl_vs_CD8_48hr_activation.diff.gz	True	increase	increase	True	-0.3869147765567766	0.3869147765567766
11_+_121306458_121306486	48hr	3	3	0.496937283685404	0.0	-0.496937283685404	0.496937283685404	0.2085412970968882	0.0	0.3673469387755102	0.7375	0.0	0.0	True	True	True	strong	ENSG00000109929	SC5D	protein_coding	ENSG00000109929	14	11:121306459-121306486	+	CE	0.99465	0.99149	0.0031653	-0.0031653	0.597	whippet_validation_inputs/Delta/CD8_Ctrl_vs_CD8_48hr_activation.diff.gz	True	decrease	decrease	True	0.49377198368540404	0.49377198368540404
6_+_26409893_26409914	48hr	3	2	0.8085531415959721	0.4636363636363636	-0.3449167779596085	0.3449167779596085	0.0504478027050267	0.3728381209892705	0.7653631284916201	0.864	0.2	0.7272727272727273	True	False	True	strong	ENSG00000026950	BTN3A1	protein_coding	ENSG00000026950	22	6:26409894-26409914	+	CE	0.98883	0.94364	0.045197	-0.045197	0.878	whippet_validation_inputs/Delta/CD8_Ctrl_vs_CD8_48hr_activation.diff.gz	True	decrease	decrease	True	0.2997197779596085	0.2997197779596085
6_+_26448727_26448754	48hr	3	3	0.3424551638837352	0.5832772166105499	0.2408220527268146	0.2408220527268146	0.0436592502949639	0.1562544727411008	0.3163265306122449	0.3928571428571428	0.4090909090909091	0.7111111111111111	True	True	True	strong	ENSG00000111801	BTN3A3	protein_coding	ENSG00000111801	34	6:26448728-26448754	+	CE	0.99033	0.97167	0.018663	-0.018663	0.695	whippet_validation_inputs/Delta/CD8_Ctrl_vs_CD8_48hr_activation.diff.gz	True	increase	decrease	False	-0.2594850527268146	0.2594850527268146
6_+_43500743_43500772	48hr	3	3	0.8726425438596491	0.5211056644880174	-0.3515368793716317	0.3515368793716317	0.0752521178912228	0.0567153740068695	0.796875	0.9473684210526316	0.4558823529411764	0.5588235294117647	True	True	True	strong	ENSG00000137221	TJAP1	protein_coding	ENSG00000137221	20	6:43500744-43500772	+	CE	0.98995	0.99475	-0.0048031	0.0048031	0.661	whippet_validation_inputs/Delta/CD8_Ctrl_vs_CD8_48hr_activation.diff.gz	True	decrease	increase	False	0.3563399793716317	0.3563399793716317
2_+_135753538_135753567	48hr	3	3	0.165079365079365	0.5393638037028824	0.3742844386235174	0.3742844386235174	0.0666064070061626	0.0745904774949865	0.0892857142857142	0.2142857142857142	0.4816753926701571	0.6235955056179775	True	True	True	strong	ENSG00000144224	UBXN4	protein_coding	ENSG00000144224	9	2:135753539-135753567	+	CE	0.87401	0.97327	-0.099267	0.099267	0.989	whippet_validation_inputs/Delta/CD8_Ctrl_vs_CD8_48hr_activation.diff.gz	True	increase	increase	True	-0.2750174386235174	0.2750174386235174
10_+_110244827_110244857	48hr	3	3	0.6665316824645965	1.0	0.3334683175354035	0.3334683175354035	0.0779917021777767	0.0	0.6037735849056604	0.7538461538461538	1.0	1.0	True	True	True	strong	ENSG00000119950	MXI1	protein_coding												False	increase	missing	False		
6_-_166322856_166322886	48hr	3	3	0.292016806722689	0.6222336693515199	0.3302168626288309	0.3302168626288309	0.1368451982729937	0.0272474632391611	0.1428571428571428	0.4117647058823529	0.5907859078590786	0.6387959866220736	True	True	True	strong	ENSG00000198818	SFT2D1	protein_coding	ENSG00000198818	15	6:166322857-166322886	-	CE	0.9232	0.99704	-0.073842	0.073842	0.866	whippet_validation_inputs/Delta/CD8_Ctrl_vs_CD8_48hr_activation.diff.gz	True	increase	increase	True	-0.25637486262883086	0.25637486262883086
20_-_33669686_33669712	48hr	3	3	0.3345588235294117	0.6711270410195143	0.3365682174901025	0.3365682174901025	0.2960186725500097	0.0616701977685647	0.0	0.5625	0.6	0.7096774193548387	True	True	True	strong	ENSG00000125967	NECAB3	protein_coding	ENSG00000125967	17	20:33669687-33669712	-	CE	0.96564	0.9719	-0.0062589	0.0062589	0.568	whippet_validation_inputs/Delta/CD8_Ctrl_vs_CD8_48hr_activation.diff.gz	True	increase	increase	True	-0.3303093174901025	0.3303093174901025
7_-_92577654_92577676	48hr	3	2	0.7471282593375617	0.3628571428571429	-0.3842711164804188	0.3842711164804188	0.0270737128304536	0.1090964748116387	0.7209302325581395	0.775	0.2857142857142857	0.44	True	False	True	strong	ENSG00000234545	FAM133B	protein_coding	ENSG00000234545	17	7:92577655-92577676	-	CE	0.95795	0.96481	-0.006857	0.006857	0.532	whippet_validation_inputs/Delta/CD8_Ctrl_vs_CD8_48hr_activation.diff.gz	True	decrease	increase	False	0.3911281164804188	0.3911281164804188
10_-_12170899_12170908	48hr	3	3	0.7619047619047619	0.4376188858915694	-0.3242858760131924	0.3242858760131924	0.2508488988774461	0.030258185024451	0.5	1.0	0.4033970276008493	0.4608294930875576	True	True	True	strong	ENSG00000165609	NUDT5	protein_coding	ENSG00000165609	17	10:12170900-12170908	-	CE	0.81178	0.99487	-0.18309	0.18309	1.0	whippet_validation_inputs/Delta/CD8_Ctrl_vs_CD8_48hr_activation.diff.gz	True	decrease	increase	False	0.5073758760131925	0.5073758760131925
21_+_34103496_34103519	48hr	3	3	0.4779258098223615	0.0882585626126659	-0.3896672472096956	0.3896672472096956	0.2646421684607243	0.0592201770028844	0.1724137931034483	0.6363636363636364	0.0306122448979591	0.1489361702127659	True	True	True	strong	ENSG00000243927	MRPS6	protein_coding	ENSG00000243927	6	21:34103497-34103519	+	CE	0.2393	0.086727	0.15257	-0.15257	0.917	whippet_validation_inputs/Delta/CD8_Ctrl_vs_CD8_48hr_activation.diff.gz	True	decrease	decrease	True	0.23709724720969558	0.23709724720969558
19_-_5612539_5612567	48hr	3	3	0.7889192932671194	1.0	0.2110807067328806	0.2110807067328806	0.0289586009399311	0.0	0.7636363636363637	0.8205128205128205	1.0	1.0	True	True	True	strong	ENSG00000130254	SAFB2	protein_coding	ENSG00000130254	9	19:5612540-5612567	-	CE	0.99268	0.99299	-0.00030927	0.00030927	0.503	whippet_validation_inputs/Delta/CD8_Ctrl_vs_CD8_48hr_activation.diff.gz	True	increase	increase	True	-0.2107714367328806	0.2107714367328806
5_+_57221375_57221396	72hr	3	3	0.7467343147410553	0.2490021349670471	-0.4977321797740082	0.4977321797740082	0.1430783094316988	0.1213002928771102	0.582089552238806	0.8409090909090909	0.1729323308270676	0.3888888888888889	True	True	True	strong	ENSG00000062194	GPBP1	protein_coding	ENSG00000062194	8	5:57221376-57221396	+	CE	0.75581	0.18298	0.57283	-0.57283	1.0	whippet_validation_inputs/Delta/CD8_Ctrl_vs_CD8_72hr_activation.diff.gz	True	decrease	decrease	True	-0.07509782022599176	0.07509782022599176
X_-_154357250_154357274	72hr	3	3	0.7339657009313675	0.4960027404241476	-0.2379629605072198	0.2379629605072198	0.0188760431144116	0.0202902626293615	0.7166666666666667	0.7540983606557377	0.4746192893401015	0.5149863760217984	True	True	True	strong	ENSG00000196924	FLNA	protein_coding	ENSG00000196924	48	X:154357251-154357274	-	CE	0.67682	0.40803	0.26879	-0.26879	1.0	whippet_validation_inputs/Delta/CD8_Ctrl_vs_CD8_72hr_activation.diff.gz	True	decrease	decrease	True	-0.03082703949278018	0.03082703949278018
16_+_70550649_70550678	72hr	3	3	0.6234819734345352	0.2559124943416668	-0.3675694790928683	0.3675694790928683	0.0665177247890671	0.0566977690065803	0.5483870967741935	0.675	0.1935483870967742	0.3043478260869565	True	True	True	strong	ENSG00000189091	SF3B3	protein_coding	ENSG00000189091	28	16:70550650-70550678	+	CE	0.45508	0.23325	0.22182	-0.22182	0.897	whippet_validation_inputs/Delta/CD8_Ctrl_vs_CD8_72hr_activation.diff.gz	True	decrease	decrease	True	0.1457494790928683	0.1457494790928683
19_+_41897314_41897326	72hr	3	3	0.8748691516407558	0.3418428411985112	-0.5330263104422446	0.5330263104422446	0.0414520173907069	0.0452731140157202	0.8431372549019608	0.9217687074829932	0.3034188034188034	0.3917525773195876	True	True	True	strong	ENSG00000076928	ARHGEF1	protein_coding	ENSG00000076928	34	19:41897315-41897326	+	CE	0.79873	0.37631	0.42242	-0.42242	1.0	whippet_validation_inputs/Delta/CD8_Ctrl_vs_CD8_72hr_activation.diff.gz	True	decrease	decrease	True	0.11060631044224456	0.11060631044224456
12_-_122514711_122514728	72hr	3	3	0.3050934097200119	0.0	-0.3050934097200119	0.3050934097200119	0.1227817944491395	0.0	0.1764705882352941	0.4210526315789473	0.0	0.0	True	True	True	strong	ENSG00000111011	RSRC2	protein_coding	ENSG00000111011	42	12:122514712-122514728	-	CE	0.38558	0.0036604	0.38192	-0.38192	1.0	whippet_validation_inputs/Delta/CD8_Ctrl_vs_CD8_72hr_activation.diff.gz	True	decrease	decrease	True	-0.07682659027998806	0.07682659027998806
11_+_63906087_63906114	72hr	3	3	0.0182310914018231	0.2485492146714166	0.2303181232695935	0.2303181232695935	0.0160629941490052	0.0339590776093138	0.0	0.0303030303030303	0.2105263157894736	0.2758620689655172	True	True	True	strong	ENSG00000072518	MARK2	protein_coding	ENSG00000072518	53	11:63906088-63906114	+	CE	0.033237	0.21154	-0.1783	0.1783	0.901	whippet_validation_inputs/Delta/CD8_Ctrl_vs_CD8_72hr_activation.diff.gz	True	increase	increase	True	-0.052018123269593514	0.052018123269593514
22_-_41681539_41681559	72hr	3	3	0.2450280470575069	0.0040738298324702	-0.2409542172250366	0.2409542172250366	0.0430487015117599	0.0053072479341827	0.2011834319526627	0.2872340425531915	0.0	0.0100755667506297	True	True	True	strong	ENSG00000100138	SNU13	protein_coding												False	decrease	missing	False		
5_+_146481446_146481476	72hr	3	3	0.4722738218094255	0.0	-0.4722738218094255	0.4722738218094255	0.2049056012667931	0.0	0.2666666666666666	0.6764705882352942	0.0	0.0	True	True	True	strong	ENSG00000113649	TCERG1	protein_coding												False	decrease	missing	False		
10_+_90895453_90895483	72hr	3	3	0.1089743589743589	0.5874332027457753	0.4784588437714163	0.4784588437714163	0.128044771509219	0.0319274622018442	0.0	0.25	0.5506172839506173	0.6075156576200418	True	True	True	strong	ENSG00000148688	RPP30	protein_coding	ENSG00000148688	15	10:90895454-90895483	+	CE	0.42993	0.90656	-0.47663	0.47663	1.0	whippet_validation_inputs/Delta/CD8_Ctrl_vs_CD8_72hr_activation.diff.gz	True	increase	increase	True	-0.0018288437714162886	0.0018288437714162886
19_-_39390259_39390289	72hr	3	3	0.32455296168054	0.696941957293291	0.372388995612751	0.372388995612751	0.1583068267525891	0.0576252654736147	0.1836734693877551	0.4958677685950413	0.6540880503144654	0.7624521072796935	True	True	True	strong	ENSG00000006712	PAF1	protein_coding	ENSG00000006712	5	19:39390260-39390289	-	CE	0.76657	0.99396	-0.22739	0.22739	0.993	whippet_validation_inputs/Delta/CD8_Ctrl_vs_CD8_72hr_activation.diff.gz	True	increase	increase	True	-0.144998995612751	0.144998995612751
6_-_32181605_32181632	72hr	3	3	0.4405193236714975	0.8706097823744883	0.4300904587029907	0.4300904587029907	0.2453696066627568	0.0544569154346909	0.25	0.717391304347826	0.8205128205128205	0.9285714285714286	True	True	True	strong	ENSG00000204305	AGER	protein_coding	ENSG00000204305	25	6:32181606-32181632	-	CE	0.98931	0.94904	0.040266	-0.040266	0.717	whippet_validation_inputs/Delta/CD8_Ctrl_vs_CD8_72hr_activation.diff.gz	True	increase	decrease	False	-0.4703564587029907	0.4703564587029907
1_+_28457831_28457855	72hr	2	2	0.15625	0.4272727272727272	0.2710227272727272	0.2710227272727272	0.2209708691207961	0.0385694607919934	0.0	0.3125	0.4	0.4545454545454545	True	False	True	strong	ENSG00000204138	PHACTR4	protein_coding	ENSG00000204138	11	1:28457832-28457855	+	CE	0.50552	0.63704	-0.13152	0.13152	0.806	whippet_validation_inputs/Delta/CD8_Ctrl_vs_CD8_72hr_activation.diff.gz	True	increase	increase	True	-0.1395027272727272	0.1395027272727272
14_+_103465423_103465450	72hr	3	3	0.4634920634920634	0.0	-0.4634920634920634	0.4634920634920634	0.0846941052187562	0.0	0.3666666666666666	0.5238095238095238	0.0	0.0	True	True	True	strong	ENSG00000075413	MARK3	protein_coding												False	decrease	missing	False		
3_+_56559568_56559594	72hr	3	3	0.5038594149705261	0.8397435897435898	0.3358841747730636	0.3358841747730636	0.0973179223533376	0.1391188103475045	0.4054054054054054	0.6	0.75	1.0	True	True	True	strong	ENSG00000180376	CCDC66	protein_coding	ENSG00000180376	16	3:56559569-56559594	+	CE	0.5793	0.83698	-0.25768	0.25768	0.984	whippet_validation_inputs/Delta/CD8_Ctrl_vs_CD8_72hr_activation.diff.gz	True	increase	increase	True	-0.07820417477306357	0.07820417477306357
6_-_85538837_85538864	72hr	3	3	0.5695806100217865	0.2133333333333333	-0.3562472766884531	0.3562472766884531	0.2779003998540212	0.1890326250501043	0.3823529411764705	0.8888888888888888	0.0	0.36	True	True	True	strong	ENSG00000135317	SNX14	protein_coding	ENSG00000135317	72	6:85538838-85538864	-	CE	0.35224	0.12009	0.23215	-0.23215	0.937	whippet_validation_inputs/Delta/CD8_Ctrl_vs_CD8_72hr_activation.diff.gz	True	decrease	decrease	True	0.12409727668845308	0.12409727668845308
5_+_32586491_32586501	72hr	3	3	0.6422147722435079	0.0065359477124183	-0.6356788245310896	0.6356788245310896	0.2738668103741617	0.011320593513522	0.396551724137931	0.9375	0.0	0.0196078431372549	True	True	True	strong	ENSG00000113387	SUB1	protein_coding	ENSG00000113387	16	5:32586492-32586501	+	CE	0.24586	0.029016	0.21684	-0.21684	0.999	whippet_validation_inputs/Delta/CD8_Ctrl_vs_CD8_72hr_activation.diff.gz	True	decrease	decrease	True	0.41883882453108956	0.41883882453108956
2_-_121409023_121409047	72hr	3	3	0.7836257309941521	0.1555555555555555	-0.6280701754385966	0.6280701754385966	0.1875908179221689	0.2143033502442879	0.6666666666666666	1.0	0.0	0.4	True	True	True	strong	ENSG00000074054	CLASP1	protein_coding	ENSG00000074054	46	2:121409024-121409047	-	CE	0.69152	0.33623	0.35528	-0.35528	0.956	whippet_validation_inputs/Delta/CD8_Ctrl_vs_CD8_72hr_activation.diff.gz	True	decrease	decrease	True	0.27279017543859657	0.27279017543859657
10_-_103105357_103105381	72hr	3	3	0.936936936936937	0.452991452991453	-0.483945483945484	0.483945483945484	0.1092284293061453	0.1890029434828716	0.8108108108108109	1.0	0.3076923076923077	0.6666666666666666	True	True	True	strong	ENSG00000076685	NT5C2	protein_coding	ENSG00000076685	33	10:103105358-103105381	-	CE	0.72465	0.54211	0.18253	-0.18253	0.761	whippet_validation_inputs/Delta/CD8_Ctrl_vs_CD8_72hr_activation.diff.gz	True	decrease	decrease	True	0.301415483945484	0.301415483945484
4_-_82899712_82899737	72hr	3	3	0.6198879551820728	0.1386243386243385	-0.4812636165577343	0.4812636165577343	0.1384549947141068	0.1237823874752121	0.5	0.7714285714285715	0.0	0.238095238095238	True	True	True	strong	ENSG00000251022	THAP9-AS1	lncRNA	ENSG00000251022	12	4:82899713-82899737	-	CE	0.77673	0.1001	0.67663	-0.67663	0.998	whippet_validation_inputs/Delta/CD8_Ctrl_vs_CD8_72hr_activation.diff.gz	True	decrease	decrease	True	-0.19536638344226565	0.19536638344226565
1_+_161339561_161339588	72hr	3	3	0.2680926916221033	0.0	-0.2680926916221033	0.2680926916221033	0.2503595363331791	0.0	0.0588235294117647	0.5454545454545454	0.0	0.0	True	True	True	strong	ENSG00000143252	SDHC	protein_coding	ENSG00000143252	17	1:161339562-161339588	+	CE	0.2436	0.0051038	0.23849	-0.23849	1.0	whippet_validation_inputs/Delta/CD8_Ctrl_vs_CD8_72hr_activation.diff.gz	True	decrease	decrease	True	0.0296026916221033	0.0296026916221033
14_-_65101545_65101572	72hr	3	3	0.8998694885361552	0.6127623772006614	-0.2871071113354938	0.2871071113354938	0.0845963786367063	0.0754938057749623	0.8148148148148148	0.984	0.53	0.6778523489932886	True	True	True	strong	ENSG00000125952	MAX	protein_coding	ENSG00000125952	16	14:65101546-65101572	-	CE	0.7866	0.62789	0.15871	-0.15871	0.962	whippet_validation_inputs/Delta/CD8_Ctrl_vs_CD8_72hr_activation.diff.gz	True	decrease	decrease	True	0.12839711133549384	0.12839711133549384
14_-_21263310_21263336	72hr	3	3	0.2662915757673248	0.9341180946725992	0.6678265189052746	0.6678265189052746	0.035171353339094	0.0201601961087679	0.2273901808785529	0.295843520782396	0.9223300970873788	0.957396449704142	True	True	True	strong	ENSG00000092199	HNRNPC	protein_coding	ENSG00000092199	23	14:21263311-21263336	-	CE	0.73965	0.8351	-0.095451	0.095451	0.996	whippet_validation_inputs/Delta/CD8_Ctrl_vs_CD8_72hr_activation.diff.gz	True	increase	increase	True	-0.5723755189052746	0.5723755189052746
8_+_144242601_144242628	72hr	3	3	0.8271873790166473	0.4031746031746031	-0.4240127758420441	0.4240127758420441	0.1342343266888447	0.2619191915216928	0.7142857142857143	0.975609756097561	0.1428571428571428	0.6666666666666666	True	True	True	strong	ENSG00000179832	MROH1	protein_coding	ENSG00000179832	36	8:144242602-144242628	+	CE	0.54874	0.50421	0.044524	-0.044524	0.623	whippet_validation_inputs/Delta/CD8_Ctrl_vs_CD8_72hr_activation.diff.gz	True	decrease	decrease	True	0.3794887758420441	0.3794887758420441
11_+_70350993_70351023	72hr	2	3	0.569327731092437	0.1006647673314339	-0.4686629637610029	0.4686629637610029	0.306016800261405	0.087224786349136	0.3529411764705882	0.7857142857142857	0.0	0.1538461538461538	True	False	True	strong	ENSG00000131626	PPFIA1	protein_coding	ENSG00000131626	48	11:70350994-70351023	+	CE	0.3864	0.21848	0.16792	-0.16792	0.822	whippet_validation_inputs/Delta/CD8_Ctrl_vs_CD8_72hr_activation.diff.gz	True	decrease	decrease	True	0.3007429637610029	0.3007429637610029
15_-_50346371_50346395	72hr	2	3	0.180392156862745	0.5280382423239566	0.3476460854612115	0.3476460854612115	0.1608321306228226	0.0961929251537936	0.0666666666666666	0.2941176470588235	0.4489795918367347	0.6351351351351351	True	False	True	strong	ENSG00000104064	GABPB1	protein_coding	ENSG00000104064	7	15:50346372-50346395	-	CE	0.16408	0.42367	-0.25959	0.25959	0.902	whippet_validation_inputs/Delta/CD8_Ctrl_vs_CD8_72hr_activation.diff.gz	True	increase	increase	True	-0.08805608546121152	0.08805608546121152
10_+_78040203_78040225	72hr	3	3	0.7310387120489756	0.0512654188288376	-0.679773293220138	0.679773293220138	0.0240807314963426	0.006061289824752	0.7057627118644068	0.7537128712871287	0.0473731077471059	0.0582491005653589	True	True	True	strong	ENSG00000138326	RPS24	protein_coding	ENSG00000138326	31	10:78040204-78040225	+	CE	0.64277	0.040559	0.60221	-0.60221	1.0	whippet_validation_inputs/Delta/CD8_Ctrl_vs_CD8_72hr_activation.diff.gz	True	decrease	decrease	True	0.077563293220138	0.077563293220138
10_+_99750368_99750396	72hr	3	3	1.0	0.7704387744208391	-0.2295612255791609	0.2295612255791609	0.0	0.0642943436675	1.0	1.0	0.7210526315789474	0.8431372549019608	True	True	True	strong	ENSG00000119929	CUTC	protein_coding	ENSG00000119929	13	10:99750369-99750396	+	CE	0.96027	0.77787	0.18239	-0.18239	0.982	whippet_validation_inputs/Delta/CD8_Ctrl_vs_CD8_72hr_activation.diff.gz	True	decrease	decrease	True	0.0471712255791609	0.0471712255791609
8_-_27290155_27290178	72hr	2	3	0.6053639846743295	0.8845538215286114	0.2791898368542819	0.2791898368542819	0.070439755980269	0.1355537417910702	0.5555555555555556	0.6551724137931034	0.7352941176470589	1.0	True	False	True	strong	ENSG00000104228	TRIM35	protein_coding	ENSG00000104228	8	8:27290156-27290178	-	CE	0.47981	0.90203	-0.42222	0.42222	0.998	whippet_validation_inputs/Delta/CD8_Ctrl_vs_CD8_72hr_activation.diff.gz	True	increase	increase	True	0.1430301631457181	0.1430301631457181
13_+_25319325_25319350	72hr	3	3	0.1301587301587301	0.9603174603174603	0.8301587301587302	0.8301587301587302	0.1128213056756625	0.0687321749035268	0.0	0.2	0.8809523809523809	1.0	True	True	True	strong	ENSG00000139496	NUP58	protein_coding	ENSG00000139496	29	13:25319326-25319350	+	CE	0.34251	0.99327	-0.65075	0.65075	1.0	whippet_validation_inputs/Delta/CD8_Ctrl_vs_CD8_72hr_activation.diff.gz	True	increase	increase	True	-0.17940873015873016	0.17940873015873016
17_-_16151589_16151616	72hr	3	3	0.2159090909090909	0.6157796451914098	0.3998705542823189	0.3998705542823189	0.1938491148776361	0.1803100038529567	0.0	0.375	0.5	0.8235294117647058	True	True	True	strong	ENSG00000141027	NCOR1	protein_coding	ENSG00000141027	26	17:16151590-16151616	-	CE	0.30036	0.66541	-0.36505	0.36505	0.966	whippet_validation_inputs/Delta/CD8_Ctrl_vs_CD8_72hr_activation.diff.gz	True	increase	increase	True	-0.034820554282318894	0.034820554282318894
12_+_62566013_62566031	72hr	2	3	0.7708333333333333	0.0909090909090909	-0.6799242424242423	0.6799242424242423	0.1473139127471974	0.1574591643244434	0.6666666666666666	0.875	0.0	0.2727272727272727	True	False	True	strong	ENSG00000061987	MON2	protein_coding	ENSG00000061987	44	12:62566014-62566031	+	CE	0.68632	0.18259	0.50373	-0.50373	0.97	whippet_validation_inputs/Delta/CD8_Ctrl_vs_CD8_72hr_activation.diff.gz	True	decrease	decrease	True	0.1761942424242423	0.1761942424242423
12_-_42322417_42322446	72hr	3	3	0.4367955721679126	0.0	-0.4367955721679126	0.4367955721679126	0.1621819132510978	0.0	0.2553191489361702	0.5675675675675675	0.0	0.0	True	True	True	strong	ENSG00000139168	ZCRB1	protein_coding	ENSG00000139168	16	12:42322418-42322446	-	CE	0.96207	0.99275	-0.030672	0.030672	0.784	whippet_validation_inputs/Delta/CD8_Ctrl_vs_CD8_72hr_activation.diff.gz	True	decrease	increase	False	0.46746757216791257	0.46746757216791257
6_+_31587943_31587966	72hr	3	3	0.6639249639249639	0.1678026948223892	-0.4961222691025747	0.4961222691025747	0.2525670136567699	0.05464720572995	0.3857142857142857	0.8787878787878788	0.1240310077519379	0.2290502793296089	True	True	True	strong	ENSG00000204482	LST1	protein_coding												False	decrease	missing	False		
9_+_128609650_128609665	72hr	3	3	0.466284348864994	0.07181032750653	-0.3944740213584639	0.3944740213584639	0.0544590759187836	0.0697235177509504	0.4111111111111111	0.52	0.0	0.1392405063291139	True	True	True	strong	ENSG00000197694	SPTAN1	protein_coding	ENSG00000197694	90	9:128609651-128609665	+	CE	0.42341	0.10664	0.31677	-0.31677	1.0	whippet_validation_inputs/Delta/CD8_Ctrl_vs_CD8_72hr_activation.diff.gz	True	decrease	decrease	True	0.07770402135846388	0.07770402135846388
16_-_67236410_67236434	72hr	2	3	0.6451612903225806	0.0916736336352109	-0.5534876566873697	0.5534876566873697	0.5018177156807757	0.0949947073355082	0.2903225806451613	1.0	0.0077519379844961	0.1948051948051948	True	False	True	strong	ENSG00000135723	FHOD1	protein_coding	ENSG00000135723	20	16:67236411-67236434	-	CE	0.39293	0.066939	0.32599	-0.32599	0.848	whippet_validation_inputs/Delta/CD8_Ctrl_vs_CD8_72hr_activation.diff.gz	True	decrease	decrease	True	0.22749765668736965	0.22749765668736965
19_+_18122106_18122127	72hr	3	3	0.2857142857142857	1.0	0.7142857142857143	0.7142857142857143	0.4948716593053934	0.0	0.0	0.8571428571428571	1.0	1.0	True	True	True	strong	ENSG00000099308	MAST3	protein_coding	ENSG00000099308	10	19:18122107-18122127	+	CE	0.33868	0.89296	-0.55427	0.55427	0.988	whippet_validation_inputs/Delta/CD8_Ctrl_vs_CD8_72hr_activation.diff.gz	True	increase	increase	True	-0.16001571428571426	0.16001571428571426
9_+_128627924_128627942	72hr	3	3	0.8596598520589435	0.6219790353964781	-0.2376808166624653	0.2376808166624653	0.0423580474252898	0.0742795736223702	0.8247422680412371	0.9067796610169492	0.549618320610687	0.6980392156862745	True	True	True	strong	ENSG00000197694	SPTAN1	protein_coding	ENSG00000197694	127	9:128627925-128627942	+	CE	0.81669	0.59184	0.22485	-0.22485	0.978	whippet_validation_inputs/Delta/CD8_Ctrl_vs_CD8_72hr_activation.diff.gz	True	decrease	decrease	True	0.0128308166624653	0.0128308166624653
18_+_35972884_35972907	72hr	3	3	0.4394861517788905	0.7852026027802426	0.345716451001352	0.345716451001352	0.1873614725856069	0.0728876673537204	0.2231404958677686	0.5481481481481482	0.7282608695652174	0.8673469387755102	True	True	True	strong	ENSG00000141428	C18orf21	protein_coding	ENSG00000141428	10	18:35972885-35972907	+	CE	0.96816	0.84318	0.12498	-0.12498	0.959	whippet_validation_inputs/Delta/CD8_Ctrl_vs_CD8_72hr_activation.diff.gz	True	increase	decrease	False	-0.470696451001352	0.470696451001352
15_+_42402123_42402135	72hr	3	2	0.800358422939068	0.3055555555555555	-0.4948028673835125	0.4948028673835125	0.2899765626846178	0.1964185503295965	0.4677419354838709	1.0	0.1666666666666666	0.4444444444444444	True	False	True	strong	ENSG00000258461		protein_coding	ENSG00000258461	17	15:42402124-42402135	+	CE	0.98632	0.94088	0.045444	-0.045444	0.788	whippet_validation_inputs/Delta/CD8_Ctrl_vs_CD8_72hr_activation.diff.gz	True	decrease	decrease	True	0.4493588673835125	0.4493588673835125
19_-_38922237_38922267	72hr	3	3	0.521062271062271	0.9885057471264368	0.4674434760641658	0.4674434760641658	0.1994803154409984	0.019908629972056	0.3846153846153846	0.75	0.9655172413793104	1.0	True	True	True	strong	ENSG00000104835	SARS2	protein_coding	ENSG00000104835	9	19:38922238-38922267	-	CE	0.97944	0.99561	-0.016169	0.016169	0.81	whippet_validation_inputs/Delta/CD8_Ctrl_vs_CD8_72hr_activation.diff.gz	True	increase	increase	True	-0.4512744760641658	0.4512744760641658
11_+_121306458_121306486	72hr	3	3	0.496937283685404	0.0	-0.496937283685404	0.496937283685404	0.2085412970968882	0.0	0.3673469387755102	0.7375	0.0	0.0	True	True	True	strong	ENSG00000109929	SC5D	protein_coding	ENSG00000109929	14	11:121306459-121306486	+	CE	0.99466	0.99206	0.0025957	-0.0025957	0.592	whippet_validation_inputs/Delta/CD8_Ctrl_vs_CD8_72hr_activation.diff.gz	True	decrease	decrease	True	0.49434158368540404	0.49434158368540404
13_+_75840084_75840110	72hr	3	2	0.5626811594202898	1.0	0.4373188405797101	0.4373188405797101	0.3036800386056203	0.0	0.375	0.9130434782608696	1.0	1.0	True	False	True	strong	ENSG00000136153	LMO7	protein_coding	ENSG00000136153	62	13:75840085-75840110	+	CE	0.98631	0.93682	0.049492	-0.049492	0.816	whippet_validation_inputs/Delta/CD8_Ctrl_vs_CD8_72hr_activation.diff.gz	True	increase	decrease	False	-0.4868108405797101	0.4868108405797101
1_+_66984571_66984592	72hr	3	3	0.0254237288135593	0.4405328333138013	0.4151091045002419	0.4151091045002419	0.0440351900229375	0.3409915962357926	0.0	0.0762711864406779	0.1886792452830188	0.8285714285714286	True	True	True	strong	ENSG00000198160	MIER1	protein_coding	ENSG00000198160	27	1:66984572-66984592	+	CE	0.99729	0.993	0.004286	-0.004286	0.703	whippet_validation_inputs/Delta/CD8_Ctrl_vs_CD8_72hr_activation.diff.gz	True	increase	decrease	False	-0.4193951045002419	0.4193951045002419
6_+_43500743_43500772	72hr	3	3	0.8726425438596491	0.5684969607662552	-0.3041455830933939	0.3041455830933939	0.0752521178912228	0.1320983396534046	0.796875	0.9473684210526316	0.4269662921348314	0.6885245901639344	True	True	True	strong	ENSG00000137221	TJAP1	protein_coding	ENSG00000137221	20	6:43500744-43500772	+	CE	0.98976	0.99383	-0.0040713	0.0040713	0.563	whippet_validation_inputs/Delta/CD8_Ctrl_vs_CD8_72hr_activation.diff.gz	True	decrease	increase	False	0.3082168830933939	0.3082168830933939
2_+_135753538_135753567	72hr	3	3	0.165079365079365	0.4188519339738852	0.2537725688945202	0.2537725688945202	0.0666064070061626	0.0340703804803621	0.0892857142857142	0.2142857142857142	0.3983739837398374	0.4581818181818182	True	True	True	strong	ENSG00000144224	UBXN4	protein_coding	ENSG00000144224	9	2:135753539-135753567	+	CE	0.8741	0.99672	-0.12263	0.12263	1.0	whippet_validation_inputs/Delta/CD8_Ctrl_vs_CD8_72hr_activation.diff.gz	True	increase	increase	True	-0.1311425688945202	0.1311425688945202
10_+_110244827_110244857	72hr	3	3	0.6665316824645965	1.0	0.3334683175354035	0.3334683175354035	0.0779917021777767	0.0	0.6037735849056604	0.7538461538461538	1.0	1.0	True	True	True	strong	ENSG00000119950	MXI1	protein_coding												False	increase	missing	False		
6_-_166322856_166322886	72hr	3	3	0.292016806722689	0.605756905249291	0.313740098526602	0.313740098526602	0.1368451982729937	0.0371464241651262	0.1428571428571428	0.4117647058823529	0.5800865800865801	0.6483516483516484	True	True	True	strong	ENSG00000198818	SFT2D1	protein_coding	ENSG00000198818	15	6:166322857-166322886	-	CE	0.92347	0.99689	-0.073417	0.073417	0.88	whippet_validation_inputs/Delta/CD8_Ctrl_vs_CD8_72hr_activation.diff.gz	True	increase	increase	True	-0.240323098526602	0.240323098526602
10_-_12170899_12170908	72hr	3	3	0.7619047619047619	0.4252060970854742	-0.3366986648192876	0.3366986648192876	0.2508488988774461	0.0224900562124661	0.5	1.0	0.4071005917159763	0.4503816793893129	True	True	True	strong	ENSG00000165609	NUDT5	protein_coding	ENSG00000165609	17	10:12170900-12170908	-	CE	0.81074	0.99921	-0.18847	0.18847	1.0	whippet_validation_inputs/Delta/CD8_Ctrl_vs_CD8_72hr_activation.diff.gz	True	decrease	increase	False	0.5251686648192876	0.5251686648192876
21_+_34103496_34103519	72hr	3	3	0.4779258098223615	0.0968089708237785	-0.381116838998583	0.381116838998583	0.2646421684607243	0.0642307618384303	0.1724137931034483	0.6363636363636364	0.0566037735849056	0.170886075949367	True	True	True	strong	ENSG00000243927	MRPS6	protein_coding	ENSG00000243927	6	21:34103497-34103519	+	CE	0.23602	0.037661	0.19836	-0.19836	0.994	whippet_validation_inputs/Delta/CD8_Ctrl_vs_CD8_72hr_activation.diff.gz	True	decrease	decrease	True	0.182756838998583	0.182756838998583
5_+_57221375_57221396	7day	3	3	0.7467343147410553	0.2873510577132774	-0.4593832570277779	0.4593832570277779	0.1430783094316988	0.0622158801952059	0.582089552238806	0.8409090909090909	0.2235294117647059	0.3478260869565217	True	True	True	strong	ENSG00000062194	GPBP1	protein_coding	ENSG00000062194	8	5:57221376-57221396	+	CE	0.7568	0.29304	0.46376	-0.46376	1.0	whippet_validation_inputs/Delta/CD8_Ctrl_vs_CD8_7day_activation.diff.gz	True	decrease	decrease	True	-0.004376742972222125	0.004376742972222125
X_-_154357250_154357274	7day	3	3	0.7339657009313675	0.5109959029142223	-0.2229697980171452	0.2229697980171452	0.0188760431144116	0.0163475299482193	0.7166666666666667	0.7540983606557377	0.4962593516209476	0.5285802089735709	True	True	True	strong	ENSG00000196924	FLNA	protein_coding	ENSG00000196924	48	X:154357251-154357274	-	CE	0.67642	0.43199	0.24443	-0.24443	1.0	whippet_validation_inputs/Delta/CD8_Ctrl_vs_CD8_7day_activation.diff.gz	True	decrease	decrease	True	-0.02146020198285481	0.02146020198285481
16_+_70550649_70550678	7day	3	3	0.6234819734345352	0.253782022278765	-0.3696999511557701	0.3696999511557701	0.0665177247890671	0.1204992715802802	0.5483870967741935	0.675	0.1308411214953271	0.3716814159292035	True	True	True	strong	ENSG00000189091	SF3B3	protein_coding	ENSG00000189091	28	16:70550650-70550678	+	CE	0.45304	0.16296	0.29008	-0.29008	0.971	whippet_validation_inputs/Delta/CD8_Ctrl_vs_CD8_7day_activation.diff.gz	True	decrease	decrease	True	0.07961995115577009	0.07961995115577009
19_+_41897314_41897326	7day	3	3	0.8748691516407558	0.5563642274725064	-0.3185049241682495	0.3185049241682495	0.0414520173907069	0.0516457878895523	0.8431372549019608	0.9217687074829932	0.4971857410881801	0.5923344947735192	True	True	True	strong	ENSG00000076928	ARHGEF1	protein_coding	ENSG00000076928	34	19:41897315-41897326	+	CE	0.79882	0.55031	0.24851	-0.24851	1.0	whippet_validation_inputs/Delta/CD8_Ctrl_vs_CD8_7day_activation.diff.gz	True	decrease	decrease	True	0.06999492416824948	0.06999492416824948
12_-_122514711_122514728	7day	3	3	0.3050934097200119	0.0338164251207729	-0.271276984599239	0.271276984599239	0.1227817944491395	0.0585717664395272	0.1764705882352941	0.4210526315789473	0.0	0.1014492753623188	True	True	True	strong	ENSG00000111011	RSRC2	protein_coding	ENSG00000111011	42	12:122514712-122514728	-	CE	0.38571	0.050499	0.33521	-0.33521	1.0	whippet_validation_inputs/Delta/CD8_Ctrl_vs_CD8_7day_activation.diff.gz	True	decrease	decrease	True	-0.06393301540076102	0.06393301540076102
22_-_41681539_41681559	7day	3	3	0.2450280470575069	0.0231011832706573	-0.2219268637868496	0.2219268637868496	0.0430487015117599	0.0155348607527028	0.2011834319526627	0.2872340425531915	0.0058823529411764	0.0360655737704918	True	True	True	strong	ENSG00000100138	SNU13	protein_coding												False	decrease	missing	False		
5_+_65655635_65655653	7day	3	3	1.0	0.7222222222222223	-0.2777777777777777	0.2777777777777777	0.0	0.1924500897298753	1.0	1.0	0.5	0.8333333333333334	True	True	True	strong	ENSG00000113597	TRAPPC13	protein_coding	ENSG00000113597	17	5:65655636-65655653	+	CE	0.83389	0.78515	0.048743	-0.048743	0.631	whippet_validation_inputs/Delta/CD8_Ctrl_vs_CD8_7day_activation.diff.gz	True	decrease	decrease	True	0.22903477777777767	0.22903477777777767
5_+_146481446_146481476	7day	3	3	0.4722738218094255	0.0	-0.4722738218094255	0.4722738218094255	0.2049056012667931	0.0	0.2666666666666666	0.6764705882352942	0.0	0.0	True	True	True	strong	ENSG00000113649	TCERG1	protein_coding												False	decrease	missing	False		
10_+_90895453_90895483	7day	3	3	0.1089743589743589	0.4812510337624493	0.3722766747880903	0.3722766747880903	0.128044771509219	0.0627885528631462	0.0	0.25	0.4232804232804232	0.547945205479452	True	True	True	strong	ENSG00000148688	RPP30	protein_coding	ENSG00000148688	15	10:90895454-90895483	+	CE	0.42457	0.87011	-0.44554	0.44554	1.0	whippet_validation_inputs/Delta/CD8_Ctrl_vs_CD8_7day_activation.diff.gz	True	increase	increase	True	0.0732633252119097	0.0732633252119097
19_-_39390259_39390289	7day	3	3	0.32455296168054	0.687744373475483	0.363191411794943	0.363191411794943	0.1583068267525891	0.0423027974262882	0.1836734693877551	0.4958677685950413	0.6411042944785276	0.7236363636363636	True	True	True	strong	ENSG00000006712	PAF1	protein_coding	ENSG00000006712	5	19:39390260-39390289	-	CE	0.76678	0.96594	-0.19916	0.19916	0.946	whippet_validation_inputs/Delta/CD8_Ctrl_vs_CD8_7day_activation.diff.gz	True	increase	increase	True	-0.16403141179494302	0.16403141179494302
2_+_101868028_101868037	7day	3	3	0.0708607767431296	0.327891156462585	0.2570303797194554	0.2570303797194554	0.0829909969307387	0.1599970498131455	0.0	0.1621621621621621	0.1836734693877551	0.5	True	True	True	strong	ENSG00000071054	MAP4K4	protein_coding	ENSG00000071054	42	2:101868029-101868037	+	CE	0.17495	0.34015	-0.1652	0.1652	0.913	whippet_validation_inputs/Delta/CD8_Ctrl_vs_CD8_7day_activation.diff.gz	True	increase	increase	True	-0.0918303797194554	0.0918303797194554
14_+_103465423_103465450	7day	3	3	0.4634920634920634	0.0151515151515151	-0.4483405483405483	0.4483405483405483	0.0846941052187562	0.0262431940540738	0.3666666666666666	0.5238095238095238	0.0	0.0454545454545454	True	True	True	strong	ENSG00000075413	MARK3	protein_coding												False	decrease	missing	False		
12_-_57305639_57305663	7day	3	2	0.1054673238408178	0.6234817813765182	0.5180144575357004	0.5180144575357004	0.0919359340156261	0.0114511219625351	0.0	0.1686746987951807	0.6153846153846154	0.631578947368421	True	False	True	strong	ENSG00000179912	R3HDM2	protein_coding	ENSG00000179912	11	12:57305640-57305663	-	CE	0.12238	0.1947	-0.072316	0.072316	0.693	whippet_validation_inputs/Delta/CD8_Ctrl_vs_CD8_7day_activation.diff.gz	True	increase	increase	True	-0.4456984575357004	0.4456984575357004
3_+_56559568_56559594	7day	3	3	0.5038594149705261	0.9606481481481484	0.4567887331776221	0.4567887331776221	0.0973179223533376	0.0342561309883072	0.4054054054054054	0.6	0.9375	1.0	True	True	True	strong	ENSG00000180376	CCDC66	protein_coding	ENSG00000180376	16	3:56559569-56559594	+	CE	0.57877	0.91958	-0.34082	0.34082	1.0	whippet_validation_inputs/Delta/CD8_Ctrl_vs_CD8_7day_activation.diff.gz	True	increase	increase	True	-0.11596873317762207	0.11596873317762207
6_-_85538837_85538864	7day	3	3	0.5695806100217865	0.2938859272538567	-0.2756946827679298	0.2756946827679298	0.2779003998540212	0.0672227738910556	0.3823529411764705	0.8888888888888888	0.2272727272727272	0.3617021276595745	True	True	True	strong	ENSG00000135317	SNX14	protein_coding	ENSG00000135317	72	6:85538838-85538864	-	CE	0.35145	0.16452	0.18694	-0.18694	0.944	whippet_validation_inputs/Delta/CD8_Ctrl_vs_CD8_7day_activation.diff.gz	True	decrease	decrease	True	0.0887546827679298	0.0887546827679298
5_+_32586491_32586501	7day	3	3	0.6422147722435079	0.0662718454745342	-0.5759429267689736	0.5759429267689736	0.2738668103741617	0.0462606854910269	0.396551724137931	0.9375	0.0169491525423728	0.108695652173913	True	True	True	strong	ENSG00000113387	SUB1	protein_coding	ENSG00000113387	16	5:32586492-32586501	+	CE	0.24543	0.094619	0.15081	-0.15081	0.954	whippet_validation_inputs/Delta/CD8_Ctrl_vs_CD8_7day_activation.diff.gz	True	decrease	decrease	True	0.42513292676897363	0.42513292676897363
10_-_103105357_103105381	7day	3	3	0.936936936936937	0.6474984171050068	-0.2894385198319302	0.2894385198319302	0.1092284293061453	0.1595208010449435	0.8108108108108109	1.0	0.4915254237288136	0.8103448275862069	True	True	True	strong	ENSG00000076685	NT5C2	protein_coding	ENSG00000076685	33	10:103105358-103105381	-	CE	0.7259	0.52519	0.20072	-0.20072	0.98	whippet_validation_inputs/Delta/CD8_Ctrl_vs_CD8_7day_activation.diff.gz	True	decrease	decrease	True	0.08871851983193019	0.08871851983193019
4_+_27007982_27008006	7day	3	3	0.5048948670891573	0.147898696285793	-0.3569961708033643	0.3569961708033643	0.1691554476654231	0.0303126237743847	0.3414634146341463	0.6792452830188679	0.119047619047619	0.1794871794871795	True	True	True	strong	ENSG00000109689	STIM2	protein_coding	ENSG00000109689	22	4:27007983-27008006	+	CE	0.34713	0.17231	0.17482	-0.17482	0.908	whippet_validation_inputs/Delta/CD8_Ctrl_vs_CD8_7day_activation.diff.gz	True	decrease	decrease	True	0.18217617080336432	0.18217617080336432
4_-_82899712_82899737	7day	3	3	0.6198879551820728	0.1531198686371099	-0.4667680865449629	0.4667680865449629	0.1384549947141068	0.0551627000010873	0.5	0.7714285714285715	0.1071428571428571	0.2142857142857142	True	True	True	strong	ENSG00000251022	THAP9-AS1	lncRNA	ENSG00000251022	12	4:82899713-82899737	-	CE	0.77626	0.18087	0.5954	-0.5954	0.999	whippet_validation_inputs/Delta/CD8_Ctrl_vs_CD8_7day_activation.diff.gz	True	decrease	decrease	True	-0.12863191345503716	0.12863191345503716
1_+_161339561_161339588	7day	3	3	0.2680926916221033	0.0221248630887184	-0.2459678285333849	0.2459678285333849	0.2503595363331791	0.024337142366149	0.0588235294117647	0.5454545454545454	0.0	0.0481927710843373	True	True	True	strong	ENSG00000143252	SDHC	protein_coding	ENSG00000143252	17	1:161339562-161339588	+	CE	0.24223	0.040905	0.20133	-0.20133	0.962	whippet_validation_inputs/Delta/CD8_Ctrl_vs_CD8_7day_activation.diff.gz	True	decrease	decrease	True	0.04463782853338488	0.04463782853338488
14_-_21263310_21263336	7day	3	3	0.2662915757673248	0.8087595336597996	0.5424679578924747	0.5424679578924747	0.035171353339094	0.0292658492683941	0.2273901808785529	0.295843520782396	0.7777777777777778	0.8359375	True	True	True	strong	ENSG00000092199	HNRNPC	protein_coding	ENSG00000092199	23	14:21263311-21263336	-	CE	0.73955	0.79781	-0.05826	0.05826	0.982	whippet_validation_inputs/Delta/CD8_Ctrl_vs_CD8_7day_activation.diff.gz	True	increase	increase	True	-0.4842079578924747	0.4842079578924747
11_+_70350993_70351023	7day	2	3	0.569327731092437	0.2158119658119657	-0.3535157652804712	0.3535157652804712	0.306016800261405	0.1256693671156633	0.3529411764705882	0.7857142857142857	0.0833333333333333	0.3333333333333333	True	False	True	strong	ENSG00000131626	PPFIA1	protein_coding	ENSG00000131626	48	11:70350994-70351023	+	CE	0.38485	0.28776	0.097089	-0.097089	0.698	whippet_validation_inputs/Delta/CD8_Ctrl_vs_CD8_7day_activation.diff.gz	True	decrease	decrease	True	0.2564267652804712	0.2564267652804712
10_+_78040203_78040225	7day	3	3	0.7310387120489756	0.4142822670699441	-0.3167564449790315	0.3167564449790315	0.0240807314963426	0.0084808243019017	0.7057627118644068	0.7537128712871287	0.4045034829094444	0.4196254389387436	True	True	True	strong	ENSG00000138326	RPS24	protein_coding	ENSG00000138326	31	10:78040204-78040225	+	CE	0.64281	0.32729	0.31552	-0.31552	1.0	whippet_validation_inputs/Delta/CD8_Ctrl_vs_CD8_7day_activation.diff.gz	True	decrease	decrease	True	0.0012364449790314702	0.0012364449790314702
8_-_27290155_27290178	7day	2	3	0.6053639846743295	0.9969135802469136	0.3915495955725842	0.3915495955725842	0.070439755980269	0.0053458358258298	0.5555555555555556	0.6551724137931034	0.9907407407407408	1.0	True	False	True	strong	ENSG00000104228	TRIM35	protein_coding	ENSG00000104228	8	8:27290156-27290178	-	CE	0.47914	0.97644	-0.4973	0.4973	1.0	whippet_validation_inputs/Delta/CD8_Ctrl_vs_CD8_7day_activation.diff.gz	True	increase	increase	True	0.10575040442741585	0.10575040442741585
13_+_25319325_25319350	7day	3	3	0.1301587301587301	0.9780723557028445	0.8479136255441143	0.8479136255441143	0.1128213056756625	0.0211722520334394	0.0	0.2	0.9577464788732394	1.0	True	True	True	strong	ENSG00000139496	NUP58	protein_coding	ENSG00000139496	29	13:25319326-25319350	+	CE	0.34035	0.97113	-0.63077	0.63077	0.999	whippet_validation_inputs/Delta/CD8_Ctrl_vs_CD8_7day_activation.diff.gz	True	increase	increase	True	-0.21714362554411426	0.21714362554411426
15_-_52348817_52348826	7day	3	3	0.9509803921568628	0.7469820152746983	-0.2039983768821645	0.2039983768821645	0.0849044513514155	0.0761677764197819	0.8529411764705882	1.0	0.6666666666666666	0.8181818181818182	True	True	True	strong	ENSG00000197535	MYO5A	protein_coding	ENSG00000197535	81	15:52348818-52348826	-	CE	0.90738	0.70972	0.19766	-0.19766	0.934	whippet_validation_inputs/Delta/CD8_Ctrl_vs_CD8_7day_activation.diff.gz	True	decrease	decrease	True	0.006338376882164487	0.006338376882164487
12_-_42322417_42322446	7day	3	3	0.4367955721679126	0.0018939393939393	-0.4349016327739732	0.4349016327739732	0.1621819132510978	0.0032803992567591	0.2553191489361702	0.5675675675675675	0.0	0.0056818181818181	True	True	True	strong	ENSG00000139168	ZCRB1	protein_coding	ENSG00000139168	16	12:42322418-42322446	-	CE	0.96338	0.9884	-0.025016	0.025016	0.749	whippet_validation_inputs/Delta/CD8_Ctrl_vs_CD8_7day_activation.diff.gz	True	decrease	increase	False	0.4599176327739732	0.4599176327739732
6_+_31587943_31587966	7day	3	3	0.6639249639249639	0.2104794895708427	-0.4534454743541212	0.4534454743541212	0.2525670136567699	0.013598597217307	0.3857142857142857	0.8787878787878788	0.1976284584980237	0.2247191011235955	True	True	True	strong	ENSG00000204482	LST1	protein_coding												False	decrease	missing	False		
16_-_67236410_67236434	7day	2	3	0.6451612903225806	0.1444597069597069	-0.5007015833628737	0.5007015833628737	0.5018177156807757	0.0713107033274025	0.2903225806451613	1.0	0.0625	0.1923076923076923	True	False	True	strong	ENSG00000135723	FHOD1	protein_coding	ENSG00000135723	20	16:67236411-67236434	-	CE	0.3919	0.09398	0.29792	-0.29792	0.795	whippet_validation_inputs/Delta/CD8_Ctrl_vs_CD8_7day_activation.diff.gz	True	decrease	decrease	True	0.20278158336287372	0.20278158336287372
16_+_57062158_57062173	7day	3	3	0.2836302552063663	0.0665739342168516	-0.2170563209895146	0.2170563209895146	0.0313950686425485	0.0253149530889272	0.2486187845303867	0.3092783505154639	0.044776119402985	0.0943396226415094	True	True	True	strong	ENSG00000140853	NLRC5	protein_coding	ENSG00000140853	76	16:57062159-57062173	+	CE	0.20965	0.075929	0.13372	-0.13372	0.986	whippet_validation_inputs/Delta/CD8_Ctrl_vs_CD8_7day_activation.diff.gz	True	decrease	decrease	True	0.0833363209895146	0.0833363209895146
18_+_35972884_35972907	7day	3	3	0.4394861517788905	0.7786580086580086	0.339171856879118	0.339171856879118	0.1873614725856069	0.0368285320536115	0.2231404958677686	0.5481481481481482	0.7380952380952381	0.81	True	True	True	strong	ENSG00000141428	C18orf21	protein_coding	ENSG00000141428	10	18:35972885-35972907	+	CE	0.96868	0.90226	0.066426	-0.066426	0.881	whippet_validation_inputs/Delta/CD8_Ctrl_vs_CD8_7day_activation.diff.gz	True	increase	decrease	False	-0.405597856879118	0.405597856879118
19_+_17861292_17861307	7day	3	3	0.0320202982006695	0.2518122898691619	0.2197919916684923	0.2197919916684923	0.0060318111287877	0.0506172639183504	0.0275862068965517	0.0388888888888888	0.2179487179487179	0.31	True	True	True	strong	ENSG00000105640	RPL18A	protein_coding	ENSG00000105640	7	19:17861293-17861307	+	CE	0.99995	0.99993	2.5095e-05	-2.5095e-05	0.594	whippet_validation_inputs/Delta/CD8_Ctrl_vs_CD8_7day_activation.diff.gz	True	increase	decrease	False	-0.2198170866684923	0.2198170866684923
1_+_42659227_42659251	7day	3	3	0.728102304149776	0.9687979539641942	0.2406956498144182	0.2406956498144182	0.2214617038538123	0.0295747734536548	0.4893617021276595	0.926829268292683	0.9411764705882352	1.0	True	True	True	strong	ENSG00000171960	PPIH	protein_coding												False	increase	missing	False		
3_+_42630545_42630575	7day	3	3	0.2216002022618318	0.5394957983193277	0.3178955960574958	0.3178955960574958	0.1018199179901974	0.1265870928245414	0.1571428571428571	0.3389830508474576	0.4	0.6470588235294118	True	True	True	strong	ENSG00000114857	NKTR	protein_coding	ENSG00000114857	30	3:42630546-42630575	+	CE	0.93212	0.97297	-0.040857	0.040857	0.612	whippet_validation_inputs/Delta/CD8_Ctrl_vs_CD8_7day_activation.diff.gz	True	increase	increase	True	-0.2770385960574958	0.2770385960574958
19_-_38922237_38922267	7day	3	3	0.521062271062271	0.947114556416882	0.426052285354611	0.426052285354611	0.1994803154409984	0.0467873919058603	0.3846153846153846	0.75	0.9111111111111112	1.0	True	True	True	strong	ENSG00000104835	SARS2	protein_coding	ENSG00000104835	9	19:38922238-38922267	-	CE	0.98003	0.99263	-0.012595	0.012595	0.717	whippet_validation_inputs/Delta/CD8_Ctrl_vs_CD8_7day_activation.diff.gz	True	increase	increase	True	-0.41345728535461096	0.41345728535461096
11_+_121306458_121306486	7day	3	3	0.496937283685404	0.0	-0.496937283685404	0.496937283685404	0.2085412970968882	0.0	0.3673469387755102	0.7375	0.0	0.0	True	True	True	strong	ENSG00000109929	SC5D	protein_coding	ENSG00000109929	14	11:121306459-121306486	+	CE	0.99464	0.99311	0.0015212	-0.0015212	0.578	whippet_validation_inputs/Delta/CD8_Ctrl_vs_CD8_7day_activation.diff.gz	True	decrease	decrease	True	0.495416083685404	0.495416083685404
2_-_11218454_11218466	7day	2	2	0.2857142857142857	1.0	0.7142857142857143	0.7142857142857143	0.4040610178208842	0.0	0.0	0.5714285714285714	1.0	1.0	True	False	True	strong	ENSG00000134318	ROCK2	protein_coding	ENSG00000134318	19	2:11218455-11218466	-	CE	0.94611	0.96691	-0.020804	0.020804	0.581	whippet_validation_inputs/Delta/CD8_Ctrl_vs_CD8_7day_activation.diff.gz	True	increase	increase	True	-0.6934817142857143	0.6934817142857143
13_+_75840084_75840110	7day	3	3	0.5626811594202898	1.0	0.4373188405797101	0.4373188405797101	0.3036800386056203	0.0	0.375	0.9130434782608696	1.0	1.0	True	True	True	strong	ENSG00000136153	LMO7	protein_coding	ENSG00000136153	62	13:75840085-75840110	+	CE	0.98583	0.96304	0.022792	-0.022792	0.727	whippet_validation_inputs/Delta/CD8_Ctrl_vs_CD8_7day_activation.diff.gz	True	increase	decrease	False	-0.4601108405797101	0.4601108405797101
6_+_26373275_26373296	7day	3	3	1.0	0.6886274509803921	-0.3113725490196078	0.3113725490196078	0.0	0.0813836514986714	1.0	1.0	0.6	0.76	True	True	True	strong	ENSG00000186470	BTN3A2	protein_coding	ENSG00000186470	35	6:26373276-26373296	+	CE	0.9888	0.98672	0.0020784	-0.0020784	0.572	whippet_validation_inputs/Delta/CD8_Ctrl_vs_CD8_7day_activation.diff.gz	True	decrease	decrease	True	0.30929414901960783	0.30929414901960783
6_+_43500743_43500772	7day	3	3	0.8726425438596491	0.6314124381549712	-0.2412301057046779	0.2412301057046779	0.0752521178912228	0.1458057816124388	0.796875	0.9473684210526316	0.4680851063829787	0.7484662576687117	True	True	True	strong	ENSG00000137221	TJAP1	protein_coding	ENSG00000137221	20	6:43500744-43500772	+	CE	0.99037	0.9892	0.0011687	-0.0011687	0.549	whippet_validation_inputs/Delta/CD8_Ctrl_vs_CD8_7day_activation.diff.gz	True	decrease	decrease	True	0.2400614057046779	0.2400614057046779
2_+_135753538_135753567	7day	3	3	0.165079365079365	0.5160560016884691	0.3509766366091041	0.3509766366091041	0.0666064070061626	0.031047804066661	0.0892857142857142	0.2142857142857142	0.4850746268656716	0.5471698113207547	True	True	True	strong	ENSG00000144224	UBXN4	protein_coding	ENSG00000144224	9	2:135753539-135753567	+	CE	0.87302	0.99755	-0.12452	0.12452	1.0	whippet_validation_inputs/Delta/CD8_Ctrl_vs_CD8_7day_activation.diff.gz	True	increase	increase	True	-0.2264566366091041	0.2264566366091041
6_-_166322856_166322886	7day	3	3	0.292016806722689	0.5818518518518518	0.2898350451291628	0.2898350451291628	0.1368451982729937	0.1566640399044303	0.1428571428571428	0.4117647058823529	0.44	0.75	True	True	True	strong	ENSG00000198818	SFT2D1	protein_coding	ENSG00000198818	15	6:166322857-166322886	-	CE	0.92378	0.99624	-0.07246	0.07246	0.869	whippet_validation_inputs/Delta/CD8_Ctrl_vs_CD8_7day_activation.diff.gz	True	increase	increase	True	-0.2173750451291628	0.2173750451291628
7_-_92577654_92577676	7day	3	2	0.7471282593375617	0.4999999999999999	-0.2471282593375617	0.2471282593375617	0.0270737128304536	0.1010152544552211	0.7209302325581395	0.775	0.4285714285714285	0.5714285714285714	True	False	True	strong	ENSG00000234545	FAM133B	protein_coding	ENSG00000234545	17	7:92577655-92577676	-	CE	0.95859	0.96191	-0.0033246	0.0033246	0.508	whippet_validation_inputs/Delta/CD8_Ctrl_vs_CD8_7day_activation.diff.gz	True	decrease	increase	False	0.2504528593375617	0.2504528593375617
10_-_12170899_12170908	7day	3	3	0.7619047619047619	0.4415682119393041	-0.3203365499654577	0.3203365499654577	0.2508488988774461	0.0189711397208866	0.5	1.0	0.4257425742574257	0.4625984251968504	True	True	True	strong	ENSG00000165609	NUDT5	protein_coding	ENSG00000165609	17	10:12170900-12170908	-	CE	0.81133	0.99889	-0.18756	0.18756	1.0	whippet_validation_inputs/Delta/CD8_Ctrl_vs_CD8_7day_activation.diff.gz	True	decrease	increase	False	0.5078965499654577	0.5078965499654577
19_-_5612539_5612567	7day	3	3	0.7889192932671194	1.0	0.2110807067328806	0.2110807067328806	0.0289586009399311	0.0	0.7636363636363637	0.8205128205128205	1.0	1.0	True	True	True	strong	ENSG00000130254	SAFB2	protein_coding	ENSG00000130254	9	19:5612540-5612567	-	CE	0.99267	0.99329	-0.00062444	0.00062444	0.507	whippet_validation_inputs/Delta/CD8_Ctrl_vs_CD8_7day_activation.diff.gz	True	increase	increase	True	-0.2104562667328806	0.2104562667328806
6_+_26410005_26410032	7day	3	2	0.6289759146902004	0.2555555555555555	-0.3734203591346449	0.3734203591346449	0.0818807319564142	0.2042752923427804	0.5510204081632653	0.7142857142857143	0.1111111111111111	0.4	True	False	True	strong	ENSG00000026950	BTN3A1	protein_coding	ENSG00000026950	24	6:26410006-26410032	+	CE	0.99868	0.98371	0.014978	-0.014978	0.9	whippet_validation_inputs/Delta/CD8_Ctrl_vs_CD8_7day_activation.diff.gz	True	decrease	decrease	True	0.3584423591346449	0.3584423591346449
6_+_26373386_26373413	7day	3	3	1.0	0.4583333333333333	-0.5416666666666667	0.5416666666666667	0.0	0.1233220715579061	1.0	1.0	0.375	0.6	True	True	True	strong	ENSG00000186470	BTN3A2	protein_coding	ENSG00000186470	37	6:26373387-26373413	+	CE	0.98851	0.97086	0.017658	-0.017658	0.707	whippet_validation_inputs/Delta/CD8_Ctrl_vs_CD8_7day_activation.diff.gz	True	decrease	decrease	True	0.5240086666666668	0.5240086666666668
